P_alta,P_baja,x_b,eta_t,eta_p,eps_hrvg,eps_reg,eps_cond,convergio,clasificacion,eta,Wnet,mensaje
2000.0,157.88536139565775,0.35,0.85,0.75,0.5,0.75,0.8,False,NO_CONVERGIO,,,"bracket_sonda: T2_sonda=582.6 K > dew=464.9 K (sobrecalentado: sonda T1 del arranque del bracket pega el estado 2 fuera de campana) || equilibrio_liquido_vapor(P=2000.0 kPa, T=582.6499664015699 K): no existe equilibrio bifásico para ninguna composición (T fuera de la campana binaria a esa P, motor teqp)."
2000.0,157.88536139565775,0.35,0.85,0.75,0.65,0.75,0.8,False,NO_CONVERGIO,,,"bracket_sonda: T2_sonda=582.8 K > dew=464.9 K (sobrecalentado: sonda T1 del arranque del bracket pega el estado 2 fuera de campana) || equilibrio_liquido_vapor(P=2000.0 kPa, T=582.7999694738063 K): no existe equilibrio bifásico para ninguna composición (T fuera de la campana binaria a esa P, motor teqp)."
2000.0,157.88536139565775,0.35,0.85,0.75,0.8,0.75,0.8,False,NO_CONVERGIO,,,"lado_frio(P_baja=157.9 kPa, T=290.8 K, estado fuera del dominio/cobertura del motor teqp — sin relacion con la campana de la sonda || T_from_Ph(P, h, x): el motor teqp no cubre el estado pedido (ver TASK_CONTEXT 2026-09-18-validar-teqp-nh3h2o). Detalle: equilibrio no resoluble en T=290.75 K, P=1.5789e+05 Pa, x=0.0813"
2000.0,157.88536139565775,0.35,0.85,0.75,0.9,0.75,0.8,False,NO_CONVERGIO,,,"lado_frio(P_baja=157.9 kPa, estado fuera del dominio/cobertura del motor teqp — sin relacion con la campana de la sonda || T_from_Ph(P, h, x): el motor teqp no cubre el estado pedido (ver TASK_CONTEXT 2026-09-18-validar-teqp-nh3h2o). Detalle: h=64714.1 fuera de dominio a P=1.5789e+05 Pa, x=0.3629"
2000.0,218.6892492858801,0.4,0.85,0.75,0.5,0.75,0.8,False,NO_CONVERGIO,,,"bracket_sonda: T2_sonda=582.6 K > dew=461.4 K (sobrecalentado: sonda T1 del arranque del bracket pega el estado 2 fuera de campana) || equilibrio_liquido_vapor(P=2000.0 kPa, T=582.6499762910928 K): no existe equilibrio bifásico para ninguna composición (T fuera de la campana binaria a esa P, motor teqp)."
2000.0,218.6892492858801,0.4,0.85,0.75,0.65,0.75,0.8,False,NO_CONVERGIO,,,"bracket_sonda: T2_sonda=582.8 K > dew=461.4 K (sobrecalentado: sonda T1 del arranque del bracket pega el estado 2 fuera de campana) || equilibrio_liquido_vapor(P=2000.0 kPa, T=582.7999784686067 K): no existe equilibrio bifásico para ninguna composición (T fuera de la campana binaria a esa P, motor teqp)."
2000.0,218.6892492858801,0.4,0.85,0.75,0.8,0.75,0.8,False,NO_CONVERGIO,,,"bracket_sonda: T2_sonda=582.9 K > dew=461.4 K (sobrecalentado: sonda T1 del arranque del bracket pega el estado 2 fuera de campana) || equilibrio_liquido_vapor(P=2000.0 kPa, T=582.9499848878836 K): no existe equilibrio bifásico para ninguna composición (T fuera de la campana binaria a esa P, motor teqp)."
2000.0,218.6892492858801,0.4,0.85,0.75,0.9,0.75,0.8,False,NO_CONVERGIO,,,"lado_frio(P_baja=218.7 kPa, estado fuera del dominio/cobertura del motor teqp — sin relacion con la campana de la sonda || T_from_Ph(P, h, x): el motor teqp no cubre el estado pedido (ver TASK_CONTEXT 2026-09-18-validar-teqp-nh3h2o). Detalle: h=85697.9 fuera de dominio a P=2.1869e+05 Pa, x=0.4136"
2000.0,293.41308192387106,0.45,0.85,0.75,0.5,0.75,0.8,False,NO_CONVERGIO,,,"bracket_sonda: T2_sonda=582.6 K > dew=457.7 K (sobrecalentado: sonda T1 del arranque del bracket pega el estado 2 fuera de campana) || equilibrio_liquido_vapor(P=2000.0 kPa, T=582.6499856812749 K): no existe equilibrio bifásico para ninguna composición (T fuera de la campana binaria a esa P, motor teqp)."
2000.0,293.41308192387106,0.45,0.85,0.75,0.65,0.75,0.8,False,NO_CONVERGIO,,,"bracket_sonda: T2_sonda=582.8 K > dew=457.7 K (sobrecalentado: sonda T1 del arranque del bracket pega el estado 2 fuera de campana) || equilibrio_liquido_vapor(P=2000.0 kPa, T=582.7999870092624 K): no existe equilibrio bifásico para ninguna composición (T fuera de la campana binaria a esa P, motor teqp)."
2000.0,293.41308192387106,0.45,0.85,0.75,0.8,0.75,0.8,False,NO_CONVERGIO,,,"bracket_sonda: T2_sonda=582.9 K > dew=457.7 K (sobrecalentado: sonda T1 del arranque del bracket pega el estado 2 fuera de campana) || equilibrio_liquido_vapor(P=2000.0 kPa, T=582.949990891472 K): no existe equilibrio bifásico para ninguna composición (T fuera de la campana binaria a esa P, motor teqp)."
2000.0,293.41308192387106,0.45,0.85,0.75,0.9,0.75,0.8,False,NO_CONVERGIO,,,"lado_frio(P_baja=293.4 kPa, estado fuera del dominio/cobertura del motor teqp — sin relacion con la campana de la sonda || T_from_Ph(P, h, x): el motor teqp no cubre el estado pedido (ver TASK_CONTEXT 2026-09-18-validar-teqp-nh3h2o). Detalle: h=117298 fuera de dominio a P=2.9341e+05 Pa, x=0.4639"
2000.0,380.4651667449188,0.5,0.85,0.75,0.5,0.75,0.8,False,NO_CONVERGIO,,,"bracket_sonda: T2_sonda=582.6 K > dew=453.8 K (sobrecalentado: sonda T1 del arranque del bracket pega el estado 2 fuera de campana) || equilibrio_liquido_vapor(P=2000.0 kPa, T=582.6499946097252 K): no existe equilibrio bifásico para ninguna composición (T fuera de la campana binaria a esa P, motor teqp)."
2000.0,380.4651667449188,0.5,0.85,0.75,0.65,0.75,0.8,False,NO_CONVERGIO,,,"bracket_sonda: T2_sonda=582.8 K > dew=453.8 K (sobrecalentado: sonda T1 del arranque del bracket pega el estado 2 fuera de campana) || equilibrio_liquido_vapor(P=2000.0 kPa, T=582.7999951299813 K): no existe equilibrio bifásico para ninguna composición (T fuera de la campana binaria a esa P, motor teqp)."
2000.0,380.4651667449188,0.5,0.85,0.75,0.8,0.75,0.8,False,NO_CONVERGIO,,,"bracket_sonda: T2_sonda=582.9 K > dew=453.8 K (sobrecalentado: sonda T1 del arranque del bracket pega el estado 2 fuera de campana) || equilibrio_liquido_vapor(P=2000.0 kPa, T=582.9499965999129 K): no existe equilibrio bifásico para ninguna composición (T fuera de la campana binaria a esa P, motor teqp)."
2000.0,380.4651667449188,0.5,0.85,0.75,0.9,0.75,0.8,False,NO_CONVERGIO,,,"lado_frio(P_baja=380.5 kPa, estado fuera del dominio/cobertura del motor teqp — sin relacion con la campana de la sonda || T_from_Ph(P, h, x): el motor teqp no cubre el estado pedido (ver TASK_CONTEXT 2026-09-18-validar-teqp-nh3h2o). Detalle: h=171822 fuera de dominio a P=3.8047e+05 Pa, x=0.5140"
2000.0,476.2531387660478,0.55,0.85,0.75,0.5,0.75,0.8,False,NO_CONVERGIO,,,"bracket_sonda: T2_sonda=582.7 K > dew=449.6 K (sobrecalentado: sonda T1 del arranque del bracket pega el estado 2 fuera de campana) || equilibrio_liquido_vapor(P=2000.0 kPa, T=582.650003105099 K): no existe equilibrio bifásico para ninguna composición (T fuera de la campana binaria a esa P, motor teqp)."
2000.0,476.2531387660478,0.55,0.85,0.75,0.65,0.75,0.8,False,NO_CONVERGIO,,,"bracket_sonda: T2_sonda=582.8 K > dew=449.6 K (sobrecalentado: sonda T1 del arranque del bracket pega el estado 2 fuera de campana) || equilibrio_liquido_vapor(P=2000.0 kPa, T=582.8000028568282 K): no existe equilibrio bifásico para ninguna composición (T fuera de la campana binaria a esa P, motor teqp)."
2000.0,476.2531387660478,0.55,0.85,0.75,0.8,0.75,0.8,False,NO_CONVERGIO,,,"bracket_sonda: T2_sonda=583.0 K > dew=449.6 K (sobrecalentado: sonda T1 del arranque del bracket pega el estado 2 fuera de campana) || equilibrio_liquido_vapor(P=2000.0 kPa, T=582.9500020315322 K): no existe equilibrio bifásico para ninguna composición (T fuera de la campana binaria a esa P, motor teqp)."
2000.0,476.2531387660478,0.55,0.85,0.75,0.9,0.75,0.8,False,NO_CONVERGIO,,,"lado_frio(P_baja=476.3 kPa, estado fuera del dominio/cobertura del motor teqp — sin relacion con la campana de la sonda || T_from_Ph(P, h, x): el motor teqp no cubre el estado pedido (ver TASK_CONTEXT 2026-09-18-validar-teqp-nh3h2o). Detalle: h=291866 fuera de dominio a P=4.7625e+05 Pa, x=0.5639"
2000.0,575.7018172219059,0.6,0.85,0.75,0.5,0.75,0.8,False,NO_CONVERGIO,,,"bracket_sonda: T2_sonda=582.7 K > dew=445.1 K (sobrecalentado: sonda T1 del arranque del bracket pega el estado 2 fuera de campana) || equilibrio_liquido_vapor(P=2000.0 kPa, T=582.6500111894273 K): no existe equilibrio bifásico para ninguna composición (T fuera de la campana binaria a esa P, motor teqp)."
2000.0,575.7018172219059,0.6,0.85,0.75,0.65,0.75,0.8,False,NO_CONVERGIO,,,"bracket_sonda: T2_sonda=582.8 K > dew=445.1 K (sobrecalentado: sonda T1 del arranque del bracket pega el estado 2 fuera de campana) || equilibrio_liquido_vapor(P=2000.0 kPa, T=582.8000102098437 K): no existe equilibrio bifásico para ninguna composición (T fuera de la campana binaria a esa P, motor teqp)."
2000.0,575.7018172219059,0.6,0.85,0.75,0.8,0.75,0.8,False,NO_CONVERGIO,,,"bracket_sonda: T2_sonda=583.0 K > dew=445.1 K (sobrecalentado: sonda T1 del arranque del bracket pega el estado 2 fuera de campana) || equilibrio_liquido_vapor(P=2000.0 kPa, T=582.9500072004193 K): no existe equilibrio bifásico para ninguna composición (T fuera de la campana binaria a esa P, motor teqp)."
2000.0,575.7018172219059,0.6,0.85,0.75,0.9,0.75,0.8,False,NO_CONVERGIO,,,"lado_frio(P_baja=575.7 kPa, estado fuera del dominio/cobertura del motor teqp — sin relacion con la campana de la sonda || T_from_Ph(P, h, x): el motor teqp no cubre el estado pedido (ver TASK_CONTEXT 2026-09-18-validar-teqp-nh3h2o). Detalle: h=792226 fuera de dominio a P=5.757e+05 Pa, x=0.6134"
2000.0,673.3448664612341,0.65,0.85,0.75,0.5,0.75,0.8,False,NO_CONVERGIO,,,"bracket_sonda: T2_sonda=582.7 K > dew=440.2 K (sobrecalentado: sonda T1 del arranque del bracket pega el estado 2 fuera de campana) || equilibrio_liquido_vapor(P=2000.0 kPa, T=582.6500188798763 K): no existe equilibrio bifásico para ninguna composición (T fuera de la campana binaria a esa P, motor teqp)."
2000.0,673.3448664612341,0.65,0.85,0.75,0.65,0.75,0.8,False,NO_CONVERGIO,,,"bracket_sonda: T2_sonda=582.8 K > dew=440.2 K (sobrecalentado: sonda T1 del arranque del bracket pega el estado 2 fuera de campana) || equilibrio_liquido_vapor(P=2000.0 kPa, T=582.8000172046397 K): no existe equilibrio bifásico para ninguna composición (T fuera de la campana binaria a esa P, motor teqp)."
2000.0,673.3448664612341,0.65,0.85,0.75,0.8,0.75,0.8,False,NO_CONVERGIO,,,"bracket_sonda: T2_sonda=583.0 K > dew=440.2 K (sobrecalentado: sonda T1 del arranque del bracket pega el estado 2 fuera de campana) || equilibrio_liquido_vapor(P=2000.0 kPa, T=582.9500121175461 K): no existe equilibrio bifásico para ninguna composición (T fuera de la campana binaria a esa P, motor teqp)."
2000.0,673.3448664612341,0.65,0.85,0.75,0.9,0.75,0.8,False,NO_CONVERGIO,,,"bracket_sonda: T2_sonda=486.7 K > dew=440.2 K (sobrecalentado: sonda T1 del arranque del bracket pega el estado 2 fuera de campana) || equilibrio_liquido_vapor(P=2000.0 kPa, T=486.6708796343648 K): no existe equilibrio bifásico para ninguna composición (T fuera de la campana binaria a esa P, motor teqp)."
2000.0,764.6376026707513,0.7,0.85,0.75,0.5,0.75,0.8,False,NO_CONVERGIO,,,"bracket_sonda: T2_sonda=582.7 K > dew=434.7 K (sobrecalentado: sonda T1 del arranque del bracket pega el estado 2 fuera de campana) || equilibrio_liquido_vapor(P=2000.0 kPa, T=582.6500261900685 K): no existe equilibrio bifásico para ninguna composición (T fuera de la campana binaria a esa P, motor teqp)."
2000.0,764.6376026707513,0.7,0.85,0.75,0.65,0.75,0.8,False,NO_CONVERGIO,,,"bracket_sonda: T2_sonda=582.8 K > dew=434.7 K (sobrecalentado: sonda T1 del arranque del bracket pega el estado 2 fuera de campana) || equilibrio_liquido_vapor(P=2000.0 kPa, T=582.800023853604 K): no existe equilibrio bifásico para ninguna composición (T fuera de la campana binaria a esa P, motor teqp)."
2000.0,764.6376026707513,0.7,0.85,0.75,0.8,0.75,0.8,False,NO_CONVERGIO,,,"bracket_sonda: T2_sonda=583.0 K > dew=434.7 K (sobrecalentado: sonda T1 del arranque del bracket pega el estado 2 fuera de campana) || equilibrio_liquido_vapor(P=2000.0 kPa, T=582.9500167916119 K): no existe equilibrio bifásico para ninguna composición (T fuera de la campana binaria a esa P, motor teqp)."
2000.0,764.6376026707513,0.7,0.85,0.75,0.9,0.75,0.8,False,NO_CONVERGIO,,,"bracket_sonda: T2_sonda=489.9 K > dew=434.7 K (sobrecalentado: sonda T1 del arranque del bracket pega el estado 2 fuera de campana) || equilibrio_liquido_vapor(P=2000.0 kPa, T=489.89860600810783 K): no existe equilibrio bifásico para ninguna composición (T fuera de la campana binaria a esa P, motor teqp)."
2500.0,157.88536139565775,0.35,0.85,0.75,0.5,0.75,0.8,False,NO_CONVERGIO,,,"bracket_sonda: T2_sonda=582.6 K > dew=475.2 K (sobrecalentado: sonda T1 del arranque del bracket pega el estado 2 fuera de campana) || equilibrio_liquido_vapor(P=2500.0 kPa, T=582.6499385156937 K): no existe equilibrio bifásico para ninguna composición (T fuera de la campana binaria a esa P, motor teqp)."
2500.0,157.88536139565775,0.35,0.85,0.75,0.65,0.75,0.8,False,NO_CONVERGIO,,,"bracket_sonda: T2_sonda=582.8 K > dew=475.2 K (sobrecalentado: sonda T1 del arranque del bracket pega el estado 2 fuera de campana) || equilibrio_liquido_vapor(P=2500.0 kPa, T=582.7999441127074 K): no existe equilibrio bifásico para ninguna composición (T fuera de la campana binaria a esa P, motor teqp)."
2500.0,157.88536139565775,0.35,0.85,0.75,0.8,0.75,0.8,False,NO_CONVERGIO,,,"bracket_sonda: T2_sonda=582.9 K > dew=475.2 K (sobrecalentado: sonda T1 del arranque del bracket pega el estado 2 fuera de campana) || equilibrio_liquido_vapor(P=2500.0 kPa, T=582.9499607392343 K): no existe equilibrio bifásico para ninguna composición (T fuera de la campana binaria a esa P, motor teqp)."
2500.0,157.88536139565775,0.35,0.85,0.75,0.9,0.75,0.8,False,NO_CONVERGIO,,,"bracket_sonda: T2_sonda=583.0 K > dew=475.2 K (sobrecalentado: sonda T1 del arranque del bracket pega el estado 2 fuera de campana) || equilibrio_liquido_vapor(P=2500.0 kPa, T=583.0499779325528 K): no existe equilibrio bifásico para ninguna composición (T fuera de la campana binaria a esa P, motor teqp)."
2500.0,218.6892492858801,0.4,0.85,0.75,0.5,0.75,0.8,False,NO_CONVERGIO,,,"bracket_sonda: T2_sonda=582.6 K > dew=471.5 K (sobrecalentado: sonda T1 del arranque del bracket pega el estado 2 fuera de campana) || equilibrio_liquido_vapor(P=2500.0 kPa, T=582.6499509656046 K): no existe equilibrio bifásico para ninguna composición (T fuera de la campana binaria a esa P, motor teqp)."
2500.0,218.6892492858801,0.4,0.85,0.75,0.65,0.75,0.8,False,NO_CONVERGIO,,,"bracket_sonda: T2_sonda=582.8 K > dew=471.5 K (sobrecalentado: sonda T1 del arranque del bracket pega el estado 2 fuera de campana) || equilibrio_liquido_vapor(P=2500.0 kPa, T=582.799955436095 K): no existe equilibrio bifásico para ninguna composición (T fuera de la campana binaria a esa P, motor teqp)."
2500.0,218.6892492858801,0.4,0.85,0.75,0.8,0.75,0.8,False,NO_CONVERGIO,,,"bracket_sonda: T2_sonda=582.9 K > dew=471.5 K (sobrecalentado: sonda T1 del arranque del bracket pega el estado 2 fuera de campana) || equilibrio_liquido_vapor(P=2500.0 kPa, T=582.9499686987192 K): no existe equilibrio bifásico para ninguna composición (T fuera de la campana binaria a esa P, motor teqp)."
2500.0,218.6892492858801,0.4,0.85,0.75,0.9,0.75,0.8,False,NO_CONVERGIO,,,"lado_frio(P_baja=218.7 kPa, estado fuera del dominio/cobertura del motor teqp — sin relacion con la campana de la sonda || T_from_Ph(P, h, x): el motor teqp no cubre el estado pedido (ver TASK_CONTEXT 2026-09-18-validar-teqp-nh3h2o). Detalle: h=54033.1 fuera de dominio a P=2.1869e+05 Pa, x=0.4136"
2500.0,293.41308192387106,0.45,0.85,0.75,0.5,0.75,0.8,False,NO_CONVERGIO,,,"bracket_sonda: T2_sonda=582.6 K > dew=467.7 K (sobrecalentado: sonda T1 del arranque del bracket pega el estado 2 fuera de campana) || equilibrio_liquido_vapor(P=2500.0 kPa, T=582.6499627168082 K): no existe equilibrio bifásico para ninguna composición (T fuera de la campana binaria a esa P, motor teqp)."
2500.0,293.41308192387106,0.45,0.85,0.75,0.65,0.75,0.8,False,NO_CONVERGIO,,,"bracket_sonda: T2_sonda=582.8 K > dew=467.7 K (sobrecalentado: sonda T1 del arranque del bracket pega el estado 2 fuera de campana) || equilibrio_liquido_vapor(P=2500.0 kPa, T=582.7999661239945 K): no existe equilibrio bifásico para ninguna composición (T fuera de la campana binaria a esa P, motor teqp)."
2500.0,293.41308192387106,0.45,0.85,0.75,0.8,0.75,0.8,False,NO_CONVERGIO,,,"bracket_sonda: T2_sonda=582.9 K > dew=467.7 K (sobrecalentado: sonda T1 del arranque del bracket pega el estado 2 fuera de campana) || equilibrio_liquido_vapor(P=2500.0 kPa, T=582.9499762115182 K): no existe equilibrio bifásico para ninguna composición (T fuera de la campana binaria a esa P, motor teqp)."
2500.0,293.41308192387106,0.45,0.85,0.75,0.9,0.75,0.8,False,NO_CONVERGIO,,,"lado_frio(P_baja=293.4 kPa, estado fuera del dominio/cobertura del motor teqp — sin relacion con la campana de la sonda || T_from_Ph(P, h, x): el motor teqp no cubre el estado pedido (ver TASK_CONTEXT 2026-09-18-validar-teqp-nh3h2o). Detalle: h=67254.3 fuera de dominio a P=2.9341e+05 Pa, x=0.4639"
2500.0,380.4651667449188,0.5,0.85,0.75,0.5,0.75,0.8,False,NO_CONVERGIO,,,"bracket_sonda: T2_sonda=582.6 K > dew=463.5 K (sobrecalentado: sonda T1 del arranque del bracket pega el estado 2 fuera de campana) || equilibrio_liquido_vapor(P=2500.0 kPa, T=582.6499738243671 K): no existe equilibrio bifásico para ninguna composición (T fuera de la campana binaria a esa P, motor teqp)."
2500.0,380.4651667449188,0.5,0.85,0.75,0.65,0.75,0.8,False,NO_CONVERGIO,,,"bracket_sonda: T2_sonda=582.8 K > dew=463.5 K (sobrecalentado: sonda T1 del arranque del bracket pega el estado 2 fuera de campana) || equilibrio_liquido_vapor(P=2500.0 kPa, T=582.7999762264981 K): no existe equilibrio bifásico para ninguna composición (T fuera de la campana binaria a esa P, motor teqp)."
2500.0,380.4651667449188,0.5,0.85,0.75,0.8,0.75,0.8,False,NO_CONVERGIO,,,"bracket_sonda: T2_sonda=582.9 K > dew=463.5 K (sobrecalentado: sonda T1 del arranque del bracket pega el estado 2 fuera de campana) || equilibrio_liquido_vapor(P=2500.0 kPa, T=582.9499833128548 K): no existe equilibrio bifásico para ninguna composición (T fuera de la campana binaria a esa P, motor teqp)."
2500.0,380.4651667449188,0.5,0.85,0.75,0.9,0.75,0.8,False,NO_CONVERGIO,,,"lado_frio(P_baja=380.5 kPa, estado fuera del dominio/cobertura del motor teqp — sin relacion con la campana de la sonda || T_from_Ph(P, h, x): el motor teqp no cubre el estado pedido (ver TASK_CONTEXT 2026-09-18-validar-teqp-nh3h2o). Detalle: h=84743.6 fuera de dominio a P=3.8047e+05 Pa, x=0.5140"
2500.0,476.2531387660478,0.55,0.85,0.75,0.5,0.75,0.8,False,NO_CONVERGIO,,,"bracket_sonda: T2_sonda=582.6 K > dew=459.1 K (sobrecalentado: sonda T1 del arranque del bracket pega el estado 2 fuera de campana) || equilibrio_liquido_vapor(P=2500.0 kPa, T=582.6499843313403 K): no existe equilibrio bifásico para ninguna composición (T fuera de la campana binaria a esa P, motor teqp)."
2500.0,476.2531387660478,0.55,0.85,0.75,0.65,0.75,0.8,False,NO_CONVERGIO,,,"bracket_sonda: T2_sonda=582.8 K > dew=459.1 K (sobrecalentado: sonda T1 del arranque del bracket pega el estado 2 fuera de campana) || equilibrio_liquido_vapor(P=2500.0 kPa, T=582.7999857827765 K): no existe equilibrio bifásico para ninguna composición (T fuera de la campana binaria a esa P, motor teqp)."
2500.0,476.2531387660478,0.55,0.85,0.75,0.8,0.75,0.8,False,NO_CONVERGIO,,,"bracket_sonda: T2_sonda=582.9 K > dew=459.1 K (sobrecalentado: sonda T1 del arranque del bracket pega el estado 2 fuera de campana) || equilibrio_liquido_vapor(P=2500.0 kPa, T=582.9499900302736 K): no existe equilibrio bifásico para ninguna composición (T fuera de la campana binaria a esa P, motor teqp)."
2500.0,476.2531387660478,0.55,0.85,0.75,0.9,0.75,0.8,False,NO_CONVERGIO,,,"lado_frio(P_baja=476.3 kPa, estado fuera del dominio/cobertura del motor teqp — sin relacion con la campana de la sonda || T_from_Ph(P, h, x): el motor teqp no cubre el estado pedido (ver TASK_CONTEXT 2026-09-18-validar-teqp-nh3h2o). Detalle: h=109396 fuera de dominio a P=4.7625e+05 Pa, x=0.5639"
2500.0,575.7018172219059,0.6,0.85,0.75,0.5,0.75,0.8,False,NO_CONVERGIO,,,"bracket_sonda: T2_sonda=582.6 K > dew=454.4 K (sobrecalentado: sonda T1 del arranque del bracket pega el estado 2 fuera de campana) || equilibrio_liquido_vapor(P=2500.0 kPa, T=582.649994271979 K): no existe equilibrio bifásico para ninguna composición (T fuera de la campana binaria a esa P, motor teqp)."
2500.0,575.7018172219059,0.6,0.85,0.75,0.65,0.75,0.8,False,NO_CONVERGIO,,,"bracket_sonda: T2_sonda=582.8 K > dew=454.4 K (sobrecalentado: sonda T1 del arranque del bracket pega el estado 2 fuera de campana) || equilibrio_liquido_vapor(P=2500.0 kPa, T=582.7999948239898 K): no existe equilibrio bifásico para ninguna composición (T fuera de la campana binaria a esa P, motor teqp)."
2500.0,575.7018172219059,0.6,0.85,0.75,0.8,0.75,0.8,False,NO_CONVERGIO,,,"bracket_sonda: T2_sonda=582.9 K > dew=454.4 K (sobrecalentado: sonda T1 del arranque del bracket pega el estado 2 fuera de campana) || equilibrio_liquido_vapor(P=2500.0 kPa, T=582.9499963856855 K): no existe equilibrio bifásico para ninguna composición (T fuera de la campana binaria a esa P, motor teqp)."
2500.0,575.7018172219059,0.6,0.85,0.75,0.9,0.75,0.8,False,NO_CONVERGIO,,,"lado_frio(P_baja=575.7 kPa, estado fuera del dominio/cobertura del motor teqp — sin relacion con la campana de la sonda || T_from_Ph(P, h, x): el motor teqp no cubre el estado pedido (ver TASK_CONTEXT 2026-09-18-validar-teqp-nh3h2o). Detalle: h=147368 fuera de dominio a P=5.757e+05 Pa, x=0.6134"
2500.0,673.3448664612341,0.65,0.85,0.75,0.5,0.75,0.8,False,NO_CONVERGIO,,,"bracket_sonda: T2_sonda=582.7 K > dew=449.2 K (sobrecalentado: sonda T1 del arranque del bracket pega el estado 2 fuera de campana) || equilibrio_liquido_vapor(P=2500.0 kPa, T=582.6500036740919 K): no existe equilibrio bifásico para ninguna composición (T fuera de la campana binaria a esa P, motor teqp)."
2500.0,673.3448664612341,0.65,0.85,0.75,0.65,0.75,0.8,False,NO_CONVERGIO,,,"bracket_sonda: T2_sonda=582.8 K > dew=449.2 K (sobrecalentado: sonda T1 del arranque del bracket pega el estado 2 fuera de campana) || equilibrio_liquido_vapor(P=2500.0 kPa, T=582.8000033754329 K): no existe equilibrio bifásico para ninguna composición (T fuera de la campana binaria a esa P, motor teqp)."
2500.0,673.3448664612341,0.65,0.85,0.75,0.8,0.75,0.8,False,NO_CONVERGIO,,,"bracket_sonda: T2_sonda=583.0 K > dew=449.2 K (sobrecalentado: sonda T1 del arranque del bracket pega el estado 2 fuera de campana) || equilibrio_liquido_vapor(P=2500.0 kPa, T=582.9500023968751 K): no existe equilibrio bifásico para ninguna composición (T fuera de la campana binaria a esa P, motor teqp)."
2500.0,673.3448664612341,0.65,0.85,0.75,0.9,0.75,0.8,False,NO_CONVERGIO,,,"lado_frio(P_baja=673.3 kPa, estado fuera del dominio/cobertura del motor teqp — sin relacion con la campana de la sonda || T_from_Ph(P, h, x): el motor teqp no cubre el estado pedido (ver TASK_CONTEXT 2026-09-18-validar-teqp-nh3h2o). Detalle: h=214494 fuera de dominio a P=6.7334e+05 Pa, x=0.6627"
2500.0,764.6376026707513,0.7,0.85,0.75,0.5,0.75,0.8,False,NO_CONVERGIO,,,"bracket_sonda: T2_sonda=582.7 K > dew=443.5 K (sobrecalentado: sonda T1 del arranque del bracket pega el estado 2 fuera de campana) || equilibrio_liquido_vapor(P=2500.0 kPa, T=582.6500125607776 K): no existe equilibrio bifásico para ninguna composición (T fuera de la campana binaria a esa P, motor teqp)."
2500.0,764.6376026707513,0.7,0.85,0.75,0.65,0.75,0.8,False,NO_CONVERGIO,,,"bracket_sonda: T2_sonda=582.8 K > dew=443.5 K (sobrecalentado: sonda T1 del arranque del bracket pega el estado 2 fuera de campana) || equilibrio_liquido_vapor(P=2500.0 kPa, T=582.8000114581173 K): no existe equilibrio bifásico para ninguna composición (T fuera de la campana binaria a esa P, motor teqp)."
2500.0,764.6376026707513,0.7,0.85,0.75,0.8,0.75,0.8,False,NO_CONVERGIO,,,"bracket_sonda: T2_sonda=583.0 K > dew=443.5 K (sobrecalentado: sonda T1 del arranque del bracket pega el estado 2 fuera de campana) || equilibrio_liquido_vapor(P=2500.0 kPa, T=582.9500080786098 K): no existe equilibrio bifásico para ninguna composición (T fuera de la campana binaria a esa P, motor teqp)."
2500.0,764.6376026707513,0.7,0.85,0.75,0.9,0.75,0.8,False,NO_CONVERGIO,,,"lado_frio(P_baja=764.6 kPa, estado fuera del dominio/cobertura del motor teqp — sin relacion con la campana de la sonda || T_from_Ph(P, h, x): el motor teqp no cubre el estado pedido (ver TASK_CONTEXT 2026-09-18-validar-teqp-nh3h2o). Detalle: h=367636 fuera de dominio a P=7.6464e+05 Pa, x=0.7117"
3000.0,157.88536139565775,0.35,0.85,0.75,0.5,0.75,0.8,False,NO_CONVERGIO,,,"bracket_sonda: T2_sonda=582.6 K > dew=484.0 K (sobrecalentado: sonda T1 del arranque del bracket pega el estado 2 fuera de campana) || equilibrio_liquido_vapor(P=3000.0 kPa, T=582.6499085643638 K): no existe equilibrio bifásico para ninguna composición (T fuera de la campana binaria a esa P, motor teqp)."
3000.0,157.88536139565775,0.35,0.85,0.75,0.65,0.75,0.8,False,NO_CONVERGIO,,,"bracket_sonda: T2_sonda=582.8 K > dew=484.0 K (sobrecalentado: sonda T1 del arranque del bracket pega el estado 2 fuera de campana) || equilibrio_liquido_vapor(P=3000.0 kPa, T=582.7999168727027 K): no existe equilibrio bifásico para ninguna composición (T fuera de la campana binaria a esa P, motor teqp)."
3000.0,157.88536139565775,0.35,0.85,0.75,0.8,0.75,0.8,False,NO_CONVERGIO,,,"bracket_sonda: T2_sonda=582.9 K > dew=484.0 K (sobrecalentado: sonda T1 del arranque del bracket pega el estado 2 fuera de campana) || equilibrio_liquido_vapor(P=3000.0 kPa, T=582.9499415924488 K): no existe equilibrio bifásico para ninguna composición (T fuera de la campana binaria a esa P, motor teqp)."
3000.0,157.88536139565775,0.35,0.85,0.75,0.9,0.75,0.8,False,NO_CONVERGIO,,,"bracket_sonda: T2_sonda=583.0 K > dew=484.0 K (sobrecalentado: sonda T1 del arranque del bracket pega el estado 2 fuera de campana) || equilibrio_liquido_vapor(P=3000.0 kPa, T=583.0499671665914 K): no existe equilibrio bifásico para ninguna composición (T fuera de la campana binaria a esa P, motor teqp)."
3000.0,218.6892492858801,0.4,0.85,0.75,0.5,0.75,0.8,False,NO_CONVERGIO,,,"bracket_sonda: T2_sonda=582.6 K > dew=480.2 K (sobrecalentado: sonda T1 del arranque del bracket pega el estado 2 fuera de campana) || equilibrio_liquido_vapor(P=3000.0 kPa, T=582.6499238952598 K): no existe equilibrio bifásico para ninguna composición (T fuera de la campana binaria a esa P, motor teqp)."
3000.0,218.6892492858801,0.4,0.85,0.75,0.65,0.75,0.8,False,NO_CONVERGIO,,,"bracket_sonda: T2_sonda=582.8 K > dew=480.2 K (sobrecalentado: sonda T1 del arranque del bracket pega el estado 2 fuera de campana) || equilibrio_liquido_vapor(P=3000.0 kPa, T=582.7999308163661 K): no existe equilibrio bifásico para ninguna composición (T fuera de la campana binaria a esa P, motor teqp)."
3000.0,218.6892492858801,0.4,0.85,0.75,0.8,0.75,0.8,False,NO_CONVERGIO,,,"bracket_sonda: T2_sonda=582.9 K > dew=480.2 K (sobrecalentado: sonda T1 del arranque del bracket pega el estado 2 fuera de campana) || equilibrio_liquido_vapor(P=3000.0 kPa, T=582.9499513937507 K): no existe equilibrio bifásico para ninguna composición (T fuera de la campana binaria a esa P, motor teqp)."
3000.0,218.6892492858801,0.4,0.85,0.75,0.9,0.75,0.8,False,NO_CONVERGIO,,,"lado_frio(P_baja=218.7 kPa, T=294.0 K, estado fuera del dominio/cobertura del motor teqp — sin relacion con la campana de la sonda || T_from_Ph(P, h, x): el motor teqp no cubre el estado pedido (ver TASK_CONTEXT 2026-09-18-validar-teqp-nh3h2o). Detalle: equilibrio no resoluble en T=294.01 K, P=2.1869e+05 Pa, x=0.0827"
3000.0,293.41308192387106,0.45,0.85,0.75,0.5,0.75,0.8,False,NO_CONVERGIO,,,"bracket_sonda: T2_sonda=582.6 K > dew=476.1 K (sobrecalentado: sonda T1 del arranque del bracket pega el estado 2 fuera de campana) || equilibrio_liquido_vapor(P=3000.0 kPa, T=582.6499382879426 K): no existe equilibrio bifásico para ninguna composición (T fuera de la campana binaria a esa P, motor teqp)."
3000.0,293.41308192387106,0.45,0.85,0.75,0.65,0.75,0.8,False,NO_CONVERGIO,,,"bracket_sonda: T2_sonda=582.8 K > dew=476.1 K (sobrecalentado: sonda T1 del arranque del bracket pega el estado 2 fuera de campana) || equilibrio_liquido_vapor(P=3000.0 kPa, T=582.7999439066651 K): no existe equilibrio bifásico para ninguna composición (T fuera de la campana binaria a esa P, motor teqp)."
3000.0,293.41308192387106,0.45,0.85,0.75,0.8,0.75,0.8,False,NO_CONVERGIO,,,"bracket_sonda: T2_sonda=582.9 K > dew=476.1 K (sobrecalentado: sonda T1 del arranque del bracket pega el estado 2 fuera de campana) || equilibrio_liquido_vapor(P=3000.0 kPa, T=582.9499605951814 K): no existe equilibrio bifásico para ninguna composición (T fuera de la campana binaria a esa P, motor teqp)."
3000.0,293.41308192387106,0.45,0.85,0.75,0.9,0.75,0.8,False,NO_CONVERGIO,,,"bracket_sonda: T2_sonda=583.0 K > dew=476.1 K (sobrecalentado: sonda T1 del arranque del bracket pega el estado 2 fuera de campana) || equilibrio_liquido_vapor(P=3000.0 kPa, T=583.0499778518495 K): no existe equilibrio bifásico para ninguna composición (T fuera de la campana binaria a esa P, motor teqp)."
3000.0,380.4651667449188,0.5,0.85,0.75,0.5,0.75,0.8,False,NO_CONVERGIO,,,"bracket_sonda: T2_sonda=582.6 K > dew=471.8 K (sobrecalentado: sonda T1 del arranque del bracket pega el estado 2 fuera de campana) || equilibrio_liquido_vapor(P=3000.0 kPa, T=582.6499518189073 K): no existe equilibrio bifásico para ninguna composición (T fuera de la campana binaria a esa P, motor teqp)."
3000.0,380.4651667449188,0.5,0.85,0.75,0.65,0.75,0.8,False,NO_CONVERGIO,,,"bracket_sonda: T2_sonda=582.8 K > dew=471.8 K (sobrecalentado: sonda T1 del arranque del bracket pega el estado 2 fuera de campana) || equilibrio_liquido_vapor(P=3000.0 kPa, T=582.7999562131994 K): no existe equilibrio bifásico para ninguna composición (T fuera de la campana binaria a esa P, motor teqp)."
3000.0,380.4651667449188,0.5,0.85,0.75,0.8,0.75,0.8,False,NO_CONVERGIO,,,"bracket_sonda: T2_sonda=582.9 K > dew=471.8 K (sobrecalentado: sonda T1 del arranque del bracket pega el estado 2 fuera de campana) || equilibrio_liquido_vapor(P=3000.0 kPa, T=582.9499692456847 K): no existe equilibrio bifásico para ninguna composición (T fuera de la campana binaria a esa P, motor teqp)."
3000.0,380.4651667449188,0.5,0.85,0.75,0.9,0.75,0.8,False,NO_CONVERGIO,,,"lado_frio(P_baja=380.5 kPa, T=294.3 K, estado fuera del dominio/cobertura del motor teqp — sin relacion con la campana de la sonda || T_from_Ph(P, h, x): el motor teqp no cubre el estado pedido (ver TASK_CONTEXT 2026-09-18-validar-teqp-nh3h2o). Detalle: equilibrio no resoluble en T=294.33 K, P=3.8047e+05 Pa, x=0.0740"
3000.0,476.2531387660478,0.55,0.85,0.75,0.5,0.75,0.8,False,NO_CONVERGIO,,,"bracket_sonda: T2_sonda=582.6 K > dew=467.2 K (sobrecalentado: sonda T1 del arranque del bracket pega el estado 2 fuera de campana) || equilibrio_liquido_vapor(P=3000.0 kPa, T=582.6499645491316 K): no existe equilibrio bifásico para ninguna composición (T fuera de la campana binaria a esa P, motor teqp)."
3000.0,476.2531387660478,0.55,0.85,0.75,0.65,0.75,0.8,False,NO_CONVERGIO,,,"bracket_sonda: T2_sonda=582.8 K > dew=467.2 K (sobrecalentado: sonda T1 del arranque del bracket pega el estado 2 fuera de campana) || equilibrio_liquido_vapor(P=3000.0 kPa, T=582.7999677914471 K): no existe equilibrio bifásico para ninguna composición (T fuera de la campana binaria a esa P, motor teqp)."
3000.0,476.2531387660478,0.55,0.85,0.75,0.8,0.75,0.8,False,NO_CONVERGIO,,,"bracket_sonda: T2_sonda=582.9 K > dew=467.2 K (sobrecalentado: sonda T1 del arranque del bracket pega el estado 2 fuera de campana) || equilibrio_liquido_vapor(P=3000.0 kPa, T=582.949977384278 K): no existe equilibrio bifásico para ninguna composición (T fuera de la campana binaria a esa P, motor teqp)."
3000.0,476.2531387660478,0.55,0.85,0.75,0.9,0.75,0.8,False,NO_CONVERGIO,,,"lado_frio(P_baja=476.3 kPa, T=294.7 K, estado fuera del dominio/cobertura del motor teqp — sin relacion con la campana de la sonda || T_from_Ph(P, h, x): el motor teqp no cubre el estado pedido (ver TASK_CONTEXT 2026-09-18-validar-teqp-nh3h2o). Detalle: equilibrio no resoluble en T=294.67 K, P=4.7625e+05 Pa, x=0.0676"
3000.0,575.7018172219059,0.6,0.85,0.75,0.5,0.75,0.8,False,NO_CONVERGIO,,,"bracket_sonda: T2_sonda=582.6 K > dew=462.3 K (sobrecalentado: sonda T1 del arranque del bracket pega el estado 2 fuera de campana) || equilibrio_liquido_vapor(P=3000.0 kPa, T=582.6499765282789 K): no existe equilibrio bifásico para ninguna composición (T fuera de la campana binaria a esa P, motor teqp)."
3000.0,575.7018172219059,0.6,0.85,0.75,0.65,0.75,0.8,False,NO_CONVERGIO,,,"bracket_sonda: T2_sonda=582.8 K > dew=462.3 K (sobrecalentado: sonda T1 del arranque del bracket pega el estado 2 fuera de campana) || equilibrio_liquido_vapor(P=3000.0 kPa, T=582.7999786865958 K): no existe equilibrio bifásico para ninguna composición (T fuera de la campana binaria a esa P, motor teqp)."
3000.0,575.7018172219059,0.6,0.85,0.75,0.8,0.75,0.8,False,NO_CONVERGIO,,,"bracket_sonda: T2_sonda=582.9 K > dew=462.3 K (sobrecalentado: sonda T1 del arranque del bracket pega el estado 2 fuera de campana) || equilibrio_liquido_vapor(P=3000.0 kPa, T=582.9499850427404 K): no existe equilibrio bifásico para ninguna composición (T fuera de la campana binaria a esa P, motor teqp)."
3000.0,575.7018172219059,0.6,0.85,0.75,0.9,0.75,0.8,False,NO_CONVERGIO,,,"lado_frio(P_baja=575.7 kPa, estado fuera del dominio/cobertura del motor teqp — sin relacion con la campana de la sonda || T_from_Ph(P, h, x): el motor teqp no cubre el estado pedido (ver TASK_CONTEXT 2026-09-18-validar-teqp-nh3h2o). Detalle: h=92482 fuera de dominio a P=5.757e+05 Pa, x=0.6134"
3000.0,673.3448664612341,0.65,0.85,0.75,0.5,0.75,0.8,False,NO_CONVERGIO,,,"bracket_sonda: T2_sonda=582.6 K > dew=456.9 K (sobrecalentado: sonda T1 del arranque del bracket pega el estado 2 fuera de campana) || equilibrio_liquido_vapor(P=3000.0 kPa, T=582.649987797769 K): no existe equilibrio bifásico para ninguna composición (T fuera de la campana binaria a esa P, motor teqp)."
3000.0,673.3448664612341,0.65,0.85,0.75,0.65,0.75,0.8,False,NO_CONVERGIO,,,"bracket_sonda: T2_sonda=582.8 K > dew=456.9 K (sobrecalentado: sonda T1 del arranque del bracket pega el estado 2 fuera de campana) || equilibrio_liquido_vapor(P=3000.0 kPa, T=582.7999889363278 K): no existe equilibrio bifásico para ninguna composición (T fuera de la campana binaria a esa P, motor teqp)."
3000.0,673.3448664612341,0.65,0.85,0.75,0.8,0.75,0.8,False,NO_CONVERGIO,,,"bracket_sonda: T2_sonda=582.9 K > dew=456.9 K (sobrecalentado: sonda T1 del arranque del bracket pega el estado 2 fuera de campana) || equilibrio_liquido_vapor(P=3000.0 kPa, T=582.949992247571 K): no existe equilibrio bifásico para ninguna composición (T fuera de la campana binaria a esa P, motor teqp)."
3000.0,673.3448664612341,0.65,0.85,0.75,0.9,0.75,0.8,False,NO_CONVERGIO,,,"lado_frio(P_baja=673.3 kPa, estado fuera del dominio/cobertura del motor teqp — sin relacion con la campana de la sonda || T_from_Ph(P, h, x): el motor teqp no cubre el estado pedido (ver TASK_CONTEXT 2026-09-18-validar-teqp-nh3h2o). Detalle: h=116507 fuera de dominio a P=6.7334e+05 Pa, x=0.6627"
3000.0,764.6376026707513,0.7,0.85,0.75,0.5,0.75,0.8,False,NO_CONVERGIO,,,"bracket_sonda: T2_sonda=582.6 K > dew=451.0 K (sobrecalentado: sonda T1 del arranque del bracket pega el estado 2 fuera de campana) || equilibrio_liquido_vapor(P=3000.0 kPa, T=582.6499983929879 K): no existe equilibrio bifásico para ninguna composición (T fuera de la campana binaria a esa P, motor teqp)."
3000.0,764.6376026707513,0.7,0.85,0.75,0.65,0.75,0.8,False,NO_CONVERGIO,,,"bracket_sonda: T2_sonda=582.8 K > dew=451.0 K (sobrecalentado: sonda T1 del arranque del bracket pega el estado 2 fuera de campana) || equilibrio_liquido_vapor(P=3000.0 kPa, T=582.7999985728345 K): no existe equilibrio bifásico para ninguna composición (T fuera de la campana binaria a esa P, motor teqp)."
3000.0,764.6376026707513,0.7,0.85,0.75,0.8,0.75,0.8,False,NO_CONVERGIO,,,"bracket_sonda: T2_sonda=582.9 K > dew=451.0 K (sobrecalentado: sonda T1 del arranque del bracket pega el estado 2 fuera de campana) || equilibrio_liquido_vapor(P=3000.0 kPa, T=582.9499990214032 K): no existe equilibrio bifásico para ninguna composición (T fuera de la campana binaria a esa P, motor teqp)."
3000.0,764.6376026707513,0.7,0.85,0.75,0.9,0.75,0.8,False,NO_CONVERGIO,,,"lado_frio(P_baja=764.6 kPa, estado fuera del dominio/cobertura del motor teqp — sin relacion con la campana de la sonda || T_from_Ph(P, h, x): el motor teqp no cubre el estado pedido (ver TASK_CONTEXT 2026-09-18-validar-teqp-nh3h2o). Detalle: h=152214 fuera de dominio a P=7.6464e+05 Pa, x=0.7117"
3500.0,157.88536139565775,0.35,0.85,0.75,0.5,0.75,0.8,False,NO_CONVERGIO,,,"bracket_sonda: T2_sonda=582.6 K > dew=491.7 K (sobrecalentado: sonda T1 del arranque del bracket pega el estado 2 fuera de campana) || equilibrio_liquido_vapor(P=3500.0 kPa, T=582.6498764241708 K): no existe equilibrio bifásico para ninguna composición (T fuera de la campana binaria a esa P, motor teqp)."
3500.0,157.88536139565775,0.35,0.85,0.75,0.65,0.75,0.8,False,NO_CONVERGIO,,,"bracket_sonda: T2_sonda=582.8 K > dew=491.7 K (sobrecalentado: sonda T1 del arranque del bracket pega el estado 2 fuera de campana) || equilibrio_liquido_vapor(P=3500.0 kPa, T=582.7998876413816 K): no existe equilibrio bifásico para ninguna composición (T fuera de la campana binaria a esa P, motor teqp)."
3500.0,157.88536139565775,0.35,0.85,0.75,0.8,0.75,0.8,False,NO_CONVERGIO,,,"bracket_sonda: T2_sonda=582.9 K > dew=491.7 K (sobrecalentado: sonda T1 del arranque del bracket pega el estado 2 fuera de campana) || equilibrio_liquido_vapor(P=3500.0 kPa, T=582.9499210455783 K): no existe equilibrio bifásico para ninguna composición (T fuera de la campana binaria a esa P, motor teqp)."
3500.0,157.88536139565775,0.35,0.85,0.75,0.9,0.75,0.8,False,NO_CONVERGIO,,,"bracket_sonda: T2_sonda=583.0 K > dew=491.7 K (sobrecalentado: sonda T1 del arranque del bracket pega el estado 2 fuera de campana) || equilibrio_liquido_vapor(P=3500.0 kPa, T=583.0499556132532 K): no existe equilibrio bifásico para ninguna composición (T fuera de la campana binaria a esa P, motor teqp)."
3500.0,218.6892492858801,0.4,0.85,0.75,0.5,0.75,0.8,False,NO_CONVERGIO,,,lazo_frio_no_conv (sin P/T): el lazo interior frio no convergio en la 1a evaluacion del bracket — no es un estado de campana || lazo interior (frio) no convergio tras max_iter_frio
3500.0,218.6892492858801,0.4,0.85,0.75,0.65,0.75,0.8,False,NO_CONVERGIO,,,"bracket_sonda: T2_sonda=582.8 K > dew=487.7 K (sobrecalentado: sonda T1 del arranque del bracket pega el estado 2 fuera de campana) || equilibrio_liquido_vapor(P=3500.0 kPa, T=582.7999045171467 K): no existe equilibrio bifásico para ninguna composición (T fuera de la campana binaria a esa P, motor teqp)."
3500.0,218.6892492858801,0.4,0.85,0.75,0.8,0.75,0.8,False,NO_CONVERGIO,,,"bracket_sonda: T2_sonda=582.9 K > dew=487.7 K (sobrecalentado: sonda T1 del arranque del bracket pega el estado 2 fuera de campana) || equilibrio_liquido_vapor(P=3500.0 kPa, T=582.9499329079966 K): no existe equilibrio bifásico para ninguna composición (T fuera de la campana binaria a esa P, motor teqp)."
3500.0,218.6892492858801,0.4,0.85,0.75,0.9,0.75,0.8,False,NO_CONVERGIO,,,"bracket_sonda: T2_sonda=583.0 K > dew=487.7 K (sobrecalentado: sonda T1 del arranque del bracket pega el estado 2 fuera de campana) || equilibrio_liquido_vapor(P=3500.0 kPa, T=583.0499622835222 K): no existe equilibrio bifásico para ninguna composición (T fuera de la campana binaria a esa P, motor teqp)."
3500.0,293.41308192387106,0.45,0.85,0.75,0.5,0.75,0.8,False,NO_CONVERGIO,,,"bracket_sonda: T2_sonda=582.6 K > dew=483.5 K (sobrecalentado: sonda T1 del arranque del bracket pega el estado 2 fuera de campana) || equilibrio_liquido_vapor(P=3500.0 kPa, T=582.6499123118491 K): no existe equilibrio bifásico para ninguna composición (T fuera de la campana binaria a esa P, motor teqp)."
3500.0,293.41308192387106,0.45,0.85,0.75,0.65,0.75,0.8,False,NO_CONVERGIO,,,"bracket_sonda: T2_sonda=582.8 K > dew=483.5 K (sobrecalentado: sonda T1 del arranque del bracket pega el estado 2 fuera de campana) || equilibrio_liquido_vapor(P=3500.0 kPa, T=582.7999202818456 K): no existe equilibrio bifásico para ninguna composición (T fuera de la campana binaria a esa P, motor teqp)."
3500.0,293.41308192387106,0.45,0.85,0.75,0.8,0.75,0.8,False,NO_CONVERGIO,,,"bracket_sonda: T2_sonda=582.9 K > dew=483.5 K (sobrecalentado: sonda T1 del arranque del bracket pega el estado 2 fuera de campana) || equilibrio_liquido_vapor(P=3500.0 kPa, T=582.9499439893389 K): no existe equilibrio bifásico para ninguna composición (T fuera de la campana binaria a esa P, motor teqp)."
3500.0,293.41308192387106,0.45,0.85,0.75,0.9,0.75,0.8,False,NO_CONVERGIO,,,"bracket_sonda: T2_sonda=583.0 K > dew=483.5 K (sobrecalentado: sonda T1 del arranque del bracket pega el estado 2 fuera de campana) || equilibrio_liquido_vapor(P=3500.0 kPa, T=583.049968514565 K): no existe equilibrio bifásico para ninguna composición (T fuera de la campana binaria a esa P, motor teqp)."
3500.0,380.4651667449188,0.5,0.85,0.75,0.5,0.75,0.8,False,NO_CONVERGIO,,,"bracket_sonda: T2_sonda=582.6 K > dew=479.0 K (sobrecalentado: sonda T1 del arranque del bracket pega el estado 2 fuera de campana) || equilibrio_liquido_vapor(P=3500.0 kPa, T=582.6499285260971 K): no existe equilibrio bifásico para ninguna composición (T fuera de la campana binaria a esa P, motor teqp)."
3500.0,380.4651667449188,0.5,0.85,0.75,0.65,0.75,0.8,False,NO_CONVERGIO,,,"bracket_sonda: T2_sonda=582.8 K > dew=479.0 K (sobrecalentado: sonda T1 del arranque del bracket pega el estado 2 fuera de campana) || equilibrio_liquido_vapor(P=3500.0 kPa, T=582.7999350288503 K): no existe equilibrio bifásico para ninguna composición (T fuera de la campana binaria a esa P, motor teqp)."
3500.0,380.4651667449188,0.5,0.85,0.75,0.8,0.75,0.8,False,NO_CONVERGIO,,,"bracket_sonda: T2_sonda=582.9 K > dew=479.0 K (sobrecalentado: sonda T1 del arranque del bracket pega el estado 2 fuera de campana) || equilibrio_liquido_vapor(P=3500.0 kPa, T=582.9499543552746 K): no existe equilibrio bifásico para ninguna composición (T fuera de la campana binaria a esa P, motor teqp)."
3500.0,380.4651667449188,0.5,0.85,0.75,0.9,0.75,0.8,False,NO_CONVERGIO,,,"lado_frio(P_baja=380.5 kPa, estado fuera del dominio/cobertura del motor teqp — sin relacion con la campana de la sonda || T_from_Ph(P, h, x): el motor teqp no cubre el estado pedido (ver TASK_CONTEXT 2026-09-18-validar-teqp-nh3h2o). Detalle: h=51068.1 fuera de dominio a P=3.8047e+05 Pa, x=0.5140"
3500.0,476.2531387660478,0.55,0.85,0.75,0.5,0.75,0.8,False,NO_CONVERGIO,,,"bracket_sonda: T2_sonda=582.6 K > dew=474.2 K (sobrecalentado: sonda T1 del arranque del bracket pega el estado 2 fuera de campana) || equilibrio_liquido_vapor(P=3500.0 kPa, T=582.6499437044089 K): no existe equilibrio bifásico para ninguna composición (T fuera de la campana binaria a esa P, motor teqp)."
3500.0,476.2531387660478,0.55,0.85,0.75,0.65,0.75,0.8,False,NO_CONVERGIO,,,"bracket_sonda: T2_sonda=582.8 K > dew=474.2 K (sobrecalentado: sonda T1 del arranque del bracket pega el estado 2 fuera de campana) || equilibrio_liquido_vapor(P=3500.0 kPa, T=582.7999488336169 K): no existe equilibrio bifásico para ninguna composición (T fuera de la campana binaria a esa P, motor teqp)."
3500.0,476.2531387660478,0.55,0.85,0.75,0.8,0.75,0.8,False,NO_CONVERGIO,,,"bracket_sonda: T2_sonda=582.9 K > dew=474.2 K (sobrecalentado: sonda T1 del arranque del bracket pega el estado 2 fuera de campana) || equilibrio_liquido_vapor(P=3500.0 kPa, T=582.9499640588756 K): no existe equilibrio bifásico para ninguna composición (T fuera de la campana binaria a esa P, motor teqp)."
3500.0,476.2531387660478,0.55,0.85,0.75,0.9,0.75,0.8,False,NO_CONVERGIO,,,"lado_frio(P_baja=476.3 kPa, estado fuera del dominio/cobertura del motor teqp — sin relacion con la campana de la sonda || T_from_Ph(P, h, x): el motor teqp no cubre el estado pedido (ver TASK_CONTEXT 2026-09-18-validar-teqp-nh3h2o). Detalle: h=60426.8 fuera de dominio a P=4.7625e+05 Pa, x=0.5639"
3500.0,575.7018172219059,0.6,0.85,0.75,0.5,0.75,0.8,False,NO_CONVERGIO,,,"bracket_sonda: T2_sonda=582.6 K > dew=469.1 K (sobrecalentado: sonda T1 del arranque del bracket pega el estado 2 fuera de campana) || equilibrio_liquido_vapor(P=3500.0 kPa, T=582.6499579154371 K): no existe equilibrio bifásico para ninguna composición (T fuera de la campana binaria a esa P, motor teqp)."
3500.0,575.7018172219059,0.6,0.85,0.75,0.65,0.75,0.8,False,NO_CONVERGIO,,,"bracket_sonda: T2_sonda=582.8 K > dew=469.1 K (sobrecalentado: sonda T1 del arranque del bracket pega el estado 2 fuera de campana) || equilibrio_liquido_vapor(P=3500.0 kPa, T=582.7999617586163 K): no existe equilibrio bifásico para ninguna composición (T fuera de la campana binaria a esa P, motor teqp)."
3500.0,575.7018172219059,0.6,0.85,0.75,0.8,0.75,0.8,False,NO_CONVERGIO,,,"bracket_sonda: T2_sonda=582.9 K > dew=469.1 K (sobrecalentado: sonda T1 del arranque del bracket pega el estado 2 fuera de campana) || equilibrio_liquido_vapor(P=3500.0 kPa, T=582.9499731440801 K): no existe equilibrio bifásico para ninguna composición (T fuera de la campana binaria a esa P, motor teqp)."
3500.0,575.7018172219059,0.6,0.85,0.75,0.9,0.75,0.8,False,NO_CONVERGIO,,,"lado_frio(P_baja=575.7 kPa, T=295.4 K, estado fuera del dominio/cobertura del motor teqp — sin relacion con la campana de la sonda || T_from_Ph(P, h, x): el motor teqp no cubre el estado pedido (ver TASK_CONTEXT 2026-09-18-validar-teqp-nh3h2o). Detalle: equilibrio no resoluble en T=295.42 K, P=5.757e+05 Pa, x=0.0838"
3500.0,673.3448664612341,0.65,0.85,0.75,0.5,0.75,0.8,False,NO_CONVERGIO,,,"bracket_sonda: T2_sonda=582.6 K > dew=463.5 K (sobrecalentado: sonda T1 del arranque del bracket pega el estado 2 fuera de campana) || equilibrio_liquido_vapor(P=3500.0 kPa, T=582.6499712174704 K): no existe equilibrio bifásico para ninguna composición (T fuera de la campana binaria a esa P, motor teqp)."
3500.0,673.3448664612341,0.65,0.85,0.75,0.65,0.75,0.8,False,NO_CONVERGIO,,,"bracket_sonda: T2_sonda=582.8 K > dew=463.5 K (sobrecalentado: sonda T1 del arranque del bracket pega el estado 2 fuera de campana) || equilibrio_liquido_vapor(P=3500.0 kPa, T=582.7999738568861 K): no existe equilibrio bifásico para ninguna composición (T fuera de la campana binaria a esa P, motor teqp)."
3500.0,673.3448664612341,0.65,0.85,0.75,0.8,0.75,0.8,False,NO_CONVERGIO,,,"bracket_sonda: T2_sonda=582.9 K > dew=463.5 K (sobrecalentado: sonda T1 del arranque del bracket pega el estado 2 fuera de campana) || equilibrio_liquido_vapor(P=3500.0 kPa, T=582.9499816481906 K): no existe equilibrio bifásico para ninguna composición (T fuera de la campana binaria a esa P, motor teqp)."
3500.0,673.3448664612341,0.65,0.85,0.75,0.9,0.75,0.8,False,NO_CONVERGIO,,,"lado_frio(P_baja=673.3 kPa, estado fuera del dominio/cobertura del motor teqp — sin relacion con la campana de la sonda || T_from_Ph(P, h, x): el motor teqp no cubre el estado pedido (ver TASK_CONTEXT 2026-09-18-validar-teqp-nh3h2o). Detalle: h=86198.9 fuera de dominio a P=6.7334e+05 Pa, x=0.6627"
3500.0,764.6376026707513,0.7,0.85,0.75,0.5,0.75,0.8,False,NO_CONVERGIO,,,"bracket_sonda: T2_sonda=582.6 K > dew=457.4 K (sobrecalentado: sonda T1 del arranque del bracket pega el estado 2 fuera de campana) || equilibrio_liquido_vapor(P=3500.0 kPa, T=582.649983661207 K): no existe equilibrio bifásico para ninguna composición (T fuera de la campana binaria a esa P, motor teqp)."
3500.0,764.6376026707513,0.7,0.85,0.75,0.65,0.75,0.8,False,NO_CONVERGIO,,,"bracket_sonda: T2_sonda=582.8 K > dew=457.4 K (sobrecalentado: sonda T1 del arranque del bracket pega el estado 2 fuera de campana) || equilibrio_liquido_vapor(P=3500.0 kPa, T=582.7999851745518 K): no existe equilibrio bifásico para ninguna composición (T fuera de la campana binaria a esa P, motor teqp)."
3500.0,764.6376026707513,0.7,0.85,0.75,0.8,0.75,0.8,False,NO_CONVERGIO,,,"bracket_sonda: T2_sonda=582.9 K > dew=457.4 K (sobrecalentado: sonda T1 del arranque del bracket pega el estado 2 fuera de campana) || equilibrio_liquido_vapor(P=3500.0 kPa, T=582.9499896036444 K): no existe equilibrio bifásico para ninguna composición (T fuera de la campana binaria a esa P, motor teqp)."
3500.0,764.6376026707513,0.7,0.85,0.75,0.9,0.75,0.8,False,NO_CONVERGIO,,,"lado_frio(P_baja=764.6 kPa, estado fuera del dominio/cobertura del motor teqp — sin relacion con la campana de la sonda || T_from_Ph(P, h, x): el motor teqp no cubre el estado pedido (ver TASK_CONTEXT 2026-09-18-validar-teqp-nh3h2o). Detalle: h=104978 fuera de dominio a P=7.6464e+05 Pa, x=0.7117"
4000.0,157.88536139565775,0.35,0.85,0.75,0.5,0.75,0.8,False,NO_CONVERGIO,,,"bracket_sonda: T2_sonda=582.6 K > dew=498.6 K (sobrecalentado: sonda T1 del arranque del bracket pega el estado 2 fuera de campana) || equilibrio_liquido_vapor(P=4000.0 kPa, T=582.6498419051522 K): no existe equilibrio bifásico para ninguna composición (T fuera de la campana binaria a esa P, motor teqp)."
4000.0,157.88536139565775,0.35,0.85,0.75,0.65,0.75,0.8,False,NO_CONVERGIO,,,"bracket_sonda: T2_sonda=582.8 K > dew=498.6 K (sobrecalentado: sonda T1 del arranque del bracket pega el estado 2 fuera de campana) || equilibrio_liquido_vapor(P=4000.0 kPa, T=582.7998562448414 K): no existe equilibrio bifásico para ninguna composición (T fuera de la campana binaria a esa P, motor teqp)."
4000.0,157.88536139565775,0.35,0.85,0.75,0.8,0.75,0.8,False,NO_CONVERGIO,,,"bracket_sonda: T2_sonda=582.9 K > dew=498.6 K (sobrecalentado: sonda T1 del arranque del bracket pega el estado 2 fuera de campana) || equilibrio_liquido_vapor(P=4000.0 kPa, T=582.9498989671126 K): no existe equilibrio bifásico para ninguna composición (T fuera de la campana binaria a esa P, motor teqp)."
4000.0,157.88536139565775,0.35,0.85,0.75,0.9,0.75,0.8,False,NO_CONVERGIO,,,"bracket_sonda: T2_sonda=583.0 K > dew=498.6 K (sobrecalentado: sonda T1 del arranque del bracket pega el estado 2 fuera de campana) || equilibrio_liquido_vapor(P=4000.0 kPa, T=583.0499431839448 K): no existe equilibrio bifásico para ninguna composición (T fuera de la campana binaria a esa P, motor teqp)."
4000.0,218.6892492858801,0.4,0.85,0.75,0.5,0.75,0.8,False,NO_CONVERGIO,,,"bracket_sonda: T2_sonda=582.6 K > dew=494.4 K (sobrecalentado: sonda T1 del arranque del bracket pega el estado 2 fuera de campana) || equilibrio_liquido_vapor(P=4000.0 kPa, T=582.6498639997957 K): no existe equilibrio bifásico para ninguna composición (T fuera de la campana binaria a esa P, motor teqp)."
4000.0,218.6892492858801,0.4,0.85,0.75,0.65,0.75,0.8,False,NO_CONVERGIO,,,"bracket_sonda: T2_sonda=582.8 K > dew=494.4 K (sobrecalentado: sonda T1 del arranque del bracket pega el estado 2 fuera de campana) || equilibrio_liquido_vapor(P=4000.0 kPa, T=582.7998763382648 K): no existe equilibrio bifásico para ninguna composición (T fuera de la campana binaria a esa P, motor teqp)."
4000.0,218.6892492858801,0.4,0.85,0.75,0.8,0.75,0.8,False,NO_CONVERGIO,,,"bracket_sonda: T2_sonda=582.9 K > dew=494.4 K (sobrecalentado: sonda T1 del arranque del bracket pega el estado 2 fuera de campana) || equilibrio_liquido_vapor(P=4000.0 kPa, T=582.9499130785033 K): no existe equilibrio bifásico para ninguna composición (T fuera de la campana binaria a esa P, motor teqp)."
4000.0,218.6892492858801,0.4,0.85,0.75,0.9,0.75,0.8,False,NO_CONVERGIO,,,"bracket_sonda: T2_sonda=583.0 K > dew=494.4 K (sobrecalentado: sonda T1 del arranque del bracket pega el estado 2 fuera de campana) || equilibrio_liquido_vapor(P=4000.0 kPa, T=583.0499510987776 K): no existe equilibrio bifásico para ninguna composición (T fuera de la campana binaria a esa P, motor teqp)."
4000.0,293.41308192387106,0.45,0.85,0.75,0.5,0.75,0.8,False,NO_CONVERGIO,,,"bracket_sonda: T2_sonda=582.6 K > dew=490.0 K (sobrecalentado: sonda T1 del arranque del bracket pega el estado 2 fuera de campana) || equilibrio_liquido_vapor(P=4000.0 kPa, T=582.6498846937828 K): no existe equilibrio bifásico para ninguna composición (T fuera de la campana binaria a esa P, motor teqp)."
4000.0,293.41308192387106,0.45,0.85,0.75,0.65,0.75,0.8,False,NO_CONVERGIO,,,"bracket_sonda: T2_sonda=582.8 K > dew=490.0 K (sobrecalentado: sonda T1 del arranque del bracket pega el estado 2 fuera de campana) || equilibrio_liquido_vapor(P=4000.0 kPa, T=582.7998951632658 K): no existe equilibrio bifásico para ninguna composición (T fuera de la campana binaria a esa P, motor teqp)."
4000.0,293.41308192387106,0.45,0.85,0.75,0.8,0.75,0.8,False,NO_CONVERGIO,,,"bracket_sonda: T2_sonda=582.9 K > dew=490.0 K (sobrecalentado: sonda T1 del arranque del bracket pega el estado 2 fuera de campana) || equilibrio_liquido_vapor(P=4000.0 kPa, T=582.9499263332617 K): no existe equilibrio bifásico para ninguna composición (T fuera de la campana binaria a esa P, motor teqp)."
4000.0,293.41308192387106,0.45,0.85,0.75,0.9,0.75,0.8,False,NO_CONVERGIO,,,"bracket_sonda: T2_sonda=583.0 K > dew=490.0 K (sobrecalentado: sonda T1 del arranque del bracket pega el estado 2 fuera de campana) || equilibrio_liquido_vapor(P=4000.0 kPa, T=583.0499585866643 K): no existe equilibrio bifásico para ninguna composición (T fuera de la campana binaria a esa P, motor teqp)."
4000.0,380.4651667449188,0.5,0.85,0.75,0.5,0.75,0.8,False,NO_CONVERGIO,,,"bracket_sonda: T2_sonda=582.6 K > dew=485.4 K (sobrecalentado: sonda T1 del arranque del bracket pega el estado 2 fuera de campana) || equilibrio_liquido_vapor(P=4000.0 kPa, T=582.6499038701613 K): no existe equilibrio bifásico para ninguna composición (T fuera de la campana binaria a esa P, motor teqp)."
4000.0,380.4651667449188,0.5,0.85,0.75,0.65,0.75,0.8,False,NO_CONVERGIO,,,"bracket_sonda: T2_sonda=582.8 K > dew=485.4 K (sobrecalentado: sonda T1 del arranque del bracket pega el estado 2 fuera de campana) || equilibrio_liquido_vapor(P=4000.0 kPa, T=582.7999126044614 K): no existe equilibrio bifásico para ninguna composición (T fuera de la campana binaria a esa P, motor teqp)."
4000.0,380.4651667449188,0.5,0.85,0.75,0.8,0.75,0.8,False,NO_CONVERGIO,,,"bracket_sonda: T2_sonda=582.9 K > dew=485.4 K (sobrecalentado: sonda T1 del arranque del bracket pega el estado 2 fuera de campana) || equilibrio_liquido_vapor(P=4000.0 kPa, T=582.949938593057 K): no existe equilibrio bifásico para ninguna composición (T fuera de la campana binaria a esa P, motor teqp)."
4000.0,380.4651667449188,0.5,0.85,0.75,0.9,0.75,0.8,False,NO_CONVERGIO,,,"bracket_sonda: T2_sonda=583.0 K > dew=485.4 K (sobrecalentado: sonda T1 del arranque del bracket pega el estado 2 fuera de campana) || equilibrio_liquido_vapor(P=4000.0 kPa, T=583.0499654803522 K): no existe equilibrio bifásico para ninguna composición (T fuera de la campana binaria a esa P, motor teqp)."
4000.0,476.2531387660478,0.55,0.85,0.75,0.5,0.75,0.8,False,NO_CONVERGIO,,,"bracket_sonda: T2_sonda=582.6 K > dew=480.5 K (sobrecalentado: sonda T1 del arranque del bracket pega el estado 2 fuera de campana) || equilibrio_liquido_vapor(P=4000.0 kPa, T=582.6499217371228 K): no existe equilibrio bifásico para ninguna composición (T fuera de la campana binaria a esa P, motor teqp)."
4000.0,476.2531387660478,0.55,0.85,0.75,0.65,0.75,0.8,False,NO_CONVERGIO,,,"bracket_sonda: T2_sonda=582.8 K > dew=480.5 K (sobrecalentado: sonda T1 del arranque del bracket pega el estado 2 fuera de campana) || equilibrio_liquido_vapor(P=4000.0 kPa, T=582.7999288546176 K): no existe equilibrio bifásico para ninguna composición (T fuera de la campana binaria a esa P, motor teqp)."
4000.0,476.2531387660478,0.55,0.85,0.75,0.8,0.75,0.8,False,NO_CONVERGIO,,,"bracket_sonda: T2_sonda=582.9 K > dew=480.5 K (sobrecalentado: sonda T1 del arranque del bracket pega el estado 2 fuera de campana) || equilibrio_liquido_vapor(P=4000.0 kPa, T=582.9499500155782 K): no existe equilibrio bifásico para ninguna composición (T fuera de la campana binaria a esa P, motor teqp)."
4000.0,476.2531387660478,0.55,0.85,0.75,0.9,0.75,0.8,False,NO_CONVERGIO,,,"lado_frio(P_baja=476.3 kPa, estado fuera del dominio/cobertura del motor teqp — sin relacion con la campana de la sonda || T_from_Ph(P, h, x): el motor teqp no cubre el estado pedido (ver TASK_CONTEXT 2026-09-18-validar-teqp-nh3h2o). Detalle: h=52247.4 fuera de dominio a P=4.7625e+05 Pa, x=0.5639"
4000.0,575.7018172219059,0.6,0.85,0.75,0.5,0.75,0.8,False,NO_CONVERGIO,,,"bracket_sonda: T2_sonda=582.6 K > dew=475.2 K (sobrecalentado: sonda T1 del arranque del bracket pega el estado 2 fuera de campana) || equilibrio_liquido_vapor(P=4000.0 kPa, T=582.6499383864727 K): no existe equilibrio bifásico para ninguna composición (T fuera de la campana binaria a esa P, motor teqp)."
4000.0,575.7018172219059,0.6,0.85,0.75,0.65,0.75,0.8,False,NO_CONVERGIO,,,"bracket_sonda: T2_sonda=582.8 K > dew=475.2 K (sobrecalentado: sonda T1 del arranque del bracket pega el estado 2 fuera de campana) || equilibrio_liquido_vapor(P=4000.0 kPa, T=582.7999439972838 K): no existe equilibrio bifásico para ninguna composición (T fuera de la campana binaria a esa P, motor teqp)."
4000.0,575.7018172219059,0.6,0.85,0.75,0.8,0.75,0.8,False,NO_CONVERGIO,,,"bracket_sonda: T2_sonda=582.9 K > dew=475.2 K (sobrecalentado: sonda T1 del arranque del bracket pega el estado 2 fuera de campana) || equilibrio_liquido_vapor(P=4000.0 kPa, T=582.9499606595923 K): no existe equilibrio bifásico para ninguna composición (T fuera de la campana binaria a esa P, motor teqp)."
4000.0,575.7018172219059,0.6,0.85,0.75,0.9,0.75,0.8,False,NO_CONVERGIO,,,"lado_frio(P_baja=575.7 kPa, estado fuera del dominio/cobertura del motor teqp — sin relacion con la campana de la sonda || T_from_Ph(P, h, x): el motor teqp no cubre el estado pedido (ver TASK_CONTEXT 2026-09-18-validar-teqp-nh3h2o). Detalle: h=60939 fuera de dominio a P=5.757e+05 Pa, x=0.6134"
4000.0,673.3448664612341,0.65,0.85,0.75,0.5,0.75,0.8,False,NO_CONVERGIO,,,"bracket_sonda: T2_sonda=582.6 K > dew=469.4 K (sobrecalentado: sonda T1 del arranque del bracket pega el estado 2 fuera de campana) || equilibrio_liquido_vapor(P=4000.0 kPa, T=582.6499538970673 K): no existe equilibrio bifásico para ninguna composición (T fuera de la campana binaria a esa P, motor teqp)."
4000.0,673.3448664612341,0.65,0.85,0.75,0.65,0.75,0.8,False,NO_CONVERGIO,,,"bracket_sonda: T2_sonda=582.8 K > dew=469.4 K (sobrecalentado: sonda T1 del arranque del bracket pega el estado 2 fuera de campana) || equilibrio_liquido_vapor(P=4000.0 kPa, T=582.79995810422 K): no existe equilibrio bifásico para ninguna composición (T fuera de la campana binaria a esa P, motor teqp)."
4000.0,673.3448664612341,0.65,0.85,0.75,0.8,0.75,0.8,False,NO_CONVERGIO,,,"bracket_sonda: T2_sonda=582.9 K > dew=469.4 K (sobrecalentado: sonda T1 del arranque del bracket pega el estado 2 fuera de campana) || equilibrio_liquido_vapor(P=4000.0 kPa, T=582.9499705755757 K): no existe equilibrio bifásico para ninguna composición (T fuera de la campana binaria a esa P, motor teqp)."
4000.0,673.3448664612341,0.65,0.85,0.75,0.9,0.75,0.8,False,NO_CONVERGIO,,,"lado_frio(P_baja=673.3 kPa, estado fuera del dominio/cobertura del motor teqp — sin relacion con la campana de la sonda || T_from_Ph(P, h, x): el motor teqp no cubre el estado pedido (ver TASK_CONTEXT 2026-09-18-validar-teqp-nh3h2o). Detalle: h=71345.2 fuera de dominio a P=6.7334e+05 Pa, x=0.6627"
4000.0,764.6376026707513,0.7,0.85,0.75,0.5,0.75,0.8,False,NO_CONVERGIO,,,"bracket_sonda: T2_sonda=582.6 K > dew=463.1 K (sobrecalentado: sonda T1 del arranque del bracket pega el estado 2 fuera de campana) || equilibrio_liquido_vapor(P=4000.0 kPa, T=582.6499683382733 K): no existe equilibrio bifásico para ninguna composición (T fuera de la campana binaria a esa P, motor teqp)."
4000.0,764.6376026707513,0.7,0.85,0.75,0.65,0.75,0.8,False,NO_CONVERGIO,,,"bracket_sonda: T2_sonda=582.8 K > dew=463.1 K (sobrecalentado: sonda T1 del arranque del bracket pega el estado 2 fuera de campana) || equilibrio_liquido_vapor(P=4000.0 kPa, T=582.7999712385445 K): no existe equilibrio bifásico para ninguna composición (T fuera de la campana binaria a esa P, motor teqp)."
4000.0,764.6376026707513,0.7,0.85,0.75,0.8,0.75,0.8,False,NO_CONVERGIO,,,"bracket_sonda: T2_sonda=582.9 K > dew=463.1 K (sobrecalentado: sonda T1 del arranque del bracket pega el estado 2 fuera de campana) || equilibrio_liquido_vapor(P=4000.0 kPa, T=582.949979807921 K): no existe equilibrio bifásico para ninguna composición (T fuera de la campana binaria a esa P, motor teqp)."
4000.0,764.6376026707513,0.7,0.85,0.75,0.9,0.75,0.8,False,NO_CONVERGIO,,,"lado_frio(P_baja=764.6 kPa, estado fuera del dominio/cobertura del motor teqp — sin relacion con la campana de la sonda || T_from_Ph(P, h, x): el motor teqp no cubre el estado pedido (ver TASK_CONTEXT 2026-09-18-validar-teqp-nh3h2o). Detalle: h=84123.3 fuera de dominio a P=7.6464e+05 Pa, x=0.7117"
4500.0,157.88536139565775,0.35,0.85,0.75,0.5,0.75,0.8,False,NO_CONVERGIO,,,"bracket_sonda: T2_sonda=582.6 K > dew=504.8 K (sobrecalentado: sonda T1 del arranque del bracket pega el estado 2 fuera de campana) || equilibrio_liquido_vapor(P=4500.0 kPa, T=582.6498050574721 K): no existe equilibrio bifásico para ninguna composición (T fuera de la campana binaria a esa P, motor teqp)."
4500.0,157.88536139565775,0.35,0.85,0.75,0.65,0.75,0.8,False,NO_CONVERGIO,,,"bracket_sonda: T2_sonda=582.8 K > dew=504.8 K (sobrecalentado: sonda T1 del arranque del bracket pega el estado 2 fuera de campana) || equilibrio_liquido_vapor(P=4500.0 kPa, T=582.7998227312158 K): no existe equilibrio bifásico para ninguna composición (T fuera de la campana binaria a esa P, motor teqp)."
4500.0,157.88536139565775,0.35,0.85,0.75,0.8,0.75,0.8,False,NO_CONVERGIO,,,"bracket_sonda: T2_sonda=582.9 K > dew=504.8 K (sobrecalentado: sonda T1 del arranque del bracket pega el estado 2 fuera de campana) || equilibrio_liquido_vapor(P=4500.0 kPa, T=582.9498754346008 K): no existe equilibrio bifásico para ninguna composición (T fuera de la campana binaria a esa P, motor teqp)."
4500.0,157.88536139565775,0.35,0.85,0.75,0.9,0.75,0.8,False,NO_CONVERGIO,,,"lado_frio(P_baja=157.9 kPa, T=370.5 K, estado fuera del dominio/cobertura del motor teqp — sin relacion con la campana de la sonda || T_from_Ph(P, h, x): el motor teqp no cubre el estado pedido (ver TASK_CONTEXT 2026-09-18-validar-teqp-nh3h2o). Detalle: equilibrio no resoluble en T=370.49 K, P=1.5789e+05 Pa, x=0.0965"
4500.0,218.6892492858801,0.4,0.85,0.75,0.5,0.75,0.8,False,NO_CONVERGIO,,,"bracket_sonda: T2_sonda=582.6 K > dew=500.5 K (sobrecalentado: sonda T1 del arranque del bracket pega el estado 2 fuera de campana) || equilibrio_liquido_vapor(P=4500.0 kPa, T=582.6498310513545 K): no existe equilibrio bifásico para ninguna composición (T fuera de la campana binaria a esa P, motor teqp)."
4500.0,218.6892492858801,0.4,0.85,0.75,0.65,0.75,0.8,False,NO_CONVERGIO,,,"bracket_sonda: T2_sonda=582.8 K > dew=500.5 K (sobrecalentado: sonda T1 del arranque del bracket pega el estado 2 fuera de campana) || equilibrio_liquido_vapor(P=4500.0 kPa, T=582.7998463698442 K): no existe equilibrio bifásico para ninguna composición (T fuera de la campana binaria a esa P, motor teqp)."
4500.0,218.6892492858801,0.4,0.85,0.75,0.8,0.75,0.8,False,NO_CONVERGIO,,,"bracket_sonda: T2_sonda=582.9 K > dew=500.5 K (sobrecalentado: sonda T1 del arranque del bracket pega el estado 2 fuera de campana) || equilibrio_liquido_vapor(P=4500.0 kPa, T=582.9498920175722 K): no existe equilibrio bifásico para ninguna composición (T fuera de la campana binaria a esa P, motor teqp)."
4500.0,218.6892492858801,0.4,0.85,0.75,0.9,0.75,0.8,False,NO_CONVERGIO,,,"bracket_sonda: T2_sonda=583.0 K > dew=500.5 K (sobrecalentado: sonda T1 del arranque del bracket pega el estado 2 fuera de campana) || equilibrio_liquido_vapor(P=4500.0 kPa, T=583.049939264632 K): no existe equilibrio bifásico para ninguna composición (T fuera de la campana binaria a esa P, motor teqp)."
4500.0,293.41308192387106,0.45,0.85,0.75,0.5,0.75,0.8,False,NO_CONVERGIO,,,"bracket_sonda: T2_sonda=582.6 K > dew=495.9 K (sobrecalentado: sonda T1 del arranque del bracket pega el estado 2 fuera de campana) || equilibrio_liquido_vapor(P=4500.0 kPa, T=582.6498555419076 K): no existe equilibrio bifásico para ninguna composición (T fuera de la campana binaria a esa P, motor teqp)."
4500.0,293.41308192387106,0.45,0.85,0.75,0.65,0.75,0.8,False,NO_CONVERGIO,,,"bracket_sonda: T2_sonda=582.8 K > dew=495.9 K (sobrecalentado: sonda T1 del arranque del bracket pega el estado 2 fuera de campana) || equilibrio_liquido_vapor(P=4500.0 kPa, T=582.7998686740774 K): no existe equilibrio bifásico para ninguna composición (T fuera de la campana binaria a esa P, motor teqp)."
4500.0,293.41308192387106,0.45,0.85,0.75,0.8,0.75,0.8,False,NO_CONVERGIO,,,"bracket_sonda: T2_sonda=582.9 K > dew=495.9 K (sobrecalentado: sonda T1 del arranque del bracket pega el estado 2 fuera de campana) || equilibrio_liquido_vapor(P=4500.0 kPa, T=582.9499077845537 K): no existe equilibrio bifásico para ninguna composición (T fuera de la campana binaria a esa P, motor teqp)."
4500.0,293.41308192387106,0.45,0.85,0.75,0.9,0.75,0.8,False,NO_CONVERGIO,,,"bracket_sonda: T2_sonda=583.0 K > dew=495.9 K (sobrecalentado: sonda T1 del arranque del bracket pega el estado 2 fuera de campana) || equilibrio_liquido_vapor(P=4500.0 kPa, T=583.0499482595454 K): no existe equilibrio bifásico para ninguna composición (T fuera de la campana binaria a esa P, motor teqp)."
4500.0,380.4651667449188,0.5,0.85,0.75,0.5,0.75,0.8,False,NO_CONVERGIO,,,"bracket_sonda: T2_sonda=582.6 K > dew=491.2 K (sobrecalentado: sonda T1 del arranque del bracket pega el estado 2 fuera de campana) || equilibrio_liquido_vapor(P=4500.0 kPa, T=582.64987776571 K): no existe equilibrio bifásico para ninguna composición (T fuera de la campana binaria a esa P, motor teqp)."
4500.0,380.4651667449188,0.5,0.85,0.75,0.65,0.75,0.8,False,NO_CONVERGIO,,,"bracket_sonda: T2_sonda=582.8 K > dew=491.2 K (sobrecalentado: sonda T1 del arranque del bracket pega el estado 2 fuera de campana) || equilibrio_liquido_vapor(P=4500.0 kPa, T=582.7998888622953 K): no existe equilibrio bifásico para ninguna composición (T fuera de la campana binaria a esa P, motor teqp)."
4500.0,380.4651667449188,0.5,0.85,0.75,0.8,0.75,0.8,False,NO_CONVERGIO,,,"bracket_sonda: T2_sonda=582.9 K > dew=491.2 K (sobrecalentado: sonda T1 del arranque del bracket pega el estado 2 fuera de campana) || equilibrio_liquido_vapor(P=4500.0 kPa, T=582.9499219043236 K): no existe equilibrio bifásico para ninguna composición (T fuera de la campana binaria a esa P, motor teqp)."
4500.0,380.4651667449188,0.5,0.85,0.75,0.9,0.75,0.8,False,NO_CONVERGIO,,,"bracket_sonda: T2_sonda=583.0 K > dew=491.2 K (sobrecalentado: sonda T1 del arranque del bracket pega el estado 2 fuera de campana) || equilibrio_liquido_vapor(P=4500.0 kPa, T=583.0499560963282 K): no existe equilibrio bifásico para ninguna composición (T fuera de la campana binaria a esa P, motor teqp)."
4500.0,476.2531387660478,0.55,0.85,0.75,0.5,0.75,0.8,False,NO_CONVERGIO,,,"bracket_sonda: T2_sonda=582.6 K > dew=486.1 K (sobrecalentado: sonda T1 del arranque del bracket pega el estado 2 fuera de campana) || equilibrio_liquido_vapor(P=4500.0 kPa, T=582.6498985805763 K): no existe equilibrio bifásico para ninguna composición (T fuera de la campana binaria a esa P, motor teqp)."
4500.0,476.2531387660478,0.55,0.85,0.75,0.65,0.75,0.8,False,NO_CONVERGIO,,,"bracket_sonda: T2_sonda=582.8 K > dew=486.1 K (sobrecalentado: sonda T1 del arranque del bracket pega el estado 2 fuera de campana) || equilibrio_liquido_vapor(P=4500.0 kPa, T=582.7999077937342 K): no existe equilibrio bifásico para ninguna composición (T fuera de la campana binaria a esa P, motor teqp)."
4500.0,476.2531387660478,0.55,0.85,0.75,0.8,0.75,0.8,False,NO_CONVERGIO,,,"bracket_sonda: T2_sonda=582.9 K > dew=486.1 K (sobrecalentado: sonda T1 del arranque del bracket pega el estado 2 fuera de campana) || equilibrio_liquido_vapor(P=4500.0 kPa, T=582.9499352116528 K): no existe equilibrio bifásico para ninguna composición (T fuera de la campana binaria a esa P, motor teqp)."
4500.0,476.2531387660478,0.55,0.85,0.75,0.9,0.75,0.8,False,NO_CONVERGIO,,,"bracket_sonda: T2_sonda=583.0 K > dew=486.1 K (sobrecalentado: sonda T1 del arranque del bracket pega el estado 2 fuera de campana) || equilibrio_liquido_vapor(P=4500.0 kPa, T=583.0499635790477 K): no existe equilibrio bifásico para ninguna composición (T fuera de la campana binaria a esa P, motor teqp)."
4500.0,575.7018172219059,0.6,0.85,0.75,0.5,0.75,0.8,False,NO_CONVERGIO,,,"bracket_sonda: T2_sonda=582.6 K > dew=480.6 K (sobrecalentado: sonda T1 del arranque del bracket pega el estado 2 fuera de campana) || equilibrio_liquido_vapor(P=4500.0 kPa, T=582.6499178899375 K): no existe equilibrio bifásico para ninguna composición (T fuera de la campana binaria a esa P, motor teqp)."
4500.0,575.7018172219059,0.6,0.85,0.75,0.65,0.75,0.8,False,NO_CONVERGIO,,,"bracket_sonda: T2_sonda=582.8 K > dew=480.6 K (sobrecalentado: sonda T1 del arranque del bracket pega el estado 2 fuera de campana) || equilibrio_liquido_vapor(P=4500.0 kPa, T=582.7999253557668 K): no existe equilibrio bifásico para ninguna composición (T fuera de la campana binaria a esa P, motor teqp)."
4500.0,575.7018172219059,0.6,0.85,0.75,0.8,0.75,0.8,False,NO_CONVERGIO,,,"bracket_sonda: T2_sonda=582.9 K > dew=480.6 K (sobrecalentado: sonda T1 del arranque del bracket pega el estado 2 fuera de campana) || equilibrio_liquido_vapor(P=4500.0 kPa, T=582.9499475563136 K): no existe equilibrio bifásico para ninguna composición (T fuera de la campana binaria a esa P, motor teqp)."
4500.0,575.7018172219059,0.6,0.85,0.75,0.9,0.75,0.8,False,NO_CONVERGIO,,,"lado_frio(P_baja=575.7 kPa, estado fuera del dominio/cobertura del motor teqp — sin relacion con la campana de la sonda || T_from_Ph(P, h, x): el motor teqp no cubre el estado pedido (ver TASK_CONTEXT 2026-09-18-validar-teqp-nh3h2o). Detalle: h=54176.3 fuera de dominio a P=5.757e+05 Pa, x=0.6134"
4500.0,673.3448664612341,0.65,0.85,0.75,0.5,0.75,0.8,False,NO_CONVERGIO,,,"bracket_sonda: T2_sonda=582.6 K > dew=474.7 K (sobrecalentado: sonda T1 del arranque del bracket pega el estado 2 fuera de campana) || equilibrio_liquido_vapor(P=4500.0 kPa, T=582.6499357975489 K): no existe equilibrio bifásico para ninguna composición (T fuera de la campana binaria a esa P, motor teqp)."
4500.0,673.3448664612341,0.65,0.85,0.75,0.65,0.75,0.8,False,NO_CONVERGIO,,,"bracket_sonda: T2_sonda=582.8 K > dew=474.7 K (sobrecalentado: sonda T1 del arranque del bracket pega el estado 2 fuera de campana) || equilibrio_liquido_vapor(P=4500.0 kPa, T=582.7999416428223 K): no existe equilibrio bifásico para ninguna composición (T fuera de la campana binaria a esa P, motor teqp)."
4500.0,673.3448664612341,0.65,0.85,0.75,0.8,0.75,0.8,False,NO_CONVERGIO,,,"bracket_sonda: T2_sonda=582.9 K > dew=474.7 K (sobrecalentado: sonda T1 del arranque del bracket pega el estado 2 fuera de campana) || equilibrio_liquido_vapor(P=4500.0 kPa, T=582.9499590047309 K): no existe equilibrio bifásico para ninguna composición (T fuera de la campana binaria a esa P, motor teqp)."
4500.0,673.3448664612341,0.65,0.85,0.75,0.9,0.75,0.8,False,NO_CONVERGIO,,,"lado_frio(P_baja=673.3 kPa, estado fuera del dominio/cobertura del motor teqp — sin relacion con la campana de la sonda || T_from_Ph(P, h, x): el motor teqp no cubre el estado pedido (ver TASK_CONTEXT 2026-09-18-validar-teqp-nh3h2o). Detalle: h=62489 fuera de dominio a P=6.7334e+05 Pa, x=0.6627"
4500.0,764.6376026707513,0.7,0.85,0.75,0.5,0.75,0.8,False,NO_CONVERGIO,,,"bracket_sonda: T2_sonda=582.6 K > dew=468.2 K (sobrecalentado: sonda T1 del arranque del bracket pega el estado 2 fuera de campana) || equilibrio_liquido_vapor(P=4500.0 kPa, T=582.6499523952821 K): no existe equilibrio bifásico para ninguna composición (T fuera de la campana binaria a esa P, motor teqp)."
4500.0,764.6376026707513,0.7,0.85,0.75,0.65,0.75,0.8,False,NO_CONVERGIO,,,"bracket_sonda: T2_sonda=582.8 K > dew=468.2 K (sobrecalentado: sonda T1 del arranque del bracket pega el estado 2 fuera de campana) || equilibrio_liquido_vapor(P=4500.0 kPa, T=582.7999567385058 K): no existe equilibrio bifásico para ninguna composición (T fuera de la campana binaria a esa P, motor teqp)."
4500.0,764.6376026707513,0.7,0.85,0.75,0.8,0.75,0.8,False,NO_CONVERGIO,,,"bracket_sonda: T2_sonda=582.9 K > dew=468.2 K (sobrecalentado: sonda T1 del arranque del bracket pega el estado 2 fuera de campana) || equilibrio_liquido_vapor(P=4500.0 kPa, T=582.9499696157108 K): no existe equilibrio bifásico para ninguna composición (T fuera de la campana binaria a esa P, motor teqp)."
4500.0,764.6376026707513,0.7,0.85,0.75,0.9,0.75,0.8,False,NO_CONVERGIO,,,"lado_frio(P_baja=764.6 kPa, estado fuera del dominio/cobertura del motor teqp — sin relacion con la campana de la sonda || T_from_Ph(P, h, x): el motor teqp no cubre el estado pedido (ver TASK_CONTEXT 2026-09-18-validar-teqp-nh3h2o). Detalle: h=72317.8 fuera de dominio a P=7.6464e+05 Pa, x=0.7117"
5000.0,157.88536139565775,0.35,0.85,0.75,0.5,0.75,0.8,False,NO_CONVERGIO,,,"bracket_sonda: T2_sonda=582.6 K > dew=510.4 K (sobrecalentado: sonda T1 del arranque del bracket pega el estado 2 fuera de campana) || equilibrio_liquido_vapor(P=5000.0 kPa, T=582.6497654567917 K): no existe equilibrio bifásico para ninguna composición (T fuera de la campana binaria a esa P, motor teqp)."
5000.0,157.88536139565775,0.35,0.85,0.75,0.65,0.75,0.8,False,NO_CONVERGIO,,,"bracket_sonda: T2_sonda=582.8 K > dew=510.4 K (sobrecalentado: sonda T1 del arranque del bracket pega el estado 2 fuera de campana) || equilibrio_liquido_vapor(P=5000.0 kPa, T=582.799786727604 K): no existe equilibrio bifásico para ninguna composición (T fuera de la campana binaria a esa P, motor teqp)."
5000.0,157.88536139565775,0.35,0.85,0.75,0.8,0.75,0.8,False,NO_CONVERGIO,,,"bracket_sonda: T2_sonda=582.9 K > dew=510.4 K (sobrecalentado: sonda T1 del arranque del bracket pega el estado 2 fuera de campana) || equilibrio_liquido_vapor(P=5000.0 kPa, T=582.9498501622762 K): no existe equilibrio bifásico para ninguna composición (T fuera de la campana binaria a esa P, motor teqp)."
5000.0,157.88536139565775,0.35,0.85,0.75,0.9,0.75,0.8,False,NO_CONVERGIO,,,"bracket_sonda: T2_sonda=583.0 K > dew=510.4 K (sobrecalentado: sonda T1 del arranque del bracket pega el estado 2 fuera de campana) || equilibrio_liquido_vapor(P=5000.0 kPa, T=583.0499158335899 K): no existe equilibrio bifásico para ninguna composición (T fuera de la campana binaria a esa P, motor teqp)."
5000.0,218.6892492858801,0.4,0.85,0.75,0.5,0.75,0.8,False,NO_CONVERGIO,,,"bracket_sonda: T2_sonda=582.6 K > dew=506.0 K (sobrecalentado: sonda T1 del arranque del bracket pega el estado 2 fuera de campana) || equilibrio_liquido_vapor(P=5000.0 kPa, T=582.6497960619932 K): no existe equilibrio bifásico para ninguna composición (T fuera de la campana binaria a esa P, motor teqp)."
5000.0,218.6892492858801,0.4,0.85,0.75,0.65,0.75,0.8,False,NO_CONVERGIO,,,"bracket_sonda: T2_sonda=582.8 K > dew=506.0 K (sobrecalentado: sonda T1 del arranque del bracket pega el estado 2 fuera de campana) || equilibrio_liquido_vapor(P=5000.0 kPa, T=582.7998145587675 K): no existe equilibrio bifásico para ninguna composición (T fuera de la campana binaria a esa P, motor teqp)."
5000.0,218.6892492858801,0.4,0.85,0.75,0.8,0.75,0.8,False,NO_CONVERGIO,,,"bracket_sonda: T2_sonda=582.9 K > dew=506.0 K (sobrecalentado: sonda T1 del arranque del bracket pega el estado 2 fuera de campana) || equilibrio_liquido_vapor(P=5000.0 kPa, T=582.9498697188159 K): no existe equilibrio bifásico para ninguna composición (T fuera de la campana binaria a esa P, motor teqp)."
5000.0,218.6892492858801,0.4,0.85,0.75,0.9,0.75,0.8,False,NO_CONVERGIO,,,"bracket_sonda: T2_sonda=583.0 K > dew=506.0 K (sobrecalentado: sonda T1 del arranque del bracket pega el estado 2 fuera de campana) || equilibrio_liquido_vapor(P=5000.0 kPa, T=583.0499268216607 K): no existe equilibrio bifásico para ninguna composición (T fuera de la campana binaria a esa P, motor teqp)."
5000.0,293.41308192387106,0.45,0.85,0.75,0.5,0.75,0.8,False,NO_CONVERGIO,,,"bracket_sonda: T2_sonda=582.6 K > dew=501.3 K (sobrecalentado: sonda T1 del arranque del bracket pega el estado 2 fuera de campana) || equilibrio_liquido_vapor(P=5000.0 kPa, T=582.6498240208944 K): no existe equilibrio bifásico para ninguna composición (T fuera de la campana binaria a esa P, motor teqp)."
5000.0,293.41308192387106,0.45,0.85,0.75,0.65,0.75,0.8,False,NO_CONVERGIO,,,"bracket_sonda: T2_sonda=582.8 K > dew=501.3 K (sobrecalentado: sonda T1 del arranque del bracket pega el estado 2 fuera de campana) || equilibrio_liquido_vapor(P=5000.0 kPa, T=582.7998399751158 K): no existe equilibrio bifásico para ninguna composición (T fuera de la campana binaria a esa P, motor teqp)."
5000.0,293.41308192387106,0.45,0.85,0.75,0.8,0.75,0.8,False,NO_CONVERGIO,,,"bracket_sonda: T2_sonda=582.9 K > dew=501.3 K (sobrecalentado: sonda T1 del arranque del bracket pega el estado 2 fuera de campana) || equilibrio_liquido_vapor(P=5000.0 kPa, T=582.9498875228045 K): no existe equilibrio bifásico para ninguna composición (T fuera de la campana binaria a esa P, motor teqp)."
5000.0,293.41308192387106,0.45,0.85,0.75,0.9,0.75,0.8,False,NO_CONVERGIO,,,"bracket_sonda: T2_sonda=583.0 K > dew=501.3 K (sobrecalentado: sonda T1 del arranque del bracket pega el estado 2 fuera de campana) || equilibrio_liquido_vapor(P=5000.0 kPa, T=583.0499367378692 K): no existe equilibrio bifásico para ninguna composición (T fuera de la campana binaria a esa P, motor teqp)."
5000.0,380.4651667449188,0.5,0.85,0.75,0.5,0.75,0.8,False,NO_CONVERGIO,,,"bracket_sonda: T2_sonda=582.6 K > dew=496.4 K (sobrecalentado: sonda T1 del arranque del bracket pega el estado 2 fuera de campana) || equilibrio_liquido_vapor(P=5000.0 kPa, T=582.649850272518 K): no existe equilibrio bifásico para ninguna composición (T fuera de la campana binaria a esa P, motor teqp)."
5000.0,380.4651667449188,0.5,0.85,0.75,0.65,0.75,0.8,False,NO_CONVERGIO,,,"bracket_sonda: T2_sonda=582.8 K > dew=496.4 K (sobrecalentado: sonda T1 del arranque del bracket pega el estado 2 fuera de campana) || equilibrio_liquido_vapor(P=5000.0 kPa, T=582.7998638756969 K): no existe equilibrio bifásico para ninguna composición (T fuera de la campana binaria a esa P, motor teqp)."
5000.0,380.4651667449188,0.5,0.85,0.75,0.8,0.75,0.8,False,NO_CONVERGIO,,,"bracket_sonda: T2_sonda=582.9 K > dew=496.4 K (sobrecalentado: sonda T1 del arranque del bracket pega el estado 2 fuera de campana) || equilibrio_liquido_vapor(P=5000.0 kPa, T=582.9499043932647 K): no existe equilibrio bifásico para ninguna composición (T fuera de la campana binaria a esa P, motor teqp)."
5000.0,380.4651667449188,0.5,0.85,0.75,0.9,0.75,0.8,False,NO_CONVERGIO,,,"bracket_sonda: T2_sonda=583.0 K > dew=496.4 K (sobrecalentado: sonda T1 del arranque del bracket pega el estado 2 fuera de campana) || equilibrio_liquido_vapor(P=5000.0 kPa, T=583.0499463256147 K): no existe equilibrio bifásico para ninguna composición (T fuera de la campana binaria a esa P, motor teqp)."
5000.0,476.2531387660478,0.55,0.85,0.75,0.5,0.75,0.8,False,NO_CONVERGIO,,,"bracket_sonda: T2_sonda=582.6 K > dew=491.2 K (sobrecalentado: sonda T1 del arranque del bracket pega el estado 2 fuera de campana) || equilibrio_liquido_vapor(P=5000.0 kPa, T=582.6498741606871 K): no existe equilibrio bifásico para ninguna composición (T fuera de la campana binaria a esa P, motor teqp)."
5000.0,476.2531387660478,0.55,0.85,0.75,0.65,0.75,0.8,False,NO_CONVERGIO,,,"bracket_sonda: T2_sonda=582.8 K > dew=491.2 K (sobrecalentado: sonda T1 del arranque del bracket pega el estado 2 fuera de campana) || equilibrio_liquido_vapor(P=5000.0 kPa, T=582.7998855835322 K): no existe equilibrio bifásico para ninguna composición (T fuera de la campana binaria a esa P, motor teqp)."
5000.0,476.2531387660478,0.55,0.85,0.75,0.8,0.75,0.8,False,NO_CONVERGIO,,,"bracket_sonda: T2_sonda=582.9 K > dew=491.2 K (sobrecalentado: sonda T1 del arranque del bracket pega el estado 2 fuera de campana) || equilibrio_liquido_vapor(P=5000.0 kPa, T=582.9499195996518 K): no existe equilibrio bifásico para ninguna composición (T fuera de la campana binaria a esa P, motor teqp)."
5000.0,476.2531387660478,0.55,0.85,0.75,0.9,0.75,0.8,False,NO_CONVERGIO,,,"bracket_sonda: T2_sonda=583.0 K > dew=491.2 K (sobrecalentado: sonda T1 del arranque del bracket pega el estado 2 fuera de campana) || equilibrio_liquido_vapor(P=5000.0 kPa, T=583.049954800427 K): no existe equilibrio bifásico para ninguna composición (T fuera de la campana binaria a esa P, motor teqp)."
5000.0,575.7018172219059,0.6,0.85,0.75,0.5,0.75,0.8,False,NO_CONVERGIO,,,"bracket_sonda: T2_sonda=582.6 K > dew=485.5 K (sobrecalentado: sonda T1 del arranque del bracket pega el estado 2 fuera de campana) || equilibrio_liquido_vapor(P=5000.0 kPa, T=582.6498963695108 K): no existe equilibrio bifásico para ninguna composición (T fuera de la campana binaria a esa P, motor teqp)."
5000.0,575.7018172219059,0.6,0.85,0.75,0.65,0.75,0.8,False,NO_CONVERGIO,,,"bracket_sonda: T2_sonda=582.8 K > dew=485.5 K (sobrecalentado: sonda T1 del arranque del bracket pega el estado 2 fuera de campana) || equilibrio_liquido_vapor(P=5000.0 kPa, T=582.7999057828017 K): no existe equilibrio bifásico para ninguna composición (T fuera de la campana binaria a esa P, motor teqp)."
5000.0,575.7018172219059,0.6,0.85,0.75,0.8,0.75,0.8,False,NO_CONVERGIO,,,"bracket_sonda: T2_sonda=582.9 K > dew=485.5 K (sobrecalentado: sonda T1 del arranque del bracket pega el estado 2 fuera de campana) || equilibrio_liquido_vapor(P=5000.0 kPa, T=582.9499337981711 K): no existe equilibrio bifásico para ninguna composición (T fuera de la campana binaria a esa P, motor teqp)."
5000.0,575.7018172219059,0.6,0.85,0.75,0.9,0.75,0.8,False,NO_CONVERGIO,,,"lado_frio(P_baja=575.7 kPa, estado fuera del dominio/cobertura del motor teqp — sin relacion con la campana de la sonda || T_from_Ph(P, h, x): el motor teqp no cubre el estado pedido (ver TASK_CONTEXT 2026-09-18-validar-teqp-nh3h2o). Detalle: h=49567.1 fuera de dominio a P=5.757e+05 Pa, x=0.6134"
5000.0,673.3448664612341,0.65,0.85,0.75,0.5,0.75,0.8,False,NO_CONVERGIO,,,"bracket_sonda: T2_sonda=582.6 K > dew=479.5 K (sobrecalentado: sonda T1 del arranque del bracket pega el estado 2 fuera de campana) || equilibrio_liquido_vapor(P=5000.0 kPa, T=582.6499168768315 K): no existe equilibrio bifásico para ninguna composición (T fuera de la campana binaria a esa P, motor teqp)."
5000.0,673.3448664612341,0.65,0.85,0.75,0.65,0.75,0.8,False,NO_CONVERGIO,,,"bracket_sonda: T2_sonda=582.8 K > dew=479.5 K (sobrecalentado: sonda T1 del arranque del bracket pega el estado 2 fuera de campana) || equilibrio_liquido_vapor(P=5000.0 kPa, T=582.79992443439 K): no existe equilibrio bifásico para ninguna composición (T fuera de la campana binaria a esa P, motor teqp)."
5000.0,673.3448664612341,0.65,0.85,0.75,0.8,0.75,0.8,False,NO_CONVERGIO,,,"bracket_sonda: T2_sonda=582.9 K > dew=479.5 K (sobrecalentado: sonda T1 del arranque del bracket pega el estado 2 fuera de campana) || equilibrio_liquido_vapor(P=5000.0 kPa, T=582.9499469086995 K): no existe equilibrio bifásico para ninguna composición (T fuera de la campana binaria a esa P, motor teqp)."
5000.0,673.3448664612341,0.65,0.85,0.75,0.9,0.75,0.8,False,NO_CONVERGIO,,,"lado_frio(P_baja=673.3 kPa, estado fuera del dominio/cobertura del motor teqp — sin relacion con la campana de la sonda || T_from_Ph(P, h, x): el motor teqp no cubre el estado pedido (ver TASK_CONTEXT 2026-09-18-validar-teqp-nh3h2o). Detalle: h=56597.3 fuera de dominio a P=6.7334e+05 Pa, x=0.6627"
5000.0,764.6376026707513,0.7,0.85,0.75,0.5,0.75,0.8,False,NO_CONVERGIO,,,"bracket_sonda: T2_sonda=582.6 K > dew=472.8 K (sobrecalentado: sonda T1 del arranque del bracket pega el estado 2 fuera de campana) || equilibrio_liquido_vapor(P=5000.0 kPa, T=582.6499358015184 K): no existe equilibrio bifásico para ninguna composición (T fuera de la campana binaria a esa P, motor teqp)."
5000.0,764.6376026707513,0.7,0.85,0.75,0.65,0.75,0.8,False,NO_CONVERGIO,,,"bracket_sonda: T2_sonda=582.8 K > dew=472.8 K (sobrecalentado: sonda T1 del arranque del bracket pega el estado 2 fuera de campana) || equilibrio_liquido_vapor(P=5000.0 kPa, T=582.7999416464809 K): no existe equilibrio bifásico para ninguna composición (T fuera de la campana binaria a esa P, motor teqp)."
5000.0,764.6376026707513,0.7,0.85,0.75,0.8,0.75,0.8,False,NO_CONVERGIO,,,"bracket_sonda: T2_sonda=582.9 K > dew=472.8 K (sobrecalentado: sonda T1 del arranque del bracket pega el estado 2 fuera de campana) || equilibrio_liquido_vapor(P=5000.0 kPa, T=582.9499590073376 K): no existe equilibrio bifásico para ninguna composición (T fuera de la campana binaria a esa P, motor teqp)."
5000.0,764.6376026707513,0.7,0.85,0.75,0.9,0.75,0.8,False,NO_CONVERGIO,,,"lado_frio(P_baja=764.6 kPa, estado fuera del dominio/cobertura del motor teqp — sin relacion con la campana de la sonda || T_from_Ph(P, h, x): el motor teqp no cubre el estado pedido (ver TASK_CONTEXT 2026-09-18-validar-teqp-nh3h2o). Detalle: h=64702.7 fuera de dominio a P=7.6464e+05 Pa, x=0.7117"
5500.0,157.88536139565775,0.35,0.85,0.75,0.5,0.75,0.8,False,NO_CONVERGIO,,,"bracket_sonda: T2_sonda=582.6 K > dew=515.6 K (sobrecalentado: sonda T1 del arranque del bracket pega el estado 2 fuera de campana) || equilibrio_liquido_vapor(P=5500.0 kPa, T=582.6497224480062 K): no existe equilibrio bifásico para ninguna composición (T fuera de la campana binaria a esa P, motor teqp)."
5500.0,157.88536139565775,0.35,0.85,0.75,0.65,0.75,0.8,False,NO_CONVERGIO,,,"bracket_sonda: T2_sonda=582.8 K > dew=515.6 K (sobrecalentado: sonda T1 del arranque del bracket pega el estado 2 fuera de campana) || equilibrio_liquido_vapor(P=5500.0 kPa, T=582.7997475561701 K): no existe equilibrio bifásico para ninguna composición (T fuera de la campana binaria a esa P, motor teqp)."
5500.0,157.88536139565775,0.35,0.85,0.75,0.8,0.75,0.8,False,NO_CONVERGIO,,,"bracket_sonda: T2_sonda=582.9 K > dew=515.6 K (sobrecalentado: sonda T1 del arranque del bracket pega el estado 2 fuera de campana) || equilibrio_liquido_vapor(P=5500.0 kPa, T=582.9498224951333 K): no existe equilibrio bifásico para ninguna composición (T fuera de la campana binaria a esa P, motor teqp)."
5500.0,157.88536139565775,0.35,0.85,0.75,0.9,0.75,0.8,False,NO_CONVERGIO,,,"bracket_sonda: T2_sonda=583.0 K > dew=515.6 K (sobrecalentado: sonda T1 del arranque del bracket pega el estado 2 fuera de campana) || equilibrio_liquido_vapor(P=5500.0 kPa, T=583.0499000902668 K): no existe equilibrio bifásico para ninguna composición (T fuera de la campana binaria a esa P, motor teqp)."
5500.0,218.6892492858801,0.4,0.85,0.75,0.5,0.75,0.8,False,NO_CONVERGIO,,,"bracket_sonda: T2_sonda=582.6 K > dew=511.1 K (sobrecalentado: sonda T1 del arranque del bracket pega el estado 2 fuera de campana) || equilibrio_liquido_vapor(P=5500.0 kPa, T=582.6497583373193 K): no existe equilibrio bifásico para ninguna composición (T fuera de la campana binaria a esa P, motor teqp)."
5500.0,218.6892492858801,0.4,0.85,0.75,0.65,0.75,0.8,False,NO_CONVERGIO,,,"bracket_sonda: T2_sonda=582.8 K > dew=511.1 K (sobrecalentado: sonda T1 del arranque del bracket pega el estado 2 fuera de campana) || equilibrio_liquido_vapor(P=5500.0 kPa, T=582.7997802496387 K): no existe equilibrio bifásico para ninguna composición (T fuera de la campana binaria a esa P, motor teqp)."
5500.0,218.6892492858801,0.4,0.85,0.75,0.8,0.75,0.8,False,NO_CONVERGIO,,,"bracket_sonda: T2_sonda=582.9 K > dew=511.1 K (sobrecalentado: sonda T1 del arranque del bracket pega el estado 2 fuera de campana) || equilibrio_liquido_vapor(P=5500.0 kPa, T=582.9498455990573 K): no existe equilibrio bifásico para ninguna composición (T fuera de la campana binaria a esa P, motor teqp)."
5500.0,218.6892492858801,0.4,0.85,0.75,0.9,0.75,0.8,False,NO_CONVERGIO,,,"bracket_sonda: T2_sonda=583.0 K > dew=511.1 K (sobrecalentado: sonda T1 del arranque del bracket pega el estado 2 fuera de campana) || equilibrio_liquido_vapor(P=5500.0 kPa, T=583.0499132533103 K): no existe equilibrio bifásico para ninguna composición (T fuera de la campana binaria a esa P, motor teqp)."
5500.0,293.41308192387106,0.45,0.85,0.75,0.5,0.75,0.8,False,NO_CONVERGIO,,,"bracket_sonda: T2_sonda=582.6 K > dew=506.3 K (sobrecalentado: sonda T1 del arranque del bracket pega el estado 2 fuera de campana) || equilibrio_liquido_vapor(P=5500.0 kPa, T=582.649791033527 K): no existe equilibrio bifásico para ninguna composición (T fuera de la campana binaria a esa P, motor teqp)."
5500.0,293.41308192387106,0.45,0.85,0.75,0.65,0.75,0.8,False,NO_CONVERGIO,,,"bracket_sonda: T2_sonda=582.8 K > dew=506.3 K (sobrecalentado: sonda T1 del arranque del bracket pega el estado 2 fuera de campana) || equilibrio_liquido_vapor(P=5500.0 kPa, T=582.799809987678 K): no existe equilibrio bifásico para ninguna composición (T fuera de la campana binaria a esa P, motor teqp)."
5500.0,293.41308192387106,0.45,0.85,0.75,0.8,0.75,0.8,False,NO_CONVERGIO,,,"bracket_sonda: T2_sonda=582.9 K > dew=506.3 K (sobrecalentado: sonda T1 del arranque del bracket pega el estado 2 fuera de campana) || equilibrio_liquido_vapor(P=5500.0 kPa, T=582.9498665131875 K): no existe equilibrio bifásico para ninguna composición (T fuera de la campana binaria a esa P, motor teqp)."
5500.0,293.41308192387106,0.45,0.85,0.75,0.9,0.75,0.8,False,NO_CONVERGIO,,,"bracket_sonda: T2_sonda=583.0 K > dew=506.3 K (sobrecalentado: sonda T1 del arranque del bracket pega el estado 2 fuera de campana) || equilibrio_liquido_vapor(P=5500.0 kPa, T=583.0499250301596 K): no existe equilibrio bifásico para ninguna composición (T fuera de la campana binaria a esa P, motor teqp)."
5500.0,380.4651667449188,0.5,0.85,0.75,0.5,0.75,0.8,False,NO_CONVERGIO,,,"bracket_sonda: T2_sonda=582.6 K > dew=501.2 K (sobrecalentado: sonda T1 del arranque del bracket pega el estado 2 fuera de campana) || equilibrio_liquido_vapor(P=5500.0 kPa, T=582.6498207566964 K): no existe equilibrio bifásico para ninguna composición (T fuera de la campana binaria a esa P, motor teqp)."
5500.0,380.4651667449188,0.5,0.85,0.75,0.65,0.75,0.8,False,NO_CONVERGIO,,,"bracket_sonda: T2_sonda=582.8 K > dew=501.2 K (sobrecalentado: sonda T1 del arranque del bracket pega el estado 2 fuera de campana) || equilibrio_liquido_vapor(P=5500.0 kPa, T=582.7998370064525 K): no existe equilibrio bifásico para ninguna composición (T fuera de la campana binaria a esa P, motor teqp)."
5500.0,380.4651667449188,0.5,0.85,0.75,0.8,0.75,0.8,False,NO_CONVERGIO,,,"bracket_sonda: T2_sonda=582.9 K > dew=501.2 K (sobrecalentado: sonda T1 del arranque del bracket pega el estado 2 fuera de campana) || equilibrio_liquido_vapor(P=5500.0 kPa, T=582.9498854371222 K): no existe equilibrio bifásico para ninguna composición (T fuera de la campana binaria a esa P, motor teqp)."
5500.0,380.4651667449188,0.5,0.85,0.75,0.9,0.75,0.8,False,NO_CONVERGIO,,,"bracket_sonda: T2_sonda=583.0 K > dew=501.2 K (sobrecalentado: sonda T1 del arranque del bracket pega el estado 2 fuera de campana) || equilibrio_liquido_vapor(P=5500.0 kPa, T=583.0499355667579 K): no existe equilibrio bifásico para ninguna composición (T fuera de la campana binaria a esa P, motor teqp)."
5500.0,476.2531387660478,0.55,0.85,0.75,0.5,0.75,0.8,False,NO_CONVERGIO,,,"bracket_sonda: T2_sonda=582.6 K > dew=495.8 K (sobrecalentado: sonda T1 del arranque del bracket pega el estado 2 fuera de campana) || equilibrio_liquido_vapor(P=5500.0 kPa, T=582.6498485661417 K): no existe equilibrio bifásico para ninguna composición (T fuera de la campana binaria a esa P, motor teqp)."
5500.0,476.2531387660478,0.55,0.85,0.75,0.65,0.75,0.8,False,NO_CONVERGIO,,,"bracket_sonda: T2_sonda=582.8 K > dew=495.8 K (sobrecalentado: sonda T1 del arranque del bracket pega el estado 2 fuera de campana) || equilibrio_liquido_vapor(P=5500.0 kPa, T=582.7998623249276 K): no existe equilibrio bifásico para ninguna composición (T fuera de la campana binaria a esa P, motor teqp)."
5500.0,476.2531387660478,0.55,0.85,0.75,0.8,0.75,0.8,False,NO_CONVERGIO,,,"bracket_sonda: T2_sonda=582.9 K > dew=495.8 K (sobrecalentado: sonda T1 del arranque del bracket pega el estado 2 fuera de campana) || equilibrio_liquido_vapor(P=5500.0 kPa, T=582.9499033074846 K): no existe equilibrio bifásico para ninguna composición (T fuera de la campana binaria a esa P, motor teqp)."
5500.0,476.2531387660478,0.55,0.85,0.75,0.9,0.75,0.8,False,NO_CONVERGIO,,,"bracket_sonda: T2_sonda=583.0 K > dew=495.8 K (sobrecalentado: sonda T1 del arranque del bracket pega el estado 2 fuera de campana) || equilibrio_liquido_vapor(P=5500.0 kPa, T=583.0499457214764 K): no existe equilibrio bifásico para ninguna composición (T fuera de la campana binaria a esa P, motor teqp)."
5500.0,575.7018172219059,0.6,0.85,0.75,0.5,0.75,0.8,False,NO_CONVERGIO,,,"bracket_sonda: T2_sonda=582.6 K > dew=490.1 K (sobrecalentado: sonda T1 del arranque del bracket pega el estado 2 fuera de campana) || equilibrio_liquido_vapor(P=5500.0 kPa, T=582.649873763611 K): no existe equilibrio bifásico para ninguna composición (T fuera de la campana binaria a esa P, motor teqp)."
5500.0,575.7018172219059,0.6,0.85,0.75,0.65,0.75,0.8,False,NO_CONVERGIO,,,"bracket_sonda: T2_sonda=582.8 K > dew=490.1 K (sobrecalentado: sonda T1 del arranque del bracket pega el estado 2 fuera de campana) || equilibrio_liquido_vapor(P=5500.0 kPa, T=582.7998852223399 K): no existe equilibrio bifásico para ninguna composición (T fuera de la campana binaria a esa P, motor teqp)."
5500.0,575.7018172219059,0.6,0.85,0.75,0.8,0.75,0.8,False,NO_CONVERGIO,,,"bracket_sonda: T2_sonda=582.9 K > dew=490.1 K (sobrecalentado: sonda T1 del arranque del bracket pega el estado 2 fuera de campana) || equilibrio_liquido_vapor(P=5500.0 kPa, T=582.9499193457298 K): no existe equilibrio bifásico para ninguna composición (T fuera de la campana binaria a esa P, motor teqp)."
5500.0,575.7018172219059,0.6,0.85,0.75,0.9,0.75,0.8,False,NO_CONVERGIO,,,"bracket_sonda: T2_sonda=583.0 K > dew=490.1 K (sobrecalentado: sonda T1 del arranque del bracket pega el estado 2 fuera de campana) || equilibrio_liquido_vapor(P=5500.0 kPa, T=583.0499546576352 K): no existe equilibrio bifásico para ninguna composición (T fuera de la campana binaria a esa P, motor teqp)."
5500.0,673.3448664612341,0.65,0.85,0.75,0.5,0.75,0.8,False,NO_CONVERGIO,,,"bracket_sonda: T2_sonda=582.6 K > dew=483.8 K (sobrecalentado: sonda T1 del arranque del bracket pega el estado 2 fuera de campana) || equilibrio_liquido_vapor(P=5500.0 kPa, T=582.6498970895614 K): no existe equilibrio bifásico para ninguna composición (T fuera de la campana binaria a esa P, motor teqp)."
5500.0,673.3448664612341,0.65,0.85,0.75,0.65,0.75,0.8,False,NO_CONVERGIO,,,"bracket_sonda: T2_sonda=582.8 K > dew=483.8 K (sobrecalentado: sonda T1 del arranque del bracket pega el estado 2 fuera de campana) || equilibrio_liquido_vapor(P=5500.0 kPa, T=582.7999064376448 K): no existe equilibrio bifásico para ninguna composición (T fuera de la campana binaria a esa P, motor teqp)."
5500.0,673.3448664612341,0.65,0.85,0.75,0.8,0.75,0.8,False,NO_CONVERGIO,,,"bracket_sonda: T2_sonda=582.9 K > dew=483.8 K (sobrecalentado: sonda T1 del arranque del bracket pega el estado 2 fuera de campana) || equilibrio_liquido_vapor(P=5500.0 kPa, T=582.9499342584376 K): no existe equilibrio bifásico para ninguna composición (T fuera de la campana binaria a esa P, motor teqp)."
5500.0,673.3448664612341,0.65,0.85,0.75,0.9,0.75,0.8,False,NO_CONVERGIO,,,"lado_frio(P_baja=673.3 kPa, estado fuera del dominio/cobertura del motor teqp — sin relacion con la campana de la sonda || T_from_Ph(P, h, x): el motor teqp no cubre el estado pedido (ver TASK_CONTEXT 2026-09-18-validar-teqp-nh3h2o). Detalle: h=52395.7 fuera de dominio a P=6.7334e+05 Pa, x=0.6627"
5500.0,764.6376026707513,0.7,0.85,0.75,0.5,0.75,0.8,False,NO_CONVERGIO,,,"bracket_sonda: T2_sonda=582.6 K > dew=477.0 K (sobrecalentado: sonda T1 del arranque del bracket pega el estado 2 fuera de campana) || equilibrio_liquido_vapor(P=5500.0 kPa, T=582.6499185244036 K): no existe equilibrio bifásico para ninguna composición (T fuera de la campana binaria a esa P, motor teqp)."
5500.0,764.6376026707513,0.7,0.85,0.75,0.65,0.75,0.8,False,NO_CONVERGIO,,,"bracket_sonda: T2_sonda=582.8 K > dew=477.0 K (sobrecalentado: sonda T1 del arranque del bracket pega el estado 2 fuera de campana) || equilibrio_liquido_vapor(P=5500.0 kPa, T=582.7999259328188 K): no existe equilibrio bifásico para ninguna composición (T fuera de la campana binaria a esa P, motor teqp)."
5500.0,764.6376026707513,0.7,0.85,0.75,0.8,0.75,0.8,False,NO_CONVERGIO,,,"bracket_sonda: T2_sonda=582.9 K > dew=477.0 K (sobrecalentado: sonda T1 del arranque del bracket pega el estado 2 fuera de campana) || equilibrio_liquido_vapor(P=5500.0 kPa, T=582.949947961936 K): no existe equilibrio bifásico para ninguna composición (T fuera de la campana binaria a esa P, motor teqp)."
5500.0,764.6376026707513,0.7,0.85,0.75,0.9,0.75,0.8,False,NO_CONVERGIO,,,"lado_frio(P_baja=764.6 kPa, estado fuera del dominio/cobertura del motor teqp — sin relacion con la campana de la sonda || T_from_Ph(P, h, x): el motor teqp no cubre el estado pedido (ver TASK_CONTEXT 2026-09-18-validar-teqp-nh3h2o). Detalle: h=59380 fuera de dominio a P=7.6464e+05 Pa, x=0.7117"
6000.0,157.88536139565775,0.35,0.85,0.75,0.5,0.75,0.8,False,NO_CONVERGIO,,,"bracket_sonda: T2_sonda=582.6 K > dew=520.5 K (sobrecalentado: sonda T1 del arranque del bracket pega el estado 2 fuera de campana) || equilibrio_liquido_vapor(P=6000.0 kPa, T=582.6496767414995 K): no existe equilibrio bifásico para ninguna composición (T fuera de la campana binaria a esa P, motor teqp)."
6000.0,157.88536139565775,0.35,0.85,0.75,0.65,0.75,0.8,False,NO_CONVERGIO,,,"bracket_sonda: T2_sonda=582.8 K > dew=520.5 K (sobrecalentado: sonda T1 del arranque del bracket pega el estado 2 fuera de campana) || equilibrio_liquido_vapor(P=6000.0 kPa, T=582.7997060160121 K): no existe equilibrio bifásico para ninguna composición (T fuera de la campana binaria a esa P, motor teqp)."
6000.0,157.88536139565775,0.35,0.85,0.75,0.8,0.75,0.8,False,NO_CONVERGIO,,,"bracket_sonda: T2_sonda=582.9 K > dew=520.5 K (sobrecalentado: sonda T1 del arranque del bracket pega el estado 2 fuera de campana) || equilibrio_liquido_vapor(P=6000.0 kPa, T=582.9497933694389 K): no existe equilibrio bifásico para ninguna composición (T fuera de la campana binaria a esa P, motor teqp)."
6000.0,157.88536139565775,0.35,0.85,0.75,0.9,0.75,0.8,False,NO_CONVERGIO,,,"bracket_sonda: T2_sonda=583.0 K > dew=520.5 K (sobrecalentado: sonda T1 del arranque del bracket pega el estado 2 fuera de campana) || equilibrio_liquido_vapor(P=6000.0 kPa, T=583.0498838180675 K): no existe equilibrio bifásico para ninguna composición (T fuera de la campana binaria a esa P, motor teqp)."
6000.0,218.6892492858801,0.4,0.85,0.75,0.5,0.75,0.8,False,NO_CONVERGIO,,,"bracket_sonda: T2_sonda=582.6 K > dew=515.8 K (sobrecalentado: sonda T1 del arranque del bracket pega el estado 2 fuera de campana) || equilibrio_liquido_vapor(P=6000.0 kPa, T=582.649717743345 K): no existe equilibrio bifásico para ninguna composición (T fuera de la campana binaria a esa P, motor teqp)."
6000.0,218.6892492858801,0.4,0.85,0.75,0.65,0.75,0.8,False,NO_CONVERGIO,,,"bracket_sonda: T2_sonda=582.8 K > dew=515.8 K (sobrecalentado: sonda T1 del arranque del bracket pega el estado 2 fuera de campana) || equilibrio_liquido_vapor(P=6000.0 kPa, T=582.7997432809835 K): no existe equilibrio bifásico para ninguna composición (T fuera de la campana binaria a esa P, motor teqp)."
6000.0,218.6892492858801,0.4,0.85,0.75,0.8,0.75,0.8,False,NO_CONVERGIO,,,"bracket_sonda: T2_sonda=582.9 K > dew=515.8 K (sobrecalentado: sonda T1 del arranque del bracket pega el estado 2 fuera de campana) || equilibrio_liquido_vapor(P=6000.0 kPa, T=582.9498195095875 K): no existe equilibrio bifásico para ninguna composición (T fuera de la campana binaria a esa P, motor teqp)."
6000.0,218.6892492858801,0.4,0.85,0.75,0.9,0.75,0.8,False,NO_CONVERGIO,,,"bracket_sonda: T2_sonda=583.0 K > dew=515.8 K (sobrecalentado: sonda T1 del arranque del bracket pega el estado 2 fuera de campana) || equilibrio_liquido_vapor(P=6000.0 kPa, T=583.0498984417502 K): no existe equilibrio bifásico para ninguna composición (T fuera de la campana binaria a esa P, motor teqp)."
6000.0,293.41308192387106,0.45,0.85,0.75,0.5,0.75,0.8,False,NO_CONVERGIO,,,"bracket_sonda: T2_sonda=582.6 K > dew=510.9 K (sobrecalentado: sonda T1 del arranque del bracket pega el estado 2 fuera de campana) || equilibrio_liquido_vapor(P=6000.0 kPa, T=582.649755529864 K): no existe equilibrio bifásico para ninguna composición (T fuera de la campana binaria a esa P, motor teqp)."
6000.0,293.41308192387106,0.45,0.85,0.75,0.65,0.75,0.8,False,NO_CONVERGIO,,,"bracket_sonda: T2_sonda=582.8 K > dew=510.9 K (sobrecalentado: sonda T1 del arranque del bracket pega el estado 2 fuera de campana) || equilibrio_liquido_vapor(P=6000.0 kPa, T=582.7997776958698 K): no existe equilibrio bifásico para ninguna composición (T fuera de la campana binaria a esa P, motor teqp)."
6000.0,293.41308192387106,0.45,0.85,0.75,0.8,0.75,0.8,False,NO_CONVERGIO,,,"bracket_sonda: T2_sonda=582.9 K > dew=510.9 K (sobrecalentado: sonda T1 del arranque del bracket pega el estado 2 fuera de campana) || equilibrio_liquido_vapor(P=6000.0 kPa, T=582.9498438030934 K): no existe equilibrio bifásico para ninguna composición (T fuera de la campana binaria a esa P, motor teqp)."
6000.0,293.41308192387106,0.45,0.85,0.75,0.9,0.75,0.8,False,NO_CONVERGIO,,,"bracket_sonda: T2_sonda=583.0 K > dew=510.9 K (sobrecalentado: sonda T1 del arranque del bracket pega el estado 2 fuera de campana) || equilibrio_liquido_vapor(P=6000.0 kPa, T=583.0499122422564 K): no existe equilibrio bifásico para ninguna composición (T fuera de la campana binaria a esa P, motor teqp)."
6000.0,380.4651667449188,0.5,0.85,0.75,0.5,0.75,0.8,False,NO_CONVERGIO,,,"bracket_sonda: T2_sonda=582.6 K > dew=505.7 K (sobrecalentado: sonda T1 del arranque del bracket pega el estado 2 fuera de campana) || equilibrio_liquido_vapor(P=6000.0 kPa, T=582.6497899281202 K): no existe equilibrio bifásico para ninguna composición (T fuera de la campana binaria a esa P, motor teqp)."
6000.0,380.4651667449188,0.5,0.85,0.75,0.65,0.75,0.8,False,NO_CONVERGIO,,,"bracket_sonda: T2_sonda=582.8 K > dew=505.7 K (sobrecalentado: sonda T1 del arranque del bracket pega el estado 2 fuera de campana) || equilibrio_liquido_vapor(P=6000.0 kPa, T=582.7998089805594 K): no existe equilibrio bifásico para ninguna composición (T fuera de la campana binaria a esa P, motor teqp)."
6000.0,380.4651667449188,0.5,0.85,0.75,0.8,0.75,0.8,False,NO_CONVERGIO,,,"bracket_sonda: T2_sonda=582.9 K > dew=505.7 K (sobrecalentado: sonda T1 del arranque del bracket pega el estado 2 fuera de campana) || equilibrio_liquido_vapor(P=6000.0 kPa, T=582.9498657998512 K): no existe equilibrio bifásico para ninguna composición (T fuera de la campana binaria a esa P, motor teqp)."
6000.0,380.4651667449188,0.5,0.85,0.75,0.9,0.75,0.8,False,NO_CONVERGIO,,,"bracket_sonda: T2_sonda=583.0 K > dew=505.7 K (sobrecalentado: sonda T1 del arranque del bracket pega el estado 2 fuera de campana) || equilibrio_liquido_vapor(P=6000.0 kPa, T=583.0499246211548 K): no existe equilibrio bifásico para ninguna composición (T fuera de la campana binaria a esa P, motor teqp)."
6000.0,476.2531387660478,0.55,0.85,0.75,0.5,0.75,0.8,False,NO_CONVERGIO,,,"bracket_sonda: T2_sonda=582.6 K > dew=500.2 K (sobrecalentado: sonda T1 del arranque del bracket pega el estado 2 fuera de campana) || equilibrio_liquido_vapor(P=6000.0 kPa, T=582.6498211378926 K): no existe equilibrio bifásico para ninguna composición (T fuera de la campana binaria a esa P, motor teqp)."
6000.0,476.2531387660478,0.55,0.85,0.75,0.65,0.75,0.8,False,NO_CONVERGIO,,,"bracket_sonda: T2_sonda=582.8 K > dew=500.2 K (sobrecalentado: sonda T1 del arranque del bracket pega el estado 2 fuera de campana) || equilibrio_liquido_vapor(P=6000.0 kPa, T=582.7998373536875 K): no existe equilibrio bifásico para ninguna composición (T fuera de la campana binaria a esa P, motor teqp)."
6000.0,476.2531387660478,0.55,0.85,0.75,0.8,0.75,0.8,False,NO_CONVERGIO,,,"bracket_sonda: T2_sonda=582.9 K > dew=500.2 K (sobrecalentado: sonda T1 del arranque del bracket pega el estado 2 fuera de campana) || equilibrio_liquido_vapor(P=6000.0 kPa, T=582.9498856823876 K): no existe equilibrio bifásico para ninguna composición (T fuera de la campana binaria a esa P, motor teqp)."
6000.0,476.2531387660478,0.55,0.85,0.75,0.9,0.75,0.8,False,NO_CONVERGIO,,,"bracket_sonda: T2_sonda=583.0 K > dew=500.2 K (sobrecalentado: sonda T1 del arranque del bracket pega el estado 2 fuera de campana) || equilibrio_liquido_vapor(P=6000.0 kPa, T=583.0499357063368 K): no existe equilibrio bifásico para ninguna composición (T fuera de la campana binaria a esa P, motor teqp)."
6000.0,575.7018172219059,0.6,0.85,0.75,0.5,0.75,0.8,False,NO_CONVERGIO,,,"bracket_sonda: T2_sonda=582.6 K > dew=494.3 K (sobrecalentado: sonda T1 del arranque del bracket pega el estado 2 fuera de campana) || equilibrio_liquido_vapor(P=6000.0 kPa, T=582.6498497636472 K): no existe equilibrio bifásico para ninguna composición (T fuera de la campana binaria a esa P, motor teqp)."
6000.0,575.7018172219059,0.6,0.85,0.75,0.65,0.75,0.8,False,NO_CONVERGIO,,,"bracket_sonda: T2_sonda=582.8 K > dew=494.3 K (sobrecalentado: sonda T1 del arranque del bracket pega el estado 2 fuera de campana) || equilibrio_liquido_vapor(P=6000.0 kPa, T=582.7998633767365 K): no existe equilibrio bifásico para ninguna composición (T fuera de la campana binaria a esa P, motor teqp)."
6000.0,575.7018172219059,0.6,0.85,0.75,0.8,0.75,0.8,False,NO_CONVERGIO,,,"bracket_sonda: T2_sonda=582.9 K > dew=494.3 K (sobrecalentado: sonda T1 del arranque del bracket pega el estado 2 fuera de campana) || equilibrio_liquido_vapor(P=6000.0 kPa, T=582.949903924388 K): no existe equilibrio bifásico para ninguna composición (T fuera de la campana binaria a esa P, motor teqp)."
6000.0,575.7018172219059,0.6,0.85,0.75,0.9,0.75,0.8,False,NO_CONVERGIO,,,"bracket_sonda: T2_sonda=583.0 K > dew=494.3 K (sobrecalentado: sonda T1 del arranque del bracket pega el estado 2 fuera de campana) || equilibrio_liquido_vapor(P=6000.0 kPa, T=583.0499458880274 K): no existe equilibrio bifásico para ninguna composición (T fuera de la campana binaria a esa P, motor teqp)."
6000.0,673.3448664612341,0.65,0.85,0.75,0.5,0.75,0.8,False,NO_CONVERGIO,,,"bracket_sonda: T2_sonda=582.6 K > dew=487.9 K (sobrecalentado: sonda T1 del arranque del bracket pega el estado 2 fuera de campana) || equilibrio_liquido_vapor(P=6000.0 kPa, T=582.6498763869183 K): no existe equilibrio bifásico para ninguna composición (T fuera de la campana binaria a esa P, motor teqp)."
6000.0,673.3448664612341,0.65,0.85,0.75,0.65,0.75,0.8,False,NO_CONVERGIO,,,"bracket_sonda: T2_sonda=582.8 K > dew=487.9 K (sobrecalentado: sonda T1 del arranque del bracket pega el estado 2 fuera de campana) || equilibrio_liquido_vapor(P=6000.0 kPa, T=582.7998876081557 K): no existe equilibrio bifásico para ninguna composición (T fuera de la campana binaria a esa P, motor teqp)."
6000.0,673.3448664612341,0.65,0.85,0.75,0.8,0.75,0.8,False,NO_CONVERGIO,,,"bracket_sonda: T2_sonda=582.9 K > dew=487.9 K (sobrecalentado: sonda T1 del arranque del bracket pega el estado 2 fuera de campana) || equilibrio_liquido_vapor(P=6000.0 kPa, T=582.9499210226876 K): no existe equilibrio bifásico para ninguna composición (T fuera de la campana binaria a esa P, motor teqp)."
6000.0,673.3448664612341,0.65,0.85,0.75,0.9,0.75,0.8,False,NO_CONVERGIO,,,"lado_frio(P_baja=673.3 kPa, estado fuera del dominio/cobertura del motor teqp — sin relacion con la campana de la sonda || T_from_Ph(P, h, x): el motor teqp no cubre el estado pedido (ver TASK_CONTEXT 2026-09-18-validar-teqp-nh3h2o). Detalle: h=49253.4 fuera de dominio a P=6.7334e+05 Pa, x=0.6627"
6000.0,764.6376026707513,0.7,0.85,0.75,0.5,0.75,0.8,False,NO_CONVERGIO,,,"bracket_sonda: T2_sonda=582.6 K > dew=480.9 K (sobrecalentado: sonda T1 del arranque del bracket pega el estado 2 fuera de campana) || equilibrio_liquido_vapor(P=6000.0 kPa, T=582.6499005294478 K): no existe equilibrio bifásico para ninguna composición (T fuera de la campana binaria a esa P, motor teqp)."
6000.0,764.6376026707513,0.7,0.85,0.75,0.65,0.75,0.8,False,NO_CONVERGIO,,,"bracket_sonda: T2_sonda=582.8 K > dew=480.9 K (sobrecalentado: sonda T1 del arranque del bracket pega el estado 2 fuera de campana) || equilibrio_liquido_vapor(P=6000.0 kPa, T=582.7999095661307 K): no existe equilibrio bifásico para ninguna composición (T fuera de la campana binaria a esa P, motor teqp)."
6000.0,764.6376026707513,0.7,0.85,0.75,0.8,0.75,0.8,False,NO_CONVERGIO,,,"bracket_sonda: T2_sonda=582.9 K > dew=480.9 K (sobrecalentado: sonda T1 del arranque del bracket pega el estado 2 fuera de campana) || equilibrio_liquido_vapor(P=6000.0 kPa, T=582.9499364574204 K): no existe equilibrio bifásico para ninguna composición (T fuera de la campana binaria a esa P, motor teqp)."
6000.0,764.6376026707513,0.7,0.85,0.75,0.9,0.75,0.8,False,NO_CONVERGIO,,,"lado_frio(P_baja=764.6 kPa, estado fuera del dominio/cobertura del motor teqp — sin relacion con la campana de la sonda || T_from_Ph(P, h, x): el motor teqp no cubre el estado pedido (ver TASK_CONTEXT 2026-09-18-validar-teqp-nh3h2o). Detalle: h=55453.6 fuera de dominio a P=7.6464e+05 Pa, x=0.7117"
6500.0,157.88536139565775,0.35,0.85,0.75,0.5,0.75,0.8,False,NO_CONVERGIO,,,"bracket_sonda: T2_sonda=582.6 K > dew=525.0 K (sobrecalentado: sonda T1 del arranque del bracket pega el estado 2 fuera de campana) || equilibrio_liquido_vapor(P=6500.0 kPa, T=582.649627278447 K): no existe equilibrio bifásico para ninguna composición (T fuera de la campana binaria a esa P, motor teqp)."
6500.0,157.88536139565775,0.35,0.85,0.75,0.65,0.75,0.8,False,NO_CONVERGIO,,,"bracket_sonda: T2_sonda=582.8 K > dew=525.0 K (sobrecalentado: sonda T1 del arranque del bracket pega el estado 2 fuera de campana) || equilibrio_liquido_vapor(P=6500.0 kPa, T=582.7996610219641 K): no existe equilibrio bifásico para ninguna composición (T fuera de la campana binaria a esa P, motor teqp)."
6500.0,157.88536139565775,0.35,0.85,0.75,0.8,0.75,0.8,False,NO_CONVERGIO,,,"bracket_sonda: T2_sonda=582.9 K > dew=525.0 K (sobrecalentado: sonda T1 del arranque del bracket pega el estado 2 fuera de campana) || equilibrio_liquido_vapor(P=6500.0 kPa, T=582.9497617374702 K): no existe equilibrio bifásico para ninguna composición (T fuera de la campana binaria a esa P, motor teqp)."
6500.0,157.88536139565775,0.35,0.85,0.75,0.9,0.75,0.8,False,NO_CONVERGIO,,,"bracket_sonda: T2_sonda=583.0 K > dew=525.0 K (sobrecalentado: sonda T1 del arranque del bracket pega el estado 2 fuera de campana) || equilibrio_liquido_vapor(P=6500.0 kPa, T=583.0498660296633 K): no existe equilibrio bifásico para ninguna composición (T fuera de la campana binaria a esa P, motor teqp)."
6500.0,218.6892492858801,0.4,0.85,0.75,0.5,0.75,0.8,False,NO_CONVERGIO,,,"bracket_sonda: T2_sonda=582.6 K > dew=520.2 K (sobrecalentado: sonda T1 del arranque del bracket pega el estado 2 fuera de campana) || equilibrio_liquido_vapor(P=6500.0 kPa, T=582.6496745813577 K): no existe equilibrio bifásico para ninguna composición (T fuera de la campana binaria a esa P, motor teqp)."
6500.0,218.6892492858801,0.4,0.85,0.75,0.65,0.75,0.8,False,NO_CONVERGIO,,,"bracket_sonda: T2_sonda=582.8 K > dew=520.2 K (sobrecalentado: sonda T1 del arranque del bracket pega el estado 2 fuera de campana) || equilibrio_liquido_vapor(P=6500.0 kPa, T=582.7997040513233 K): no existe equilibrio bifásico para ninguna composición (T fuera de la campana binaria a esa P, motor teqp)."
6500.0,218.6892492858801,0.4,0.85,0.75,0.8,0.75,0.8,False,NO_CONVERGIO,,,"bracket_sonda: T2_sonda=582.9 K > dew=520.2 K (sobrecalentado: sonda T1 del arranque del bracket pega el estado 2 fuera de campana) || equilibrio_liquido_vapor(P=6500.0 kPa, T=582.9497919884103 K): no existe equilibrio bifásico para ninguna composición (T fuera de la campana binaria a esa P, motor teqp)."
6500.0,218.6892492858801,0.4,0.85,0.75,0.9,0.75,0.8,False,NO_CONVERGIO,,,"bracket_sonda: T2_sonda=583.0 K > dew=520.2 K (sobrecalentado: sonda T1 del arranque del bracket pega el estado 2 fuera de campana) || equilibrio_liquido_vapor(P=6500.0 kPa, T=583.0498830415131 K): no existe equilibrio bifásico para ninguna composición (T fuera de la campana binaria a esa P, motor teqp)."
6500.0,293.41308192387106,0.45,0.85,0.75,0.5,0.75,0.8,False,NO_CONVERGIO,,,"bracket_sonda: T2_sonda=582.6 K > dew=515.1 K (sobrecalentado: sonda T1 del arranque del bracket pega el estado 2 fuera de campana) || equilibrio_liquido_vapor(P=6500.0 kPa, T=582.649717347825 K): no existe equilibrio bifásico para ninguna composición (T fuera de la campana binaria a esa P, motor teqp)."
6500.0,293.41308192387106,0.45,0.85,0.75,0.65,0.75,0.8,False,NO_CONVERGIO,,,"bracket_sonda: T2_sonda=582.8 K > dew=515.1 K (sobrecalentado: sonda T1 del arranque del bracket pega el estado 2 fuera de campana) || equilibrio_liquido_vapor(P=6500.0 kPa, T=582.7997429145414 K): no existe equilibrio bifásico para ninguna composición (T fuera de la campana binaria a esa P, motor teqp)."
6500.0,293.41308192387106,0.45,0.85,0.75,0.8,0.75,0.8,False,NO_CONVERGIO,,,"bracket_sonda: T2_sonda=582.9 K > dew=515.1 K (sobrecalentado: sonda T1 del arranque del bracket pega el estado 2 fuera de campana) || equilibrio_liquido_vapor(P=6500.0 kPa, T=582.9498197191342 K): no existe equilibrio bifásico para ninguna composición (T fuera de la campana binaria a esa P, motor teqp)."
6500.0,293.41308192387106,0.45,0.85,0.75,0.9,0.75,0.8,False,NO_CONVERGIO,,,"bracket_sonda: T2_sonda=583.0 K > dew=515.1 K (sobrecalentado: sonda T1 del arranque del bracket pega el estado 2 fuera de campana) || equilibrio_liquido_vapor(P=6500.0 kPa, T=583.0498987279626 K): no existe equilibrio bifásico para ninguna composición (T fuera de la campana binaria a esa P, motor teqp)."
6500.0,380.4651667449188,0.5,0.85,0.75,0.5,0.75,0.8,False,NO_CONVERGIO,,,"bracket_sonda: T2_sonda=582.6 K > dew=509.8 K (sobrecalentado: sonda T1 del arranque del bracket pega el estado 2 fuera de campana) || equilibrio_liquido_vapor(P=6500.0 kPa, T=582.6497569159593 K): no existe equilibrio bifásico para ninguna composición (T fuera de la campana binaria a esa P, motor teqp)."
6500.0,380.4651667449188,0.5,0.85,0.75,0.65,0.75,0.8,False,NO_CONVERGIO,,,"bracket_sonda: T2_sonda=582.8 K > dew=509.8 K (sobrecalentado: sonda T1 del arranque del bracket pega el estado 2 fuera de campana) || equilibrio_liquido_vapor(P=6500.0 kPa, T=582.7997789583726 K): no existe equilibrio bifásico para ninguna composición (T fuera de la campana binaria a esa P, motor teqp)."
6500.0,380.4651667449188,0.5,0.85,0.75,0.8,0.75,0.8,False,NO_CONVERGIO,,,"bracket_sonda: T2_sonda=582.9 K > dew=509.8 K (sobrecalentado: sonda T1 del arranque del bracket pega el estado 2 fuera de campana) || equilibrio_liquido_vapor(P=6500.0 kPa, T=582.9498446977841 K): no existe equilibrio bifásico para ninguna composición (T fuera de la campana binaria a esa P, motor teqp)."
6500.0,380.4651667449188,0.5,0.85,0.75,0.9,0.75,0.8,False,NO_CONVERGIO,,,"bracket_sonda: T2_sonda=583.0 K > dew=509.8 K (sobrecalentado: sonda T1 del arranque del bracket pega el estado 2 fuera de campana) || equilibrio_liquido_vapor(P=6500.0 kPa, T=583.0499127562379 K): no existe equilibrio bifásico para ninguna composición (T fuera de la campana binaria a esa P, motor teqp)."
6500.0,476.2531387660478,0.55,0.85,0.75,0.5,0.75,0.8,False,NO_CONVERGIO,,,"bracket_sonda: T2_sonda=582.6 K > dew=504.2 K (sobrecalentado: sonda T1 del arranque del bracket pega el estado 2 fuera de campana) || equilibrio_liquido_vapor(P=6500.0 kPa, T=582.6497925765441 K): no existe equilibrio bifásico para ninguna composición (T fuera de la campana binaria a esa P, motor teqp)."
6500.0,476.2531387660478,0.55,0.85,0.75,0.65,0.75,0.8,False,NO_CONVERGIO,,,"bracket_sonda: T2_sonda=582.8 K > dew=504.2 K (sobrecalentado: sonda T1 del arranque del bracket pega el estado 2 fuera de campana) || equilibrio_liquido_vapor(P=6500.0 kPa, T=582.7998113829902 K): no existe equilibrio bifásico para ninguna composición (T fuera de la campana binaria a esa P, motor teqp)."
6500.0,476.2531387660478,0.55,0.85,0.75,0.8,0.75,0.8,False,NO_CONVERGIO,,,"bracket_sonda: T2_sonda=582.9 K > dew=504.2 K (sobrecalentado: sonda T1 del arranque del bracket pega el estado 2 fuera de campana) || equilibrio_liquido_vapor(P=6500.0 kPa, T=582.9498674682441 K): no existe equilibrio bifásico para ninguna composición (T fuera de la campana binaria a esa P, motor teqp)."
6500.0,476.2531387660478,0.55,0.85,0.75,0.9,0.75,0.8,False,NO_CONVERGIO,,,"bracket_sonda: T2_sonda=583.0 K > dew=504.2 K (sobrecalentado: sonda T1 del arranque del bracket pega el estado 2 fuera de campana) || equilibrio_liquido_vapor(P=6500.0 kPa, T=583.0499255294386 K): no existe equilibrio bifásico para ninguna composición (T fuera de la campana binaria a esa P, motor teqp)."
6500.0,575.7018172219059,0.6,0.85,0.75,0.5,0.75,0.8,False,NO_CONVERGIO,,,"bracket_sonda: T2_sonda=582.6 K > dew=498.1 K (sobrecalentado: sonda T1 del arranque del bracket pega el estado 2 fuera de campana) || equilibrio_liquido_vapor(P=6500.0 kPa, T=582.6498249778876 K): no existe equilibrio bifásico para ninguna composición (T fuera de la campana binaria a esa P, motor teqp)."
6500.0,575.7018172219059,0.6,0.85,0.75,0.65,0.75,0.8,False,NO_CONVERGIO,,,"bracket_sonda: T2_sonda=582.8 K > dew=498.1 K (sobrecalentado: sonda T1 del arranque del bracket pega el estado 2 fuera de campana) || equilibrio_liquido_vapor(P=6500.0 kPa, T=582.7998408481845 K): no existe equilibrio bifásico para ninguna composición (T fuera de la campana binaria a esa P, motor teqp)."
6500.0,575.7018172219059,0.6,0.85,0.75,0.8,0.75,0.8,False,NO_CONVERGIO,,,"bracket_sonda: T2_sonda=582.9 K > dew=498.1 K (sobrecalentado: sonda T1 del arranque del bracket pega el estado 2 fuera de campana) || equilibrio_liquido_vapor(P=6500.0 kPa, T=582.9498881437204 K): no existe equilibrio bifásico para ninguna composición (T fuera de la campana binaria a esa P, motor teqp)."
6500.0,575.7018172219059,0.6,0.85,0.75,0.9,0.75,0.8,False,NO_CONVERGIO,,,"bracket_sonda: T2_sonda=583.0 K > dew=498.1 K (sobrecalentado: sonda T1 del arranque del bracket pega el estado 2 fuera de campana) || equilibrio_liquido_vapor(P=6500.0 kPa, T=583.0499370974193 K): no existe equilibrio bifásico para ninguna composición (T fuera de la campana binaria a esa P, motor teqp)."
6500.0,673.3448664612341,0.65,0.85,0.75,0.5,0.75,0.8,False,NO_CONVERGIO,,,"bracket_sonda: T2_sonda=582.6 K > dew=491.6 K (sobrecalentado: sonda T1 del arranque del bracket pega el estado 2 fuera de campana) || equilibrio_liquido_vapor(P=6500.0 kPa, T=582.649854666326 K): no existe equilibrio bifásico para ninguna composición (T fuera de la campana binaria a esa P, motor teqp)."
6500.0,673.3448664612341,0.65,0.85,0.75,0.65,0.75,0.8,False,NO_CONVERGIO,,,"bracket_sonda: T2_sonda=582.8 K > dew=491.6 K (sobrecalentado: sonda T1 del arranque del bracket pega el estado 2 fuera de campana) || equilibrio_liquido_vapor(P=6500.0 kPa, T=582.7998678527404 K): no existe equilibrio bifásico para ninguna composición (T fuera de la campana binaria a esa P, motor teqp)."
6500.0,673.3448664612341,0.65,0.85,0.75,0.8,0.75,0.8,False,NO_CONVERGIO,,,"bracket_sonda: T2_sonda=582.9 K > dew=491.6 K (sobrecalentado: sonda T1 del arranque del bracket pega el estado 2 fuera de campana) || equilibrio_liquido_vapor(P=6500.0 kPa, T=582.9499071270171 K): no existe equilibrio bifásico para ninguna composición (T fuera de la campana binaria a esa P, motor teqp)."
6500.0,673.3448664612341,0.65,0.85,0.75,0.9,0.75,0.8,False,NO_CONVERGIO,,,"bracket_sonda: T2_sonda=583.0 K > dew=491.6 K (sobrecalentado: sonda T1 del arranque del bracket pega el estado 2 fuera de campana) || equilibrio_liquido_vapor(P=6500.0 kPa, T=583.0499477720598 K): no existe equilibrio bifásico para ninguna composición (T fuera de la campana binaria a esa P, motor teqp)."
6500.0,764.6376026707513,0.7,0.85,0.75,0.5,0.75,0.8,False,NO_CONVERGIO,,,"bracket_sonda: T2_sonda=582.6 K > dew=484.4 K (sobrecalentado: sonda T1 del arranque del bracket pega el estado 2 fuera de campana) || equilibrio_liquido_vapor(P=6500.0 kPa, T=582.6498817802272 K): no existe equilibrio bifásico para ninguna composición (T fuera de la campana binaria a esa P, motor teqp)."
6500.0,764.6376026707513,0.7,0.85,0.75,0.65,0.75,0.8,False,NO_CONVERGIO,,,"bracket_sonda: T2_sonda=582.8 K > dew=484.4 K (sobrecalentado: sonda T1 del arranque del bracket pega el estado 2 fuera de campana) || equilibrio_liquido_vapor(P=6500.0 kPa, T=582.7998925132687 K): no existe equilibrio bifásico para ninguna composición (T fuera de la campana binaria a esa P, motor teqp)."
6500.0,764.6376026707513,0.7,0.85,0.75,0.8,0.75,0.8,False,NO_CONVERGIO,,,"bracket_sonda: T2_sonda=582.9 K > dew=484.4 K (sobrecalentado: sonda T1 del arranque del bracket pega el estado 2 fuera de campana) || equilibrio_liquido_vapor(P=6500.0 kPa, T=582.9499244704713 K): no existe equilibrio bifásico para ninguna composición (T fuera de la campana binaria a esa P, motor teqp)."
6500.0,764.6376026707513,0.7,0.85,0.75,0.9,0.75,0.8,False,NO_CONVERGIO,,,"lado_frio(P_baja=764.6 kPa, estado fuera del dominio/cobertura del motor teqp — sin relacion con la campana de la sonda || T_from_Ph(P, h, x): el motor teqp no cubre el estado pedido (ver TASK_CONTEXT 2026-09-18-validar-teqp-nh3h2o). Detalle: h=52444.4 fuera de dominio a P=7.6464e+05 Pa, x=0.7117"
7000.0,157.88536139565775,0.35,0.85,0.75,0.5,0.75,0.8,False,NO_CONVERGIO,,,"bracket_sonda: T2_sonda=582.6 K > dew=529.2 K (sobrecalentado: sonda T1 del arranque del bracket pega el estado 2 fuera de campana) || equilibrio_liquido_vapor(P=7000.0 kPa, T=582.6495738334323 K): no existe equilibrio bifásico para ninguna composición (T fuera de la campana binaria a esa P, motor teqp)."
7000.0,157.88536139565775,0.35,0.85,0.75,0.65,0.75,0.8,False,NO_CONVERGIO,,,"bracket_sonda: T2_sonda=582.8 K > dew=529.2 K (sobrecalentado: sonda T1 del arranque del bracket pega el estado 2 fuera de campana) || equilibrio_liquido_vapor(P=7000.0 kPa, T=582.7996124040989 K): no existe equilibrio bifásico para ninguna composición (T fuera de la campana binaria a esa P, motor teqp)."
7000.0,157.88536139565775,0.35,0.85,0.75,0.8,0.75,0.8,False,NO_CONVERGIO,,,"bracket_sonda: T2_sonda=582.9 K > dew=529.2 K (sobrecalentado: sonda T1 del arranque del bracket pega el estado 2 fuera de campana) || equilibrio_liquido_vapor(P=7000.0 kPa, T=582.9497275567296 K): no existe equilibrio bifásico para ninguna composición (T fuera de la campana binaria a esa P, motor teqp)."
7000.0,157.88536139565775,0.35,0.85,0.75,0.9,0.75,0.8,False,NO_CONVERGIO,,,"bracket_sonda: T2_sonda=583.0 K > dew=529.2 K (sobrecalentado: sonda T1 del arranque del bracket pega el estado 2 fuera de campana) || equilibrio_liquido_vapor(P=7000.0 kPa, T=583.0498468075247 K): no existe equilibrio bifásico para ninguna composición (T fuera de la campana binaria a esa P, motor teqp)."
7000.0,218.6892492858801,0.4,0.85,0.75,0.5,0.75,0.8,False,NO_CONVERGIO,,,"bracket_sonda: T2_sonda=582.6 K > dew=524.3 K (sobrecalentado: sonda T1 del arranque del bracket pega el estado 2 fuera de campana) || equilibrio_liquido_vapor(P=7000.0 kPa, T=582.6496281130558 K): no existe equilibrio bifásico para ninguna composición (T fuera de la campana binaria a esa P, motor teqp)."
7000.0,218.6892492858801,0.4,0.85,0.75,0.65,0.75,0.8,False,NO_CONVERGIO,,,"bracket_sonda: T2_sonda=582.8 K > dew=524.3 K (sobrecalentado: sonda T1 del arranque del bracket pega el estado 2 fuera de campana) || equilibrio_liquido_vapor(P=7000.0 kPa, T=582.799661781152 K): no existe equilibrio bifásico para ninguna composición (T fuera de la campana binaria a esa P, motor teqp)."
7000.0,218.6892492858801,0.4,0.85,0.75,0.8,0.75,0.8,False,NO_CONVERGIO,,,"bracket_sonda: T2_sonda=582.9 K > dew=524.3 K (sobrecalentado: sonda T1 del arranque del bracket pega el estado 2 fuera de campana) || equilibrio_liquido_vapor(P=7000.0 kPa, T=582.9497622707402 K): no existe equilibrio bifásico para ninguna composición (T fuera de la campana binaria a esa P, motor teqp)."
7000.0,218.6892492858801,0.4,0.85,0.75,0.9,0.75,0.8,False,NO_CONVERGIO,,,"bracket_sonda: T2_sonda=583.0 K > dew=524.3 K (sobrecalentado: sonda T1 del arranque del bracket pega el estado 2 fuera de campana) || equilibrio_liquido_vapor(P=7000.0 kPa, T=583.0498663286763 K): no existe equilibrio bifásico para ninguna composición (T fuera de la campana binaria a esa P, motor teqp)."
7000.0,293.41308192387106,0.45,0.85,0.75,0.5,0.75,0.8,False,NO_CONVERGIO,,,"bracket_sonda: T2_sonda=582.6 K > dew=519.1 K (sobrecalentado: sonda T1 del arranque del bracket pega el estado 2 fuera de campana) || equilibrio_liquido_vapor(P=7000.0 kPa, T=582.64967719385 K): no existe equilibrio bifásico para ninguna composición (T fuera de la campana binaria a esa P, motor teqp)."
7000.0,293.41308192387106,0.45,0.85,0.75,0.65,0.75,0.8,False,NO_CONVERGIO,,,"bracket_sonda: T2_sonda=582.8 K > dew=519.1 K (sobrecalentado: sonda T1 del arranque del bracket pega el estado 2 fuera de campana) || equilibrio_liquido_vapor(P=7000.0 kPa, T=582.7997064278995 K): no existe equilibrio bifásico para ninguna composición (T fuera de la campana binaria a esa P, motor teqp)."
7000.0,293.41308192387106,0.45,0.85,0.75,0.8,0.75,0.8,False,NO_CONVERGIO,,,"bracket_sonda: T2_sonda=582.9 K > dew=519.1 K (sobrecalentado: sonda T1 del arranque del bracket pega el estado 2 fuera de campana) || equilibrio_liquido_vapor(P=7000.0 kPa, T=582.9497936592907 K): no existe equilibrio bifásico para ninguna composición (T fuera de la campana binaria a esa P, motor teqp)."
7000.0,293.41308192387106,0.45,0.85,0.75,0.9,0.75,0.8,False,NO_CONVERGIO,,,"bracket_sonda: T2_sonda=583.0 K > dew=519.1 K (sobrecalentado: sonda T1 del arranque del bracket pega el estado 2 fuera de campana) || equilibrio_liquido_vapor(P=7000.0 kPa, T=583.0498839811738 K): no existe equilibrio bifásico para ninguna composición (T fuera de la campana binaria a esa P, motor teqp)."
7000.0,380.4651667449188,0.5,0.85,0.75,0.5,0.75,0.8,False,NO_CONVERGIO,,,"bracket_sonda: T2_sonda=582.6 K > dew=513.7 K (sobrecalentado: sonda T1 del arranque del bracket pega el estado 2 fuera de campana) || equilibrio_liquido_vapor(P=7000.0 kPa, T=582.6497217392484 K): no existe equilibrio bifásico para ninguna composición (T fuera de la campana binaria a esa P, motor teqp)."
7000.0,380.4651667449188,0.5,0.85,0.75,0.65,0.75,0.8,False,NO_CONVERGIO,,,"bracket_sonda: T2_sonda=582.8 K > dew=513.7 K (sobrecalentado: sonda T1 del arranque del bracket pega el estado 2 fuera de campana) || equilibrio_liquido_vapor(P=7000.0 kPa, T=582.7997469458002 K): no existe equilibrio bifásico para ninguna composición (T fuera de la campana binaria a esa P, motor teqp)."
7000.0,380.4651667449188,0.5,0.85,0.75,0.8,0.75,0.8,False,NO_CONVERGIO,,,"bracket_sonda: T2_sonda=582.9 K > dew=513.7 K (sobrecalentado: sonda T1 del arranque del bracket pega el estado 2 fuera de campana) || equilibrio_liquido_vapor(P=7000.0 kPa, T=582.949822152682 K): no existe equilibrio bifásico para ninguna composición (T fuera de la campana binaria a esa P, motor teqp)."
7000.0,380.4651667449188,0.5,0.85,0.75,0.9,0.75,0.8,False,NO_CONVERGIO,,,"bracket_sonda: T2_sonda=583.0 K > dew=513.7 K (sobrecalentado: sonda T1 del arranque del bracket pega el estado 2 fuera de campana) || equilibrio_liquido_vapor(P=7000.0 kPa, T=583.0499000204395 K): no existe equilibrio bifásico para ninguna composición (T fuera de la campana binaria a esa P, motor teqp)."
7000.0,476.2531387660478,0.55,0.85,0.75,0.5,0.75,0.8,False,NO_CONVERGIO,,,"bracket_sonda: T2_sonda=582.6 K > dew=507.9 K (sobrecalentado: sonda T1 del arranque del bracket pega el estado 2 fuera de campana) || equilibrio_liquido_vapor(P=7000.0 kPa, T=582.6497622751244 K): no existe equilibrio bifásico para ninguna composición (T fuera de la campana binaria a esa P, motor teqp)."
7000.0,476.2531387660478,0.55,0.85,0.75,0.65,0.75,0.8,False,NO_CONVERGIO,,,"bracket_sonda: T2_sonda=582.8 K > dew=507.9 K (sobrecalentado: sonda T1 del arranque del bracket pega el estado 2 fuera de campana) || equilibrio_liquido_vapor(P=7000.0 kPa, T=582.799783835226 K): no existe equilibrio bifásico para ninguna composición (T fuera de la campana binaria a esa P, motor teqp)."
7000.0,476.2531387660478,0.55,0.85,0.75,0.8,0.75,0.8,False,NO_CONVERGIO,,,"bracket_sonda: T2_sonda=582.9 K > dew=507.9 K (sobrecalentado: sonda T1 del arranque del bracket pega el estado 2 fuera de campana) || equilibrio_liquido_vapor(P=7000.0 kPa, T=582.9498481369322 K): no existe equilibrio bifásico para ninguna composición (T fuera de la campana binaria a esa P, motor teqp)."
7000.0,476.2531387660478,0.55,0.85,0.75,0.9,0.75,0.8,False,NO_CONVERGIO,,,"bracket_sonda: T2_sonda=583.0 K > dew=507.9 K (sobrecalentado: sonda T1 del arranque del bracket pega el estado 2 fuera de campana) || equilibrio_liquido_vapor(P=7000.0 kPa, T=583.049914706838 K): no existe equilibrio bifásico para ninguna composición (T fuera de la campana binaria a esa P, motor teqp)."
7000.0,575.7018172219059,0.6,0.85,0.75,0.5,0.75,0.8,False,NO_CONVERGIO,,,"bracket_sonda: T2_sonda=582.6 K > dew=501.7 K (sobrecalentado: sonda T1 del arranque del bracket pega el estado 2 fuera de campana) || equilibrio_liquido_vapor(P=7000.0 kPa, T=582.6497987223481 K): no existe equilibrio bifásico para ninguna composición (T fuera de la campana binaria a esa P, motor teqp)."
7000.0,575.7018172219059,0.6,0.85,0.75,0.65,0.75,0.8,False,NO_CONVERGIO,,,"bracket_sonda: T2_sonda=582.8 K > dew=501.7 K (sobrecalentado: sonda T1 del arranque del bracket pega el estado 2 fuera de campana) || equilibrio_liquido_vapor(P=7000.0 kPa, T=582.7998169675494 K): no existe equilibrio bifásico para ninguna composición (T fuera de la campana binaria a esa P, motor teqp)."
7000.0,575.7018172219059,0.6,0.85,0.75,0.8,0.75,0.8,False,NO_CONVERGIO,,,"bracket_sonda: T2_sonda=582.9 K > dew=501.7 K (sobrecalentado: sonda T1 del arranque del bracket pega el estado 2 fuera de campana) || equilibrio_liquido_vapor(P=7000.0 kPa, T=582.9498713637224 K): no existe equilibrio bifásico para ninguna composición (T fuera de la campana binaria a esa P, motor teqp)."
7000.0,575.7018172219059,0.6,0.85,0.75,0.9,0.75,0.8,False,NO_CONVERGIO,,,"bracket_sonda: T2_sonda=583.0 K > dew=501.7 K (sobrecalentado: sonda T1 del arranque del bracket pega el estado 2 fuera de campana) || equilibrio_liquido_vapor(P=7000.0 kPa, T=583.0499276731636 K): no existe equilibrio bifásico para ninguna composición (T fuera de la campana binaria a esa P, motor teqp)."
7000.0,673.3448664612341,0.65,0.85,0.75,0.5,0.75,0.8,False,NO_CONVERGIO,,,"bracket_sonda: T2_sonda=582.6 K > dew=495.0 K (sobrecalentado: sonda T1 del arranque del bracket pega el estado 2 fuera de campana) || equilibrio_liquido_vapor(P=7000.0 kPa, T=582.6498320350732 K): no existe equilibrio bifásico para ninguna composición (T fuera de la campana binaria a esa P, motor teqp)."
7000.0,673.3448664612341,0.65,0.85,0.75,0.65,0.75,0.8,False,NO_CONVERGIO,,,"bracket_sonda: T2_sonda=582.8 K > dew=495.0 K (sobrecalentado: sonda T1 del arranque del bracket pega el estado 2 fuera de campana) || equilibrio_liquido_vapor(P=7000.0 kPa, T=582.7998472727679 K): no existe equilibrio bifásico para ninguna composición (T fuera de la campana binaria a esa P, motor teqp)."
7000.0,673.3448664612341,0.65,0.85,0.75,0.8,0.75,0.8,False,NO_CONVERGIO,,,"bracket_sonda: T2_sonda=582.9 K > dew=495.0 K (sobrecalentado: sonda T1 del arranque del bracket pega el estado 2 fuera de campana) || equilibrio_liquido_vapor(P=7000.0 kPa, T=582.9498926772785 K): no existe equilibrio bifásico para ninguna composición (T fuera de la campana binaria a esa P, motor teqp)."
7000.0,673.3448664612341,0.65,0.85,0.75,0.9,0.75,0.8,False,NO_CONVERGIO,,,"bracket_sonda: T2_sonda=583.0 K > dew=495.0 K (sobrecalentado: sonda T1 del arranque del bracket pega el estado 2 fuera de campana) || equilibrio_liquido_vapor(P=7000.0 kPa, T=583.0499396721873 K): no existe equilibrio bifásico para ninguna composición (T fuera de la campana binaria a esa P, motor teqp)."
7000.0,764.6376026707513,0.7,0.85,0.75,0.5,0.75,0.8,False,NO_CONVERGIO,,,"bracket_sonda: T2_sonda=582.6 K > dew=487.7 K (sobrecalentado: sonda T1 del arranque del bracket pega el estado 2 fuera de campana) || equilibrio_liquido_vapor(P=7000.0 kPa, T=582.6498622383867 K): no existe equilibrio bifásico para ninguna composición (T fuera de la campana binaria a esa P, motor teqp)."
7000.0,764.6376026707513,0.7,0.85,0.75,0.65,0.75,0.8,False,NO_CONVERGIO,,,"bracket_sonda: T2_sonda=582.8 K > dew=487.7 K (sobrecalentado: sonda T1 del arranque del bracket pega el estado 2 fuera de campana) || equilibrio_liquido_vapor(P=7000.0 kPa, T=582.7998747393244 K): no existe equilibrio bifásico para ninguna composición (T fuera de la campana binaria a esa P, motor teqp)."
7000.0,764.6376026707513,0.7,0.85,0.75,0.8,0.75,0.8,False,NO_CONVERGIO,,,"bracket_sonda: T2_sonda=582.9 K > dew=487.7 K (sobrecalentado: sonda T1 del arranque del bracket pega el estado 2 fuera de campana) || equilibrio_liquido_vapor(P=7000.0 kPa, T=582.9499119765323 K): no existe equilibrio bifásico para ninguna composición (T fuera de la campana binaria a esa P, motor teqp)."
7000.0,764.6376026707513,0.7,0.85,0.75,0.9,0.75,0.8,False,NO_CONVERGIO,,,"lado_frio(P_baja=764.6 kPa, estado fuera del dominio/cobertura del motor teqp — sin relacion con la campana de la sonda || T_from_Ph(P, h, x): el motor teqp no cubre el estado pedido (ver TASK_CONTEXT 2026-09-18-validar-teqp-nh3h2o). Detalle: h=50072.6 fuera de dominio a P=7.6464e+05 Pa, x=0.7117"
