clave,csv_origen,P_alta,x_b,T_fuente,T_sumidero,eps_hrvg,eps_lo,eps_supuesta,h1_min,h2max,h2_min,h_rocio,h_burbuja,T_rocio,T_burbuja,margen_sobrecalentada,veredicto,error
1000|0.55|463|283|0.75,2026-09-22_literatura_kcs11/barrido_literatura_kcs11.csv,1000.0,0.55,463.0,283.0,,0.75,True,-15.99715816057425,2389.4710565160353,1788.104002846883,2289.243637587161,197.2979139434724,422.32672623115394,328.27201274794066,-501.1396347402781,DENTRO_DE_CAMPANA_POSIBLE,
1000|0.55|463|283|0.85,2026-10-01_benchmark_reintento/benchmark_filas.csv;2026-10-01_benchmark_reintento/benchmark_minibarrido.csv;2026-10-01_benchmark_reintento/benchmark_minibarrido_mb_corregido.csv;2026-10-01_benchmark_reintento/respaldo_minibarrido_93puntos.csv;2026-10-01_benchmark_reintento/respaldo_parteA_filas.csv,1000.0,0.55,463.0,283.0,0.85,0.85,False,-15.99715816057425,2389.4710565160353,2028.6508243145438,2289.243637587161,197.2979139434724,422.32672623115394,328.27201274794066,-260.5928132726174,DENTRO_DE_CAMPANA_POSIBLE,
1000|0.6|463|283|0.75,2026-09-22_literatura_kcs11/barrido_literatura_kcs11.csv,1000.0,0.6,463.0,283.0,,0.75,True,11.537772295225043,2351.5885032698775,1766.5758205262146,2241.782082438414,195.98046115348873,418.4131938518625,321.90382727270213,-475.20626191219935,DENTRO_DE_CAMPANA_POSIBLE,
1000|0.6|463|283|0.85,2026-10-01_benchmark_reintento/benchmark_filas.csv;2026-10-01_benchmark_reintento/respaldo_parteA_filas.csv,1000.0,0.6,463.0,283.0,0.85,0.85,False,11.537772295225043,2351.5885032698775,2000.5808936236795,2241.782082438414,195.98046115348873,418.4131938518625,321.90382727270213,-241.20118881473445,DENTRO_DE_CAMPANA_POSIBLE,
1000|0.65|463|283|0.75,2026-09-22_literatura_kcs11/barrido_literatura_kcs11.csv,1000.0,0.65,463.0,283.0,,0.75,True,44.877609402419694,2313.6819852389785,1746.480891279839,2193.3921126080245,204.7092447193897,414.1361877663231,316.58380298277143,-446.91122132818555,DENTRO_DE_CAMPANA_POSIBLE,
1000|0.65|463|283|0.85,2026-10-01_benchmark_reintento/benchmark_filas.csv;2026-10-01_benchmark_reintento/respaldo_parteA_filas.csv,1000.0,0.65,463.0,283.0,0.85,0.85,False,44.877609402419694,2313.6819852389785,1973.3613288634947,2193.3921126080245,204.7092447193897,414.1361877663231,316.58380298277143,-220.0307837445298,DENTRO_DE_CAMPANA_POSIBLE,
1000|0.7|463|283|0.85,2026-10-01_benchmark_reintento/benchmark_filas.csv;2026-10-01_benchmark_reintento/benchmark_minibarrido.csv;2026-10-01_benchmark_reintento/benchmark_minibarrido_mb_corregido.csv;2026-10-01_benchmark_reintento/respaldo_minibarrido_93puntos.csv;2026-10-01_benchmark_reintento/respaldo_parteA_filas.csv,1000.0,0.7,463.0,283.0,0.85,0.85,False,83.42819316678145,2275.7486018939153,1946.9005405848452,2143.821911624305,222.79022777950357,409.3952988129126,312.23111969988423,-196.9213710394597,DENTRO_DE_CAMPANA_POSIBLE,
1500|0.65|333|283|0.75,2026-09-22_tfuente_bajo/exploracion_tfuente_bajo.csv,1500.0,0.65,333.0,283.0,,0.75,True,45.271936174776236,314.1810370381568,246.95376182231163,2209.95683775133,280.34667449207126,428.97605290398013,332.0685877079904,-1963.0030759290185,DENTRO_DE_CAMPANA_POSIBLE,
2000|0.35|583.15|300.033|0.5,barridos_2026-09-19/b0_scan_cementera.csv,2000.0,0.35,583.15,300.032917,0.5,0.5,False,11.375707423029796,2801.4849923148004,1406.430349868915,2498.0246076145113,454.0503273536416,464.8754960513127,395.5231924097296,-1091.5942577455962,DENTRO_DE_CAMPANA_POSIBLE,
2000|0.35|583.15|300.033|0.65,barridos_2026-09-19/b0_scan_cementera.csv,2000.0,0.35,583.15,300.032917,0.65,0.65,False,11.375707423029796,2801.4849923148004,1824.9467426026808,2498.0246076145113,454.0503273536416,464.8754960513127,395.5231924097296,-673.0778650118305,DENTRO_DE_CAMPANA_POSIBLE,
2000|0.4|583.15|300.033|0.5,barridos_2026-09-19/b0_scan_cementera.csv,2000.0,0.4,583.15,300.032917,0.5,0.5,False,15.572838892938577,2766.503645004547,1391.0382419487428,2453.292194324295,411.2469128629883,461.3803099295303,384.53592550240523,-1062.2539523755522,DENTRO_DE_CAMPANA_POSIBLE,
2000|0.4|583.15|300.033|0.65,barridos_2026-09-19/b0_scan_cementera.csv,2000.0,0.4,583.15,300.032917,0.65,0.65,False,15.572838892938577,2766.503645004547,1803.677862865484,2453.292194324295,411.2469128629883,461.3803099295303,384.53592550240523,-649.614331458811,DENTRO_DE_CAMPANA_POSIBLE,
2000|0.4|583.15|300.033|0.8,barridos_2026-09-19/b0_scan_cementera.csv,2000.0,0.4,583.15,300.032917,0.8,0.8,False,15.572838892938577,2766.503645004547,2216.3174837822253,2453.292194324295,411.2469128629883,461.3803099295303,384.53592550240523,-236.97471054206972,DENTRO_DE_CAMPANA_POSIBLE,
2000|0.45|583.15|300.033|0.5,barridos_2026-09-19/b0_scan_cementera.csv,2000.0,0.45,583.15,300.032917,0.5,0.5,False,25.62467161249772,2731.560901305151,1378.5927864588245,2408.040810570287,377.01901436980336,457.6901465479205,374.3575580461781,-1029.4480241114622,DENTRO_DE_CAMPANA_POSIBLE,
2000|0.45|583.15|300.033|0.65,barridos_2026-09-19/b0_scan_cementera.csv,2000.0,0.45,583.15,300.032917,0.65,0.65,False,25.62467161249772,2731.560901305151,1784.4832209127226,2408.040810570287,377.01901436980336,457.6901465479205,374.3575580461781,-623.5575896575642,DENTRO_DE_CAMPANA_POSIBLE,
2000|0.45|583.15|300.033|0.8,barridos_2026-09-19/b0_scan_cementera.csv,2000.0,0.45,583.15,300.032917,0.8,0.8,False,25.62467161249772,2731.560901305151,2190.3736553666204,2408.040810570287,377.01901436980336,457.6901465479205,374.3575580461781,-217.66715520366643,DENTRO_DE_CAMPANA_POSIBLE,
2000|0.5|583.15|300.033|0.5,barridos_2026-09-19/b0_scan_cementera.csv,2000.0,0.5,583.15,300.032917,0.5,0.5,False,41.79632940206882,2696.6555300225573,1369.225929712313,2362.192043753376,352.4099231829025,453.7728527860414,365.1584587176243,-992.9661140410628,DENTRO_DE_CAMPANA_POSIBLE,
2000|0.5|583.15|300.033|0.65,barridos_2026-09-19/b0_scan_cementera.csv,2000.0,0.5,583.15,300.032917,0.65,0.65,False,41.79632940206882,2696.6555300225573,1767.4548098053865,2362.192043753376,352.4099231829025,453.7728527860414,365.1584587176243,-594.7372339479894,DENTRO_DE_CAMPANA_POSIBLE,
2000|0.5|583.15|300.033|0.8,barridos_2026-09-19/b0_scan_cementera.csv,2000.0,0.5,583.15,300.032917,0.8,0.8,False,41.79632940206882,2696.6555300225573,2165.6836898984598,2362.192043753376,352.4099231829025,453.7728527860414,365.1584587176243,-196.5083538549161,DENTRO_DE_CAMPANA_POSIBLE,
2000|0.5|623.15|300.033|0.85,barridos_2026-09-19/fase1_profesor/eta_vs_Palta_profesor.csv,2000.0,0.5,623.15,300.032917,0.85,0.85,False,41.79632940206882,2797.1596594729212,2383.8551599622933,2362.192043753376,352.4099231829025,453.7728527860414,365.1584587176243,21.663116208917472,SOBRECALENTADA_DEMOSTRADA,
2000|0.55|583.15|300.033|0.5,barridos_2026-09-19/b0_scan_cementera.csv,2000.0,0.55,583.15,300.032917,0.5,0.5,False,64.11179737778713,2661.7852612588663,1362.9485293183268,2315.637576847951,338.07103855618703,449.5866168012587,357.0490568830332,-952.6890475296243,DENTRO_DE_CAMPANA_POSIBLE,
2000|0.55|583.15|300.033|0.65,barridos_2026-09-19/b0_scan_cementera.csv,2000.0,0.55,583.15,300.032917,0.65,0.65,False,64.11179737778713,2661.7852612588663,1752.5995489004886,2315.6375768483513,338.07103855630504,449.5866168012587,357.0490568830332,-563.0380279478627,DENTRO_DE_CAMPANA_POSIBLE,
2000|0.55|583.15|300.033|0.8,barridos_2026-09-19/b0_scan_cementera.csv,2000.0,0.55,583.15,300.032917,0.8,0.8,False,64.11179737778713,2661.7852612588663,2142.2505684826506,2315.63757684794,338.07103855623217,449.5866168012587,357.0490568830332,-173.3870083652896,DENTRO_DE_CAMPANA_POSIBLE,
2000|0.6|583.15|300.033|0.5,barridos_2026-09-19/b0_scan_cementera.csv,2000.0,0.6,583.15,300.032917,0.5,0.5,False,92.36045219240297,2626.9468958771254,1359.6536740347642,2268.2284004329026,334.20915416694294,445.07554401019627,350.07338353893124,-908.5747263981384,DENTRO_DE_CAMPANA_POSIBLE,
2000|0.6|583.15|300.033|0.65,barridos_2026-09-19/b0_scan_cementera.csv,2000.0,0.6,583.15,300.032917,0.65,0.65,False,92.36045219240297,2626.9468958771254,1739.8416405874725,2268.2284004329026,334.20915416694294,445.07554401019627,350.07338353893124,-528.3867598454301,DENTRO_DE_CAMPANA_POSIBLE,
2000|0.6|583.15|300.033|0.8,barridos_2026-09-19/b0_scan_cementera.csv,2000.0,0.6,583.15,300.032917,0.8,0.8,False,92.36045219240297,2626.9468958771254,2120.0296071401813,2268.228400433069,334.20915416694294,445.07554401019627,350.07338353893124,-148.19879329288779,DENTRO_DE_CAMPANA_POSIBLE,
2000|0.65|583.15|300.033|0.5,barridos_2026-09-19/b0_scan_cementera.csv,2000.0,0.65,583.15,300.032917,0.5,0.5,False,126.13987253564214,2592.1364297679643,1359.1381511518032,2219.7565510388663,340.5550751081369,440.1624650136847,344.20680415636895,-860.6183998870631,DENTRO_DE_CAMPANA_POSIBLE,
2000|0.65|583.15|300.033|0.65,barridos_2026-09-19/b0_scan_cementera.csv,2000.0,0.65,583.15,300.032917,0.65,0.65,False,126.13987253564214,2592.1364297679643,1729.0376347366514,2219.756551038995,340.5550751081369,440.1624650136847,344.20680415636895,-490.7189163023436,DENTRO_DE_CAMPANA_POSIBLE,
2000|0.65|583.15|300.033|0.8,barridos_2026-09-19/b0_scan_cementera.csv,2000.0,0.65,583.15,300.032917,0.8,0.8,False,126.13987253564214,2592.1364297679643,2098.9371183215,2219.7565510386926,340.5550751081369,440.1624650136847,344.20680415636895,-120.81943271719274,DENTRO_DE_CAMPANA_POSIBLE,
2000|0.65|583.15|300.033|0.9,barridos_2026-09-19/b0_scan_cementera.csv,2000.0,0.65,583.15,300.032917,0.9,0.9,False,126.13987253564214,2592.1364297679643,2345.536774044732,2219.7565510385957,340.5550751081369,440.1624650136847,344.20680415636895,125.78022300613611,SOBRECALENTADA_DEMOSTRADA,
2000|0.7|583.15|300.033|0.5,barridos_2026-09-19/b0_scan_cementera.csv,2000.0,0.7,583.15,300.032917,0.5,0.5,False,164.9163340846288,2557.349189236445,1361.132761660537,2169.922865291392,356.3650376506377,434.7365240314694,339.3580175695672,-808.7901036308551,DENTRO_DE_CAMPANA_POSIBLE,
2000|0.7|583.15|300.033|0.65,barridos_2026-09-19/b0_scan_cementera.csv,2000.0,0.7,583.15,300.032917,0.65,0.65,False,164.9163340846288,2557.349189236445,1719.9976899333094,2169.922865291331,356.36503765085706,434.7365240314694,339.3580175695672,-449.92517535802176,DENTRO_DE_CAMPANA_POSIBLE,
2000|0.7|583.15|300.033|0.8,barridos_2026-09-19/b0_scan_cementera.csv,2000.0,0.7,583.15,300.032917,0.8,0.8,False,164.9163340846288,2557.349189236445,2078.8626182060816,2169.922865291214,356.3650376505209,434.7365240314694,339.3580175695672,-91.06024708513223,DENTRO_DE_CAMPANA_POSIBLE,
2000|0.7|583.15|300.033|0.9,barridos_2026-09-19/b0_scan_cementera.csv,2000.0,0.7,583.15,300.032917,0.9,0.9,False,164.9163340846288,2557.349189236445,2318.1059037212635,2169.9228652915426,356.3650376506696,434.7365240314694,339.3580175695672,148.1830384297209,SOBRECALENTADA_DEMOSTRADA,
2250|0.5|623.15|300.033|0.85,barridos_2026-09-19/fase1_profesor/eta_vs_Palta_profesor.csv,2250.0,0.5,623.15,300.032917,0.85,0.85,False,41.99580719560243,2793.326265658089,2380.626696888716,2365.446695416332,380.50419383525644,458.87039863390885,370.8093246439909,15.180001472383992,SOBRECALENTADA_DEMOSTRADA,
2500|0.35|583.15|300.033|0.5,barridos_2026-09-19/b0_scan_cementera.csv,2500.0,0.35,583.15,300.032917,0.5,0.5,False,11.797952338296595,2790.851979817706,1401.3249660780011,2503.328435650772,511.2698321435496,475.22909597197605,407.10597768591913,-1102.0034695727709,DENTRO_DE_CAMPANA_POSIBLE,
2500|0.35|583.15|300.033|0.65,barridos_2026-09-19/b0_scan_cementera.csv,2500.0,0.35,583.15,300.032917,0.65,0.65,False,11.797952338296595,2790.851979817706,1818.1830701999127,2503.328435650772,511.2698321435496,475.22909597197605,407.10597768591913,-685.1453654508593,DENTRO_DE_CAMPANA_POSIBLE,
2500|0.35|583.15|300.033|0.8,barridos_2026-09-19/b0_scan_cementera.csv,2500.0,0.35,583.15,300.032917,0.8,0.8,False,11.797952338296595,2790.851979817706,2235.041174321824,2503.328435650772,511.2698321435496,475.22909597197605,407.10597768591913,-268.2872613289478,DENTRO_DE_CAMPANA_POSIBLE,
2500|0.35|583.15|300.033|0.9,barridos_2026-09-19/b0_scan_cementera.csv,2500.0,0.35,583.15,300.032917,0.9,0.9,False,11.797952338296595,2790.851979817706,2512.946577069765,2503.328435650772,511.2698321435496,475.22909597197605,407.10597768591913,9.618141418993218,SOBRECALENTADA_DEMOSTRADA,
2500|0.4|583.15|300.033|0.5,barridos_2026-09-19/b0_scan_cementera.csv,2500.0,0.4,583.15,300.032917,0.5,0.5,False,15.98741070829951,2756.301101516291,1386.1442561122954,2458.7554130481076,467.6545909420942,471.54086601855846,395.91652530083957,-1072.6111569358122,DENTRO_DE_CAMPANA_POSIBLE,
2500|0.4|583.15|300.033|0.65,barridos_2026-09-19/b0_scan_cementera.csv,2500.0,0.4,583.15,300.032917,0.65,0.65,False,15.98741070829951,2756.301101516291,1797.191309733494,2458.7554130481076,467.6545909421741,471.54086601855846,395.91652530083957,-661.5641033146135,DENTRO_DE_CAMPANA_POSIBLE,
2500|0.4|583.15|300.033|0.8,barridos_2026-09-19/b0_scan_cementera.csv,2500.0,0.4,583.15,300.032917,0.8,0.8,False,15.98741070829951,2756.301101516291,2208.238363354693,2458.7554130481076,467.6545909421741,471.54086601855846,395.91652530083957,-250.51704969341472,DENTRO_DE_CAMPANA_POSIBLE,
2500|0.45|583.15|300.033|0.5,barridos_2026-09-19/b0_scan_cementera.csv,2500.0,0.45,583.15,300.032917,0.5,0.5,False,26.031496914605423,2721.7933063338382,1373.9124016242217,2413.645915399133,432.4279394062369,467.65068026894255,385.50064315002766,-1039.7335137749114,DENTRO_DE_CAMPANA_POSIBLE,
2500|0.45|583.15|300.033|0.65,barridos_2026-09-19/b0_scan_cementera.csv,2500.0,0.45,583.15,300.032917,0.65,0.65,False,26.031496914605423,2721.7933063338382,1778.2766730371068,2413.645915399372,432.4279394062369,467.65068026894255,385.50064315002766,-635.3692423622651,DENTRO_DE_CAMPANA_POSIBLE,
2500|0.45|583.15|300.033|0.8,barridos_2026-09-19/b0_scan_cementera.csv,2500.0,0.45,583.15,300.032917,0.8,0.8,False,26.031496914605423,2721.7933063338382,2182.6409444499914,2413.645915399372,432.4279394062369,467.65068026894255,385.50064315002766,-231.00497094938055,DENTRO_DE_CAMPANA_POSIBLE,
2500|0.5|583.15|300.033|0.5,barridos_2026-09-19/b0_scan_cementera.csv,2500.0,0.5,583.15,300.032917,0.5,0.5,False,42.19533061916983,2687.327499074256,1364.761414846713,2367.9175659436064,406.7360630256074,463.52529598900264,376.048836414824,-1003.1561510968934,DENTRO_DE_CAMPANA_POSIBLE,
2500|0.5|583.15|300.033|0.65,barridos_2026-09-19/b0_scan_cementera.csv,2500.0,0.5,583.15,300.032917,0.65,0.65,False,42.19533061916983,2687.327499074256,1761.531240114976,2367.9175659436064,406.73606302554913,463.52529598900264,376.048836414824,-606.3863258286303,DENTRO_DE_CAMPANA_POSIBLE,
2500|0.5|583.15|300.033|0.8,barridos_2026-09-19/b0_scan_cementera.csv,2500.0,0.5,583.15,300.032917,0.8,0.8,False,42.19533061916983,2687.327499074256,2158.301065383239,2367.9175659436064,406.73606302554913,463.52529598900264,376.048836414824,-209.6165005603675,DENTRO_DE_CAMPANA_POSIBLE,
2500|0.5|623.15|300.033|0.85,barridos_2026-09-19/fase1_profesor/eta_vs_Palta_profesor.csv,2500.0,0.5,623.15,300.032917,0.85,0.85,False,42.19533061916983,2789.470095739183,2377.378880971181,2367.9175659436064,406.7360630256604,463.52529598900264,376.048836414824,9.461315027574528,SOBRECALENTADA_DEMOSTRADA,
2500|0.55|583.15|300.033|0.5,barridos_2026-09-19/b0_scan_cementera.csv,2500.0,0.55,583.15,300.032917,0.5,0.5,False,64.50268106964181,2652.9012268581114,1358.7019539638766,2321.4558395891404,391.309973794353,459.1214998853668,367.6884848634995,-962.7538856252638,DENTRO_DE_CAMPANA_POSIBLE,
2500|0.55|583.15|300.033|0.65,barridos_2026-09-19/b0_scan_cementera.csv,2500.0,0.55,583.15,300.032917,0.65,0.65,False,64.50268106964181,2652.9012268581114,1746.961735832147,2321.4558395891404,391.309973794353,459.1214998853668,367.6884848634995,-574.4941037569934,DENTRO_DE_CAMPANA_POSIBLE,
2500|0.55|583.15|300.033|0.8,barridos_2026-09-19/b0_scan_cementera.csv,2500.0,0.55,583.15,300.032917,0.8,0.8,False,64.50268106964181,2652.9012268581114,2135.2215177004173,2321.4558395891404,391.309973794353,459.1214998853668,367.6884848634995,-186.23432188872312,DENTRO_DE_CAMPANA_POSIBLE,
2500|0.6|583.15|300.033|0.5,barridos_2026-09-19/b0_scan_cementera.csv,2500.0,0.6,583.15,300.032917,0.5,0.5,False,92.74246106306023,2618.510828582273,1355.6266448226665,2274.1025592031306,386.40258311529544,454.38152317543114,360.4742442943178,-918.475914380464,DENTRO_DE_CAMPANA_POSIBLE,
2500|0.6|583.15|300.033|0.65,barridos_2026-09-19/b0_scan_cementera.csv,2500.0,0.6,583.15,300.032917,0.65,0.65,False,92.74246106306023,2618.510828582273,1734.4918999505487,2274.1025592031306,386.40258311529544,454.38152317543114,360.4742442943178,-539.6106592525819,DENTRO_DE_CAMPANA_POSIBLE,
2500|0.6|583.15|300.033|0.8,barridos_2026-09-19/b0_scan_cementera.csv,2500.0,0.6,583.15,300.032917,0.8,0.8,False,92.74246106306023,2618.510828582273,2113.3571550784304,2274.1025592031306,386.40258311529544,454.38152317543114,360.4742442943178,-160.74540412470014,DENTRO_DE_CAMPANA_POSIBLE,
2500|0.65|583.15|300.033|0.5,barridos_2026-09-19/b0_scan_cementera.csv,2500.0,0.65,583.15,300.032917,0.5,0.5,False,126.51155054635545,2584.1515982400583,1355.331574393207,2225.636410893229,391.75806984769406,449.22559611442927,354.38527497450616,-870.304836500022,DENTRO_DE_CAMPANA_POSIBLE,
2500|0.65|583.15|300.033|0.65,barridos_2026-09-19/b0_scan_cementera.csv,2500.0,0.65,583.15,300.032917,0.65,0.65,False,126.51155054635545,2584.1515982400583,1723.9775815472624,2225.636410893229,391.75806984769406,449.22559611442927,354.38527497450616,-501.6588293459665,DENTRO_DE_CAMPANA_POSIBLE,
2500|0.65|583.15|300.033|0.8,barridos_2026-09-19/b0_scan_cementera.csv,2500.0,0.65,583.15,300.032917,0.8,0.8,False,126.51155054635545,2584.1515982400583,2092.623588701318,2225.636410893229,391.75806984769406,449.22559611442927,354.38527497450616,-133.0128221919108,DENTRO_DE_CAMPANA_POSIBLE,
2500|0.7|583.15|300.033|0.5,barridos_2026-09-19/b0_scan_cementera.csv,2500.0,0.7,583.15,300.032917,0.5,0.5,False,165.27539261607888,2549.8179588199555,1357.5466757180172,2175.7385082928513,406.6188543511697,443.5391121139156,349.3284343320559,-818.191832574834,DENTRO_DE_CAMPANA_POSIBLE,
2500|0.7|583.15|300.033|0.65,barridos_2026-09-19/b0_scan_cementera.csv,2500.0,0.7,583.15,300.032917,0.65,0.65,False,165.27539261607888,2549.8179588199555,1715.2280606485986,2175.7385082928513,406.6188543511697,443.5391121139156,349.3284343320559,-460.51044764425274,DENTRO_DE_CAMPANA_POSIBLE,
2500|0.7|583.15|300.033|0.8,barridos_2026-09-19/b0_scan_cementera.csv,2500.0,0.7,583.15,300.032917,0.8,0.8,False,165.27539261607888,2549.8179588199555,2072.90944557918,2175.738508293088,406.6188543511697,443.5391121139156,349.3284343320559,-102.82906271390812,DENTRO_DE_CAMPANA_POSIBLE,
2750|0.5|623.15|300.033|0.85,barridos_2026-09-19/fase1_profesor/eta_vs_Palta_profesor.csv,2750.0,0.5,623.15,300.032917,0.85,0.85,False,42.39489951268601,2785.5909138807424,2374.111511725534,2369.7389807828467,431.42839201429337,467.81420218322893,380.9472114506383,4.372530942687263,SOBRECALENTADA_DEMOSTRADA,
3000|0.35|583.15|300.033|0.5,barridos_2026-09-19/b0_scan_cementera.csv,3000.0,0.35,583.15,300.032917,0.5,0.5,False,12.220257854533157,2779.983342082102,1396.1017999683174,2506.0225936736992,561.7492280223859,484.03572725469417,417.16680593478605,-1109.9207937053818,DENTRO_DE_CAMPANA_POSIBLE,
3000|0.35|583.15|300.033|0.65,barridos_2026-09-19/b0_scan_cementera.csv,3000.0,0.35,583.15,300.032917,0.65,0.65,False,12.220257854533157,2779.983342082102,1811.2662626024528,2506.0225936736992,561.7492280223859,484.03572725469417,417.16680593478605,-694.7563310712464,DENTRO_DE_CAMPANA_POSIBLE,
3000|0.35|583.15|300.033|0.8,barridos_2026-09-19/b0_scan_cementera.csv,3000.0,0.35,583.15,300.032917,0.8,0.8,False,12.220257854533157,2779.983342082102,2226.4307252365884,2506.0225936736992,561.7492280223859,484.03572725469417,417.16680593478605,-279.59186843711086,DENTRO_DE_CAMPANA_POSIBLE,
3000|0.35|583.15|300.033|0.9,barridos_2026-09-19/b0_scan_cementera.csv,3000.0,0.35,583.15,300.032917,0.9,0.9,False,12.220257854533157,2779.983342082102,2503.207033659345,2506.0225936736992,561.7492280223859,484.03572725469417,417.16680593478605,-2.815560014354105,DENTRO_DE_CAMPANA_POSIBLE,
3000|0.4|583.15|300.033|0.5,barridos_2026-09-19/b0_scan_cementera.csv,3000.0,0.4,583.15,300.032917,0.5,0.5,False,16.40207711426378,2745.890676023295,1381.1463765687793,2461.597811662558,517.5110363430639,480.1748261753551,405.8265354597948,-1080.4514350937786,DENTRO_DE_CAMPANA_POSIBLE,
3000|0.4|583.15|300.033|0.65,barridos_2026-09-19/b0_scan_cementera.csv,3000.0,0.4,583.15,300.032917,0.65,0.65,False,16.40207711426378,2745.890676023295,1790.569666405134,2461.597811662558,517.5110363430639,480.1748261753551,405.8265354597948,-671.0281452574238,DENTRO_DE_CAMPANA_POSIBLE,
3000|0.4|583.15|300.033|0.8,barridos_2026-09-19/b0_scan_cementera.csv,3000.0,0.4,583.15,300.032917,0.8,0.8,False,16.40207711426378,2745.890676023295,2199.992956241489,2461.597811662558,517.5110363430557,480.1748261753551,405.8265354597948,-261.6048554210688,DENTRO_DE_CAMPANA_POSIBLE,
3000|0.4|623.15|300.033|0.85,barridos_2026-09-19/fase1_profesor/eta_vs_xb_profesor.csv,3000.0,0.4,623.15,300.032917,0.85,0.85,False,16.40207711426378,2848.127723309742,2423.3688763804203,2461.597811662558,517.5110363430557,480.1748261753551,405.8265354597948,-38.22893528213763,DENTRO_DE_CAMPANA_POSIBLE,
3000|0.45|583.15|300.033|0.5,barridos_2026-09-19/b0_scan_cementera.csv,3000.0,0.45,583.15,300.032917,0.5,0.5,False,26.43845591436748,2711.843073816766,1369.1407648655666,2416.622573497389,481.4569069898763,476.1059062841319,395.2209574730669,-1047.4818086318226,DENTRO_DE_CAMPANA_POSIBLE,
3000|0.45|583.15|300.033|0.65,barridos_2026-09-19/b0_scan_cementera.csv,3000.0,0.45,583.15,300.032917,0.65,0.65,False,26.43845591436748,2711.843073816766,1771.9514575509263,2416.622573497389,481.4569069898763,476.1059062841319,395.2209574730669,-644.6711159464628,DENTRO_DE_CAMPANA_POSIBLE,
3000|0.45|583.15|300.033|0.8,barridos_2026-09-19/b0_scan_cementera.csv,3000.0,0.45,583.15,300.032917,0.8,0.8,False,26.43845591436748,2711.843073816766,2174.7621502362863,2416.622573497389,481.4569069898763,476.1059062841319,395.2209574730669,-241.86042326110282,DENTRO_DE_CAMPANA_POSIBLE,
3000|0.45|583.15|300.033|0.9,barridos_2026-09-19/b0_scan_cementera.csv,3000.0,0.45,583.15,300.032917,0.9,0.9,False,26.43845591436748,2711.843073816766,2443.302612026526,2416.622573497389,481.4569069898763,476.1059062841319,395.2209574730669,26.68003852913671,SOBRECALENTADA_DEMOSTRADA,
3000|0.45|623.15|300.033|0.85,barridos_2026-09-19/fase1_profesor/eta_vs_xb_profesor.csv,3000.0,0.45,623.15,300.032917,0.85,0.85,False,26.43845591436748,2814.8800636082588,2396.613822454175,2416.622573497389,481.4569069898763,476.1059062841319,395.2209574730669,-20.008751043214033,DENTRO_DE_CAMPANA_POSIBLE,
3000|0.5|583.15|300.033|0.5,barridos_2026-09-19/b0_scan_cementera.csv,3000.0,0.5,583.15,300.032917,0.5,0.5,False,42.59451371694848,2677.8398141049447,1360.2171639109465,2371.0109776549134,454.825468492777,471.79477596770096,385.55748439418085,-1010.7938137439669,DENTRO_DE_CAMPANA_POSIBLE,
3000|0.5|583.15|300.033|0.65,barridos_2026-09-19/b0_scan_cementera.csv,3000.0,0.5,583.15,300.032917,0.65,0.65,False,42.59451371694848,2677.8398141049447,1755.5039589691462,2371.0109776549134,454.825468492777,471.79477596770096,385.55748439418085,-615.5070186857672,DENTRO_DE_CAMPANA_POSIBLE,
3000|0.5|583.15|300.033|0.8,barridos_2026-09-19/b0_scan_cementera.csv,3000.0,0.5,583.15,300.032917,0.8,0.8,False,42.59451371694848,2677.8398141049447,2150.790754027346,2371.0109776549134,454.825468492777,471.79477596770096,385.55748439418085,-220.22022362756752,DENTRO_DE_CAMPANA_POSIBLE,
3000|0.5|623.15|300.033|0.85,barridos_2026-09-19/fase1_profesor/eta_vs_Palta_profesor.csv;barridos_2026-09-19/fase1_profesor/eta_vs_xb_profesor.csv,3000.0,0.5,623.15,300.032917,0.85,0.85,False,42.59451371694848,2781.6884804435576,2370.8243854345665,2371.0109776549134,454.825468492777,471.79477596770096,385.55748439418085,-0.18659222034693812,DENTRO_DE_CAMPANA_POSIBLE,
3000|0.5|623.15|297.95|0.85,barridos_2026-09-19/fase1_profesor/eta_vs_Tambiente_profesor.csv,3000.0,0.5,623.15,297.95,0.85,0.85,False,32.9598201230104,2781.6884804435576,2369.379181395476,2371.0109776549134,454.825468492777,471.79477596770096,385.55748439418085,-1.6317962594375786,DENTRO_DE_CAMPANA_POSIBLE,
3000|0.5|623.15|298|0.85,barridos_2026-09-19/fase1_profesor/eta_vs_Tambiente_profesor.csv,3000.0,0.5,623.15,298.0,0.85,0.85,False,33.19089097566019,2781.6884804435576,2369.413842023373,2371.0109776549134,454.825468492777,471.79477596770096,385.55748439418085,-1.5971356315403682,DENTRO_DE_CAMPANA_POSIBLE,
3000|0.5|623.15|298.2|0.85,barridos_2026-09-19/fase1_profesor/eta_vs_Tambiente_profesor.csv,3000.0,0.5,623.15,298.2,0.85,0.85,False,34.11527715888276,2781.6884804435576,2369.5524999508566,2371.0109776549134,454.825468492777,471.79477596770096,385.55748439418085,-1.4584777040568042,DENTRO_DE_CAMPANA_POSIBLE,
3000|0.5|623.15|298.3|0.85,barridos_2026-09-19/fase1_profesor/eta_vs_Tambiente_profesor.csv,3000.0,0.5,623.15,298.3,0.85,0.85,False,34.577531860364005,2781.6884804435576,2369.621838156079,2371.0109776549134,454.825468492777,471.79477596770096,385.55748439418085,-1.3891394988345382,DENTRO_DE_CAMPANA_POSIBLE,
3000|0.5|623.15|298.5|0.85,barridos_2026-09-19/fase1_profesor/eta_vs_Tambiente_profesor.csv,3000.0,0.5,623.15,298.5,0.85,0.85,False,35.50216433154868,2781.6884804435576,2369.7605330267565,2371.0109776549134,454.825468492777,471.79477596770096,385.55748439418085,-1.2504446281568562,DENTRO_DE_CAMPANA_POSIBLE,
3000|0.5|623.15|298.65|0.85,barridos_2026-09-19/fase1_profesor/eta_vs_Tambiente_profesor.csv,3000.0,0.5,623.15,298.65,0.85,0.85,False,36.195746252080305,2781.6884804435576,2369.8645703148363,2371.0109776549134,454.825468492777,471.79477596770096,385.55748439418085,-1.1464073400770758,DENTRO_DE_CAMPANA_POSIBLE,
3000|0.5|623.15|298.7|0.85,barridos_2026-09-19/fase1_profesor/eta_vs_Tambiente_profesor.csv,3000.0,0.5,623.15,298.7,0.85,0.85,False,36.42696069489903,2781.6884804435576,2369.899252481259,2371.0109776549134,454.825468492777,471.79477596770096,385.55748439418085,-1.1117251736545768,DENTRO_DE_CAMPANA_POSIBLE,
3000|0.5|623.15|298.9|0.85,barridos_2026-09-19/fase1_profesor/eta_vs_Tambiente_profesor.csv,3000.0,0.5,623.15,298.9,0.85,0.85,False,37.35192071570431,2781.6884804435576,2370.0379964843796,2371.0109776549134,454.825468492777,471.79477596770096,385.55748439418085,-0.9729811705337852,DENTRO_DE_CAMPANA_POSIBLE,
3000|0.5|623.15|298.95|0.85,barridos_2026-09-19/fase1_profesor/eta_vs_Tambiente_profesor.csv,3000.0,0.5,623.15,298.95,0.85,0.85,False,37.58318626529706,2781.6884804435576,2370.072686316819,2371.0109776549134,454.825468492777,471.79477596770096,385.55748439418085,-0.9382913380945865,DENTRO_DE_CAMPANA_POSIBLE,
3000|0.5|623.15|299.1|0.85,barridos_2026-09-19/fase1_profesor/eta_vs_Tambiente_profesor.csv,3000.0,0.5,623.15,299.1,0.85,0.85,False,38.277044163627,2781.6884804435576,2370.176765001568,2371.0109776549134,454.825468492777,471.79477596770096,385.55748439418085,-0.8342126533452756,DENTRO_DE_CAMPANA_POSIBLE,
3000|0.5|623.15|299.15|0.85,barridos_2026-09-19/fase1_profesor/eta_vs_Tambiente_profesor.csv,3000.0,0.5,623.15,299.15,0.85,0.85,False,38.50835053451774,2781.6884804435576,2370.211460957202,2371.0109776549134,454.825468492777,471.79477596770096,385.55748439418085,-0.7995166977116241,DENTRO_DE_CAMPANA_POSIBLE,
3000|0.5|623.15|299.2|0.85,barridos_2026-09-19/fase1_profesor/eta_vs_Tambiente_profesor.csv;barridos_2026-09-19/fase1_profesor/eta_vs_Tambiente_profesor.csv,3000.0,0.5,623.15,299.2,0.85,0.85,False,38.739667101966546,2781.6884804435576,2370.246158442319,2371.0109776549134,454.825468492777,471.79477596770096,385.55748439418085,-0.7648192125943751,DENTRO_DE_CAMPANA_POSIBLE,
3000|0.5|623.15|299.4|0.85,barridos_2026-09-19/fase1_profesor/eta_vs_Tambiente_profesor.csv,3000.0,0.5,623.15,299.4,0.85,0.85,False,39.66503526817333,2781.6884804435576,2370.3849636672503,2371.0109776549134,454.825468492777,471.79477596770096,385.55748439418085,-0.6260139876631001,DENTRO_DE_CAMPANA_POSIBLE,
3000|0.5|623.15|299.8|0.85,barridos_2026-09-19/fase1_profesor/eta_vs_Tambiente_profesor.csv,3000.0,0.5,623.15,299.8,0.85,0.85,False,41.51625999593956,2781.6884804435576,2370.662647376415,2371.0109776549134,454.825468492777,471.79477596770096,385.55748439418085,-0.34833027849845166,DENTRO_DE_CAMPANA_POSIBLE,
3000|0.5|623.15|300.485|0.85,barridos_2026-09-19/fase1_profesor/eta_vs_Tambiente_profesor.csv,3000.0,0.5,623.15,300.485,0.85,0.85,False,44.687990600737656,2781.6884804435576,2371.138406967135,2371.0109776549134,454.825468492777,471.79477596770096,385.55748439418085,0.1274293122214658,SOBRECALENTADA_DEMOSTRADA,
3000|0.5|623.15|300.9|0.85,barridos_2026-09-19/fase1_profesor/eta_vs_Tambiente_profesor.csv,3000.0,0.5,623.15,300.9,0.85,0.85,False,46.61047353633176,2781.6884804435576,2371.426779407474,2371.0109776549134,454.825468492777,471.79477596770096,385.55748439418085,0.4158017525605828,SOBRECALENTADA_DEMOSTRADA,
3000|0.5|623.15|301.55|0.85,barridos_2026-09-19/fase1_profesor/eta_vs_Tambiente_profesor.csv,3000.0,0.5,623.15,301.55,0.85,0.85,False,49.62298702740349,2781.6884804435576,2371.8786564311345,2371.0109776549134,454.825468492777,471.79477596770096,385.55748439418085,0.8676787762210552,SOBRECALENTADA_DEMOSTRADA,
3000|0.5|623.15|301.655|0.85,barridos_2026-09-19/fase1_profesor/eta_vs_Tambiente_profesor.csv,3000.0,0.5,623.15,301.655,0.85,0.85,False,50.10978329784125,2781.6884804435576,2371.9516758717004,2371.0109776549134,454.825468492777,471.79477596770096,385.55748439418085,0.940698216787041,SOBRECALENTADA_DEMOSTRADA,
3000|0.5|623.15|302.25|0.85,barridos_2026-09-19/fase1_profesor/eta_vs_Tambiente_profesor.csv,3000.0,0.5,623.15,302.25,0.85,0.85,False,52.86913134230217,2781.6884804435576,2372.3655780783693,2371.0109776549134,454.825468492777,471.79477596770096,385.55748439418085,1.3546004234558495,SOBRECALENTADA_DEMOSTRADA,
3000|0.5|623.15|302.4|0.85,barridos_2026-09-19/fase1_profesor/eta_vs_Tambiente_profesor.csv,3000.0,0.5,623.15,302.4,0.85,0.85,False,53.56498924022646,2781.6884804435576,2372.4699567630582,2371.0109776549134,454.825468492777,471.79477596770096,385.55748439418085,1.4589791081448311,SOBRECALENTADA_DEMOSTRADA,
3000|0.5|623.15|302.9|0.85,barridos_2026-09-19/fase1_profesor/eta_vs_Tambiente_profesor.csv,3000.0,0.5,623.15,302.9,0.85,0.85,False,55.88516550365649,2781.6884804435576,2372.8179832025726,2371.0109776549134,454.825468492777,471.79477596770096,385.55748439418085,1.8070055476591733,SOBRECALENTADA_DEMOSTRADA,
3000|0.5|623.15|303.1|0.85,barridos_2026-09-19/fase1_profesor/eta_vs_Tambiente_profesor.csv,3000.0,0.5,623.15,303.1,0.85,0.85,False,56.81351560680395,2781.6884804435576,2372.9572357180446,2371.0109776549134,454.825468492777,471.79477596770096,385.55748439418085,1.946258063131154,SOBRECALENTADA_DEMOSTRADA,
3000|0.5|623.15|303.55|0.85,barridos_2026-09-19/fase1_profesor/eta_vs_Tambiente_profesor.csv,3000.0,0.5,623.15,303.55,0.85,0.85,False,58.90288648180653,2781.6884804435576,2373.270641349295,2371.0109776549134,454.825468492777,471.79477596770096,385.55748439418085,2.259663694381743,SOBRECALENTADA_DEMOSTRADA,
3000|0.55|583.15|300.033|0.5,barridos_2026-09-19/b0_scan_cementera.csv,3000.0,0.55,583.15,300.032917,0.5,0.5,False,64.8938094769503,2643.8784643717754,1354.3861369243627,2324.642886961503,438.4270235475426,467.1970136055332,376.9793527516936,-970.2567500371401,DENTRO_DE_CAMPANA_POSIBLE,
3000|0.55|583.15|300.033|0.65,barridos_2026-09-19/b0_scan_cementera.csv,3000.0,0.55,583.15,300.032917,0.65,0.65,False,64.8938094769503,2643.8784643717754,1741.2338351585865,2324.642886961515,438.4270235475426,467.1970136055332,376.9793527516936,-583.4090518029286,DENTRO_DE_CAMPANA_POSIBLE,
3000|0.55|583.15|300.033|0.8,barridos_2026-09-19/b0_scan_cementera.csv,3000.0,0.55,583.15,300.032917,0.8,0.8,False,64.8938094769503,2643.8784643717754,2128.0815333928103,2324.642886961515,438.4270235475426,467.1970136055332,376.9793527516936,-196.56135356870482,DENTRO_DE_CAMPANA_POSIBLE,
3000|0.55|623.15|300.033|0.85,barridos_2026-09-19/fase1_profesor/eta_vs_xb_profesor.csv,3000.0,0.55,623.15,300.032917,0.85,0.85,False,64.8938094769503,2748.550251642176,2346.001785317392,2324.642886961742,438.4270235475426,467.1970136055332,376.9793527516936,21.358898355650126,SOBRECALENTADA_DEMOSTRADA,
3000|0.6|583.15|300.033|0.5,barridos_2026-09-19/b0_scan_cementera.csv,3000.0,0.6,583.15,300.032917,0.5,0.5,False,93.12480009213975,2609.9550772220837,1351.5399386571116,2277.3517315636077,432.56572112122956,462.2532428683603,369.55223243012836,-925.8117929064961,DENTRO_DE_CAMPANA_POSIBLE,
3000|0.6|583.15|300.033|0.65,barridos_2026-09-19/b0_scan_cementera.csv,3000.0,0.6,583.15,300.032917,0.65,0.65,False,93.12480009213975,2609.9550772220837,1729.0644802266033,2277.3517315636077,432.56572112122956,462.2532428683603,369.55223243012836,-548.2872513370044,DENTRO_DE_CAMPANA_POSIBLE,
3000|0.6|583.15|300.033|0.8,barridos_2026-09-19/b0_scan_cementera.csv,3000.0,0.6,583.15,300.032917,0.8,0.8,False,93.12480009213975,2609.9550772220837,2106.589021796095,2277.3517315636077,432.56572112122956,462.2532428683603,369.55223243012836,-170.76270976751266,DENTRO_DE_CAMPANA_POSIBLE,
3000|0.65|583.15|300.033|0.5,barridos_2026-09-19/b0_scan_cementera.csv,3000.0,0.65,583.15,300.032917,0.5,0.5,False,126.88367785560722,2576.064397408211,1351.4740376319091,2228.9038535054806,437.0049964958907,456.88146703239835,363.26016727083913,-877.4298158735714,DENTRO_DE_CAMPANA_POSIBLE,
3000|0.65|583.15|300.033|0.65,barridos_2026-09-19/b0_scan_cementera.csv,3000.0,0.65,583.15,300.032917,0.65,0.65,False,126.88367785560722,2576.064397408211,1718.8511455647997,2228.9038535054806,437.0049964958907,456.88146703239835,363.26016727083913,-510.0527079406809,DENTRO_DE_CAMPANA_POSIBLE,
3000|0.65|583.15|300.033|0.8,barridos_2026-09-19/b0_scan_cementera.csv,3000.0,0.65,583.15,300.032917,0.8,0.8,False,126.88367785560722,2576.064397408211,2086.2282534976903,2228.903853505403,437.0049964958907,456.88146703239835,363.26016727083913,-142.67560000771255,DENTRO_DE_CAMPANA_POSIBLE,
3000|0.7|583.15|300.033|0.5,barridos_2026-09-19/b0_scan_cementera.csv,3000.0,0.7,583.15,300.032917,0.5,0.5,False,165.63506724136155,2542.2000773972077,1353.9175723192845,2178.9619789834974,450.97815190895983,450.9638651269677,358.0094990874319,-825.0444066642128,DENTRO_DE_CAMPANA_POSIBLE,
3000|0.7|583.15|300.033|0.65,barridos_2026-09-19/b0_scan_cementera.csv,3000.0,0.7,583.15,300.032917,0.65,0.65,False,165.63506724136155,2542.2000773972077,1710.4023238426614,2178.9619789834974,450.9781519090147,450.9638651269677,358.0094990874319,-468.55965514083596,DENTRO_DE_CAMPANA_POSIBLE,
3000|0.7|583.15|300.033|0.8,barridos_2026-09-19/b0_scan_cementera.csv,3000.0,0.7,583.15,300.032917,0.8,0.8,False,165.63506724136155,2542.2000773972077,2066.8870753660385,2178.9619789834974,450.97815190907016,450.9638651269677,358.0094990874319,-112.07490361745886,DENTRO_DE_CAMPANA_POSIBLE,
3250|0.5|623.15|300.033|0.85,barridos_2026-09-19/fase1_profesor/eta_vs_Palta_profesor.csv,3250.0,0.5,623.15,300.032917,0.85,0.85,False,42.794173073645624,2777.7625519435237,2367.517295113042,2371.8100253573857,477.1170303791757,475.51154827988444,389.92077337027064,-4.292730244343602,DENTRO_DE_CAMPANA_POSIBLE,
3500|0.35|583.15|300.033|0.5,barridos_2026-09-19/b0_scan_cementera.csv,3500.0,0.35,583.15,300.032917,0.5,0.5,False,12.642623653516509,2768.868666436167,1390.755645044842,2506.832645638624,607.3746420582117,491.731937452322,426.1250193959547,-1116.077000593782,DENTRO_DE_CAMPANA_POSIBLE,
3500|0.35|583.15|300.033|0.65,barridos_2026-09-19/b0_scan_cementera.csv,3500.0,0.35,583.15,300.032917,0.65,0.65,False,12.642623653516509,2768.868666436167,1804.1895514622395,2506.832645638624,607.3746420582117,491.731937452322,426.1250193959547,-702.6430941763845,DENTRO_DE_CAMPANA_POSIBLE,
3500|0.35|583.15|300.033|0.8,barridos_2026-09-19/b0_scan_cementera.csv,3500.0,0.35,583.15,300.032917,0.8,0.8,False,12.642623653516509,2768.868666436167,2217.623457879637,2506.832645638624,607.3746420582117,491.731937452322,426.1250193959547,-289.2091877589869,DENTRO_DE_CAMPANA_POSIBLE,
3500|0.35|583.15|300.033|0.9,barridos_2026-09-19/b0_scan_cementera.csv,3500.0,0.35,583.15,300.032917,0.9,0.9,False,12.642623653516509,2768.868666436167,2493.246062157902,2506.832645638624,607.3746420582117,491.731937452322,426.1250193959547,-13.586583480721856,DENTRO_DE_CAMPANA_POSIBLE,
3500|0.4|583.15|300.033|0.65,barridos_2026-09-19/b0_scan_cementera.csv,3500.0,0.4,583.15,300.032917,0.65,0.65,False,16.816837560835193,2735.2638468256773,1783.8073935829827,2462.5452296313733,562.6576545932185,487.7129725220431,414.67199980365297,-678.7378360483906,DENTRO_DE_CAMPANA_POSIBLE,
3500|0.4|583.15|300.033|0.8,barridos_2026-09-19/b0_scan_cementera.csv,3500.0,0.4,583.15,300.032917,0.8,0.8,False,16.816837560835193,2735.2638468256773,2191.574444972709,2462.545229630662,562.6576545932185,487.7129725220431,414.67199980365297,-270.9707846579531,DENTRO_DE_CAMPANA_POSIBLE,
3500|0.4|583.15|300.033|0.9,barridos_2026-09-19/b0_scan_cementera.csv,3500.0,0.4,583.15,300.032917,0.9,0.9,False,16.816837560835193,2735.2638468256773,2463.419145899193,2462.5452296313733,562.6576545932185,487.7129725220431,414.67199980365297,0.8739162678198227,SOBRECALENTADA_DEMOSTRADA,
3500|0.45|583.15|300.033|0.5,barridos_2026-09-19/b0_scan_cementera.csv,3500.0,0.45,583.15,300.032917,0.5,0.5,False,26.84554776214838,2701.703292362119,1364.2744200621337,2417.6959821838664,525.9105261136717,483.48056404089937,403.91309793470845,-1053.4215621217327,DENTRO_DE_CAMPANA_POSIBLE,
3500|0.45|583.15|300.033|0.65,barridos_2026-09-19/b0_scan_cementera.csv,3500.0,0.45,583.15,300.032917,0.65,0.65,False,26.84554776214838,2701.703292362119,1765.5030817521292,2417.6959821838664,525.9105261136717,483.48056404089937,403.91309793470845,-652.1929004317371,DENTRO_DE_CAMPANA_POSIBLE,
3500|0.45|583.15|300.033|0.8,barridos_2026-09-19/b0_scan_cementera.csv,3500.0,0.45,583.15,300.032917,0.8,0.8,False,26.84554776214838,2701.703292362119,2166.7317434421248,2417.6959821838664,525.9105261136717,483.48056404089937,403.91309793470845,-250.9642387417416,DENTRO_DE_CAMPANA_POSIBLE,
3500|0.45|583.15|300.033|0.9,barridos_2026-09-19/b0_scan_cementera.csv,3500.0,0.45,583.15,300.032917,0.9,0.9,False,26.84554776214838,2701.703292362119,2434.2175179021224,2417.6959821838664,525.9105261136717,483.48056404089937,403.91309793470845,16.52153571825602,SOBRECALENTADA_DEMOSTRADA,
3500|0.5|583.15|300.033|0.5,barridos_2026-09-19/b0_scan_cementera.csv,3500.0,0.5,583.15,300.032917,0.5,0.5,False,42.993877425328115,2668.1869366113874,1355.5904070183578,2372.1958374757683,498.4536870378372,478.9996727102609,394.0696560420816,-1016.6054304574104,DENTRO_DE_CAMPANA_POSIBLE,
3500|0.5|583.15|300.033|0.65,barridos_2026-09-19/b0_scan_cementera.csv,3500.0,0.5,583.15,300.032917,0.65,0.65,False,42.993877425328115,2668.1869366113874,1749.3693658962668,2372.1958374756714,498.4536870378372,478.9996727102609,394.0696560420816,-622.8264715794046,DENTRO_DE_CAMPANA_POSIBLE,
3500|0.5|583.15|300.033|0.8,barridos_2026-09-19/b0_scan_cementera.csv,3500.0,0.5,583.15,300.032917,0.8,0.8,False,42.993877425328115,2668.1869366113874,2143.1483247741758,2372.1958374757683,498.4536870378372,478.9996727102609,394.0696560420816,-229.0475127015925,DENTRO_DE_CAMPANA_POSIBLE,
3500|0.5|623.15|300.033|0.85,barridos_2026-09-19/fase1_profesor/eta_vs_Palta_profesor.csv,3500.0,0.5,623.15,300.032917,0.85,0.85,False,42.993877425328115,2773.8128810123126,2364.190030474265,2372.1958374757683,498.4536870378372,478.9996727102609,394.0696560420816,-8.005807001503399,DENTRO_DE_CAMPANA_POSIBLE,
3500|0.55|583.15|300.033|0.5,barridos_2026-09-19/b0_scan_cementera.csv,3500.0,0.55,583.15,300.032917,0.5,0.5,False,65.28518069886714,2634.712605656921,1349.998893177894,2325.91951024868,481.1741171007884,474.2248094265661,385.2994581825294,-975.9206170707862,DENTRO_DE_CAMPANA_POSIBLE,
3500|0.55|583.15|300.033|0.65,barridos_2026-09-19/b0_scan_cementera.csv,3500.0,0.55,583.15,300.032917,0.65,0.65,False,65.28518069886714,2634.712605656921,1735.4130069216021,2325.91951024868,481.1741171007884,474.2248094265661,385.2994581825294,-590.506503327078,DENTRO_DE_CAMPANA_POSIBLE,
3500|0.55|583.15|300.033|0.8,barridos_2026-09-19/b0_scan_cementera.csv,3500.0,0.55,583.15,300.032917,0.8,0.8,False,65.28518069886714,2634.712605656921,2120.8271206653103,2325.91951024868,481.1741171007884,474.2248094265661,385.2994581825294,-205.09238958336982,DENTRO_DE_CAMPANA_POSIBLE,
3500|0.6|583.15|300.033|0.5,barridos_2026-09-19/b0_scan_cementera.csv,3500.0,0.6,583.15,300.032917,0.5,0.5,False,93.50746638410833,2601.2762696012646,1347.3918679926865,2278.6926117872986,474.4295198889628,469.0951857021917,377.679170770206,-931.3007437946121,DENTRO_DE_CAMPANA_POSIBLE,
3500|0.6|583.15|300.033|0.65,barridos_2026-09-19/b0_scan_cementera.csv,3500.0,0.6,583.15,300.032917,0.65,0.65,False,93.50746638410833,2601.2762696012646,1723.55718847526,2278.6926117872986,474.4295198889601,469.0951857021917,377.679170770206,-555.1354233120385,DENTRO_DE_CAMPANA_POSIBLE,
3500|0.6|583.15|300.033|0.8,barridos_2026-09-19/b0_scan_cementera.csv,3500.0,0.6,583.15,300.032917,0.8,0.8,False,93.50746638410833,2601.2762696012646,2099.7225089578333,2278.6926117872986,474.42951988899756,469.0951857021917,377.679170770206,-178.9701028294653,DENTRO_DE_CAMPANA_POSIBLE,
3500|0.65|583.15|300.033|0.5,barridos_2026-09-19/b0_scan_cementera.csv,3500.0,0.65,583.15,300.032917,0.5,0.5,False,127.25624995066298,2567.872299230467,1347.564274590565,2230.269847676667,478.006338474607,463.5268512445621,371.1984026369909,-882.7055730861018,DENTRO_DE_CAMPANA_POSIBLE,
3500|0.65|583.15|300.033|0.65,barridos_2026-09-19/b0_scan_cementera.csv,3500.0,0.65,583.15,300.032917,0.65,0.65,False,127.25624995066298,2567.872299230467,1713.6566819825357,2230.269847676667,478.006338474607,463.5268512445621,371.1984026369909,-516.6131656941311,DENTRO_DE_CAMPANA_POSIBLE,
3500|0.65|583.15|300.033|0.8,barridos_2026-09-19/b0_scan_cementera.csv,3500.0,0.65,583.15,300.032917,0.8,0.8,False,127.25624995066298,2567.872299230467,2079.749089374506,2230.269847676667,478.006338474607,463.5268512445621,371.1984026369909,-150.52075830216063,DENTRO_DE_CAMPANA_POSIBLE,
3500|0.7|583.15|300.033|0.5,barridos_2026-09-19/b0_scan_cementera.csv,3500.0,0.7,583.15,300.032917,0.5,0.5,False,165.9953508115431,2534.493727496106,1350.2445391538247,2180.2964459488308,491.1326706844865,457.39916154325954,365.76400448277576,-830.0519067950061,DENTRO_DE_CAMPANA_POSIBLE,
3500|0.7|583.15|300.033|0.65,barridos_2026-09-19/b0_scan_cementera.csv,3500.0,0.7,583.15,300.032917,0.65,0.65,False,165.9953508115431,2534.493727496106,1705.5192956565093,2180.2964459488308,491.1326706844865,457.39916154325954,365.76400448277576,-474.7771502923215,DENTRO_DE_CAMPANA_POSIBLE,
3500|0.7|583.15|300.033|0.8,barridos_2026-09-19/b0_scan_cementera.csv,3500.0,0.7,583.15,300.032917,0.8,0.8,False,165.9953508115431,2534.493727496106,2060.7940521591936,2180.2964459488308,491.1326706844865,457.39916154325954,365.76400448277576,-119.50239378963715,DENTRO_DE_CAMPANA_POSIBLE,
3750|0.5|623.15|300.033|0.85,barridos_2026-09-19/fase1_profesor/eta_vs_Palta_profesor.csv,3750.0,0.5,623.15,300.032917,0.85,0.85,False,43.19362661542231,2769.8392163601516,2360.8423778984425,2372.2158758149208,518.957206586001,482.28741641149287,398.03041920133103,-11.3734979164783,DENTRO_DE_CAMPANA_POSIBLE,
4000|0.35|583.15|300.033|0.5,barridos_2026-09-19/b0_scan_cementera.csv,4000.0,0.35,583.15,300.032917,0.5,0.5,False,13.065049419425568,2757.49665955997,1385.2808544896977,2506.1960102866115,649.324062504561,498.5870535103185,434.24158179656956,-1120.9151557969137,DENTRO_DE_CAMPANA_POSIBLE,
4000|0.35|583.15|300.033|0.65,barridos_2026-09-19/b0_scan_cementera.csv,4000.0,0.35,583.15,300.032917,0.65,0.65,False,13.065049419425568,2757.49665955997,1796.9455960107794,2506.1960102866115,649.324062504561,498.5870535103185,434.24158179656956,-709.2504142758321,DENTRO_DE_CAMPANA_POSIBLE,
4000|0.35|583.15|300.033|0.8,barridos_2026-09-19/b0_scan_cementera.csv,4000.0,0.35,583.15,300.032917,0.8,0.8,False,13.065049419425568,2757.49665955997,2208.610337531861,2506.1960102866115,649.324062504561,498.5870535103185,434.24158179656956,-297.58567275475025,DENTRO_DE_CAMPANA_POSIBLE,
4000|0.35|583.15|300.033|0.9,barridos_2026-09-19/b0_scan_cementera.csv,4000.0,0.35,583.15,300.032917,0.9,0.9,False,13.065049419425568,2757.49665955997,2483.0534985459153,2506.1960102866115,649.324062504561,498.5870535103185,434.24158179656956,-23.142511740696136,DENTRO_DE_CAMPANA_POSIBLE,
4000|0.4|583.15|300.033|0.5,barridos_2026-09-19/b0_scan_cementera.csv,4000.0,0.4,583.15,300.032917,0.5,0.5,False,17.231691502853344,2724.411436059072,1370.8215637809626,2462.0352991709206,604.2438477384048,494.4209984086056,422.7054270539857,-1091.213735389958,DENTRO_DE_CAMPANA_POSIBLE,
4000|0.4|583.15|300.033|0.65,barridos_2026-09-19/b0_scan_cementera.csv,4000.0,0.4,583.15,300.032917,0.65,0.65,False,17.231691502853344,2724.411436059072,1776.8985254643956,2462.0352991709206,604.2438477384048,494.4209984086056,422.7054270539857,-685.136773706525,DENTRO_DE_CAMPANA_POSIBLE,
4000|0.4|583.15|300.033|0.8,barridos_2026-09-19/b0_scan_cementera.csv,4000.0,0.4,583.15,300.032917,0.8,0.8,False,17.231691502853344,2724.411436059072,2182.975487147828,2462.0352991709206,604.2438477384048,494.4209984086056,422.7054270539857,-279.0598120230925,DENTRO_DE_CAMPANA_POSIBLE,
4000|0.4|583.15|300.033|0.9,barridos_2026-09-19/b0_scan_cementera.csv,4000.0,0.4,583.15,300.032917,0.9,0.9,False,17.231691502853344,2724.411436059072,2453.69346160345,2462.0352991709206,604.2438477384048,494.4209984086056,422.7054270539857,-8.34183756747052,DENTRO_DE_CAMPANA_POSIBLE,
4000|0.45|583.15|300.033|0.5,barridos_2026-09-19/b0_scan_cementera.csv,4000.0,0.45,583.15,300.032917,0.5,0.5,False,27.252771616668092,2691.3665698490217,1359.309670732845,2417.303407253595,566.9144508478569,490.03654024903653,411.8222630312817,-1057.9937365207502,DENTRO_DE_CAMPANA_POSIBLE,
4000|0.45|583.15|300.033|0.65,barridos_2026-09-19/b0_scan_cementera.csv,4000.0,0.45,583.15,300.032917,0.65,0.65,False,27.252771616668092,2691.3665698490217,1758.926740467698,2417.303407253595,566.9144508478569,490.03654024903653,411.8222630312817,-658.3766667858972,DENTRO_DE_CAMPANA_POSIBLE,
4000|0.45|583.15|300.033|0.8,barridos_2026-09-19/b0_scan_cementera.csv,4000.0,0.45,583.15,300.032917,0.8,0.8,False,27.252771616668092,2691.3665698490217,2158.543810202551,2417.303407253621,566.9144508478569,490.03654024903653,411.8222630312817,-258.75959705107016,DENTRO_DE_CAMPANA_POSIBLE,
4000|0.45|583.15|300.033|0.9,barridos_2026-09-19/b0_scan_cementera.csv,4000.0,0.45,583.15,300.032917,0.9,0.9,False,27.252771616668092,2691.3665698490217,2424.9551900257866,2417.303407253621,566.9144508478569,490.03654024903653,411.8222630312817,7.651782772165461,SOBRECALENTADA_DEMOSTRADA,
4000|0.5|583.15|300.033|0.5,barridos_2026-09-19/b0_scan_cementera.csv,4000.0,0.5,583.15,300.032917,0.5,0.5,False,43.393420488211774,2658.3629842188157,1350.8782023535136,2371.908425660324,538.7276027605529,485.3978692670616,401.82460693805655,-1021.0302233068105,DENTRO_DE_CAMPANA_POSIBLE,
4000|0.5|583.15|300.033|0.65,barridos_2026-09-19/b0_scan_cementera.csv,4000.0,0.5,583.15,300.032917,0.65,0.65,False,43.393420488211774,2658.3629842188157,1743.1236369131043,2371.908425660324,538.7276027605529,485.3978692670616,401.82460693805655,-628.7847887472199,DENTRO_DE_CAMPANA_POSIBLE,
4000|0.5|583.15|300.033|0.8,barridos_2026-09-19/b0_scan_cementera.csv,4000.0,0.5,583.15,300.032917,0.8,0.8,False,43.393420488211774,2658.3629842188157,2135.369071472695,2371.908425660324,538.7276027605607,485.3978692670616,401.82460693805655,-236.53935418762921,DENTRO_DE_CAMPANA_POSIBLE,
4000|0.5|583.15|300.033|0.9,barridos_2026-09-19/b0_scan_cementera.csv,4000.0,0.5,583.15,300.032917,0.9,0.9,False,43.393420488211774,2658.3629842188157,2396.866027845755,2371.908425660324,538.7276027605607,485.3978692670616,401.82460693805655,24.957602185430915,SOBRECALENTADA_DEMOSTRADA,
4000|0.5|623.15|300.033|0.85,barridos_2026-09-19/fase1_profesor/eta_vs_Palta_profesor.csv,4000.0,0.5,623.15,300.032917,0.85,0.85,False,43.393420488211774,2765.841302740996,2357.4741204030784,2371.908425660324,538.7276027605687,485.3978692670616,401.82460693805655,-14.434305257245796,DENTRO_DE_CAMPANA_POSIBLE,
4000|0.55|583.15|300.033|0.5,barridos_2026-09-19/b0_scan_cementera.csv,4000.0,0.55,583.15,300.032917,0.5,0.5,False,65.67679285819149,2625.399044928908,1345.5379188935499,2325.7203091779106,520.6429505762867,480.45853781331454,392.8833502673272,-980.1823902843607,DENTRO_DE_CAMPANA_POSIBLE,
4000|0.55|583.15|300.033|0.65,barridos_2026-09-19/b0_scan_cementera.csv,4000.0,0.55,583.15,300.032917,0.65,0.65,False,65.67679285819149,2625.399044928908,1729.4962567041573,2325.7203091779106,520.6429505762867,480.45853781331454,392.8833502673272,-596.2240524737533,DENTRO_DE_CAMPANA_POSIBLE,
4000|0.55|583.15|300.033|0.8,barridos_2026-09-19/b0_scan_cementera.csv,4000.0,0.55,583.15,300.032917,0.8,0.8,False,65.67679285819149,2625.399044928908,2113.4545945147647,2325.7203091779106,520.6429505762867,480.45853781331454,392.8833502673272,-212.2657146631459,DENTRO_DE_CAMPANA_POSIBLE,
4000|0.6|583.15|300.033|0.5,barridos_2026-09-19/b0_scan_cementera.csv,4000.0,0.6,583.15,300.032917,0.5,0.5,False,93.89045708469757,2592.470877552728,1343.1806673187127,2278.557302712793,513.0722685735992,475.1564971486376,385.08586168804163,-935.3766353940803,DENTRO_DE_CAMPANA_POSIBLE,
4000|0.6|583.15|300.033|0.65,barridos_2026-09-19/b0_scan_cementera.csv,4000.0,0.6,583.15,300.032917,0.65,0.65,False,93.89045708469757,2592.470877552728,1717.9677303889173,2278.557302712793,513.0722685735992,475.1564971486376,385.08586168804163,-560.5895723238757,DENTRO_DE_CAMPANA_POSIBLE,
4000|0.6|583.15|300.033|0.8,barridos_2026-09-19/b0_scan_cementera.csv,4000.0,0.6,583.15,300.032917,0.8,0.8,False,93.89045708469757,2592.470877552728,2092.7547934591216,2278.557302712793,513.0722685735992,475.1564971486376,385.08586168804163,-185.80250925367136,DENTRO_DE_CAMPANA_POSIBLE,
4000|0.65|583.15|300.033|0.5,barridos_2026-09-19/b0_scan_cementera.csv,4000.0,0.65,583.15,300.032917,0.5,0.5,False,127.62926239344014,2559.5726814768273,1343.6009719351337,2230.1629945861105,515.827394315107,469.40605527007415,378.42772420207143,-886.5620226509768,DENTRO_DE_CAMPANA_POSIBLE,
4000|0.65|583.15|300.033|0.65,barridos_2026-09-19/b0_scan_cementera.csv,4000.0,0.65,583.15,300.032917,0.65,0.65,False,127.62926239344014,2559.5726814768273,1708.3924847976418,2230.1629945861105,515.8273943150742,469.40605527007415,378.42772420207143,-521.7705097884686,DENTRO_DE_CAMPANA_POSIBLE,
4000|0.65|583.15|300.033|0.8,barridos_2026-09-19/b0_scan_cementera.csv,4000.0,0.65,583.15,300.032917,0.8,0.8,False,127.62926239344014,2559.5726814768273,2073.18399766015,2230.1629945861105,515.8273943150742,469.40605527007415,378.42772420207143,-156.97899692596047,DENTRO_DE_CAMPANA_POSIBLE,
4000|0.7|583.15|300.033|0.5,barridos_2026-09-19/b0_scan_cementera.csv,4000.0,0.7,583.15,300.032917,0.5,0.5,False,166.35623631582843,2526.697043013369,1346.5266396645986,2180.1657142990225,528.1347169226142,463.0840450513229,372.8171367186041,-833.6390746344239,DENTRO_DE_CAMPANA_POSIBLE,
4000|0.7|583.15|300.033|0.65,barridos_2026-09-19/b0_scan_cementera.csv,4000.0,0.7,583.15,300.032917,0.65,0.65,False,166.35623631582843,2526.697043013369,1700.5777606692297,2180.1657142990225,528.1347169226142,463.0840450513229,372.8171367186041,-479.58795362979276,DENTRO_DE_CAMPANA_POSIBLE,
4000|0.7|583.15|300.033|0.8,barridos_2026-09-19/b0_scan_cementera.csv,4000.0,0.7,583.15,300.032917,0.8,0.8,False,166.35623631582843,2526.697043013369,2054.6288816738606,2180.1657142990225,528.1347169226142,463.0840450513229,372.8171367186041,-125.53683262516188,DENTRO_DE_CAMPANA_POSIBLE,
4500|0.35|583.15|300.033|0.5,barridos_2026-09-19/b0_scan_cementera.csv,4500.0,0.35,583.15,300.032917,0.5,0.5,False,13.487534838808278,2745.8550449358436,1379.6712898873259,2504.3955568818187,688.3882827808206,504.7797408079541,441.691030426932,-1124.7242669944928,DENTRO_DE_CAMPANA_POSIBLE,
4500|0.35|583.15|300.033|0.65,barridos_2026-09-19/b0_scan_cementera.csv,4500.0,0.35,583.15,300.032917,0.65,0.65,False,13.487534838808278,2745.8550449358436,1789.5264164018813,2504.3955568818187,688.3882827808206,504.7797408079541,441.691030426932,-714.8691404799374,DENTRO_DE_CAMPANA_POSIBLE,
4500|0.35|583.15|300.033|0.8,barridos_2026-09-19/b0_scan_cementera.csv,4500.0,0.35,583.15,300.032917,0.8,0.8,False,13.487534838808278,2745.8550449358436,2199.3815429164365,2504.3955568818187,688.3882827808206,504.7797408079541,441.691030426932,-305.0140139653822,DENTRO_DE_CAMPANA_POSIBLE,
4500|0.4|583.15|300.033|0.5,barridos_2026-09-19/b0_scan_cementera.csv,4500.0,0.4,583.15,300.032917,0.5,0.5,False,17.646638399931447,2713.32354099899,1365.4850896994608,2460.3509746337304,643.0408088792088,500.4751059818272,430.09556958520255,-1094.8658849342696,DENTRO_DE_CAMPANA_POSIBLE,
4500|0.4|583.15|300.033|0.65,barridos_2026-09-19/b0_scan_cementera.csv,4500.0,0.4,583.15,300.032917,0.65,0.65,False,17.646638399931447,2713.32354099899,1769.8366250893196,2460.3509746337304,643.0408088792088,500.4751059818272,430.09556958520255,-690.5143495444108,DENTRO_DE_CAMPANA_POSIBLE,
4500|0.4|583.15|300.033|0.8,barridos_2026-09-19/b0_scan_cementera.csv,4500.0,0.4,583.15,300.032917,0.8,0.8,False,17.646638399931447,2713.32354099899,2174.1881604791784,2460.3509746337304,643.0408088792088,500.4751059818272,430.09556958520255,-286.16281415455205,DENTRO_DE_CAMPANA_POSIBLE,
4500|0.4|583.15|300.033|0.9,barridos_2026-09-19/b0_scan_cementera.csv,4500.0,0.4,583.15,300.032917,0.9,0.9,False,17.646638399931447,2713.32354099899,2443.7558507390845,2460.3509746337304,643.0408088792088,500.4751059818272,430.09556958520255,-16.595123894645894,DENTRO_DE_CAMPANA_POSIBLE,
4500|0.45|583.15|300.033|0.5,barridos_2026-09-19/b0_scan_cementera.csv,4500.0,0.45,583.15,300.032917,0.5,0.5,False,27.6601266449097,2680.8249888415544,1354.242557743232,2415.7274948140403,605.2234550353468,495.94745719609335,419.11217551829935,-1061.4849370708082,DENTRO_DE_CAMPANA_POSIBLE,
4500|0.45|583.15|300.033|0.65,barridos_2026-09-19/b0_scan_cementera.csv,4500.0,0.45,583.15,300.032917,0.65,0.65,False,27.6601266449097,2680.8249888415544,1752.2172870727288,2415.7274948140403,605.2234550353468,495.94745719609335,419.11217551829935,-663.5102077413114,DENTRO_DE_CAMPANA_POSIBLE,
4500|0.45|583.15|300.033|0.8,barridos_2026-09-19/b0_scan_cementera.csv,4500.0,0.45,583.15,300.032917,0.8,0.8,False,27.6601266449097,2680.8249888415544,2150.1920164022254,2415.727494814638,605.2234550353468,495.94745719609335,419.11217551829935,-265.53547841241243,DENTRO_DE_CAMPANA_POSIBLE,
4500|0.45|583.15|300.033|0.9,barridos_2026-09-19/b0_scan_cementera.csv,4500.0,0.45,583.15,300.032917,0.9,0.9,False,27.6601266449097,2680.8249888415544,2415.50850262189,2415.727494814638,605.2234550353468,495.94745719609335,419.11217551829935,-0.21899219274791903,DENTRO_DE_CAMPANA_POSIBLE,
4500|0.5|583.15|300.033|0.5,barridos_2026-09-19/b0_scan_cementera.csv,4500.0,0.5,583.15,300.032917,0.5,0.5,False,43.79314166327485,2648.3617031313133,1346.0774223972942,2370.4306670810056,576.3890395735663,491.16027576927337,408.9819890958484,-1024.3532446837114,DENTRO_DE_CAMPANA_POSIBLE,
4500|0.5|583.15|300.033|0.65,barridos_2026-09-19/b0_scan_cementera.csv,4500.0,0.5,583.15,300.032917,0.65,0.65,False,43.79314166327485,2648.3617031313133,1736.7627066174998,2370.4306670810056,576.389039573553,491.16027576927337,408.9819890958484,-633.6679604635058,DENTRO_DE_CAMPANA_POSIBLE,
4500|0.5|583.15|300.033|0.8,barridos_2026-09-19/b0_scan_cementera.csv,4500.0,0.5,583.15,300.032917,0.8,0.8,False,43.79314166327485,2648.3617031313133,2127.4479908377057,2370.4306670810056,576.3890395735759,491.16027576927337,408.9819890958484,-242.98267624329992,DENTRO_DE_CAMPANA_POSIBLE,
4500|0.5|583.15|300.033|0.9,barridos_2026-09-19/b0_scan_cementera.csv,4500.0,0.5,583.15,300.032917,0.9,0.9,False,43.79314166327485,2648.3617031313133,2387.9048469845093,2370.4306670810056,576.3890395735759,491.16027576927337,408.9819890958484,17.474179903503682,SOBRECALENTADA_DEMOSTRADA,
4500|0.55|583.15|300.033|0.5,barridos_2026-09-19/b0_scan_cementera.csv,4500.0,0.55,583.15,300.032917,0.5,0.5,False,66.06864410095191,2615.932923069252,1341.000783585102,2324.326031913843,557.564935726575,486.06624379765134,399.88748783036624,-983.325248328741,DENTRO_DE_CAMPANA_POSIBLE,
4500|0.55|583.15|300.033|0.65,barridos_2026-09-19/b0_scan_cementera.csv,4500.0,0.55,583.15,300.032917,0.65,0.65,False,66.06864410095191,2615.932923069252,1723.480425430347,2324.326031913843,557.564935726575,486.06624379765134,399.88748783036624,-600.8456064834961,DENTRO_DE_CAMPANA_POSIBLE,
4500|0.55|583.15|300.033|0.8,barridos_2026-09-19/b0_scan_cementera.csv,4500.0,0.55,583.15,300.032917,0.8,0.8,False,66.06864410095191,2615.932923069252,2105.960067275592,2324.326031913793,557.564935726575,486.06624379765134,399.88748783036624,-218.36596463820115,DENTRO_DE_CAMPANA_POSIBLE,
4500|0.55|583.15|300.033|0.9,barridos_2026-09-19/b0_scan_cementera.csv,4500.0,0.55,583.15,300.032917,0.9,0.9,False,66.06864410095191,2615.932923069252,2360.946495172422,2324.3260319138453,557.564935726575,486.06624379765134,399.88748783036624,36.62046325857682,SOBRECALENTADA_DEMOSTRADA,
4500|0.6|583.15|300.033|0.5,barridos_2026-09-19/b0_scan_cementera.csv,4500.0,0.6,583.15,300.032917,0.5,0.5,False,94.27376938005818,2583.5352092837543,1338.9044893319062,2277.224842878152,549.216216958899,480.60217568996995,391.92624441738263,-938.3203535462455,DENTRO_DE_CAMPANA_POSIBLE,
4500|0.6|583.15|300.033|0.65,barridos_2026-09-19/b0_scan_cementera.csv,4500.0,0.6,583.15,300.032917,0.65,0.65,False,94.27376938005818,2583.5352092837543,1712.2937053174608,2277.224842878152,549.216216958899,480.60217568996995,391.92624441738263,-564.931137560691,DENTRO_DE_CAMPANA_POSIBLE,
4500|0.6|583.15|300.033|0.8,barridos_2026-09-19/b0_scan_cementera.csv,4500.0,0.6,583.15,300.032917,0.8,0.8,False,94.27376938005818,2583.5352092837543,2085.682921303015,2277.2248428781377,549.216216958899,480.60217568996995,391.92624441738263,-191.54192157512261,DENTRO_DE_CAMPANA_POSIBLE,
4500|0.65|583.15|300.033|0.5,barridos_2026-09-19/b0_scan_cementera.csv,4500.0,0.65,583.15,300.032917,0.5,0.5,False,128.00271081872455,2551.1628252879937,1339.5827680533591,2228.8599626637215,551.1815395835706,474.6808091497087,385.10002712736394,-889.2771946103624,DENTRO_DE_CAMPANA_POSIBLE,
4500|0.65|583.15|300.033|0.65,barridos_2026-09-19/b0_scan_cementera.csv,4500.0,0.65,583.15,300.032917,0.65,0.65,False,128.00271081872455,2551.1628252879937,1703.0567852237496,2228.859962663728,551.1815395835706,474.6808091497087,385.10002712736394,-525.8031774399783,DENTRO_DE_CAMPANA_POSIBLE,
4500|0.65|583.15|300.033|0.8,barridos_2026-09-19/b0_scan_cementera.csv,4500.0,0.65,583.15,300.032917,0.8,0.8,False,128.00271081872455,2551.1628252879937,2066.53080239414,2228.859962663728,551.1815395835706,474.6808091497087,385.10002712736394,-162.32916026958765,DENTRO_DE_CAMPANA_POSIBLE,
4500|0.7|583.15|300.033|0.5,barridos_2026-09-19/b0_scan_cementera.csv,4500.0,0.7,583.15,300.032917,0.5,0.5,False,166.71771687774373,2518.808109903019,1342.7629133903815,2178.8432169394664,562.6889093506891,468.1766956991638,379.31910368611756,-836.0803035490849,DENTRO_DE_CAMPANA_POSIBLE,
4500|0.7|583.15|300.033|0.65,barridos_2026-09-19/b0_scan_cementera.csv,4500.0,0.7,583.15,300.032917,0.65,0.65,False,166.71771687774373,2518.808109903019,1695.5764723441728,2178.8432169394664,562.6889093506891,468.1766956991638,379.31910368611756,-483.26674459529363,DENTRO_DE_CAMPANA_POSIBLE,
4500|0.7|583.15|300.033|0.8,barridos_2026-09-19/b0_scan_cementera.csv,4500.0,0.7,583.15,300.032917,0.8,0.8,False,166.71771687774373,2518.808109903019,2048.3900312979645,2178.8432169394664,562.6889093506883,468.1766956991638,379.31910368611756,-130.45318564150193,DENTRO_DE_CAMPANA_POSIBLE,
5000|0.35|583.15|300.033|0.5,barridos_2026-09-19/b0_scan_cementera.csv,5000.0,0.35,583.15,300.032917,0.5,0.5,False,13.910079600565034,2733.9304444748414,1373.9202620377032,2501.623433553017,725.1272939724989,510.4349924736505,448.59644758447814,-1127.703171515314,DENTRO_DE_CAMPANA_POSIBLE,
5000|0.35|583.15|300.033|0.65,barridos_2026-09-19/b0_scan_cementera.csv,5000.0,0.35,583.15,300.032917,0.65,0.65,False,13.910079600565034,2733.9304444748414,1781.9233167688446,2501.623433553017,725.1272939724989,510.4349924736505,448.59644758447814,-719.7001167841725,DENTRO_DE_CAMPANA_POSIBLE,
5000|0.35|583.15|300.033|0.8,barridos_2026-09-19/b0_scan_cementera.csv,5000.0,0.35,583.15,300.032917,0.8,0.8,False,13.910079600565034,2733.9304444748414,2189.926371499986,2501.623433553017,725.1272939724989,510.4349924736505,448.59644758447814,-311.697062053031,DENTRO_DE_CAMPANA_POSIBLE,
5000|0.35|583.15|300.033|0.9,barridos_2026-09-19/b0_scan_cementera.csv,5000.0,0.35,583.15,300.032917,0.9,0.9,False,13.910079600565034,2733.9304444748414,2461.9284079874137,2501.623433553017,725.1272939724989,510.4349924736505,448.59644758447814,-39.69502556560337,DENTRO_DE_CAMPANA_POSIBLE,
5000|0.4|583.15|300.033|0.5,barridos_2026-09-19/b0_scan_cementera.csv,5000.0,0.4,583.15,300.032917,0.5,0.5,False,18.061677716405494,2701.9894559698987,1360.025566843152,2457.6843458156354,679.5944050813285,505.99852421990875,436.9613344508059,-1097.6587789724833,DENTRO_DE_CAMPANA_POSIBLE,
5000|0.4|583.15|300.033|0.65,barridos_2026-09-19/b0_scan_cementera.csv,5000.0,0.4,583.15,300.032917,0.65,0.65,False,18.061677716405494,2701.9894559698987,1762.614733581176,2457.6843458156354,679.5944050813285,505.99852421990875,436.9613344508059,-695.0696122344593,DENTRO_DE_CAMPANA_POSIBLE,
5000|0.4|583.15|300.033|0.8,barridos_2026-09-19/b0_scan_cementera.csv,5000.0,0.4,583.15,300.032917,0.8,0.8,False,18.061677716405494,2701.9894559698987,2165.2039003192,2457.6843458156354,679.5944050813285,505.99852421990875,436.9613344508059,-292.48044549643555,DENTRO_DE_CAMPANA_POSIBLE,
5000|0.4|583.15|300.033|0.9,barridos_2026-09-19/b0_scan_cementera.csv,5000.0,0.4,583.15,300.032917,0.9,0.9,False,18.061677716405494,2701.9894559698987,2433.5966781445495,2457.6843458156354,679.5944050813285,505.99852421990875,436.9613344508059,-24.08766767108591,DENTRO_DE_CAMPANA_POSIBLE,
5000|0.45|583.15|300.033|0.5,barridos_2026-09-19/b0_scan_cementera.csv,5000.0,0.45,583.15,300.032917,0.5,0.5,False,28.06761202198186,2670.0700567331824,1349.068834377582,2413.1599916034097,641.371474077772,501.3346962196206,425.89808599348794,-1064.0911572258276,DENTRO_DE_CAMPANA_POSIBLE,
5000|0.45|583.15|300.033|0.65,barridos_2026-09-19/b0_scan_cementera.csv,5000.0,0.45,583.15,300.032917,0.65,0.65,False,28.06761202198186,2670.0700567331824,1745.3692010842622,2413.1599916034097,641.371474077772,501.3346962196206,425.89808599348794,-667.7907905191475,DENTRO_DE_CAMPANA_POSIBLE,
5000|0.45|583.15|300.033|0.8,barridos_2026-09-19/b0_scan_cementera.csv,5000.0,0.45,583.15,300.032917,0.8,0.8,False,28.06761202198186,2670.0700567331824,2141.6695677909424,2413.1599916034097,641.371474077772,501.3346962196206,425.89808599348794,-271.49042381246727,DENTRO_DE_CAMPANA_POSIBLE,
5000|0.45|583.15|300.033|0.9,barridos_2026-09-19/b0_scan_cementera.csv,5000.0,0.45,583.15,300.032917,0.9,0.9,False,28.06761202198186,2670.0700567331824,2405.8698122620626,2413.1599916034097,641.371474077772,501.3346962196206,425.89808599348794,-7.290179341347084,DENTRO_DE_CAMPANA_POSIBLE,
5000|0.5|583.15|300.033|0.5,barridos_2026-09-19/b0_scan_cementera.csv,5000.0,0.5,583.15,300.032917,0.5,0.5,False,44.193039721738856,2638.176437911538,1341.1847388166384,2367.9536767791105,611.9625485502885,496.4063317845381,415.6541050436561,-1026.7689379624721,DENTRO_DE_CAMPANA_POSIBLE,
5000|0.5|583.15|300.033|0.65,barridos_2026-09-19/b0_scan_cementera.csv,5000.0,0.5,583.15,300.032917,0.65,0.65,False,44.193039721738856,2638.176437911538,1730.2822485451084,2367.9536767791105,611.9625485502885,496.4063317845381,415.6541050436561,-637.6714282340022,DENTRO_DE_CAMPANA_POSIBLE,
5000|0.5|583.15|300.033|0.8,barridos_2026-09-19/b0_scan_cementera.csv,5000.0,0.5,583.15,300.032917,0.8,0.8,False,44.193039721738856,2638.176437911538,2119.379758273578,2367.9536767791105,611.9625485502539,496.4063317845381,415.6541050436561,-248.57391850553267,DENTRO_DE_CAMPANA_POSIBLE,
5000|0.5|583.15|300.033|0.9,barridos_2026-09-19/b0_scan_cementera.csv,5000.0,0.5,583.15,300.032917,0.9,0.9,False,44.193039721738856,2638.176437911538,2378.778098092558,2367.9536767791105,611.9625485502539,496.4063317845381,415.6541050436561,10.824421313447601,SOBRECALENTADA_DEMOSTRADA,
5000|0.55|373|283|0.75,2026-09-22_literatura_kcs11/barrido_literatura_kcs11.csv,5000.0,0.55,373.0,283.0,,0.75,True,-12.728677641624087,419.20957636278894,311.2250128616857,2321.9268509149388,592.4571239329256,491.1653169755573,406.4218848828417,-2010.7018380532531,LIQUIDA_DEMOSTRADA,
5000|0.55|373|283|0.85,2026-10-01_benchmark_reintento/benchmark_filas.csv;2026-10-01_benchmark_reintento/respaldo_parteA_filas.csv,5000.0,0.55,373.0,283.0,0.85,0.85,False,-12.728677641624087,419.20957636278894,354.418838262127,2321.9268509148333,592.4571239329256,491.1653169755573,406.4218848828417,-1967.5080126527064,LIQUIDA_DEMOSTRADA,
5000|0.55|583.15|300.033|0.5,barridos_2026-09-19/b0_scan_cementera.csv,5000.0,0.55,583.15,300.032917,0.5,0.5,False,66.46073259598252,2606.3091108446306,1336.3849217203065,2321.9268509149388,592.4571239329256,491.1653169755573,406.4218848828417,-985.5419291946323,DENTRO_DE_CAMPANA_POSIBLE,
5000|0.55|583.15|300.033|0.65,barridos_2026-09-19/b0_scan_cementera.csv,5000.0,0.55,583.15,300.032917,0.65,0.65,False,66.46073259598252,2606.3091108446306,1717.362178457604,2321.9268509148333,592.4571239329256,491.1653169755573,406.4218848828417,-604.5646724572293,DENTRO_DE_CAMPANA_POSIBLE,
5000|0.55|583.15|300.033|0.8,barridos_2026-09-19/b0_scan_cementera.csv,5000.0,0.55,583.15,300.032917,0.8,0.8,False,66.46073259598252,2606.3091108446306,2098.3394351949014,2321.9268509150556,592.4571239329256,491.1653169755573,406.4218848828417,-223.58741572015424,DENTRO_DE_CAMPANA_POSIBLE,
5000|0.55|583.15|300.033|0.9,barridos_2026-09-19/b0_scan_cementera.csv,5000.0,0.55,583.15,300.032917,0.9,0.9,False,66.46073259598252,2606.3091108446306,2352.3242730197658,2321.9268509150556,592.4571239329256,491.1653169755573,406.4218848828417,30.39742210471013,SOBRECALENTADA_DEMOSTRADA,
5000|0.6|373|283|0.75,2026-09-22_literatura_kcs11/barrido_literatura_kcs11.csv,5000.0,0.6,373.0,283.0,,0.75,True,14.754098331419787,450.94629209010526,341.89824365043387,2274.884101193441,583.3718109578641,485.54743331411015,398.3085461246805,-1932.9858575430071,LIQUIDA_DEMOSTRADA,
5000|0.6|373|283|0.85,2026-10-01_benchmark_reintento/benchmark_filas.csv;2026-10-01_benchmark_reintento/respaldo_parteA_filas.csv,5000.0,0.6,373.0,283.0,0.85,0.85,False,14.754098331419787,450.94629209010526,385.51746302630244,2274.884101193441,583.3718109578641,485.54743331411015,398.3085461246805,-1889.3666381671385,LIQUIDA_DEMOSTRADA,
5000|0.6|583.15|300.033|0.5,barridos_2026-09-19/b0_scan_cementera.csv,5000.0,0.6,583.15,300.032917,0.5,0.5,False,94.65740049594555,2574.4654015385468,1334.5614010172462,2274.8841011932554,583.3718109578641,485.54743331411015,398.3085461246805,-940.3227001760092,DENTRO_DE_CAMPANA_POSIBLE,
5000|0.6|583.15|300.033|0.65,barridos_2026-09-19/b0_scan_cementera.csv,5000.0,0.6,583.15,300.032917,0.65,0.65,False,94.65740049594555,2574.4654015385468,1706.5326011736365,2274.8841011932554,583.3718109578641,485.54743331411015,398.3085461246805,-568.3515000196189,DENTRO_DE_CAMPANA_POSIBLE,
5000|0.6|583.15|300.033|0.8,barridos_2026-09-19/b0_scan_cementera.csv,5000.0,0.6,583.15,300.032917,0.8,0.8,False,94.65740049594555,2574.4654015385468,2078.503801330027,2274.8841011933323,583.3718109578641,485.54743331411015,398.3085461246805,-196.38029986330548,DENTRO_DE_CAMPANA_POSIBLE,
5000|0.65|373|283|0.75,2026-09-22_literatura_kcs11/barrido_literatura_kcs11.csv,5000.0,0.65,373.0,283.0,,0.75,True,48.04062979774041,487.756206531731,377.8273123482333,2226.5478647678588,584.5727982928913,479.46399172119885,391.3221022755669,-1848.7205524196254,LIQUIDA_DEMOSTRADA,
5000|0.65|394|283|0.75,2026-09-23_pinch6_realista/barrido_pinch6_realista.csv,5000.0,0.65,394.0,283.0,,0.75,True,48.04062979774041,650.4921343412346,499.87925820536105,2226.5478647681884,584.5727982928913,479.46399172119885,391.3221022755669,-1726.6686065628273,DENTRO_DE_CAMPANA_POSIBLE,
5000|0.65|373|283|0.85,2026-10-01_benchmark_reintento/benchmark_filas.csv;2026-10-01_benchmark_reintento/benchmark_minibarrido.csv;2026-10-01_benchmark_reintento/benchmark_minibarrido_mb_corregido.csv;2026-10-01_benchmark_reintento/respaldo_minibarrido_93puntos.csv;2026-10-01_benchmark_reintento/respaldo_parteA_filas.csv,5000.0,0.65,373.0,283.0,0.85,0.85,False,48.04062979774041,487.756206531731,421.7988700216324,2226.5478647681966,584.5727982928913,479.46399172119885,391.3221022755669,-1804.7489947465642,LIQUIDA_DEMOSTRADA,
5000|0.65|583.15|300.033|0.5,barridos_2026-09-19/b0_scan_cementera.csv,5000.0,0.65,583.15,300.032917,0.5,0.5,False,128.3765909324729,2542.639913010647,1335.50825197156,2226.5478647681884,584.5727982928913,479.46399172119885,391.3221022755669,-891.0396127966285,DENTRO_DE_CAMPANA_POSIBLE,
5000|0.65|583.15|300.033|0.65,barridos_2026-09-19/b0_scan_cementera.csv,5000.0,0.65,583.15,300.032917,0.65,0.65,False,128.3765909324729,2542.639913010647,1697.647750283286,2226.5478647681966,584.5727982928913,479.46399172119885,391.3221022755669,-528.9001144849105,DENTRO_DE_CAMPANA_POSIBLE,
5000|0.65|583.15|300.033|0.8,barridos_2026-09-19/b0_scan_cementera.csv,5000.0,0.65,583.15,300.032917,0.8,0.8,False,128.3765909324729,2542.639913010647,2059.7872485950124,2226.5478647678588,584.5727982928913,479.46399172119885,391.3221022755669,-166.7606161728463,DENTRO_DE_CAMPANA_POSIBLE,
5000|0.7|373|283|0.75,2026-09-22_literatura_kcs11/barrido_literatura_kcs11.csv,5000.0,0.7,373.0,283.0,,0.75,True,86.53110526262023,529.2152722981483,418.5442305392663,2176.5137028437534,595.2930646047777,472.78746206327276,385.3755353376136,-1757.9694723044872,LIQUIDA_DEMOSTRADA,
5000|0.7|373|283|0.85,2026-10-01_benchmark_reintento/benchmark_filas.csv;2026-10-01_benchmark_reintento/benchmark_minibarrido.csv;2026-10-01_benchmark_reintento/benchmark_minibarrido_mb_corregido.csv;2026-10-01_benchmark_reintento/respaldo_minibarrido_93puntos.csv;2026-10-01_benchmark_reintento/respaldo_parteA_filas.csv,5000.0,0.7,373.0,283.0,0.85,0.85,False,86.53110526262023,529.2152722981483,462.8126472428191,2176.5137028437534,595.2930646047777,472.78746206327276,385.3755353376136,-1713.7010556009343,LIQUIDA_DEMOSTRADA,
5000|0.7|583.15|300.033|0.5,barridos_2026-09-19/b0_scan_cementera.csv,5000.0,0.7,583.15,300.032917,0.5,0.5,False,167.07978575144045,2510.8249673176824,1338.9523765345614,2176.5137028437534,595.2930646047777,472.78746206327276,385.3755353376136,-837.561326309192,DENTRO_DE_CAMPANA_POSIBLE,
5000|0.7|583.15|300.033|0.65,barridos_2026-09-19/b0_scan_cementera.csv,5000.0,0.7,583.15,300.032917,0.65,0.65,False,167.07978575144045,2510.8249673176824,1690.5141537694976,2176.5137028437534,595.2930646047777,472.78746206327276,385.3755353376136,-485.9995490742558,DENTRO_DE_CAMPANA_POSIBLE,
5000|0.7|583.15|300.033|0.8,barridos_2026-09-19/b0_scan_cementera.csv,5000.0,0.7,583.15,300.032917,0.8,0.8,False,167.07978575144045,2510.8249673176824,2042.075931004434,2176.5137028437534,595.2930646047777,472.78746206327276,385.3755353376136,-134.43777183931934,DENTRO_DE_CAMPANA_POSIBLE,
5500|0.35|583.15|300.033|0.5,barridos_2026-09-19/b0_scan_cementera.csv,5500.0,0.35,583.15,300.032917,0.5,0.5,False,14.332683395915316,2721.7082412673667,1368.020462331641,2498.0147709594858,759.9544118684904,515.6438784352137,455.0482318103847,-1129.9943086278447,DENTRO_DE_CAMPANA_POSIBLE,
5500|0.35|583.15|300.033|0.65,barridos_2026-09-19/b0_scan_cementera.csv,5500.0,0.35,583.15,300.032917,0.65,0.65,False,14.332683395915316,2721.7082412673667,1774.1267960123587,2498.0147709594858,759.9544118684904,515.6438784352137,455.0482318103847,-723.8879749471271,DENTRO_DE_CAMPANA_POSIBLE,
5500|0.35|583.15|300.033|0.8,barridos_2026-09-19/b0_scan_cementera.csv,5500.0,0.35,583.15,300.032917,0.8,0.8,False,14.332683395915316,2721.7082412673667,2180.2331296930765,2498.0147709594858,759.9544118684904,515.6438784352137,455.0482318103847,-317.7816412664092,DENTRO_DE_CAMPANA_POSIBLE,
5500|0.35|583.15|300.033|0.9,barridos_2026-09-19/b0_scan_cementera.csv,5500.0,0.35,583.15,300.032917,0.9,0.9,False,14.332683395915316,2721.7082412673667,2450.9706854802216,2498.0147709594858,759.9544118684904,515.6438784352137,455.0482318103847,-47.04408547926414,DENTRO_DE_CAMPANA_POSIBLE,
5500|0.4|583.15|300.033|0.5,barridos_2026-09-19/b0_scan_cementera.csv,5500.0,0.4,583.15,300.032917,0.5,0.5,False,18.47680892126253,2690.397583279635,1354.4371961004488,2454.170336493259,714.3073979835758,511.08100296493916,443.3899822490981,-1099.7331403928104,DENTRO_DE_CAMPANA_POSIBLE,
5500|0.4|583.15|300.033|0.65,barridos_2026-09-19/b0_scan_cementera.csv,5500.0,0.4,583.15,300.032917,0.65,0.65,False,18.47680892126253,2690.397583279635,1755.2253122542047,2454.170336493259,714.3073979835758,511.08100296493916,443.3899822490981,-698.9450242390544,DENTRO_DE_CAMPANA_POSIBLE,
5500|0.4|583.15|300.033|0.8,barridos_2026-09-19/b0_scan_cementera.csv,5500.0,0.4,583.15,300.032917,0.8,0.8,False,18.47680892126253,2690.397583279635,2156.0134284079604,2454.170336493259,714.3073979835899,511.08100296493916,443.3899822490981,-298.1569080852987,DENTRO_DE_CAMPANA_POSIBLE,
5500|0.4|583.15|300.033|0.9,barridos_2026-09-19/b0_scan_cementera.csv,5500.0,0.4,583.15,300.032917,0.9,0.9,False,18.47680892126253,2690.397583279635,2423.205505843798,2454.170336493259,714.3073979835899,511.08100296493916,443.3899822490981,-30.964830649460964,DENTRO_DE_CAMPANA_POSIBLE,
5500|0.45|583.15|300.033|0.5,barridos_2026-09-19/b0_scan_cementera.csv,5500.0,0.45,583.15,300.032917,0.5,0.5,False,28.47522693101255,2659.0926498836575,1343.783938407335,2409.7353982389677,675.7522698007166,506.28662422485326,432.2644815294851,-1065.9514598316327,DENTRO_DE_CAMPANA_POSIBLE,
5500|0.45|583.15|300.033|0.65,barridos_2026-09-19/b0_scan_cementera.csv,5500.0,0.45,583.15,300.032917,0.65,0.65,False,28.47522693101255,2659.0926498836575,1738.3765518502319,2409.7353982389677,675.7522698007166,506.28662422485326,432.2644815294851,-671.3588463887359,DENTRO_DE_CAMPANA_POSIBLE,
5500|0.45|583.15|300.033|0.8,barridos_2026-09-19/b0_scan_cementera.csv,5500.0,0.45,583.15,300.032917,0.8,0.8,False,28.47522693101255,2659.0926498836575,2132.9691652931283,2409.7353982389677,675.7522698007166,506.28662422485326,432.2644815294851,-276.7662329458394,DENTRO_DE_CAMPANA_POSIBLE,
5500|0.45|583.15|300.033|0.9,barridos_2026-09-19/b0_scan_cementera.csv,5500.0,0.45,583.15,300.032917,0.9,0.9,False,28.47522693101255,2659.0926498836575,2396.0309075883933,2409.7353982389677,675.7522698007166,506.28662422485326,432.2644815294851,-13.704490650574371,DENTRO_DE_CAMPANA_POSIBLE,
5500|0.5|583.15|300.033|0.5,barridos_2026-09-19/b0_scan_cementera.csv,5500.0,0.5,583.15,300.032917,0.5,0.5,False,44.593113448159585,2627.8000983149705,1336.1966058815651,2364.61132328567,645.8348256829396,501.22295099762414,421.9232108928217,-1028.414717404105,DENTRO_DE_CAMPANA_POSIBLE,
5500|0.5|583.15|300.033|0.65,barridos_2026-09-19/b0_scan_cementera.csv,5500.0,0.5,583.15,300.032917,0.65,0.65,False,44.593113448159585,2627.8000983149705,1723.6776536115867,2364.61132328567,645.8348256829607,501.22295099762414,421.9232108928217,-640.9336696740834,DENTRO_DE_CAMPANA_POSIBLE,
5500|0.5|583.15|300.033|0.8,barridos_2026-09-19/b0_scan_cementera.csv,5500.0,0.5,583.15,300.032917,0.8,0.8,False,44.593113448159585,2627.8000983149705,2111.1587013416083,2364.6113232856537,645.8348256829786,501.22295099762414,421.9232108928217,-253.4526219440454,DENTRO_DE_CAMPANA_POSIBLE,
5500|0.5|583.15|300.033|0.9,barridos_2026-09-19/b0_scan_cementera.csv,5500.0,0.5,583.15,300.032917,0.9,0.9,False,44.593113448159585,2627.8000983149705,2369.4793998282894,2364.6113232856537,645.8348256829786,501.22295099762414,421.9232108928217,4.868076542635663,SOBRECALENTADA_DEMOSTRADA,
5500|0.55|583.15|300.033|0.5,barridos_2026-09-19/b0_scan_cementera.csv,5500.0,0.55,583.15,300.032917,0.5,0.5,False,66.85305653453332,2596.5221909998213,1331.6876237671772,2318.655785113676,625.7005845152097,495.84113771077483,412.567083315622,-986.9681613464986,DENTRO_DE_CAMPANA_POSIBLE,
5500|0.55|583.15|300.033|0.65,barridos_2026-09-19/b0_scan_cementera.csv,5500.0,0.55,583.15,300.032917,0.65,0.65,False,66.85305653453332,2596.5221909998213,1711.1379939369706,2318.655785113676,625.7005845152097,495.84113771077483,412.567083315622,-607.5177911767053,DENTRO_DE_CAMPANA_POSIBLE,
5500|0.55|583.15|300.033|0.8,barridos_2026-09-19/b0_scan_cementera.csv,5500.0,0.55,583.15,300.032917,0.8,0.8,False,66.85305653453332,2596.5221909998213,2090.5883641067635,2318.655785113676,625.7005845152097,495.84113771077483,412.567083315622,-228.06742100691235,DENTRO_DE_CAMPANA_POSIBLE,
5500|0.55|583.15|300.033|0.9,barridos_2026-09-19/b0_scan_cementera.csv,5500.0,0.55,583.15,300.032917,0.9,0.9,False,66.85305653453332,2596.5221909998213,2343.5552775532924,2318.655785113676,625.7005845152097,495.84113771077483,412.567083315622,24.89949243961655,SOBRECALENTADA_DEMOSTRADA,
5500|0.6|583.15|300.033|0.5,barridos_2026-09-19/b0_scan_cementera.csv,5500.0,0.6,583.15,300.032917,0.5,0.5,False,95.04134769691777,2565.257411644956,1330.149379670937,2271.6669973048447,615.9151339264565,490.07602328653434,404.3119857837091,-941.5176176339078,DENTRO_DE_CAMPANA_POSIBLE,
5500|0.6|583.15|300.033|0.65,barridos_2026-09-19/b0_scan_cementera.csv,5500.0,0.6,583.15,300.032917,0.65,0.65,False,95.04134769691777,2565.257411644956,1700.6817892631427,2271.6669973048447,615.9151339264565,490.07602328653434,404.3119857837091,-570.985208041702,DENTRO_DE_CAMPANA_POSIBLE,
5500|0.6|583.15|300.033|0.8,barridos_2026-09-19/b0_scan_cementera.csv,5500.0,0.6,583.15,300.032917,0.8,0.8,False,95.04134769691777,2565.257411644956,2071.2141988553485,2271.6669973048447,615.9151339264565,490.07602328653434,404.3119857837091,-200.45279844949619,DENTRO_DE_CAMPANA_POSIBLE,
5500|0.6|583.15|300.033|0.9,barridos_2026-09-19/b0_scan_cementera.csv,5500.0,0.6,583.15,300.032917,0.9,0.9,False,95.04134769691777,2565.257411644956,2318.235805250152,2271.6669973048447,615.9151339264565,490.07602328653434,404.3119857837091,46.568807945307526,SOBRECALENTADA_DEMOSTRADA,
5500|0.65|583.15|300.033|0.5,barridos_2026-09-19/b0_scan_cementera.csv,5500.0,0.65,583.15,300.032917,0.5,0.5,False,128.75089851013323,2534.0010264078733,1331.3759624590032,2223.3572040779914,616.3723823589577,483.8376155430339,397.17211938811147,-891.9812416189882,DENTRO_DE_CAMPANA_POSIBLE,
5500|0.65|583.15|300.033|0.65,barridos_2026-09-19/b0_scan_cementera.csv,5500.0,0.65,583.15,300.032917,0.65,0.65,False,128.75089851013323,2534.0010264078733,1692.1634816436645,2223.3572040779973,616.3723823589291,483.8376155430339,397.17211938811147,-531.1937224343328,DENTRO_DE_CAMPANA_POSIBLE,
5500|0.65|583.15|300.033|0.8,barridos_2026-09-19/b0_scan_cementera.csv,5500.0,0.65,583.15,300.032917,0.8,0.8,False,128.75089851013323,2534.0010264078733,2052.9510008283255,2223.3572040779386,616.3723823589745,483.8376155430339,397.17211938811147,-170.4062032496131,DENTRO_DE_CAMPANA_POSIBLE,
5500|0.7|583.15|300.033|0.5,barridos_2026-09-19/b0_scan_cementera.csv,5500.0,0.7,583.15,300.032917,0.5,0.5,False,167.4424363181501,2502.7456092938924,1335.0940228060213,2173.305815931156,626.3138604270353,476.9964723302541,391.0637832349691,-838.2117931251346,DENTRO_DE_CAMPANA_POSIBLE,
5500|0.7|583.15|300.033|0.65,barridos_2026-09-19/b0_scan_cementera.csv,5500.0,0.7,583.15,300.032917,0.65,0.65,False,167.4424363181501,2502.7456092938924,1685.3894987523827,2173.305815931138,626.3138604270662,476.9964723302541,391.0637832349691,-487.91631717875543,DENTRO_DE_CAMPANA_POSIBLE,
5500|0.7|583.15|300.033|0.8,barridos_2026-09-19/b0_scan_cementera.csv,5500.0,0.7,583.15,300.032917,0.8,0.8,False,167.4424363181501,2502.7456092938924,2035.684974698744,2173.305815931201,626.3138604270353,476.9964723302541,391.0637832349691,-137.62084123245677,DENTRO_DE_CAMPANA_POSIBLE,
6000|0.35|583.15|300.033|0.5,barridos_2026-09-19/b0_scan_cementera.csv,6000.0,0.35,583.15,300.032917,0.5,0.5,False,14.755345918379865,2709.172419691025,1361.9638828047025,2493.6668545886255,793.1850226686058,520.4749105109504,461.1149530342636,-1131.702971783923,DENTRO_DE_CAMPANA_POSIBLE,
6000|0.35|583.15|300.033|0.65,barridos_2026-09-19/b0_scan_cementera.csv,6000.0,0.35,583.15,300.032917,0.65,0.65,False,14.755345918379865,2709.172419691025,1766.1264438705991,2493.6668545886255,793.1850226686058,520.4749105109504,461.1149530342636,-727.5404107180264,DENTRO_DE_CAMPANA_POSIBLE,
6000|0.35|583.15|300.033|0.8,barridos_2026-09-19/b0_scan_cementera.csv,6000.0,0.35,583.15,300.032917,0.8,0.8,False,14.755345918379865,2709.172419691025,2170.289004936496,2493.6668545886255,793.1850226686058,520.4749105109504,461.1149530342636,-323.3778496521295,DENTRO_DE_CAMPANA_POSIBLE,
6000|0.35|583.15|300.033|0.9,barridos_2026-09-19/b0_scan_cementera.csv,6000.0,0.35,583.15,300.032917,0.9,0.9,False,14.755345918379865,2709.172419691025,2439.7307123137603,2493.6668545886255,793.1850226686058,520.4749105109504,461.1149530342636,-53.93614227486523,DENTRO_DE_CAMPANA_POSIBLE,
6000|0.4|583.15|300.033|0.5,barridos_2026-09-19/b0_scan_cementera.csv,6000.0,0.4,583.15,300.032917,0.5,0.5,False,18.892031488088826,2678.5353312840025,1348.7136813860457,2449.9058737751707,747.4870723730286,515.7900293110206,449.4476489509055,-1101.192192389125,DENTRO_DE_CAMPANA_POSIBLE,
6000|0.4|583.15|300.033|0.65,barridos_2026-09-19/b0_scan_cementera.csv,6000.0,0.4,583.15,300.032917,0.65,0.65,False,18.892031488088826,2678.5353312840025,1747.660176355433,2449.9058737751707,747.4870723730286,515.7900293110206,449.4476489509055,-702.2456974197378,DENTRO_DE_CAMPANA_POSIBLE,
6000|0.4|583.15|300.033|0.8,barridos_2026-09-19/b0_scan_cementera.csv,6000.0,0.4,583.15,300.032917,0.8,0.8,False,18.892031488088826,2678.5353312840025,2146.60667132482,2449.9058737751707,747.4870723730286,515.7900293110206,449.4476489509055,-303.29920245035055,DENTRO_DE_CAMPANA_POSIBLE,
6000|0.4|583.15|300.033|0.9,barridos_2026-09-19/b0_scan_cementera.csv,6000.0,0.4,583.15,300.032917,0.9,0.9,False,18.892031488088826,2678.5353312840025,2412.5710013044113,2449.9058737751707,747.4870723730286,515.7900293110206,449.4476489509055,-37.334872470759365,DENTRO_DE_CAMPANA_POSIBLE,
6000|0.45|583.15|300.033|0.5,barridos_2026-09-19/b0_scan_cementera.csv,6000.0,0.45,583.15,300.032917,0.5,0.5,False,28.882970563043326,2647.8829508944377,1338.3829607287405,2405.55011103109,708.6661425310986,510.86965410560066,438.27532207441794,-1067.1671503023497,DENTRO_DE_CAMPANA_POSIBLE,
6000|0.45|583.15|300.033|0.65,barridos_2026-09-19/b0_scan_cementera.csv,6000.0,0.45,583.15,300.032917,0.65,0.65,False,28.882970563043326,2647.8829508944377,1731.2329577784496,2405.55011103109,708.6661425310986,510.86965410560066,438.27532207441794,-674.3171532526405,DENTRO_DE_CAMPANA_POSIBLE,
6000|0.45|583.15|300.033|0.8,barridos_2026-09-19/b0_scan_cementera.csv,6000.0,0.45,583.15,300.032917,0.8,0.8,False,28.882970563043326,2647.8829508944377,2124.082954828159,2405.55011103109,708.66614253111,510.86965410560066,438.27532207441794,-281.46715620293116,DENTRO_DE_CAMPANA_POSIBLE,
6000|0.45|583.15|300.033|0.9,barridos_2026-09-19/b0_scan_cementera.csv,6000.0,0.45,583.15,300.032917,0.9,0.9,False,28.882970563043326,2647.8829508944377,2385.9829528612986,2405.55011103109,708.66614253111,510.86965410560066,438.27532207441794,-19.567158169791583,DENTRO_DE_CAMPANA_POSIBLE,
6000|0.5|583.15|300.033|0.5,barridos_2026-09-19/b0_scan_cementera.csv,6000.0,0.5,583.15,300.032917,0.5,0.5,False,44.993361640226155,2617.2251228815257,1331.109242260876,2360.4993152521774,678.3006837466896,505.67541733140934,427.85151644805313,-1029.3900729913014,DENTRO_DE_CAMPANA_POSIBLE,
6000|0.5|583.15|300.033|0.65,barridos_2026-09-19/b0_scan_cementera.csv,6000.0,0.5,583.15,300.032917,0.65,0.65,False,44.993361640226155,2617.2251228815257,1716.944006447071,2360.4993152521774,678.3006837466896,505.67541733140934,427.85151644805313,-643.5553088051065,DENTRO_DE_CAMPANA_POSIBLE,
6000|0.5|583.15|300.033|0.8,barridos_2026-09-19/b0_scan_cementera.csv,6000.0,0.5,583.15,300.032917,0.8,0.8,False,44.993361640226155,2617.2251228815257,2102.778770633266,2360.4993152521774,678.3006837466928,505.67541733140934,427.85151644805313,-257.7205446189114,DENTRO_DE_CAMPANA_POSIBLE,
6000|0.5|583.15|300.033|0.9,barridos_2026-09-19/b0_scan_cementera.csv,6000.0,0.5,583.15,300.032917,0.9,0.9,False,44.993361640226155,2617.2251228815257,2360.001946757396,2360.4993152521774,678.3006837466928,505.67541733140934,427.85151644805313,-0.4973684947813126,DENTRO_DE_CAMPANA_POSIBLE,
6000|0.55|583.15|300.033|0.5,barridos_2026-09-19/b0_scan_cementera.csv,6000.0,0.55,583.15,300.032917,0.5,0.5,False,67.24561412986351,2586.5664392025833,1326.9060266662234,2314.6077014168764,657.5857556066143,500.15779920377554,418.38396008734054,-987.701674750653,DENTRO_DE_CAMPANA_POSIBLE,
6000|0.55|583.15|300.033|0.65,barridos_2026-09-19/b0_scan_cementera.csv,6000.0,0.55,583.15,300.032917,0.65,0.65,False,67.24561412986351,2586.5664392025833,1704.8041504271314,2314.6077014168764,657.5857556066143,500.15779920377554,418.38396008734054,-609.803550989745,DENTRO_DE_CAMPANA_POSIBLE,
6000|0.55|583.15|300.033|0.8,barridos_2026-09-19/b0_scan_cementera.csv,6000.0,0.55,583.15,300.032917,0.8,0.8,False,67.24561412986351,2586.5664392025833,2082.702274188039,2314.6077014168764,657.5857556066143,500.15779920377554,418.38396008734054,-231.9054272288372,DENTRO_DE_CAMPANA_POSIBLE,
6000|0.55|583.15|300.033|0.9,barridos_2026-09-19/b0_scan_cementera.csv,6000.0,0.55,583.15,300.032917,0.9,0.9,False,67.24561412986351,2586.5664392025833,2334.6343566953115,2314.6077014168764,657.5857556066143,500.15779920377554,418.38396008734054,20.0266552784351,SOBRECALENTADA_DEMOSTRADA,
6000|0.6|583.15|300.033|0.5,barridos_2026-09-19/b0_scan_cementera.csv,6000.0,0.6,583.15,300.032917,0.5,0.5,False,95.42560828555169,2555.907009538635,1325.6663089120934,2267.6673848407536,647.1327014727282,494.250776729876,409.9964243327647,-942.0010759286602,DENTRO_DE_CAMPANA_POSIBLE,
6000|0.6|583.15|300.033|0.65,barridos_2026-09-19/b0_scan_cementera.csv,6000.0,0.6,583.15,300.032917,0.65,0.65,False,95.42560828555169,2555.907009538635,1694.738519100056,2267.6673848407536,647.1327014727282,494.250776729876,409.9964243327647,-572.9288657406976,DENTRO_DE_CAMPANA_POSIBLE,
6000|0.6|583.15|300.033|0.8,barridos_2026-09-19/b0_scan_cementera.csv,6000.0,0.6,583.15,300.032917,0.8,0.8,False,95.42560828555169,2555.907009538635,2063.8107292880186,2267.6673848407536,647.1327014727282,494.250776729876,409.9964243327647,-203.856655552735,DENTRO_DE_CAMPANA_POSIBLE,
6000|0.6|583.15|300.033|0.9,barridos_2026-09-19/b0_scan_cementera.csv,6000.0,0.6,583.15,300.032917,0.9,0.9,False,95.42560828555169,2555.907009538635,2309.858869413327,2267.6673848407536,647.1327014727282,494.250776729876,409.9964243327647,42.191484572573245,SOBRECALENTADA_DEMOSTRADA,
6000|0.65|583.15|300.033|0.5,barridos_2026-09-19/b0_scan_cementera.csv,6000.0,0.65,583.15,300.032917,0.5,0.5,False,129.125629395043,2525.2431453663116,1327.1843873806774,2219.380596393988,646.8629689035911,487.86316387777066,402.70914935709703,-892.1962090133106,DENTRO_DE_CAMPANA_POSIBLE,
6000|0.65|583.15|300.033|0.65,barridos_2026-09-19/b0_scan_cementera.csv,6000.0,0.65,583.15,300.032917,0.65,0.65,False,129.125629395043,2525.2431453663116,1686.6020147763677,2219.380596393988,646.8629689035911,487.86316387777066,402.70914935709703,-532.7785816176204,DENTRO_DE_CAMPANA_POSIBLE,
6000|0.65|583.15|300.033|0.8,barridos_2026-09-19/b0_scan_cementera.csv,6000.0,0.65,583.15,300.032917,0.8,0.8,False,129.125629395043,2525.2431453663116,2046.019642172058,2219.380596393988,646.8629689035911,487.86316387777066,402.70914935709703,-173.36095422193011,DENTRO_DE_CAMPANA_POSIBLE,
6000|0.7|583.15|300.033|0.5,barridos_2026-09-19/b0_scan_cementera.csv,6000.0,0.7,583.15,300.032917,0.5,0.5,False,167.8056620827434,2494.567987088927,1331.1868245858352,2169.3106027031185,656.0306348032116,480.86375375672515,396.4423379812736,-838.1237781172833,DENTRO_DE_CAMPANA_POSIBLE,
6000|0.7|583.15|300.033|0.65,barridos_2026-09-19/b0_scan_cementera.csv,6000.0,0.7,583.15,300.032917,0.65,0.65,False,167.8056620827434,2494.567987088927,1680.2011733367628,2169.3106027031185,656.0306348032116,480.86375375672515,396.4423379812736,-489.1094293663557,DENTRO_DE_CAMPANA_POSIBLE,
6000|0.7|583.15|300.033|0.8,barridos_2026-09-19/b0_scan_cementera.csv,6000.0,0.7,583.15,300.032917,0.8,0.8,False,167.8056620827434,2494.567987088927,2029.2155220876905,2169.3106027031185,656.0306348032116,480.86375375672515,396.4423379812736,-140.09508061542806,DENTRO_DE_CAMPANA_POSIBLE,
6500|0.35|583.15|300.033|0.5,barridos_2026-09-19/b0_scan_cementera.csv,6500.0,0.35,583.15,300.032917,0.5,0.5,False,15.178066863746555,2696.3053781951753,1355.741722529461,2488.6506735323173,825.0665225145398,524.9809768873656,466.8500063785797,-1132.9089510028564,DENTRO_DE_CAMPANA_POSIBLE,
6500|0.35|583.15|300.033|0.65,barridos_2026-09-19/b0_scan_cementera.csv,6500.0,0.35,583.15,300.032917,0.65,0.65,False,15.178066863746555,2696.3053781951753,1757.9108192291753,2488.6506735323173,825.0665225145398,524.9809768873656,466.8500063785797,-730.739854303142,DENTRO_DE_CAMPANA_POSIBLE,
6500|0.35|583.15|300.033|0.8,barridos_2026-09-19/b0_scan_cementera.csv,6500.0,0.35,583.15,300.032917,0.8,0.8,False,15.178066863746555,2696.3053781951753,2160.0799159288895,2488.6506735323173,825.0665225145398,524.9809768873656,466.8500063785797,-328.57075760342786,DENTRO_DE_CAMPANA_POSIBLE,
6500|0.35|583.15|300.033|0.9,barridos_2026-09-19/b0_scan_cementera.csv,6500.0,0.35,583.15,300.032917,0.9,0.9,False,15.178066863746555,2696.3053781951753,2428.1926470620324,2488.6506735323173,825.0665225145398,524.9809768873656,466.8500063785797,-60.45802647028495,DENTRO_DE_CAMPANA_POSIBLE,
6500|0.4|583.15|300.033|0.5,barridos_2026-09-19/b0_scan_cementera.csv,6500.0,0.4,583.15,300.032917,0.5,0.5,False,19.307344895013223,2666.388997297203,1342.848171096108,2444.9614295282663,779.3744798163465,520.1776699086106,455.18579351321506,-1102.1132584321583,DENTRO_DE_CAMPANA_POSIBLE,
6500|0.4|583.15|300.033|0.65,barridos_2026-09-19/b0_scan_cementera.csv,6500.0,0.4,583.15,300.032917,0.65,0.65,False,19.307344895013223,2666.388997297203,1739.9104189564366,2444.9614295282663,779.3744798163465,520.1776699086106,455.18579351321506,-705.0510105718297,DENTRO_DE_CAMPANA_POSIBLE,
6500|0.4|583.15|300.033|0.8,barridos_2026-09-19/b0_scan_cementera.csv,6500.0,0.4,583.15,300.032917,0.8,0.8,False,19.307344895013223,2666.388997297203,2136.972666816765,2444.9614295282663,779.3744798163302,520.1776699086106,455.18579351321506,-307.9887627115013,DENTRO_DE_CAMPANA_POSIBLE,
6500|0.4|583.15|300.033|0.9,barridos_2026-09-19/b0_scan_cementera.csv,6500.0,0.4,583.15,300.032917,0.9,0.9,False,19.307344895013223,2666.388997297203,2401.680832056984,2444.9614295282663,779.3744798163302,520.1776699086106,455.18579351321506,-43.28059747128236,DENTRO_DE_CAMPANA_POSIBLE,
6500|0.45|583.15|300.033|0.5,barridos_2026-09-19/b0_scan_cementera.csv,6500.0,0.45,583.15,300.032917,0.5,0.5,False,29.2908421169011,2636.4303780337736,1332.8606100753373,2400.6739402858675,740.3486024398744,515.1349903854182,443.9803117778997,-1067.8133302105302,DENTRO_DE_CAMPANA_POSIBLE,
6500|0.45|583.15|300.033|0.65,barridos_2026-09-19/b0_scan_cementera.csv,6500.0,0.45,583.15,300.032917,0.65,0.65,False,29.2908421169011,2636.4303780337736,1723.9315404628683,2400.6739402858675,740.3486024398744,515.1349903854182,443.9803117778997,-676.7423998229992,DENTRO_DE_CAMPANA_POSIBLE,
6500|0.45|583.15|300.033|0.8,barridos_2026-09-19/b0_scan_cementera.csv,6500.0,0.45,583.15,300.032917,0.8,0.8,False,29.2908421169011,2636.4303780337736,2115.002470850399,2400.6739402858675,740.3486024398744,515.1349903854182,443.9803117778997,-285.6714694354687,DENTRO_DE_CAMPANA_POSIBLE,
6500|0.45|583.15|300.033|0.9,barridos_2026-09-19/b0_scan_cementera.csv,6500.0,0.45,583.15,300.032917,0.9,0.9,False,29.2908421169011,2636.4303780337736,2375.7164244420865,2400.6739402858675,740.3486024398744,515.1349903854182,443.9803117778997,-24.95751584378104,DENTRO_DE_CAMPANA_POSIBLE,
6500|0.5|583.15|300.033|0.5,barridos_2026-09-19/b0_scan_cementera.csv,6500.0,0.5,583.15,300.032917,0.5,0.5,False,45.39378310855045,2606.443438966707,1325.9186110376288,2355.686680354677,709.5912587175662,509.8140287357078,433.48731063676234,-1029.768069317048,DENTRO_DE_CAMPANA_POSIBLE,
6500|0.5|583.15|300.033|0.65,barridos_2026-09-19/b0_scan_cementera.csv,6500.0,0.5,583.15,300.032917,0.65,0.65,False,45.39378310855045,2606.443438966707,1710.0760594163523,2355.686680354677,709.5912587175662,509.8140287357078,433.48731063676234,-645.6106209383245,DENTRO_DE_CAMPANA_POSIBLE,
6500|0.5|583.15|300.033|0.8,barridos_2026-09-19/b0_scan_cementera.csv,6500.0,0.5,583.15,300.032917,0.8,0.8,False,45.39378310855045,2606.443438966707,2094.2335077950756,2355.686680354677,709.5912587175662,509.8140287357078,433.48731063676234,-261.45317255960117,DENTRO_DE_CAMPANA_POSIBLE,
6500|0.5|583.15|300.033|0.9,barridos_2026-09-19/b0_scan_cementera.csv,6500.0,0.5,583.15,300.032917,0.9,0.9,False,45.39378310855045,2606.443438966707,2350.3384733808916,2355.686680354677,709.5912587175662,509.8140287357078,433.48731063676234,-5.348206973785182,DENTRO_DE_CAMPANA_POSIBLE,
6500|0.55|583.15|300.033|0.5,barridos_2026-09-19/b0_scan_cementera.csv,6500.0,0.55,583.15,300.032917,0.5,0.5,False,67.63840361686978,2576.4358038416435,1322.0371037292566,2309.850736803609,688.3402588693888,504.1646436203254,423.9197333882852,-987.8136330743523,DENTRO_DE_CAMPANA_POSIBLE,
6500|0.55|583.15|300.033|0.65,barridos_2026-09-19/b0_scan_cementera.csv,6500.0,0.55,583.15,300.032917,0.65,0.65,False,67.63840361686978,2576.4358038416435,1698.3567137629727,2309.850736803609,688.3402588693888,504.1646436203254,423.9197333882852,-611.4940230406362,DENTRO_DE_CAMPANA_POSIBLE,
6500|0.55|583.15|300.033|0.8,barridos_2026-09-19/b0_scan_cementera.csv,6500.0,0.55,583.15,300.032917,0.8,0.8,False,67.63840361686978,2576.4358038416435,2074.676323796689,2309.8507368035775,688.3402588693888,504.1646436203254,423.9197333882852,-235.1744130068887,DENTRO_DE_CAMPANA_POSIBLE,
6500|0.55|583.15|300.033|0.9,barridos_2026-09-19/b0_scan_cementera.csv,6500.0,0.55,583.15,300.032917,0.9,0.9,False,67.63840361686978,2576.4358038416435,2325.5560638191664,2309.8507368035775,688.3402588693888,504.1646436203254,423.9197333882852,15.705327015588864,SOBRECALENTADA_DEMOSTRADA,
6500|0.6|583.15|300.033|0.5,barridos_2026-09-19/b0_scan_cementera.csv,6500.0,0.6,583.15,300.032917,0.5,0.5,False,95.81017960169572,2546.4097698904593,1321.1099747460776,2262.9523941232665,677.248929849944,498.12002388460286,415.4082740069017,-941.8424193771889,DENTRO_DE_CAMPANA_POSIBLE,
6500|0.6|583.15|300.033|0.65,barridos_2026-09-19/b0_scan_cementera.csv,6500.0,0.6,583.15,300.032917,0.65,0.65,False,95.81017960169572,2546.4097698904593,1688.699913289392,2262.9523941232665,677.248929849944,498.12002388460286,415.4082740069017,-574.2524808338744,DENTRO_DE_CAMPANA_POSIBLE,
6500|0.6|583.15|300.033|0.8,barridos_2026-09-19/b0_scan_cementera.csv,6500.0,0.6,583.15,300.032917,0.8,0.8,False,95.81017960169572,2546.4097698904593,2056.289851832707,2262.9523941232665,677.2489298499378,498.12002388460286,415.4082740069017,-206.6625422905595,DENTRO_DE_CAMPANA_POSIBLE,
6500|0.6|583.15|300.033|0.9,barridos_2026-09-19/b0_scan_cementera.csv,6500.0,0.6,583.15,300.032917,0.9,0.9,False,95.81017960169572,2546.4097698904593,2301.3498108615827,2262.9523941232665,677.2489298499378,498.12002388460286,415.4082740069017,38.397416738316224,SOBRECALENTADA_DEMOSTRADA,
6500|0.65|583.15|300.033|0.5,barridos_2026-09-19/b0_scan_cementera.csv,6500.0,0.65,583.15,300.032917,0.5,0.5,False,129.50077949686093,2516.3631472492793,1322.9319633730702,2214.6840084648898,676.2658644030067,491.58788843631976,407.97899611247277,-891.7520450918196,DENTRO_DE_CAMPANA_POSIBLE,
6500|0.65|583.15|300.033|0.65,barridos_2026-09-19/b0_scan_cementera.csv,6500.0,0.65,583.15,300.032917,0.65,0.65,False,129.50077949686093,2516.3631472492793,1680.9613185359328,2214.6840084648898,676.2658644030067,491.58788843631976,407.97899611247277,-533.7226899289569,DENTRO_DE_CAMPANA_POSIBLE,
6500|0.65|583.15|300.033|0.8,barridos_2026-09-19/b0_scan_cementera.csv,6500.0,0.65,583.15,300.032917,0.8,0.8,False,129.50077949686093,2516.3631472492793,2038.990673698796,2214.6840084648898,676.2658644030067,491.58788843631976,407.97899611247277,-175.6933347660938,DENTRO_DE_CAMPANA_POSIBLE,
6500|0.65|583.15|300.033|0.9,barridos_2026-09-19/b0_scan_cementera.csv,6500.0,0.65,583.15,300.032917,0.9,0.9,False,129.50077949686093,2516.3631472492793,2277.6769104740374,2214.6840084648898,676.2658644030067,491.58788843631976,407.97899611247277,62.992902009147656,SOBRECALENTADA_DEMOSTRADA,
6500|0.7|583.15|300.033|0.5,barridos_2026-09-19/b0_scan_cementera.csv,6500.0,0.7,583.15,300.032917,0.5,0.5,False,168.16945667043217,2486.29001229538,1327.2297344829062,2164.5926129267064,684.6622931669086,484.4353959738592,401.5565991060688,-837.3628784438001,DENTRO_DE_CAMPANA_POSIBLE,
6500|0.7|583.15|300.033|0.65,barridos_2026-09-19/b0_scan_cementera.csv,6500.0,0.7,583.15,300.032917,0.65,0.65,False,168.16945667043217,2486.29001229538,1674.9478178266484,2164.5926129267064,684.6622931669086,484.4353959738592,401.5565991060688,-489.644795100058,DENTRO_DE_CAMPANA_POSIBLE,
6500|0.7|583.15|300.033|0.8,barridos_2026-09-19/b0_scan_cementera.csv,6500.0,0.7,583.15,300.032917,0.8,0.8,False,168.16945667043217,2486.29001229538,2022.6659011703907,2164.5926129267286,684.6622931669086,484.4353959738592,401.5565991060688,-141.9267117563379,DENTRO_DE_CAMPANA_POSIBLE,
7000|0.35|583.15|300.033|0.5,barridos_2026-09-19/b0_scan_cementera.csv,7000.0,0.35,583.15,300.032917,0.5,0.5,False,15.600845930054835,2683.0877089048463,1349.3442774174505,2483.0181901185024,855.7975934534909,529.2037763855795,472.29588621476523,-1133.673912701052,DENTRO_DE_CAMPANA_POSIBLE,
7000|0.35|583.15|300.033|0.65,barridos_2026-09-19/b0_scan_cementera.csv,7000.0,0.35,583.15,300.032917,0.65,0.65,False,15.600845930054835,2683.0877089048463,1749.4673068636694,2483.0181901185024,855.7975934534909,529.2037763855795,472.29588621476523,-733.550883254833,DENTRO_DE_CAMPANA_POSIBLE,
7000|0.35|583.15|300.033|0.8,barridos_2026-09-19/b0_scan_cementera.csv,7000.0,0.35,583.15,300.032917,0.8,0.8,False,15.600845930054835,2683.0877089048463,2149.5903363098882,2483.0181901185024,855.7975934534909,529.2037763855795,472.29588621476523,-333.42785380861415,DENTRO_DE_CAMPANA_POSIBLE,
7000|0.35|583.15|300.033|0.9,barridos_2026-09-19/b0_scan_cementera.csv,7000.0,0.35,583.15,300.032917,0.9,0.9,False,15.600845930054835,2683.0877089048463,2416.339022607367,2483.0181901185024,855.7975934534909,529.2037763855795,472.29588621476523,-66.67916751113535,DENTRO_DE_CAMPANA_POSIBLE,
7000|0.4|583.15|300.033|0.5,barridos_2026-09-19/b0_scan_cementera.csv,7000.0,0.4,583.15,300.032917,0.5,0.5,False,19.722748624649537,2653.9436325827633,1336.8331906037065,2439.3882788662636,810.1632597779732,524.2849453262609,460.6453381322328,-1102.555088262557,DENTRO_DE_CAMPANA_POSIBLE,
7000|0.4|583.15|300.033|0.65,barridos_2026-09-19/b0_scan_cementera.csv,7000.0,0.4,583.15,300.032917,0.65,0.65,False,19.722748624649537,2653.9436325827633,1731.9663231974234,2439.3882788662636,810.1632597779732,524.2849453262609,460.6453381322328,-707.4219556688402,DENTRO_DE_CAMPANA_POSIBLE,
7000|0.4|583.15|300.033|0.8,barridos_2026-09-19/b0_scan_cementera.csv,7000.0,0.4,583.15,300.032917,0.8,0.8,False,19.722748624649537,2653.9436325827633,2127.0994557911404,2439.3882788662636,810.1632597779732,524.2849453262609,460.6453381322328,-312.2888230751232,DENTRO_DE_CAMPANA_POSIBLE,
7000|0.4|583.15|300.033|0.9,barridos_2026-09-19/b0_scan_cementera.csv,7000.0,0.4,583.15,300.032917,0.9,0.9,False,19.722748624649537,2653.9436325827633,2390.521544186952,2439.3882788662636,810.1632597779732,524.2849453262609,460.6453381322328,-48.866734679311776,DENTRO_DE_CAMPANA_POSIBLE,
7000|0.45|583.15|300.033|0.5,barridos_2026-09-19/b0_scan_cementera.csv,7000.0,0.45,583.15,300.032917,0.5,0.5,False,29.698840799113864,2624.7235056665513,1327.2111732328326,2395.157345954639,770.9888155349635,519.1229405828938,449.4189249790381,-1067.9461727218063,DENTRO_DE_CAMPANA_POSIBLE,
7000|0.45|583.15|300.033|0.65,barridos_2026-09-19/b0_scan_cementera.csv,7000.0,0.45,583.15,300.032917,0.65,0.65,False,29.698840799113864,2624.7235056665513,1716.4648729629484,2395.157345954639,770.9888155349635,519.1229405828938,449.4189249790381,-678.6924729916905,DENTRO_DE_CAMPANA_POSIBLE,
7000|0.45|583.15|300.033|0.8,barridos_2026-09-19/b0_scan_cementera.csv,7000.0,0.45,583.15,300.032917,0.8,0.8,False,29.698840799113864,2624.7235056665513,2105.7185726930643,2395.157345954639,770.9888155349455,519.1229405828938,449.4189249790381,-289.4387732615746,DENTRO_DE_CAMPANA_POSIBLE,
7000|0.45|583.15|300.033|0.9,barridos_2026-09-19/b0_scan_cementera.csv,7000.0,0.45,583.15,300.032917,0.9,0.9,False,29.698840799113864,2624.7235056665513,2365.2210391798076,2395.157345954639,770.9888155349455,519.1229405828938,449.4189249790381,-29.936306774831337,DENTRO_DE_CAMPANA_POSIBLE,
7000|0.5|583.15|300.033|0.5,barridos_2026-09-19/b0_scan_cementera.csv,7000.0,0.5,583.15,300.032917,0.5,0.5,False,45.794376676469696,2595.4464188783318,1320.6203977774007,2350.222966960986,739.8921507517056,513.6783422434436,438.8688931974084,-1029.6025691835853,DENTRO_DE_CAMPANA_POSIBLE,
7000|0.5|583.15|300.033|0.65,barridos_2026-09-19/b0_scan_cementera.csv,7000.0,0.5,583.15,300.032917,0.65,0.65,False,45.794376676469696,2595.4464188783318,1703.06820410768,2350.222966960986,739.8921507516687,513.6783422434436,438.8688931974084,-647.154762853306,DENTRO_DE_CAMPANA_POSIBLE,
7000|0.5|583.15|300.033|0.8,barridos_2026-09-19/b0_scan_cementera.csv,7000.0,0.5,583.15,300.032917,0.8,0.8,False,45.794376676469696,2595.4464188783318,2085.5160104379593,2350.222966960986,739.8921507516678,513.6783422434436,438.8688931974084,-264.70695652302675,DENTRO_DE_CAMPANA_POSIBLE,
7000|0.5|583.15|300.033|0.9,barridos_2026-09-19/b0_scan_cementera.csv,7000.0,0.5,583.15,300.032917,0.9,0.9,False,45.794376676469696,2595.4464188783318,2340.4812146581453,2350.222966960986,739.8921507516678,513.6783422434436,438.8688931974084,-9.741752302840723,DENTRO_DE_CAMPANA_POSIBLE,
7000|0.55|583.15|300.033|0.5,barridos_2026-09-19/b0_scan_cementera.csv,7000.0,0.55,583.15,300.032917,0.5,0.5,False,68.03142325169935,2566.1238847121626,1317.077653981931,2304.4334533574906,718.1467823838537,507.90043677498335,429.2118172188402,-987.3557993755596,DENTRO_DE_CAMPANA_POSIBLE,
7000|0.55|583.15|300.033|0.65,barridos_2026-09-19/b0_scan_cementera.csv,7000.0,0.55,583.15,300.032917,0.65,0.65,False,68.03142325169935,2566.1238847121626,1691.7915232010007,2304.433453357632,718.1467823838537,507.90043677498335,429.2118172188402,-612.6419301566314,DENTRO_DE_CAMPANA_POSIBLE,
7000|0.55|583.15|300.033|0.8,barridos_2026-09-19/b0_scan_cementera.csv,7000.0,0.55,583.15,300.032917,0.8,0.8,False,68.03142325169935,2566.1238847121626,2066.50539242007,2304.4334533577553,718.1467823838537,507.90043677498335,429.2118172188402,-237.92806093768513,DENTRO_DE_CAMPANA_POSIBLE,
7000|0.55|583.15|300.033|0.9,barridos_2026-09-19/b0_scan_cementera.csv,7000.0,0.55,583.15,300.032917,0.9,0.9,False,68.03142325169935,2566.1238847121626,2316.3146385661166,2304.4334533575293,718.1467823838537,507.90043677498335,429.2118172188402,11.88118520858734,SOBRECALENTADA_DEMOSTRADA,
7000|0.6|583.15|300.033|0.5,barridos_2026-09-19/b0_scan_cementera.csv,7000.0,0.6,583.15,300.032917,0.5,0.5,False,96.19505902172668,2536.7610645046148,1316.4780617631707,2257.5695280836485,706.4437975142537,501.721693950973,420.5842908914383,-941.0914663204778,DENTRO_DE_CAMPANA_POSIBLE,
7000|0.6|583.15|300.033|0.65,barridos_2026-09-19/b0_scan_cementera.csv,7000.0,0.6,583.15,300.032917,0.65,0.65,False,96.19505902172668,2536.7610645046148,1682.562962585604,2257.5695280836485,706.4437975142537,501.721693950973,420.5842908914383,-575.0065654980444,DENTRO_DE_CAMPANA_POSIBLE,
7000|0.6|583.15|300.033|0.8,barridos_2026-09-19/b0_scan_cementera.csv,7000.0,0.6,583.15,300.032917,0.8,0.8,False,96.19505902172668,2536.7610645046148,2048.647863408037,2257.5695280836485,706.4437975142537,501.721693950973,420.5842908914383,-208.92166467561128,DENTRO_DE_CAMPANA_POSIBLE,
7000|0.6|583.15|300.033|0.9,barridos_2026-09-19/b0_scan_cementera.csv,7000.0,0.6,583.15,300.032917,0.9,0.9,False,96.19505902172668,2536.7610645046148,2292.704463956326,2257.5695280836485,706.4437975142537,501.721693950973,420.5842908914383,35.13493587267749,SOBRECALENTADA_DEMOSTRADA,
7000|0.65|583.15|300.033|0.5,barridos_2026-09-19/b0_scan_cementera.csv,7000.0,0.65,583.15,300.032917,0.5,0.5,False,129.87634479005226,2507.3578070790227,1318.6170759345375,2209.313778228497,704.758490103188,495.0488287600842,413.01794095520637,-890.6967022939596,DENTRO_DE_CAMPANA_POSIBLE,
7000|0.65|583.15|300.033|0.65,barridos_2026-09-19/b0_scan_cementera.csv,7000.0,0.65,583.15,300.032917,0.65,0.65,False,129.87634479005226,2507.3578070790227,1675.239295277883,2209.313778228497,704.758490103188,495.0488287600842,413.01794095520637,-534.0744829506141,DENTRO_DE_CAMPANA_POSIBLE,
7000|0.65|583.15|300.033|0.8,barridos_2026-09-19/b0_scan_cementera.csv,7000.0,0.65,583.15,300.032917,0.8,0.8,False,129.87634479005226,2507.3578070790227,2031.8615146212287,2209.313778228497,704.7584901031931,495.0488287600842,413.01794095520637,-177.45226360726838,DENTRO_DE_CAMPANA_POSIBLE,
7000|0.65|583.15|300.033|0.9,barridos_2026-09-19/b0_scan_cementera.csv,7000.0,0.65,583.15,300.032917,0.9,0.9,False,129.87634479005226,2507.3578070790227,2269.6096608501257,2209.313778228497,704.7584901032031,495.0488287600842,413.01794095520637,60.29588262162861,SOBRECALENTADA_DEMOSTRADA,
7000|0.7|583.15|300.033|0.5,barridos_2026-09-19/b0_scan_cementera.csv,7000.0,0.7,583.15,300.032917,0.5,0.5,False,168.5338138235654,2477.9095608818275,1323.2216873526963,2159.1968227959487,712.3846682554004,487.74748285596473,406.4425820382905,-835.9751354432524,DENTRO_DE_CAMPANA_POSIBLE,
7000|0.7|583.15|300.033|0.65,barridos_2026-09-19/b0_scan_cementera.csv,7000.0,0.7,583.15,300.032917,0.65,0.65,False,168.5338138235654,2477.9095608818275,1669.6280494114358,2159.1968227959487,712.3846682554004,487.74748285596473,406.4425820382905,-489.56877338451295,DENTRO_DE_CAMPANA_POSIBLE,
7000|0.7|583.15|300.033|0.8,barridos_2026-09-19/b0_scan_cementera.csv,7000.0,0.7,583.15,300.032917,0.8,0.8,False,168.5338138235654,2477.9095608818275,2016.0344114701752,2159.1968227959487,712.3846682554004,487.74748285596473,406.4425820382905,-143.16241132577352,DENTRO_DE_CAMPANA_POSIBLE,
