T_fuente,T_sumidero,P_alta,P_baja,x_b,m_b,eta_t,eta_p,eps_hrvg,eps_reg,eps_cond,T_sat_L,T9_amb,O2_margen,convergio,clasificacion,eta,Wnet,mensaje
470.0,300.032917,3000.0,400.0,0.35,1.0,0.85,0.75,0.85,0.75,0.95,330.34503492992707,315.1577662162574,15.187268713669653,True,KALINA,0.1182603625456353,133.9640687567099,"KALINA: régimen Kalina genuino y admisible, sin fallas."
470.0,300.032917,3000.0,400.0,0.35,1.0,0.85,0.75,0.85,0.75,0.9,330.34503492992707,327.210165360497,3.134869569430066,True,KALINA,0.1219108564051521,134.69406586201092,"KALINA: régimen Kalina genuino y admisible, sin fallas."
470.0,300.032917,3000.0,400.0,0.35,1.0,0.85,0.75,0.85,0.75,0.85,330.34503492992707,332.8570103643786,-2.5119754344515286,True,CORREGIBLE,0.1257442516911105,135.1814583644037,"[CORREGIBLE] O2: succión de la bomba bifásica bajo el peor caso de T_amb (riesgo de cavitación) (medido=332.8570103643786, esperado=<= 330.345 K). Causa probable: subenfriamiento insuficiente a la salida del condensador bajo el peor caso ambiental. Sugerencia: aumentar eps_cond o el margen de subenf"
470.0,300.032917,3000.0,400.0,0.35,1.0,0.85,0.75,0.85,0.75,0.8,330.34503492992707,336.49802011893405,-6.152985189006984,True,CORREGIBLE,0.1282221767808095,133.63335914967385,"[CORREGIBLE] O2: succión de la bomba bifásica bajo el peor caso de T_amb (riesgo de cavitación) (medido=336.49802011893405, esperado=<= 330.345 K). Causa probable: subenfriamiento insuficiente a la salida del condensador bajo el peor caso ambiental. Sugerencia: aumentar eps_cond o el margen de suben"
470.0,300.032917,3000.0,450.0,0.35,1.0,0.85,0.75,0.85,0.75,0.95,334.2456670670964,315.24029935900506,19.00536770809134,True,KALINA,0.1119336220191854,126.77837031811563,"KALINA: régimen Kalina genuino y admisible, sin fallas."
470.0,300.032917,3000.0,450.0,0.35,1.0,0.85,0.75,0.85,0.75,0.9,334.2456670670964,327.3782512341362,6.867415832960205,True,KALINA,0.1154139113768428,127.47330921844112,"KALINA: régimen Kalina genuino y admisible, sin fallas."
470.0,300.032917,3000.0,450.0,0.35,1.0,0.85,0.75,0.85,0.75,0.85,334.2456670670964,335.7931541752637,-1.5474871081672743,True,CORREGIBLE,0.1192581213521983,128.15413617586634,"[CORREGIBLE] O2: succión de la bomba bifásica bajo el peor caso de T_amb (riesgo de cavitación) (medido=335.7931541752637, esperado=<= 334.246 K). Causa probable: subenfriamiento insuficiente a la salida del condensador bajo el peor caso ambiental. Sugerencia: aumentar eps_cond o el margen de subenf"
470.0,300.032917,3000.0,450.0,0.35,1.0,0.85,0.75,0.85,0.75,0.8,334.2456670670964,339.4575494214605,-5.211882354364093,True,CORREGIBLE,0.1221154495433133,127.23243681084853,"[CORREGIBLE] O2: succión de la bomba bifásica bajo el peor caso de T_amb (riesgo de cavitación) (medido=339.4575494214605, esperado=<= 334.246 K). Causa probable: subenfriamiento insuficiente a la salida del condensador bajo el peor caso ambiental. Sugerencia: aumentar eps_cond o el margen de subenf"
470.0,300.032917,3000.0,500.0,0.35,1.0,0.85,0.75,0.85,0.75,0.95,,,,False,NO_CONVERGIO,,,"T_from_Ph(P, h, x): el motor teqp no cubre el estado pedido (ver TASK_CONTEXT 2026-09-18-validar-teqp-nh3h2o). Detalle: equilibrio no resoluble en T=296.92 K, P=5e+05 Pa, x=0.1626"
470.0,300.032917,3000.0,500.0,0.35,1.0,0.85,0.75,0.85,0.75,0.9,337.83115409899114,327.5303914346184,10.300762664372712,True,KALINA,0.1095324583137254,120.9409490820244,"KALINA: régimen Kalina genuino y admisible, sin fallas."
470.0,300.032917,3000.0,500.0,0.35,1.0,0.85,0.75,0.85,0.75,0.85,337.83115409899114,338.4794975816677,-0.6483434826765802,True,CORREGIBLE,0.1132506042030764,121.64213964917478,"[CORREGIBLE] O2: succión de la bomba bifásica bajo el peor caso de T_amb (riesgo de cavitación) (medido=338.4794975816677, esperado=<= 337.831 K). Causa probable: subenfriamiento insuficiente a la salida del condensador bajo el peor caso ambiental. Sugerencia: aumentar eps_cond o el margen de subenf"
470.0,300.032917,3000.0,500.0,0.35,1.0,0.85,0.75,0.85,0.75,0.8,337.83115409899114,342.16466772702665,-4.333513628035519,True,CORREGIBLE,0.116445659186286,121.28305622613394,"[CORREGIBLE] O2: succión de la bomba bifásica bajo el peor caso de T_amb (riesgo de cavitación) (medido=342.16466772702665, esperado=<= 337.831 K). Causa probable: subenfriamiento insuficiente a la salida del condensador bajo el peor caso ambiental. Sugerencia: aumentar eps_cond o el margen de suben"
470.0,300.032917,3000.0,550.0,0.35,1.0,0.85,0.75,0.85,0.75,0.8,341.15612289662005,344.6640082820077,-3.507885385387681,True,CORREGIBLE,0.1111424634316295,115.71455340604405,"[CORREGIBLE] O2: succión de la bomba bifásica bajo el peor caso de T_amb (riesgo de cavitación) (medido=344.6640082820077, esperado=<= 341.156 K). Causa probable: subenfriamiento insuficiente a la salida del condensador bajo el peor caso ambiental. Sugerencia: aumentar eps_cond o el margen de subenf"
470.0,300.032917,3000.0,550.0,0.35,1.0,0.85,0.75,0.85,0.75,0.85,341.15612289662005,340.49489455831446,0.661228338305591,True,KALINA,0.1075285326410679,115.60575527758084,"KALINA: régimen Kalina genuino y admisible, sin fallas."
470.0,300.032917,3000.0,550.0,0.35,1.0,0.85,0.75,0.85,0.75,0.95,341.15612289662005,315.3832956531581,25.77282724346196,True,KALINA,0.1009764503294771,114.3390979984423,"KALINA: régimen Kalina genuino y admisible, sin fallas."
470.0,300.032917,3000.0,550.0,0.35,1.0,0.85,0.75,0.85,0.75,0.9,341.15612289662005,327.6694804543422,13.486642442277857,True,KALINA,0.1041551545281893,114.97212233108722,"KALINA: régimen Kalina genuino y admisible, sin fallas."
470.0,300.032917,3000.0,600.0,0.35,1.0,0.85,0.75,0.85,0.75,0.95,,,,False,NO_CONVERGIO,,,"T_from_Ph(P, h, x): el motor teqp no cubre el estado pedido (ver TASK_CONTEXT 2026-09-18-validar-teqp-nh3h2o). Detalle: equilibrio no resoluble en T=295.56 K, P=6e+05 Pa, x=0.1692"
470.0,300.032917,3000.0,600.0,0.35,1.0,0.85,0.75,0.85,0.75,0.9,344.2616958960772,327.7976785915597,16.464017304517427,True,KALINA,0.0991988448695032,109.47362438994664,"KALINA: régimen Kalina genuino y admisible, sin fallas."
470.0,300.032917,3000.0,600.0,0.35,1.0,0.85,0.75,0.85,0.75,0.85,344.2616958960772,340.6814767181919,3.580219177885226,True,KALINA,0.1024581455841959,110.08500043619904,"KALINA: régimen Kalina genuino y admisible, sin fallas."
470.0,300.032917,3000.0,600.0,0.35,1.0,0.85,0.75,0.85,0.75,0.8,344.2616958960772,346.9890395696999,-2.727343673622784,True,CORREGIBLE,0.1061519532601233,110.47238784313824,"[CORREGIBLE] O2: succión de la bomba bifásica bajo el peor caso de T_amb (riesgo de cavitación) (medido=346.9890395696999, esperado=<= 344.262 K). Causa probable: subenfriamiento insuficiente a la salida del condensador bajo el peor caso ambiental. Sugerencia: aumentar eps_cond o el margen de subenf"
470.0,300.032917,3000.0,400.0,0.4,1.0,0.85,0.75,0.85,0.75,0.8,320.89962245833146,331.2970768203411,-10.397454362009626,True,CORREGIBLE,0.1315432740720214,160.13289931536576,"[CORREGIBLE] O2: succión de la bomba bifásica bajo el peor caso de T_amb (riesgo de cavitación) (medido=331.2970768203411, esperado=<= 320.900 K). Causa probable: subenfriamiento insuficiente a la salida del condensador bajo el peor caso ambiental. Sugerencia: aumentar eps_cond o el margen de subenf"
470.0,300.032917,3000.0,400.0,0.4,1.0,0.85,0.75,0.85,0.75,0.95,320.89962245833146,316.9879835048209,3.9116389535105895,True,KALINA,0.1242887803299733,166.61330414986975,"KALINA: régimen Kalina genuino y admisible, sin fallas."
470.0,300.032917,3000.0,400.0,0.4,1.0,0.85,0.75,0.85,0.75,0.9,320.89962245833146,323.3684510558079,-2.4688285974764312,True,CORREGIBLE,0.1283312751753185,167.25741084606943,"[CORREGIBLE] O2: succión de la bomba bifásica bajo el peor caso de T_amb (riesgo de cavitación) (medido=323.3684510558079, esperado=<= 320.900 K). Causa probable: subenfriamiento insuficiente a la salida del condensador bajo el peor caso ambiental. Sugerencia: aumentar eps_cond o el margen de subenf"
470.0,300.032917,3000.0,400.0,0.4,1.0,0.85,0.75,0.85,0.75,0.85,320.89962245833146,327.1380925783282,-6.238470119996748,True,CORREGIBLE,0.1309652830988955,165.3448507059519,"[CORREGIBLE] O2: succión de la bomba bifásica bajo el peor caso de T_amb (riesgo de cavitación) (medido=327.1380925783282, esperado=<= 320.900 K). Causa probable: subenfriamiento insuficiente a la salida del condensador bajo el peor caso ambiental. Sugerencia: aumentar eps_cond o el margen de subenf"
470.0,300.032917,3000.0,450.0,0.4,1.0,0.85,0.75,0.85,0.75,0.8,324.6942194819388,334.2504905655483,-9.556271083609545,True,CORREGIBLE,0.1256019196935338,152.9067629742341,"[CORREGIBLE] O2: succión de la bomba bifásica bajo el peor caso de T_amb (riesgo de cavitación) (medido=334.2504905655483, esperado=<= 324.694 K). Causa probable: subenfriamiento insuficiente a la salida del condensador bajo el peor caso ambiental. Sugerencia: aumentar eps_cond o el margen de subenf"
470.0,300.032917,3000.0,450.0,0.4,1.0,0.85,0.75,0.85,0.75,0.95,324.6942194819388,317.0881145311678,7.606104950770998,True,KALINA,0.1176656396482514,157.70660115721574,"KALINA: régimen Kalina genuino y admisible, sin fallas."
470.0,300.032917,3000.0,450.0,0.4,1.0,0.85,0.75,0.85,0.75,0.9,324.6942194819388,326.279727768452,-1.5855082865132315,True,CORREGIBLE,0.1216946960805944,158.56402217460467,"[CORREGIBLE] O2: succión de la bomba bifásica bajo el peor caso de T_amb (riesgo de cavitación) (medido=326.279727768452, esperado=<= 324.694 K). Causa probable: subenfriamiento insuficiente a la salida del condensador bajo el peor caso ambiental. Sugerencia: aumentar eps_cond o el margen de subenfr"
470.0,300.032917,3000.0,450.0,0.4,1.0,0.85,0.75,0.85,0.75,0.85,324.6942194819388,330.0683345556135,-5.374115073674716,True,CORREGIBLE,0.1246595159365547,157.36199478357747,"[CORREGIBLE] O2: succión de la bomba bifásica bajo el peor caso de T_amb (riesgo de cavitación) (medido=330.0683345556135, esperado=<= 324.694 K). Causa probable: subenfriamiento insuficiente a la salida del condensador bajo el peor caso ambiental. Sugerencia: aumentar eps_cond o el margen de subenf"
470.0,300.032917,3000.0,500.0,0.4,1.0,0.85,0.75,0.85,0.75,0.9,328.1834117350352,328.94536184306526,-0.7619501080300779,True,CORREGIBLE,0.1155714493777431,150.53688568231723,"[CORREGIBLE] O2: succión de la bomba bifásica bajo el peor caso de T_amb (riesgo de cavitación) (medido=328.94536184306526, esperado=<= 328.183 K). Causa probable: subenfriamiento insuficiente a la salida del condensador bajo el peor caso ambiental. Sugerencia: aumentar eps_cond o el margen de suben"
470.0,300.032917,3000.0,500.0,0.4,1.0,0.85,0.75,0.85,0.75,0.95,328.1834117350352,317.17876085376594,11.004650881269242,True,KALINA,0.1116709041619268,149.6479306381694,"KALINA: régimen Kalina genuino y admisible, sin fallas."
470.0,300.032917,3000.0,500.0,0.4,1.0,0.85,0.75,0.85,0.75,0.8,328.1834117350352,336.95281804305586,-8.769406308020677,True,CORREGIBLE,0.1201010053025268,146.20287819287086,"[CORREGIBLE] O2: succión de la bomba bifásica bajo el peor caso de T_amb (riesgo de cavitación) (medido=336.95281804305586, esperado=<= 328.183 K). Causa probable: subenfriamiento insuficiente a la salida del condensador bajo el peor caso ambiental. Sugerencia: aumentar eps_cond o el margen de suben"
470.0,300.032917,3000.0,500.0,0.4,1.0,0.85,0.75,0.85,0.75,0.85,328.1834117350352,332.7503803807651,-4.566968645729901,True,CORREGIBLE,0.1188329108870101,149.9761128969986,"[CORREGIBLE] O2: succión de la bomba bifásica bajo el peor caso de T_amb (riesgo de cavitación) (medido=332.7503803807651, esperado=<= 328.183 K). Causa probable: subenfriamiento insuficiente a la salida del condensador bajo el peor caso ambiental. Sugerencia: aumentar eps_cond o el margen de subenf"
470.0,300.032917,3000.0,550.0,0.4,1.0,0.85,0.75,0.85,0.75,0.95,331.4201275836787,317.26164416647924,14.158483417199475,True,KALINA,0.1061907330386869,142.28343177341822,"KALINA: régimen Kalina genuino y admisible, sin fallas."
470.0,300.032917,3000.0,550.0,0.4,1.0,0.85,0.75,0.85,0.75,0.9,331.4201275836787,331.3743324075412,0.045795176137517,True,KALINA,0.1099230068595296,143.13279590646596,"KALINA: régimen Kalina genuino y admisible, sin fallas."
470.0,300.032917,3000.0,550.0,0.4,1.0,0.85,0.75,0.85,0.75,0.8,331.4201275836787,339.44842025366665,-8.028292669987934,True,CORREGIBLE,0.1149682926066904,139.93829826941877,"[CORREGIBLE] O2: succión de la bomba bifásica bajo el peor caso de T_amb (riesgo de cavitación) (medido=339.44842025366665, esperado=<= 331.420 K). Causa probable: subenfriamiento insuficiente a la salida del condensador bajo el peor caso ambiental. Sugerencia: aumentar eps_cond o el margen de suben"
470.0,300.032917,3000.0,550.0,0.4,1.0,0.85,0.75,0.85,0.75,0.85,331.4201275836787,335.22804636938605,-3.807918785707329,True,CORREGIBLE,0.1134057028061758,143.09022462687787,"[CORREGIBLE] O2: succión de la bomba bifásica bajo el peor caso de T_amb (riesgo de cavitación) (medido=335.22804636938605, esperado=<= 331.420 K). Causa probable: subenfriamiento insuficiente a la salida del condensador bajo el peor caso ambiental. Sugerencia: aumentar eps_cond o el margen de suben"
470.0,300.032917,3000.0,600.0,0.4,1.0,0.85,0.75,0.85,0.75,0.95,334.4442166778599,317.338049445684,17.10616723217595,True,KALINA,0.1011401295281519,135.49826126899055,"KALINA: régimen Kalina genuino y admisible, sin fallas."
470.0,300.032917,3000.0,600.0,0.4,1.0,0.85,0.75,0.85,0.75,0.9,,,,False,NO_CONVERGIO,,,"T_from_Ph(P, h, x): el motor teqp no cubre el estado pedido (ver TASK_CONTEXT 2026-09-18-validar-teqp-nh3h2o). Detalle: equilibrio no resoluble en T=302.56 K, P=6e+05 Pa, x=0.1636"
470.0,300.032917,3000.0,600.0,0.4,1.0,0.85,0.75,0.85,0.75,0.8,334.4442166778599,341.7705666245611,-7.326349946701214,True,CORREGIBLE,0.1101486751956321,134.04924955524243,"[CORREGIBLE] O2: succión de la bomba bifásica bajo el peor caso de T_amb (riesgo de cavitación) (medido=341.7705666245611, esperado=<= 334.444 K). Causa probable: subenfriamiento insuficiente a la salida del condensador bajo el peor caso ambiental. Sugerencia: aumentar eps_cond o el margen de subenf"
470.0,300.032917,3000.0,600.0,0.4,1.0,0.85,0.75,0.85,0.75,0.85,334.4442166778599,337.53419655877184,-3.089979880911926,True,CORREGIBLE,0.1083172554761807,136.63016544429476,"[CORREGIBLE] O2: succión de la bomba bifásica bajo el peor caso de T_amb (riesgo de cavitación) (medido=337.53419655877184, esperado=<= 334.444 K). Causa probable: subenfriamiento insuficiente a la salida del condensador bajo el peor caso ambiental. Sugerencia: aumentar eps_cond o el margen de suben"
470.0,300.032917,3000.0,400.0,0.45,1.0,0.85,0.75,0.85,0.75,0.95,312.27027564475435,313.69835549264315,-1.428079847888796,True,CORREGIBLE,0.1292399989936759,199.3084768126308,"[CORREGIBLE] O2: succión de la bomba bifásica bajo el peor caso de T_amb (riesgo de cavitación) (medido=313.69835549264315, esperado=<= 312.270 K). Causa probable: subenfriamiento insuficiente a la salida del condensador bajo el peor caso ambiental. Sugerencia: aumentar eps_cond o el margen de suben"
470.0,300.032917,3000.0,400.0,0.45,1.0,0.85,0.75,0.85,0.75,0.9,312.27027564475435,317.379994577348,-5.10971893259358,True,CORREGIBLE,0.1325212033886289,197.91749926268517,"[CORREGIBLE] O2: succión de la bomba bifásica bajo el peor caso de T_amb (riesgo de cavitación) (medido=317.37999457734793, esperado=<= 312.270 K). Causa probable: subenfriamiento insuficiente a la salida del condensador bajo el peor caso ambiental. Sugerencia: aumentar eps_cond o el margen de suben"
470.0,300.032917,3000.0,400.0,0.45,1.0,0.85,0.75,0.85,0.75,0.85,312.27027564475435,321.5091180588052,-9.23884241405085,True,CORREGIBLE,0.1337179756728933,192.52305294168576,"[CORREGIBLE] O2: succión de la bomba bifásica bajo el peor caso de T_amb (riesgo de cavitación) (medido=321.5091180588052, esperado=<= 312.270 K). Causa probable: subenfriamiento insuficiente a la salida del condensador bajo el peor caso ambiental. Sugerencia: aumentar eps_cond o el margen de subenf"
470.0,300.032917,3000.0,400.0,0.45,1.0,0.85,0.75,0.85,0.75,0.8,312.27027564475435,326.11804452124704,-13.847768876492694,True,CORREGIBLE,0.1323704405148169,182.72637136346836,"[CORREGIBLE] O2: succión de la bomba bifásica bajo el peor caso de T_amb (riesgo de cavitación) (medido=326.11804452124704, esperado=<= 312.270 K). Causa probable: subenfriamiento insuficiente a la salida del condensador bajo el peor caso ambiental. Sugerencia: aumentar eps_cond o el margen de suben"
470.0,300.032917,3000.0,450.0,0.45,1.0,0.85,0.75,0.85,0.75,0.9,,,,False,NO_CONVERGIO,,,"T_from_Ph(P, h, x): el motor teqp no cubre el estado pedido (ver TASK_CONTEXT 2026-09-18-validar-teqp-nh3h2o). Detalle: equilibrio no resoluble en T=307.19 K, P=4.5e+05 Pa, x=0.1390"
470.0,300.032917,3000.0,450.0,0.45,1.0,0.85,0.75,0.85,0.75,0.95,315.9669192824159,316.6028720029281,-0.6359527205121935,True,CORREGIBLE,0.1224142159226171,188.74881258861845,"[CORREGIBLE] O2: succión de la bomba bifásica bajo el peor caso de T_amb (riesgo de cavitación) (medido=316.6028720029281, esperado=<= 315.967 K). Causa probable: subenfriamiento insuficiente a la salida del condensador bajo el peor caso ambiental. Sugerencia: aumentar eps_cond o el margen de subenf"
470.0,300.032917,3000.0,450.0,0.45,1.0,0.85,0.75,0.85,0.75,0.85,315.9669192824159,324.4413286812931,-8.474409398877185,True,CORREGIBLE,0.1275059335883666,183.60506408502468,"[CORREGIBLE] O2: succión de la bomba bifásica bajo el peor caso de T_amb (riesgo de cavitación) (medido=324.4413286812931, esperado=<= 315.967 K). Causa probable: subenfriamiento insuficiente a la salida del condensador bajo el peor caso ambiental. Sugerencia: aumentar eps_cond o el margen de subenf"
470.0,300.032917,3000.0,450.0,0.45,1.0,0.85,0.75,0.85,0.75,0.8,315.9669192824159,329.07241009836235,-13.10549081594644,True,CORREGIBLE,0.1265070418018326,174.69673287428478,"[CORREGIBLE] O2: succión de la bomba bifásica bajo el peor caso de T_amb (riesgo de cavitación) (medido=329.07241009836235, esperado=<= 315.967 K). Causa probable: subenfriamiento insuficiente a la salida del condensador bajo el peor caso ambiental. Sugerencia: aumentar eps_cond o el margen de suben"
470.0,300.032917,3000.0,500.0,0.45,1.0,0.85,0.75,0.85,0.75,0.8,319.3663781921934,331.7764865684597,-12.410108376266294,True,CORREGIBLE,0.121090946188004,167.25836403369112,"[CORREGIBLE] O2: succión de la bomba bifásica bajo el peor caso de T_amb (riesgo de cavitación) (medido=331.7764865684597, esperado=<= 319.366 K). Causa probable: subenfriamiento insuficiente a la salida del condensador bajo el peor caso ambiental. Sugerencia: aumentar eps_cond o el margen de subenf"
470.0,300.032917,3000.0,500.0,0.45,1.0,0.85,0.75,0.85,0.75,0.9,319.3663781921934,322.9670757274655,-3.600697535272104,True,CORREGIBLE,0.1199784263470353,179.1593723165348,"[CORREGIBLE] O2: succión de la bomba bifásica bajo el peor caso de T_amb (riesgo de cavitación) (medido=322.9670757274655, esperado=<= 319.366 K). Causa probable: subenfriamiento insuficiente a la salida del condensador bajo el peor caso ambiental. Sugerencia: aumentar eps_cond o el margen de subenf"
470.0,300.032917,3000.0,500.0,0.45,1.0,0.85,0.75,0.85,0.75,0.95,319.3663781921934,318.91542552607854,0.4509526661148584,True,KALINA,0.1161949196450496,179.12593079897005,"KALINA: régimen Kalina genuino y admisible, sin fallas."
470.0,300.032917,3000.0,500.0,0.45,1.0,0.85,0.75,0.85,0.75,0.85,319.3663781921934,327.12637442365263,-7.75999623145924,True,CORREGIBLE,0.1217780120503941,175.36519512473248,"[CORREGIBLE] O2: succión de la bomba bifásica bajo el peor caso de T_amb (riesgo de cavitación) (medido=327.12637442365263, esperado=<= 319.366 K). Causa probable: subenfriamiento insuficiente a la salida del condensador bajo el peor caso ambiental. Sugerencia: aumentar eps_cond o el margen de suben"
470.0,300.032917,3000.0,550.0,0.45,1.0,0.85,0.75,0.85,0.75,0.8,322.520167775677,334.27444803856264,-11.75428026288563,True,CORREGIBLE,0.1160476769963802,160.3163170810323,"[CORREGIBLE] O2: succión de la bomba bifásica bajo el peor caso de T_amb (riesgo de cavitación) (medido=334.27444803856264, esperado=<= 322.520 K). Causa probable: subenfriamiento insuficiente a la salida del condensador bajo el peor caso ambiental. Sugerencia: aumentar eps_cond o el margen de suben"
470.0,300.032917,3000.0,550.0,0.45,1.0,0.85,0.75,0.85,0.75,0.95,322.520167775677,319.0124384859103,3.5077292897667007,True,KALINA,0.1105083836446259,170.33074702988898,"KALINA: régimen Kalina genuino y admisible, sin fallas."
470.0,300.032917,3000.0,550.0,0.45,1.0,0.85,0.75,0.85,0.75,0.9,322.520167775677,325.4368482272635,-2.916680451586501,True,CORREGIBLE,0.1143942711383921,170.79324665568478,"[CORREGIBLE] O2: succión de la bomba bifásica bajo el peor caso de T_amb (riesgo de cavitación) (medido=325.4368482272635, esperado=<= 322.520 K). Causa probable: subenfriamiento insuficiente a la salida del condensador bajo el peor caso ambiental. Sugerencia: aumentar eps_cond o el margen de subenf"
470.0,300.032917,3000.0,550.0,0.45,1.0,0.85,0.75,0.85,0.75,0.85,322.520167775677,329.60782045179934,-7.087652676122332,True,CORREGIBLE,0.1164526267457674,167.69227512845353,"[CORREGIBLE] O2: succión de la bomba bifásica bajo el peor caso de T_amb (riesgo de cavitación) (medido=329.60782045179934, esperado=<= 322.520 K). Causa probable: subenfriamiento insuficiente a la salida del condensador bajo el peor caso ambiental. Sugerencia: aumentar eps_cond o el margen de suben"
470.0,300.032917,3000.0,600.0,0.45,1.0,0.85,0.75,0.85,0.75,0.8,325.467076599182,336.5994301052588,-11.132353506076754,True,CORREGIBLE,0.1113206538049105,153.79777438802302,"[CORREGIBLE] O2: succión de la bomba bifásica bajo el peor caso de T_amb (riesgo de cavitación) (medido=336.59943010525876, esperado=<= 325.467 K). Causa probable: subenfriamiento insuficiente a la salida del condensador bajo el peor caso ambiental. Sugerencia: aumentar eps_cond o el margen de suben"
470.0,300.032917,3000.0,600.0,0.45,1.0,0.85,0.75,0.85,0.75,0.9,325.467076599182,327.7374180533381,-2.270341454156096,True,CORREGIBLE,0.1091725608271471,162.9642701942747,"[CORREGIBLE] O2: succión de la bomba bifásica bajo el peor caso de T_amb (riesgo de cavitación) (medido=327.7374180533381, esperado=<= 325.467 K). Causa probable: subenfriamiento insuficiente a la salida del condensador bajo el peor caso ambiental. Sugerencia: aumentar eps_cond o el margen de subenf"
470.0,300.032917,3000.0,600.0,0.45,1.0,0.85,0.75,0.85,0.75,0.95,325.467076599182,319.1018807512891,6.365195847892892,True,KALINA,0.1052666291381139,162.2263336610268,"KALINA: régimen Kalina genuino y admisible, sin fallas."
470.0,300.032917,3000.0,600.0,0.45,1.0,0.85,0.75,0.85,0.75,0.85,325.467076599182,331.9183516771761,-6.451275077994069,True,CORREGIBLE,0.1114679326693465,160.50147118385385,"[CORREGIBLE] O2: succión de la bomba bifásica bajo el peor caso de T_amb (riesgo de cavitación) (medido=331.9183516771761, esperado=<= 325.467 K). Causa probable: subenfriamiento insuficiente a la salida del condensador bajo el peor caso ambiental. Sugerencia: aumentar eps_cond o el margen de subenf"
470.0,300.032917,3000.0,400.0,0.5,1.0,0.85,0.75,0.85,0.75,0.9,304.5365754060384,311.55471855821213,-7.018143152173707,True,CORREGIBLE,0.135261209048355,226.5554775527576,"[CORREGIBLE] O2: succión de la bomba bifásica bajo el peor caso de T_amb (riesgo de cavitación) (medido=311.55471855821213, esperado=<= 304.537 K). Causa probable: subenfriamiento insuficiente a la salida del condensador bajo el peor caso ambiental. Sugerencia: aumentar eps_cond o el margen de suben"
470.0,300.032917,3000.0,400.0,0.5,1.0,0.85,0.75,0.85,0.75,0.95,304.5365754060384,307.7086994636182,-3.172124057579765,True,CORREGIBLE,0.1330045561949873,231.0140659582552,"[CORREGIBLE] O2: succión de la bomba bifásica bajo el peor caso de T_amb (riesgo de cavitación) (medido=307.7086994636182, esperado=<= 304.537 K). Causa probable: subenfriamiento insuficiente a la salida del condensador bajo el peor caso ambiental. Sugerencia: aumentar eps_cond o el margen de subenf"
470.0,300.032917,3000.0,400.0,0.5,1.0,0.85,0.75,0.85,0.75,0.8,304.5365754060384,320.92027058819014,-16.383695182151712,True,CORREGIBLE,0.1316861868641106,201.65133225092356,"[CORREGIBLE] O2: succión de la bomba bifásica bajo el peor caso de T_amb (riesgo de cavitación) (medido=320.92027058819014, esperado=<= 304.537 K). Causa probable: subenfriamiento insuficiente a la salida del condensador bajo el peor caso ambiental. Sugerencia: aumentar eps_cond o el margen de suben"
470.0,300.032917,3000.0,400.0,0.5,1.0,0.85,0.75,0.85,0.75,0.85,304.5365754060384,315.94464532196923,-11.40806991593081,True,CORREGIBLE,0.1349943602648009,216.8861404176234,"[CORREGIBLE] O2: succión de la bomba bifásica bajo el peor caso de T_amb (riesgo de cavitación) (medido=315.94464532196923, esperado=<= 304.537 K). Causa probable: subenfriamiento insuficiente a la salida del condensador bajo el peor caso ambiental. Sugerencia: aumentar eps_cond o el margen de suben"
470.0,300.032917,3000.0,450.0,0.5,1.0,0.85,0.75,0.85,0.75,0.95,308.14698353831994,310.63248375052973,-2.485500212209786,True,CORREGIBLE,0.1262369774617767,219.264320453244,"[CORREGIBLE] O2: succión de la bomba bifásica bajo el peor caso de T_amb (riesgo de cavitación) (medido=310.63248375052973, esperado=<= 308.147 K). Causa probable: subenfriamiento insuficiente a la salida del condensador bajo el peor caso ambiental. Sugerencia: aumentar eps_cond o el margen de suben"
470.0,300.032917,3000.0,450.0,0.5,1.0,0.85,0.75,0.85,0.75,0.9,308.14698353831994,314.4845283331174,-6.337544794797452,True,CORREGIBLE,0.1287807494774145,215.74441239869165,"[CORREGIBLE] O2: succión de la bomba bifásica bajo el peor caso de T_amb (riesgo de cavitación) (medido=314.4845283331174, esperado=<= 308.147 K). Causa probable: subenfriamiento insuficiente a la salida del condensador bajo el peor caso ambiental. Sugerencia: aumentar eps_cond o el margen de subenf"
470.0,300.032917,3000.0,450.0,0.5,1.0,0.85,0.75,0.85,0.75,0.8,308.14698353831994,323.8832324163776,-15.736248878057664,True,CORREGIBLE,0.1258413246555941,192.83554897260345,"[CORREGIBLE] O2: succión de la bomba bifásica bajo el peor caso de T_amb (riesgo de cavitación) (medido=323.8832324163776, esperado=<= 308.147 K). Causa probable: subenfriamiento insuficiente a la salida del condensador bajo el peor caso ambiental. Sugerencia: aumentar eps_cond o el margen de subenf"
470.0,300.032917,3000.0,450.0,0.5,1.0,0.85,0.75,0.85,0.75,0.85,308.14698353831994,318.8871655679635,-10.740182029643565,True,CORREGIBLE,0.1288182577198451,207.050711108043,"[CORREGIBLE] O2: succión de la bomba bifásica bajo el peor caso de T_amb (riesgo de cavitación) (medido=318.8871655679635, esperado=<= 308.147 K). Causa probable: subenfriamiento insuficiente a la salida del condensador bajo el peor caso ambiental. Sugerencia: aumentar eps_cond o el margen de subenf"
470.0,300.032917,3000.0,500.0,0.5,1.0,0.85,0.75,0.85,0.75,0.95,311.4668276192679,313.3140034638174,-1.847175844549497,True,CORREGIBLE,0.1200200395279273,208.45503725530725,"[CORREGIBLE] O2: succión de la bomba bifásica bajo el peor caso de T_amb (riesgo de cavitación) (medido=313.3140034638174, esperado=<= 311.467 K). Causa probable: subenfriamiento insuficiente a la salida del condensador bajo el peor caso ambiental. Sugerencia: aumentar eps_cond o el margen de subenf"
470.0,300.032917,3000.0,500.0,0.5,1.0,0.85,0.75,0.85,0.75,0.9,311.4668276192679,317.17016585750264,-5.703338238234721,True,CORREGIBLE,0.1228226058958891,205.78440142094428,"[CORREGIBLE] O2: succión de la bomba bifásica bajo el peor caso de T_amb (riesgo de cavitación) (medido=317.17016585750264, esperado=<= 311.467 K). Causa probable: subenfriamiento insuficiente a la salida del condensador bajo el peor caso ambiental. Sugerencia: aumentar eps_cond o el margen de suben"
470.0,300.032917,3000.0,500.0,0.5,1.0,0.85,0.75,0.85,0.75,0.8,311.4668276192679,326.5961207281765,-15.129293108908598,True,CORREGIBLE,0.1204533531204928,184.6789419770708,"[CORREGIBLE] O2: succión de la bomba bifásica bajo el peor caso de T_amb (riesgo de cavitación) (medido=326.5961207281765, esperado=<= 311.467 K). Causa probable: subenfriamiento insuficiente a la salida del condensador bajo el peor caso ambiental. Sugerencia: aumentar eps_cond o el margen de subenf"
470.0,300.032917,3000.0,500.0,0.5,1.0,0.85,0.75,0.85,0.75,0.85,311.4668276192679,321.5829269373969,-10.116099318128988,True,CORREGIBLE,0.1231336300997172,197.9728246793363,"[CORREGIBLE] O2: succión de la bomba bifásica bajo el peor caso de T_amb (riesgo de cavitación) (medido=321.5829269373969, esperado=<= 311.467 K). Causa probable: subenfriamiento insuficiente a la salida del condensador bajo el peor caso ambiental. Sugerencia: aumentar eps_cond o el margen de subenf"
470.0,300.032917,3000.0,550.0,0.5,1.0,0.85,0.75,0.85,0.75,0.95,314.5465046342717,315.7956932597545,-1.249188625482816,True,CORREGIBLE,0.1142588903162113,198.4274409139117,"[CORREGIBLE] O2: succión de la bomba bifásica bajo el peor caso de T_amb (riesgo de cavitación) (medido=315.7956932597545, esperado=<= 314.547 K). Causa probable: subenfriamiento insuficiente a la salida del condensador bajo el peor caso ambiental. Sugerencia: aumentar eps_cond o el margen de subenf"
470.0,300.032917,3000.0,550.0,0.5,1.0,0.85,0.75,0.85,0.75,0.9,314.5465046342717,319.6544948282976,-5.107990194025888,True,CORREGIBLE,0.1172972510202182,196.5331254108764,"[CORREGIBLE] O2: succión de la bomba bifásica bajo el peor caso de T_amb (riesgo de cavitación) (medido=319.6544948282976, esperado=<= 314.547 K). Causa probable: subenfriamiento insuficiente a la salida del condensador bajo el peor caso ambiental. Sugerencia: aumentar eps_cond o el margen de subenf"
470.0,300.032917,3000.0,550.0,0.5,1.0,0.85,0.75,0.85,0.75,0.8,314.5465046342717,329.1030164865724,-14.55651185230073,True,CORREGIBLE,0.1154452854283387,177.07469264859378,"[CORREGIBLE] O2: succión de la bomba bifásica bajo el peor caso de T_amb (riesgo de cavitación) (medido=329.1030164865724, esperado=<= 314.547 K). Causa probable: subenfriamiento insuficiente a la salida del condensador bajo el peor caso ambiental. Sugerencia: aumentar eps_cond o el margen de subenf"
470.0,300.032917,3000.0,550.0,0.5,1.0,0.85,0.75,0.85,0.75,0.85,314.5465046342717,324.0753397087384,-9.528835074466713,True,CORREGIBLE,0.1178568213335519,189.5274355807816,"[CORREGIBLE] O2: succión de la bomba bifásica bajo el peor caso de T_amb (riesgo de cavitación) (medido=324.0753397087384, esperado=<= 314.547 K). Causa probable: subenfriamiento insuficiente a la salida del condensador bajo el peor caso ambiental. Sugerencia: aumentar eps_cond o el margen de subenf"
470.0,300.032917,3000.0,600.0,0.5,1.0,0.85,0.75,0.85,0.75,0.9,317.4239585363395,321.9696975634366,-4.545739027097113,True,CORREGIBLE,0.1121370944757066,187.8825070808142,"[CORREGIBLE] O2: succión de la bomba bifásica bajo el peor caso de T_amb (riesgo de cavitación) (medido=321.9696975634366, esperado=<= 317.424 K). Causa probable: subenfriamiento insuficiente a la salida del condensador bajo el peor caso ambiental. Sugerencia: aumentar eps_cond o el margen de subenf"
470.0,300.032917,3000.0,600.0,0.5,1.0,0.85,0.75,0.85,0.75,0.95,317.4239585363395,318.1094297399928,-0.6854712036532646,True,CORREGIBLE,0.108881993065354,189.0612050501428,"[CORREGIBLE] O2: succión de la bomba bifásica bajo el peor caso de T_amb (riesgo de cavitación) (medido=318.1094297399928, esperado=<= 317.424 K). Causa probable: subenfriamiento insuficiente a la salida del condensador bajo el peor caso ambiental. Sugerencia: aumentar eps_cond o el margen de subenf"
470.0,300.032917,3000.0,600.0,0.5,1.0,0.85,0.75,0.85,0.75,0.8,317.4239585363395,331.4369917791112,-14.013033242771655,True,CORREGIBLE,0.110758758641475,169.94107053311907,"[CORREGIBLE] O2: succión de la bomba bifásica bajo el peor caso de T_amb (riesgo de cavitación) (medido=331.43699177911117, esperado=<= 317.424 K). Causa probable: subenfriamiento insuficiente a la salida del condensador bajo el peor caso ambiental. Sugerencia: aumentar eps_cond o el margen de suben"
470.0,300.032917,3000.0,600.0,0.5,1.0,0.85,0.75,0.85,0.75,0.85,317.4239585363395,326.39698501620785,-8.973026479868338,True,CORREGIBLE,0.1129245602719524,181.61927799690457,"[CORREGIBLE] O2: succión de la bomba bifásica bajo el peor caso de T_amb (riesgo de cavitación) (medido=326.39698501620785, esperado=<= 317.424 K). Causa probable: subenfriamiento insuficiente a la salida del condensador bajo el peor caso ambiental. Sugerencia: aumentar eps_cond o el margen de suben"
470.0,300.032917,3000.0,650.0,0.5,1.0,0.85,0.75,0.85,0.75,0.9,,,,False,NO_CONVERGIO,,,"T_from_Ph(P, h, x): el motor teqp no cubre el estado pedido (ver TASK_CONTEXT 2026-09-18-validar-teqp-nh3h2o). Detalle: equilibrio no resoluble en T=355.13 K, P=3e+06 Pa, x=0.5140"
470.0,300.032917,3000.0,620.0,0.5,1.0,0.85,0.75,0.85,0.75,0.95,318.5251159802071,318.99359290095515,-0.4684769207480599,True,CORREGIBLE,0.1068301579089369,185.48606559404487,"[CORREGIBLE] O2: succión de la bomba bifásica bajo el peor caso de T_amb (riesgo de cavitación) (medido=318.99359290095515, esperado=<= 318.525 K). Causa probable: subenfriamiento insuficiente a la salida del condensador bajo el peor caso ambiental. Sugerencia: aumentar eps_cond o el margen de suben"
470.0,300.032917,3000.0,620.0,0.5,1.0,0.85,0.75,0.85,0.75,0.93,318.5251159802071,320.4733162749963,-1.948200294789217,True,CORREGIBLE,0.1084304319837409,185.7024195752805,"[CORREGIBLE] O2: succión de la bomba bifásica bajo el peor caso de T_amb (riesgo de cavitación) (medido=320.4733162749963, esperado=<= 318.525 K). Causa probable: subenfriamiento insuficiente a la salida del condensador bajo el peor caso ambiental. Sugerencia: aumentar eps_cond o el margen de subenf"
470.0,300.032917,3000.0,650.0,0.5,1.0,0.85,0.75,0.85,0.75,0.93,320.12852456274186,321.75931868960384,-1.6307941268619857,True,CORREGIBLE,0.1054853255354174,180.64251934122623,"[CORREGIBLE] O2: succión de la bomba bifásica bajo el peor caso de T_amb (riesgo de cavitación) (medido=321.75931868960384, esperado=<= 320.129 K). Causa probable: subenfriamiento insuficiente a la salida del condensador bajo el peor caso ambiental. Sugerencia: aumentar eps_cond o el margen de suben"
470.0,300.032917,3000.0,620.0,0.5,1.0,0.85,0.75,0.85,0.75,0.9,318.5251159802071,322.8541775416448,-4.329061561437641,True,CORREGIBLE,0.110163140642465,184.5709319338787,"[CORREGIBLE] O2: succión de la bomba bifásica bajo el peor caso de T_amb (riesgo de cavitación) (medido=322.85417754164473, esperado=<= 318.525 K). Causa probable: subenfriamiento insuficiente a la salida del condensador bajo el peor caso ambiental. Sugerencia: aumentar eps_cond o el margen de suben"
470.0,300.032917,3000.0,650.0,0.5,1.0,0.85,0.75,0.85,0.75,0.95,320.12852456274186,320.2797728350081,-0.1512482722662298,True,CORREGIBLE,0.1038606420677005,180.31285508328625,"[CORREGIBLE] O2: succión de la bomba bifásica bajo el peor caso de T_amb (riesgo de cavitación) (medido=320.2797728350081, esperado=<= 320.129 K). Causa probable: subenfriamiento insuficiente a la salida del condensador bajo el peor caso ambiental. Sugerencia: aumentar eps_cond o el margen de subenf"
470.0,300.032917,3000.0,680.0,0.5,1.0,0.85,0.75,0.85,0.75,0.95,321.67812497307614,320.9176976630125,0.7604273100636192,True,KALINA,0.1010112076197896,175.3498454884258,"KALINA: régimen Kalina genuino y admisible, sin fallas."
470.0,300.032917,3000.0,680.0,0.5,1.0,0.85,0.75,0.85,0.75,0.93,321.67812497307614,323.0006693424388,-1.3225443693626744,True,CORREGIBLE,0.1026407292914796,175.75374184249193,"[CORREGIBLE] O2: succión de la bomba bifásica bajo el peor caso de T_amb (riesgo de cavitación) (medido=323.0006693424388, esperado=<= 321.678 K). Causa probable: subenfriamiento insuficiente a la salida del condensador bajo el peor caso ambiental. Sugerencia: aumentar eps_cond o el margen de subenf"
470.0,300.032917,3000.0,680.0,0.5,1.0,0.85,0.75,0.85,0.75,0.9,321.67812497307614,325.3821810822801,-3.704056109203975,True,CORREGIBLE,0.104513824097578,175.0872321117152,"[CORREGIBLE] O2: succión de la bomba bifásica bajo el peor caso de T_amb (riesgo de cavitación) (medido=325.3821810822801, esperado=<= 321.678 K). Causa probable: subenfriamiento insuficiente a la salida del condensador bajo el peor caso ambiental. Sugerencia: aumentar eps_cond o el margen de subenf"
470.0,300.032917,3000.0,710.0,0.5,1.0,0.85,0.75,0.85,0.75,0.95,323.1780994207277,320.9694837033582,2.2086157173694687,True,KALINA,0.098272062995417,170.57985916395015,"KALINA: régimen Kalina genuino y admisible, sin fallas."
470.0,300.032917,3000.0,710.0,0.5,1.0,0.85,0.75,0.85,0.75,0.93,323.1780994207277,324.20087472796763,-1.0227753072399537,True,CORREGIBLE,0.0998888866822724,171.02313935940953,"[CORREGIBLE] O2: succión de la bomba bifásica bajo el peor caso de T_amb (riesgo de cavitación) (medido=324.20087472796763, esperado=<= 323.178 K). Causa probable: subenfriamiento insuficiente a la salida del condensador bajo el peor caso ambiental. Sugerencia: aumentar eps_cond o el margen de suben"
470.0,300.032917,3000.0,710.0,0.5,1.0,0.85,0.75,0.85,0.75,0.9,323.1780994207277,326.5824607855138,-3.404361364786098,True,CORREGIBLE,0.1018279305152219,170.57554867458927,"[CORREGIBLE] O2: succión de la bomba bifásica bajo el peor caso de T_amb (riesgo de cavitación) (medido=326.5824607855138, esperado=<= 323.178 K). Causa probable: subenfriamiento insuficiente a la salida del condensador bajo el peor caso ambiental. Sugerencia: aumentar eps_cond o el margen de subenf"
470.0,300.032917,3000.0,740.0,0.5,1.0,0.85,0.75,0.85,0.75,0.9,324.63214498062257,327.74454588107125,-3.112400900448677,True,CORREGIBLE,0.0992254118303219,166.20248617097596,"[CORREGIBLE] O2: succión de la bomba bifásica bajo el peor caso de T_amb (riesgo de cavitación) (medido=327.74454588107125, esperado=<= 324.632 K). Causa probable: subenfriamiento insuficiente a la salida del condensador bajo el peor caso ambiental. Sugerencia: aumentar eps_cond o el margen de suben"
470.0,300.032917,3000.0,740.0,0.5,1.0,0.85,0.75,0.85,0.75,0.93,324.63214498062257,325.3630308001263,-0.730885819503726,True,CORREGIBLE,0.0972229347158905,166.43923207702576,"[CORREGIBLE] O2: succión de la bomba bifásica bajo el peor caso de T_amb (riesgo de cavitación) (medido=325.3630308001263, esperado=<= 324.632 K). Causa probable: subenfriamiento insuficiente a la salida del condensador bajo el peor caso ambiental. Sugerencia: aumentar eps_cond o el margen de subenf"
470.0,300.032917,3000.0,740.0,0.5,1.0,0.85,0.75,0.85,0.75,0.95,324.63214498062257,321.0193553366027,3.6127896440198697,True,KALINA,0.0956345895317021,165.98777872399253,"KALINA: régimen Kalina genuino y admisible, sin fallas."
470.0,300.032917,3000.0,520.0,0.475,1.0,0.85,0.75,0.85,0.75,0.93,316.57043235190054,318.7230049745551,-2.1525726226545885,True,CORREGIBLE,0.1174762577641679,190.16639788553428,"[CORREGIBLE] O2: succión de la bomba bifásica bajo el peor caso de T_amb (riesgo de cavitación) (medido=318.7230049745551, esperado=<= 316.570 K). Causa probable: subenfriamiento insuficiente a la salida del condensador bajo el peor caso ambiental. Sugerencia: aumentar eps_cond o el margen de subenf"
470.0,300.032917,3000.0,520.0,0.475,1.0,0.85,0.75,0.85,0.75,0.9,316.57043235190054,321.05874535374915,-4.48831300184861,True,CORREGIBLE,0.1192838934014021,189.11312734268265,"[CORREGIBLE] O2: succión de la bomba bifásica bajo el peor caso de T_amb (riesgo de cavitación) (medido=321.05874535374915, esperado=<= 316.570 K). Causa probable: subenfriamiento insuficiente a la salida del condensador bajo el peor caso ambiental. Sugerencia: aumentar eps_cond o el margen de suben"
470.0,300.032917,3000.0,520.0,0.475,1.0,0.85,0.75,0.85,0.75,0.95,316.57043235190054,317.2621633281853,-0.6917309762848163,True,CORREGIBLE,0.1158607612973412,190.00558652187897,"[CORREGIBLE] O2: succión de la bomba bifásica bajo el peor caso de T_amb (riesgo de cavitación) (medido=317.26216332818535, esperado=<= 316.570 K). Causa probable: subenfriamiento insuficiente a la salida del condensador bajo el peor caso ambiental. Sugerencia: aumentar eps_cond o el margen de suben"
470.0,300.032917,3000.0,550.0,0.475,1.0,0.85,0.75,0.85,0.75,0.9,318.41298364744165,322.5222007044828,-4.109217057041178,True,CORREGIBLE,0.1160018961029895,183.90150849960952,"[CORREGIBLE] O2: succión de la bomba bifásica bajo el peor caso de T_amb (riesgo de cavitación) (medido=322.5222007044828, esperado=<= 318.413 K). Causa probable: subenfriamiento insuficiente a la salida del condensador bajo el peor caso ambiental. Sugerencia: aumentar eps_cond o el margen de subenf"
470.0,300.032917,3000.0,550.0,0.475,1.0,0.85,0.75,0.85,0.75,0.93,318.41298364744165,320.1844003442912,-1.771416696849542,True,CORREGIBLE,0.1141088210663729,184.6985930842048,"[CORREGIBLE] O2: succión de la bomba bifásica bajo el peor caso de T_amb (riesgo de cavitación) (medido=320.1844003442912, esperado=<= 318.413 K). Causa probable: subenfriamiento insuficiente a la salida del condensador bajo el peor caso ambiental. Sugerencia: aumentar eps_cond o el margen de subenf"
470.0,300.032917,3000.0,550.0,0.475,1.0,0.85,0.75,0.85,0.75,0.95,318.41298364744165,318.7226882589514,-0.3097046115097441,True,CORREGIBLE,0.1124522506227429,184.39613398568275,"[CORREGIBLE] O2: succión de la bomba bifásica bajo el peor caso de T_amb (riesgo de cavitación) (medido=318.7226882589514, esperado=<= 318.413 K). Causa probable: subenfriamiento insuficiente a la salida del condensador bajo el peor caso ambiental. Sugerencia: aumentar eps_cond o el margen de subenf"
470.0,300.032917,3000.0,580.0,0.475,1.0,0.85,0.75,0.85,0.75,0.93,320.1821082344675,321.58535559708963,-1.403247362622153,True,CORREGIBLE,0.1108762548614236,179.44745654087217,"[CORREGIBLE] O2: succión de la bomba bifásica bajo el peor caso de T_amb (riesgo de cavitación) (medido=321.58535559708963, esperado=<= 320.182 K). Causa probable: subenfriamiento insuficiente a la salida del condensador bajo el peor caso ambiental. Sugerencia: aumentar eps_cond o el margen de suben"
470.0,300.032917,3000.0,580.0,0.475,1.0,0.85,0.75,0.85,0.75,0.95,320.1821082344675,319.90819394473675,0.273914289730726,True,KALINA,0.1092059466803983,179.0548251876848,"KALINA: régimen Kalina genuino y admisible, sin fallas."
470.0,300.032917,3000.0,580.0,0.475,1.0,0.85,0.75,0.85,0.75,0.9,320.1821082344675,323.92492250322255,-3.742814268755069,True,CORREGIBLE,0.1128505123231575,178.89430251025553,"[CORREGIBLE] O2: succión de la bomba bifásica bajo el peor caso de T_amb (riesgo de cavitación) (medido=323.92492250322255, esperado=<= 320.182 K). Causa probable: subenfriamiento insuficiente a la salida del condensador bajo el peor caso ambiental. Sugerencia: aumentar eps_cond o el margen de suben"
470.0,300.032917,3000.0,610.0,0.475,1.0,0.85,0.75,0.85,0.75,0.9,321.88448859096644,325.2725135758357,-3.388024984869276,True,CORREGIBLE,0.1098180353583365,174.07359506702932,"[CORREGIBLE] O2: succión de la bomba bifásica bajo el peor caso de T_amb (riesgo de cavitación) (medido=325.2725135758357, esperado=<= 321.884 K). Causa probable: subenfriamiento insuficiente a la salida del condensador bajo el peor caso ambiental. Sugerencia: aumentar eps_cond o el margen de subenf"
470.0,300.032917,3000.0,610.0,0.475,1.0,0.85,0.75,0.85,0.75,0.93,321.88448859096644,322.93144226278616,-1.046953671819722,True,CORREGIBLE,0.1077664291112544,174.39388353725496,"[CORREGIBLE] O2: succión de la bomba bifásica bajo el peor caso de T_amb (riesgo de cavitación) (medido=322.93144226278616, esperado=<= 321.884 K). Causa probable: subenfriamiento insuficiente a la salida del condensador bajo el peor caso ambiental. Sugerencia: aumentar eps_cond o el margen de suben"
470.0,300.032917,3000.0,610.0,0.475,1.0,0.85,0.75,0.85,0.75,0.95,321.88448859096644,319.9639618458817,1.9205267450847143,True,KALINA,0.1061063826333512,173.9560408550133,"KALINA: régimen Kalina genuino y admisible, sin fallas."
470.0,300.032917,3000.0,640.0,0.475,1.0,0.85,0.75,0.85,0.75,0.9,323.5259025792945,326.56981312283847,-3.043910543543973,True,CORREGIBLE,0.1068943194043241,169.4238182336315,"[CORREGIBLE] O2: succión de la bomba bifásica bajo el peor caso de T_amb (riesgo de cavitación) (medido=326.56981312283847, esperado=<= 323.526 K). Causa probable: subenfriamiento insuficiente a la salida del condensador bajo el peor caso ambiental. Sugerencia: aumentar eps_cond o el margen de suben"
470.0,300.032917,3000.0,640.0,0.475,1.0,0.85,0.75,0.85,0.75,0.93,323.5259025792945,324.22746908369453,-0.7015665044000343,True,CORREGIBLE,0.104768842996542,169.52129679393343,"[CORREGIBLE] O2: succión de la bomba bifásica bajo el peor caso de T_amb (riesgo de cavitación) (medido=324.22746908369453, esperado=<= 323.526 K). Causa probable: subenfriamiento insuficiente a la salida del condensador bajo el peor caso ambiental. Sugerencia: aumentar eps_cond o el margen de suben"
470.0,300.032917,3000.0,670.0,0.475,1.0,0.85,0.75,0.85,0.75,0.95,,,,False,NO_CONVERGIO,,,"T_from_Ph(P, h, x): el motor teqp no cubre el estado pedido (ver TASK_CONTEXT 2026-09-18-validar-teqp-nh3h2o). Detalle: equilibrio no resoluble en T=300.13 K, P=6.7e+05 Pa, x=0.1390"
470.0,300.032917,3000.0,640.0,0.475,1.0,0.85,0.75,0.85,0.75,0.95,323.5259025792945,320.01733609242035,3.5085664868741446,True,KALINA,0.1031402401121846,169.07772456989244,"KALINA: régimen Kalina genuino y admisible, sin fallas."
470.0,300.032917,3000.0,670.0,0.475,1.0,0.85,0.75,0.85,0.75,0.9,325.11138201475256,327.82102836045885,-2.7096463457062896,True,CORREGIBLE,0.1040705165960052,164.93136212137648,"[CORREGIBLE] O2: succión de la bomba bifásica bajo el peor caso de T_amb (riesgo de cavitación) (medido=327.82102836045885, esperado=<= 325.111 K). Causa probable: subenfriamiento insuficiente a la salida del condensador bajo el peor caso ambiental. Sugerencia: aumentar eps_cond o el margen de suben"
470.0,300.032917,3000.0,670.0,0.475,1.0,0.85,0.75,0.85,0.75,0.93,325.11138201475256,325.4775994876971,-0.3662174729445269,True,CORREGIBLE,0.1018846124735855,164.83309951421785,"[CORREGIBLE] O2: succión de la bomba bifásica bajo el peor caso de T_amb (riesgo de cavitación) (medido=325.4775994876971, esperado=<= 325.111 K). Causa probable: subenfriamiento insuficiente a la salida del condensador bajo el peor caso ambiental. Sugerencia: aumentar eps_cond o el margen de subenf"
470.0,300.032917,3000.0,480.0,0.425,1.0,0.85,0.75,0.85,0.75,0.9,322.32021375020577,324.8926138534803,-2.5724001032745605,True,CORREGIBLE,0.1203898245422311,168.43589784534123,"[CORREGIBLE] O2: succión de la bomba bifásica bajo el peor caso de T_amb (riesgo de cavitación) (medido=324.8926138534803, esperado=<= 322.320 K). Causa probable: subenfriamiento insuficiente a la salida del condensador bajo el peor caso ambiental. Sugerencia: aumentar eps_cond o el margen de subenf"
470.0,300.032917,3000.0,480.0,0.425,1.0,0.85,0.75,0.85,0.75,0.93,322.32021375020577,322.69922616121204,-0.379012411006272,True,CORREGIBLE,0.1180457283685191,168.21539445162313,"[CORREGIBLE] O2: succión de la bomba bifásica bajo el peor caso de T_amb (riesgo de cavitación) (medido=322.69922616121204, esperado=<= 322.320 K). Causa probable: subenfriamiento insuficiente a la salida del condensador bajo el peor caso ambiental. Sugerencia: aumentar eps_cond o el margen de suben"
470.0,300.032917,3000.0,480.0,0.425,1.0,0.85,0.75,0.85,0.75,0.95,322.32021375020577,318.0227723854244,4.297441364781378,True,KALINA,0.1163966289563154,167.80903319512117,"KALINA: régimen Kalina genuino y admisible, sin fallas."
470.0,300.032917,3000.0,510.0,0.425,1.0,0.85,0.75,0.85,0.75,0.9,324.32241779267946,326.4413088049333,-2.1188910122538687,True,CORREGIBLE,0.1168632067128826,163.47884962527698,"[CORREGIBLE] O2: succión de la bomba bifásica bajo el peor caso de T_amb (riesgo de cavitación) (medido=326.4413088049333, esperado=<= 324.322 K). Causa probable: subenfriamiento insuficiente a la salida del condensador bajo el peor caso ambiental. Sugerencia: aumentar eps_cond o el margen de subenf"
470.0,300.032917,3000.0,510.0,0.425,1.0,0.85,0.75,0.85,0.75,0.93,324.32241779267946,323.9931342661064,0.3292835265730787,True,KALINA,0.1144698621480513,163.095729150948,"KALINA: régimen Kalina genuino y admisible, sin fallas."
470.0,300.032917,3000.0,510.0,0.425,1.0,0.85,0.75,0.85,0.75,0.95,324.32241779267946,318.0796583026317,6.242759490047774,True,KALINA,0.1128644771566146,162.70047825060232,"KALINA: régimen Kalina genuino y admisible, sin fallas."
470.0,300.032917,3000.0,540.0,0.425,1.0,0.85,0.75,0.85,0.75,0.9,326.23838320723536,327.920126082189,-1.6817428749536134,True,CORREGIBLE,0.1134849141733538,158.7283226982244,"[CORREGIBLE] O2: succión de la bomba bifásica bajo el peor caso de T_amb (riesgo de cavitación) (medido=327.920126082189, esperado=<= 326.238 K). Causa probable: subenfriamiento insuficiente a la salida del condensador bajo el peor caso ambiental. Sugerencia: aumentar eps_cond o el margen de subenfr"
470.0,300.032917,3000.0,540.0,0.425,1.0,0.85,0.75,0.85,0.75,0.93,326.23838320723536,324.069050630912,2.169332576323427,True,KALINA,0.1110770491033937,158.23961967680094,"KALINA: régimen Kalina genuino y admisible, sin fallas."
470.0,300.032917,3000.0,540.0,0.425,1.0,0.85,0.75,0.85,0.75,0.95,326.23838320723536,318.1336323651538,8.104750842081557,True,KALINA,0.1095135086055345,157.85498897959647,"KALINA: régimen Kalina genuino y admisible, sin fallas."
470.0,300.032917,3000.0,570.0,0.425,1.0,0.85,0.75,0.85,0.75,0.9,328.0765313957146,329.33600512943843,-1.259473733723837,True,CORREGIBLE,0.1102408066166747,154.1650228846855,"[CORREGIBLE] O2: succión de la bomba bifásica bajo el peor caso de T_amb (riesgo de cavitación) (medido=329.33600512943843, esperado=<= 328.077 K). Causa probable: subenfriamiento insuficiente a la salida del condensador bajo el peor caso ambiental. Sugerencia: aumentar eps_cond o el margen de suben"
470.0,300.032917,3000.0,570.0,0.425,1.0,0.85,0.75,0.85,0.75,0.95,328.0765313957146,318.18499333548027,9.891538060234325,True,KALINA,0.106325176038743,153.2455894561472,"KALINA: régimen Kalina genuino y admisible, sin fallas."
470.0,300.032917,3000.0,570.0,0.425,1.0,0.85,0.75,0.85,0.75,0.93,328.0765313957146,324.1412919285049,3.935239467209669,True,KALINA,0.1078485679350325,153.6200457736345,"KALINA: régimen Kalina genuino y admisible, sin fallas."
470.0,300.032917,3000.0,460.0,0.45,1.0,0.85,0.75,0.85,0.75,0.91,316.6687120994964,320.07408855865623,-3.405376459159868,True,CORREGIBLE,0.1241765839379096,186.6950521658204,"[CORREGIBLE] O2: succión de la bomba bifásica bajo el peor caso de T_amb (riesgo de cavitación) (medido=320.07408855865623, esperado=<= 316.669 K). Causa probable: subenfriamiento insuficiente a la salida del condensador bajo el peor caso ambiental. Sugerencia: aumentar eps_cond o el margen de suben"
470.0,300.032917,3000.0,460.0,0.45,1.0,0.85,0.75,0.85,0.75,0.93,316.6687120994964,318.5793333480097,-1.9106212485133935,True,CORREGIBLE,0.1227939485141529,187.01695941983525,"[CORREGIBLE] O2: succión de la bomba bifásica bajo el peor caso de T_amb (riesgo de cavitación) (medido=318.57933334800975, esperado=<= 316.669 K). Causa probable: subenfriamiento insuficiente a la salida del condensador bajo el peor caso ambiental. Sugerencia: aumentar eps_cond o el margen de suben"
470.0,300.032917,3000.0,460.0,0.45,1.0,0.85,0.75,0.85,0.75,0.95,316.6687120994964,317.1531322631548,-0.4844201636584557,True,CORREGIBLE,0.1211226097255184,186.75004053486904,"[CORREGIBLE] O2: succión de la bomba bifásica bajo el peor caso de T_amb (riesgo de cavitación) (medido=317.1531322631548, esperado=<= 316.669 K). Causa probable: subenfriamiento insuficiente a la salida del condensador bajo el peor caso ambiental. Sugerencia: aumentar eps_cond o el margen de subenf"
470.0,300.032917,3000.0,470.0,0.45,1.0,0.85,0.75,0.85,0.75,0.91,317.35913545861735,320.6165385309397,-3.2574030723223477,True,CORREGIBLE,0.1229444730641199,184.8380589816664,"[CORREGIBLE] O2: succión de la bomba bifásica bajo el peor caso de T_amb (riesgo de cavitación) (medido=320.6165385309397, esperado=<= 317.359 K). Causa probable: subenfriamiento insuficiente a la salida del condensador bajo el peor caso ambiental. Sugerencia: aumentar eps_cond o el margen de subenf"
470.0,300.032917,3000.0,470.0,0.45,1.0,0.85,0.75,0.85,0.75,0.93,317.35913545861735,319.12098969491734,-1.761854236299996,True,CORREGIBLE,0.1215399356308812,185.1006167766335,"[CORREGIBLE] O2: succión de la bomba bifásica bajo el peor caso de T_amb (riesgo de cavitación) (medido=319.12098969491734, esperado=<= 317.359 K). Causa probable: subenfriamiento insuficiente a la salida del condensador bajo el peor caso ambiental. Sugerencia: aumentar eps_cond o el margen de suben"
470.0,300.032917,3000.0,470.0,0.45,1.0,0.85,0.75,0.85,0.75,0.95,317.35913545861735,317.69412166588296,-0.3349862072656151,True,CORREGIBLE,0.1198558373554999,184.78986149302824,"[CORREGIBLE] O2: succión de la bomba bifásica bajo el peor caso de T_amb (riesgo de cavitación) (medido=317.69412166588296, esperado=<= 317.359 K). Causa probable: subenfriamiento insuficiente a la salida del condensador bajo el peor caso ambiental. Sugerencia: aumentar eps_cond o el margen de suben"
470.0,300.032917,3000.0,480.0,0.45,1.0,0.85,0.75,0.85,0.75,0.91,318.0386206220159,321.150018673704,-3.11139805168807,True,CORREGIBLE,0.1217316305813907,183.00969043596115,"[CORREGIBLE] O2: succión de la bomba bifásica bajo el peor caso de T_amb (riesgo de cavitación) (medido=321.150018673704, esperado=<= 318.039 K). Causa probable: subenfriamiento insuficiente a la salida del condensador bajo el peor caso ambiental. Sugerencia: aumentar eps_cond o el margen de subenfr"
470.0,300.032917,3000.0,480.0,0.45,1.0,0.85,0.75,0.85,0.75,0.93,318.0386206220159,319.6537076238184,-1.6150870018024648,True,CORREGIBLE,0.1203056344094943,183.2140406871169,"[CORREGIBLE] O2: succión de la bomba bifásica bajo el peor caso de T_amb (riesgo de cavitación) (medido=319.6537076238184, esperado=<= 318.039 K). Causa probable: subenfriamiento insuficiente a la salida del condensador bajo el peor caso ambiental. Sugerencia: aumentar eps_cond o el margen de subenf"
470.0,300.032917,3000.0,480.0,0.45,1.0,0.85,0.75,0.85,0.75,0.95,318.0386206220159,318.2261964879346,-0.1875758659186885,True,CORREGIBLE,0.1186129088881557,182.86673421869983,"[CORREGIBLE] O2: succión de la bomba bifásica bajo el peor caso de T_amb (riesgo de cavitación) (medido=318.2261964879346, esperado=<= 318.039 K). Causa probable: subenfriamiento insuficiente a la salida del condensador bajo el peor caso ambiental. Sugerencia: aumentar eps_cond o el margen de subenf"
470.0,300.032917,3000.0,490.0,0.45,1.0,0.85,0.75,0.85,0.75,0.91,318.7075738213506,321.6748669428119,-2.967293121461296,True,CORREGIBLE,0.1205373679810073,181.20894722669192,"[CORREGIBLE] O2: succión de la bomba bifásica bajo el peor caso de T_amb (riesgo de cavitación) (medido=321.6748669428119, esperado=<= 318.708 K). Causa probable: subenfriamiento insuficiente a la salida del condensador bajo el peor caso ambiental. Sugerencia: aumentar eps_cond o el margen de subenf"
470.0,300.032917,3000.0,490.0,0.45,1.0,0.85,0.75,0.85,0.75,0.93,318.7075738213506,320.17782425018066,-1.4702504288300702,True,CORREGIBLE,0.1190903170743761,181.35615416344035,"[CORREGIBLE] O2: succión de la bomba bifásica bajo el peor caso de T_amb (riesgo de cavitación) (medido=320.17782425018066, esperado=<= 318.708 K). Causa probable: subenfriamiento insuficiente a la salida del condensador bajo el peor caso ambiental. Sugerencia: aumentar eps_cond o el margen de suben"
470.0,300.032917,3000.0,490.0,0.45,1.0,0.85,0.75,0.85,0.75,0.95,318.7075738213506,318.7496924390869,-0.042118617736321,True,CORREGIBLE,0.117392887134729,180.97919973411643,"[CORREGIBLE] O2: succión de la bomba bifásica bajo el peor caso de T_amb (riesgo de cavitación) (medido=318.7496924390869, esperado=<= 318.708 K). Causa probable: subenfriamiento insuficiente a la salida del condensador bajo el peor caso ambiental. Sugerencia: aumentar eps_cond o el margen de subenf"
470.0,300.032917,3000.0,510.0,0.45,1.0,0.85,0.75,0.85,0.75,0.91,320.0153955222874,322.69992629645736,-2.684530774169957,True,CORREGIBLE,0.118201962091913,177.68652514551343,"[CORREGIBLE] O2: succión de la bomba bifásica bajo el peor caso de T_amb (riesgo de cavitación) (medido=322.69992629645736, esperado=<= 320.015 K). Causa probable: subenfriamiento insuficiente a la salida del condensador bajo el peor caso ambiental. Sugerencia: aumentar eps_cond o el margen de suben"
470.0,300.032917,3000.0,510.0,0.45,1.0,0.85,0.75,0.85,0.75,0.93,320.0153955222874,321.2015062220235,-1.1861106997361048,True,CORREGIBLE,0.1167140016748755,177.72255347703862,"[CORREGIBLE] O2: succión de la bomba bifásica bajo el peor caso de T_amb (riesgo de cavitación) (medido=321.2015062220235, esperado=<= 320.015 K). Causa probable: subenfriamiento insuficiente a la salida del condensador bajo el peor caso ambiental. Sugerencia: aumentar eps_cond o el margen de subenf"
470.0,300.032917,3000.0,510.0,0.45,1.0,0.85,0.75,0.85,0.75,0.95,320.0153955222874,318.935499717168,1.0798958051194063,True,KALINA,0.1150181629035913,177.30561454684215,"KALINA: régimen Kalina genuino y admisible, sin fallas."
470.0,300.032917,3000.0,520.0,0.45,1.0,0.85,0.75,0.85,0.75,0.91,320.6549678354767,323.2007229584701,-2.5457551229933983,True,CORREGIBLE,0.1170595930506373,175.9630607685372,"[CORREGIBLE] O2: succión de la bomba bifásica bajo el peor caso de T_amb (riesgo de cavitación) (medido=323.2007229584701, esperado=<= 320.655 K). Causa probable: subenfriamiento insuficiente a la salida del condensador bajo el peor caso ambiental. Sugerencia: aumentar eps_cond o el margen de subenf"
470.0,300.032917,3000.0,520.0,0.45,1.0,0.85,0.75,0.85,0.75,0.93,320.6549678354767,321.7016547426828,-1.0466869072060945,True,CORREGIBLE,0.1155517415337151,175.94496734985282,"[CORREGIBLE] O2: succión de la bomba bifásica bajo el peor caso de T_amb (riesgo de cavitación) (medido=321.7016547426828, esperado=<= 320.655 K). Causa probable: subenfriamiento insuficiente a la salida del condensador bajo el peor caso ambiental. Sugerencia: aumentar eps_cond o el margen de subenf"
470.0,300.032917,3000.0,520.0,0.45,1.0,0.85,0.75,0.85,0.75,0.95,320.6549678354767,318.9552259366492,1.6997418988275967,True,KALINA,0.1138618466662629,175.51705199797146,"KALINA: régimen Kalina genuino y admisible, sin fallas."
470.0,300.032917,3000.0,400.0,0.35,1.0,0.85,0.75,0.85,0.75,0.86,330.34503492992707,332.1669724490968,-1.821937519169694,True,CORREGIBLE,0.1250480706183103,135.2050654689516,"[CORREGIBLE] O2: succión de la bomba bifásica bajo el peor caso de T_amb (riesgo de cavitación) (medido=332.16697244909676, esperado=<= 330.345 K). Causa probable: subenfriamiento insuficiente a la salida del condensador bajo el peor caso ambiental. Sugerencia: aumentar eps_cond o el margen de suben"
470.0,300.032917,3000.0,400.0,0.35,1.0,0.85,0.75,0.85,0.75,0.88,330.34503492992707,330.823666709126,-0.4786317791989063,True,CORREGIBLE,0.1234875418714157,134.99780590373737,"[CORREGIBLE] O2: succión de la bomba bifásica bajo el peor caso de T_amb (riesgo de cavitación) (medido=330.823666709126, esperado=<= 330.345 K). Causa probable: subenfriamiento insuficiente a la salida del condensador bajo el peor caso ambiental. Sugerencia: aumentar eps_cond o el margen de subenfr"
470.0,300.032917,3000.0,400.0,0.35,1.0,0.85,0.75,0.85,0.75,0.92,330.34503492992707,322.33400694404384,8.011027985883231,True,KALINA,0.1204026674732586,134.39709535168242,"KALINA: régimen Kalina genuino y admisible, sin fallas."
470.0,300.032917,3000.0,450.0,0.35,1.0,0.85,0.75,0.85,0.75,0.86,334.2456670670964,335.0988122558505,-0.8531451887540697,True,CORREGIBLE,0.1184906280570539,128.05771255910477,"[CORREGIBLE] O2: succión de la bomba bifásica bajo el peor caso de T_amb (riesgo de cavitación) (medido=335.0988122558505, esperado=<= 334.246 K). Causa probable: subenfriamiento insuficiente a la salida del condensador bajo el peor caso ambiental. Sugerencia: aumentar eps_cond o el margen de subenf"
470.0,300.032917,3000.0,450.0,0.35,1.0,0.85,0.75,0.85,0.75,0.88,334.2456670670964,332.3650334425988,1.880633624497648,True,KALINA,0.1169175914446349,127.76245681367784,"KALINA: régimen Kalina genuino y admisible, sin fallas."
470.0,300.032917,3000.0,450.0,0.35,1.0,0.85,0.75,0.85,0.75,0.92,334.2456670670964,322.46749126356434,11.778175803532063,True,KALINA,0.1139758416835927,127.19060244315764,"KALINA: régimen Kalina genuino y admisible, sin fallas."
470.0,300.032917,3000.0,500.0,0.35,1.0,0.85,0.75,0.85,0.75,0.86,337.83115409899114,337.64549816325064,0.185655935740499,True,KALINA,0.1124723810596765,121.498729491209,"KALINA: régimen Kalina genuino y admisible, sin fallas."
470.0,300.032917,3000.0,500.0,0.35,1.0,0.85,0.75,0.85,0.75,0.88,337.83115409899114,332.5489643625754,5.282189736415717,True,KALINA,0.1109689598684595,121.21670872507563,"KALINA: régimen Kalina genuino y admisible, sin fallas."
470.0,300.032917,3000.0,500.0,0.35,1.0,0.85,0.75,0.85,0.75,0.92,337.83115409899114,322.58831174098617,15.242842358004964,True,KALINA,0.1081588815942083,120.671328081968,"KALINA: régimen Kalina genuino y admisible, sin fallas."
470.0,300.032917,3000.0,550.0,0.4,1.0,0.85,0.75,0.85,0.75,0.87,331.4201275836787,333.65355904200845,-2.2334314583297328,True,CORREGIBLE,0.1122066324896862,143.44079980725363,"[CORREGIBLE] O2: succión de la bomba bifásica bajo el peor caso de T_amb (riesgo de cavitación) (medido=333.65355904200845, esperado=<= 331.420 K). Causa probable: subenfriamiento insuficiente a la salida del condensador bajo el peor caso ambiental. Sugerencia: aumentar eps_cond o el margen de suben"
470.0,300.032917,3000.0,550.0,0.4,1.0,0.85,0.75,0.85,0.75,0.92,331.4201275836787,325.67992958699017,5.740197996688551,True,KALINA,0.1083812514037072,142.78811058439436,"KALINA: régimen Kalina genuino y admisible, sin fallas."
470.0,300.032917,2800.0,650.0,0.5,1.0,0.85,0.75,0.85,0.75,0.95,,,,False,NO_CONVERGIO,,,"T_from_Ph(P, h, x): el motor teqp no cubre el estado pedido (ver TASK_CONTEXT 2026-09-18-validar-teqp-nh3h2o). Detalle: h=-3.88384e+12 fuera de dominio a P=2.8e+06 Pa, x=0.5140"
470.0,300.032917,3000.0,600.0,0.4,1.0,0.85,0.75,0.85,0.75,0.87,334.4442166778599,335.9542690103865,-1.5100523325266408,True,CORREGIBLE,0.107017414702084,136.76193195805425,"[CORREGIBLE] O2: succión de la bomba bifásica bajo el peor caso de T_amb (riesgo de cavitación) (medido=335.95426901038655, esperado=<= 334.444 K). Causa probable: subenfriamiento insuficiente a la salida del condensador bajo el peor caso ambiental. Sugerencia: aumentar eps_cond o el margen de suben"
470.0,300.032917,3000.0,600.0,0.4,1.0,0.85,0.75,0.85,0.75,0.92,334.4442166778599,325.80318238794257,8.641034289917343,True,KALINA,0.1032381856940714,135.9810139868673,"KALINA: régimen Kalina genuino y admisible, sin fallas."
470.0,300.032917,3200.0,650.0,0.5,1.0,0.85,0.75,0.85,0.75,0.95,320.12852456274186,319.37970478444475,0.7488197782971042,True,KALINA,0.1075642600350108,171.49328410253952,"KALINA: régimen Kalina genuino y admisible, sin fallas."
470.0,300.032917,2800.0,500.0,0.45,1.0,0.85,0.75,0.85,0.75,0.95,319.3663781921934,319.6518503925467,-0.285472200353297,True,CORREGIBLE,0.1127004377067507,192.28564761222577,"[CORREGIBLE] O2: succión de la bomba bifásica bajo el peor caso de T_amb (riesgo de cavitación) (medido=319.6518503925467, esperado=<= 319.366 K). Causa probable: subenfriamiento insuficiente a la salida del condensador bajo el peor caso ambiental. Sugerencia: aumentar eps_cond o el margen de subenf"
470.0,300.032917,3200.0,500.0,0.45,1.0,0.85,0.75,0.85,0.75,0.95,319.3663781921934,317.5474746284951,1.8189035636983133,True,KALINA,0.1192443110530805,168.1178891202204,"KALINA: régimen Kalina genuino y admisible, sin fallas."
470.0,300.032917,3100.0,640.0,0.5,1.0,0.85,0.75,0.85,0.75,0.95,,,,False,NO_CONVERGIO,,,"T_from_Ph(P, h, x): el motor teqp no cubre el estado pedido (ver TASK_CONTEXT 2026-09-18-validar-teqp-nh3h2o). Detalle: equilibrio no resoluble en T=291.08 K, P=6.4e+05 Pa, x=0.1797"
470.0,300.032917,3100.0,630.0,0.5,1.0,0.85,0.75,0.85,0.75,0.95,,,,False,NO_CONVERGIO,,,"T_from_Ph(P, h, x): el motor teqp no cubre el estado pedido (ver TASK_CONTEXT 2026-09-18-validar-teqp-nh3h2o). Detalle: equilibrio no resoluble en T=300.15 K, P=6.3e+05 Pa, x=0.1469"
470.0,300.032917,3100.0,660.0,0.5,1.0,0.85,0.75,0.85,0.75,0.95,320.6508190977392,320.0999103073969,0.5509087903422483,True,KALINA,0.1048029696128631,174.1252004967696,"KALINA: régimen Kalina genuino y admisible, sin fallas."
470.0,300.032917,3100.0,650.0,0.5,1.0,0.85,0.75,0.85,0.75,0.95,320.12852456274186,320.08252762277203,0.0459969399698252,True,KALINA,0.1057622973957495,175.72435180579637,"KALINA: régimen Kalina genuino y admisible, sin fallas."
470.0,300.032917,3100.0,670.0,0.5,1.0,0.85,0.75,0.85,0.75,0.95,321.1673009188856,320.11705965597247,1.0502412629130615,True,KALINA,0.1038565607592073,172.54768642265856,"KALINA: régimen Kalina genuino y admisible, sin fallas."
470.0,300.032917,3150.0,630.0,0.5,1.0,0.85,0.75,0.85,0.75,0.95,319.0658451550324,319.1929781719155,-0.1271330168831355,True,CORREGIBLE,0.1086310569790194,176.76092734242638,"[CORREGIBLE] O2: succión de la bomba bifásica bajo el peor caso de T_amb (riesgo de cavitación) (medido=319.1929781719155, esperado=<= 319.066 K). Causa probable: subenfriamiento insuficiente a la salida del condensador bajo el peor caso ambiental. Sugerencia: aumentar eps_cond o el margen de subenf"
470.0,300.032917,3150.0,640.0,0.5,1.0,0.85,0.75,0.85,0.75,0.95,319.60025604194493,319.621675090896,-0.0214190489510883,True,CORREGIBLE,0.1076464504412673,175.153473964084,"[CORREGIBLE] O2: succión de la bomba bifásica bajo el peor caso de T_amb (riesgo de cavitación) (medido=319.621675090896, esperado=<= 319.600 K). Causa probable: subenfriamiento insuficiente a la salida del condensador bajo el peor caso ambiental. Sugerencia: aumentar eps_cond o el margen de subenfr"
470.0,300.032917,3150.0,650.0,0.5,1.0,0.85,0.75,0.85,0.75,0.95,320.12852456274186,319.72214227673777,0.4063822860040886,True,KALINA,0.1066755191544737,173.5684507929825,"KALINA: régimen Kalina genuino y admisible, sin fallas."
470.0,300.032917,3150.0,660.0,0.5,1.0,0.85,0.75,0.85,0.75,0.95,320.6508190977392,319.73914778831005,0.9116713094291526,True,KALINA,0.1057178636549882,172.0052012727213,"KALINA: régimen Kalina genuino y admisible, sin fallas."
470.0,300.032917,3150.0,670.0,0.5,1.0,0.85,0.75,0.85,0.75,0.95,321.1673009188856,319.7559248840833,1.411376034802231,True,KALINA,0.1047731201316717,170.46312728709884,"KALINA: régimen Kalina genuino y admisible, sin fallas."
470.0,300.032917,3200.0,630.0,0.5,1.0,0.85,0.75,0.85,0.75,0.95,319.0658451550324,319.1230164539157,-0.0571712988833041,True,CORREGIBLE,0.10951635347824,174.61595619277318,"[CORREGIBLE] O2: succión de la bomba bifásica bajo el peor caso de T_amb (riesgo de cavitación) (medido=319.1230164539157, esperado=<= 319.066 K). Causa probable: subenfriamiento insuficiente a la salida del condensador bajo el peor caso ambiental. Sugerencia: aumentar eps_cond o el margen de subenf"
470.0,300.032917,3200.0,640.0,0.5,1.0,0.85,0.75,0.85,0.75,0.95,319.60025604194493,319.3628287166526,0.2374273252923444,True,KALINA,0.1085334813128597,173.04365114244982,"KALINA: régimen Kalina genuino y admisible, sin fallas."
470.0,300.032917,3200.0,660.0,0.5,1.0,0.85,0.75,0.85,0.75,0.95,320.6508190977392,319.3963506112099,1.2544684865292766,True,KALINA,0.1066083024154723,169.96423134378142,"KALINA: régimen Kalina genuino y admisible, sin fallas."
470.0,300.032917,3200.0,670.0,0.5,1.0,0.85,0.75,0.85,0.75,0.95,321.1673009188856,319.41277287173284,1.7545280471526894,True,KALINA,0.1056652341926368,168.4558901292234,"KALINA: régimen Kalina genuino y admisible, sin fallas."
470.0,300.032917,3250.0,630.0,0.5,1.0,0.85,0.75,0.85,0.75,0.95,319.0658451550324,319.02048189108297,0.0453632639494117,True,KALINA,0.1103775750432844,172.54757596240108,"KALINA: régimen Kalina genuino y admisible, sin fallas."
470.0,300.032917,3250.0,640.0,0.5,1.0,0.85,0.75,0.85,0.75,0.95,319.60025604194493,319.0372417979743,0.563014243970656,True,KALINA,0.1093964442015241,171.00877883626862,"KALINA: régimen Kalina genuino y admisible, sin fallas."
470.0,300.032917,3250.0,650.0,0.5,1.0,0.85,0.75,0.85,0.75,0.95,320.12852456274186,319.0537695550908,1.0747550076510493,True,KALINA,0.1084289514923726,169.49146884082654,"KALINA: régimen Kalina genuino y admisible, sin fallas."
470.0,300.032917,3250.0,660.0,0.5,1.0,0.85,0.75,0.85,0.75,0.95,320.6508190977392,319.07007193910266,1.580747158636541,True,KALINA,0.107474702666589,167.99502353066129,"KALINA: régimen Kalina genuino y admisible, sin fallas."
470.0,300.032917,3250.0,670.0,0.5,1.0,0.85,0.75,0.85,0.75,0.95,321.1673009188856,319.08615533324445,2.0811455856410817,True,KALINA,0.1065333236735322,166.51885235274494,"KALINA: régimen Kalina genuino y admisible, sin fallas."
470.0,300.032917,3300.0,630.0,0.5,1.0,0.85,0.75,0.85,0.75,0.95,319.0658451550324,318.7104268622123,0.3554182928201044,True,KALINA,0.1112151209457772,170.5489413969737,"KALINA: régimen Kalina genuino y admisible, sin fallas."
470.0,300.032917,3300.0,640.0,0.5,1.0,0.85,0.75,0.85,0.75,0.95,319.60025604194493,318.7268490615548,0.8734069803901434,True,KALINA,0.1102357547778834,169.04216609219492,"KALINA: régimen Kalina genuino y admisible, sin fallas."
470.0,300.032917,3300.0,650.0,0.5,1.0,0.85,0.75,0.85,0.75,0.95,320.12852456274186,318.7430437932376,1.3854807695042837,True,KALINA,0.1092700061462767,167.55643565563008,"KALINA: régimen Kalina genuino y admisible, sin fallas."
470.0,300.032917,3300.0,660.0,0.5,1.0,0.85,0.75,0.85,0.75,0.95,320.6508190977392,318.759017594147,1.8918015035922051,True,KALINA,0.1083174847961124,166.09114569769537,"KALINA: régimen Kalina genuino y admisible, sin fallas."
470.0,300.032917,3300.0,670.0,0.5,1.0,0.85,0.75,0.85,0.75,0.95,321.1673009188856,318.77477677286686,2.3925241460186726,True,KALINA,0.1073778140526321,164.64571292538076,"KALINA: régimen Kalina genuino y admisible, sin fallas."
470.0,300.032917,3000.0,1000.0,0.5,1.0,0.85,0.75,0.8,0.8,0.85,335.7143217857841,340.13805021706213,-4.42372843127805,True,CORREGIBLE,0.0819419674921052,123.46763523725257,"[CORREGIBLE] O2: succión de la bomba bifásica bajo el peor caso de T_amb (riesgo de cavitación) (medido=340.13805021706213, esperado=<= 335.714 K). Causa probable: subenfriamiento insuficiente a la salida del condensador bajo el peor caso ambiental. Sugerencia: aumentar eps_cond o el margen de suben"
470.0,300.032917,3000.0,1000.0,0.45,1.0,0.85,0.75,0.8,0.8,0.85,344.20225671248505,345.59600872767635,-1.3937520151912963,True,CORREGIBLE,0.0797540221698672,107.1524587571378,"[CORREGIBLE] O2: succión de la bomba bifásica bajo el peor caso de T_amb (riesgo de cavitación) (medido=345.59600872767635, esperado=<= 344.202 K). Causa probable: subenfriamiento insuficiente a la salida del condensador bajo el peor caso ambiental. Sugerencia: aumentar eps_cond o el margen de suben"
470.0,300.032917,3000.0,1400.0,0.4,1.0,0.85,0.75,0.8,0.8,0.85,367.87334782449534,345.5028526531751,22.37049517132021,True,KALINA,0.05358344576293,62.68628947417122,"KALINA: régimen Kalina genuino y admisible, sin fallas."
470.0,300.032917,3000.0,1000.0,0.4,1.0,0.85,0.75,0.8,0.8,0.85,353.66108535265784,344.57249862046103,9.088586732196802,True,KALINA,0.0761347470374897,89.22323023104319,"KALINA: régimen Kalina genuino y admisible, sin fallas."
470.0,300.032917,3000.0,1400.0,0.5,1.0,0.85,0.75,0.8,0.8,0.85,349.25458042720174,350.787099977407,-1.5325195502052793,True,CORREGIBLE,0.0585366622650702,88.064643334914,"[CORREGIBLE] O2: succión de la bomba bifásica bajo el peor caso de T_amb (riesgo de cavitación) (medido=350.787099977407, esperado=<= 349.255 K). Causa probable: subenfriamiento insuficiente a la salida del condensador bajo el peor caso ambiental. Sugerencia: aumentar eps_cond o el margen de subenfr"
470.0,300.032917,3000.0,1700.0,0.5,1.0,0.85,0.75,0.8,0.8,0.8,357.6972519506025,362.1151446350385,-4.417892684435969,True,CORREGIBLE,0.0453342582962034,65.4352571634204,"[CORREGIBLE] O2: succión de la bomba bifásica bajo el peor caso de T_amb (riesgo de cavitación) (medido=362.1151446350385, esperado=<= 357.697 K). Causa probable: subenfriamiento insuficiente a la salida del condensador bajo el peor caso ambiental. Sugerencia: aumentar eps_cond o el margen de subenf"
470.0,300.032917,3000.0,1400.0,0.45,1.0,0.85,0.75,0.8,0.8,0.85,358.07236152904693,350.7349432855146,7.33741824353234,True,KALINA,0.0562126269686726,75.37163361754736,"KALINA: régimen Kalina genuino y admisible, sin fallas."
470.0,300.032917,3000.0,2100.0,0.5,1.0,0.85,0.75,0.8,0.8,0.8,367.4742371097926,369.6484412732173,-2.1742041634246903,True,CORREGIBLE,0.0292061450768935,42.08738653417765,"[CORREGIBLE] O2: succión de la bomba bifásica bajo el peor caso de T_amb (riesgo de cavitación) (medido=369.6484412732173, esperado=<= 367.474 K). Causa probable: subenfriamiento insuficiente a la salida del condensador bajo el peor caso ambiental. Sugerencia: aumentar eps_cond o el margen de subenf"
470.0,300.032917,3000.0,2500.0,0.5,1.0,0.85,0.75,0.8,0.8,0.75,376.0494878156228,381.5873363500697,-5.537848534446937,True,CORREGIBLE,0.014937766530542,20.487073154364914,"[CORREGIBLE] O2: succión de la bomba bifásica bajo el peor caso de T_amb (riesgo de cavitación) (medido=381.58733635006973, esperado=<= 376.049 K). Causa probable: subenfriamiento insuficiente a la salida del condensador bajo el peor caso ambiental. Sugerencia: aumentar eps_cond o el margen de suben"
470.0,300.032917,3000.0,2700.0,0.5,1.0,0.85,0.75,0.8,0.8,0.75,379.99274162990736,384.5682921005687,-4.575550470661369,True,CORREGIBLE,0.0087380174398006,11.97431194545264,"[CORREGIBLE] O2: succión de la bomba bifásica bajo el peor caso de T_amb (riesgo de cavitación) (medido=384.5682921005687, esperado=<= 379.993 K). Causa probable: subenfriamiento insuficiente a la salida del condensador bajo el peor caso ambiental. Sugerencia: aumentar eps_cond o el margen de subenf"
470.0,300.032917,3000.0,2500.0,0.5,1.0,0.85,0.75,0.8,0.8,0.8,376.0494878156228,376.19329042425113,-0.1438026086283343,True,CORREGIBLE,0.0151161078134032,21.74543497034274,"[CORREGIBLE] O2: succión de la bomba bifásica bajo el peor caso de T_amb (riesgo de cavitación) (medido=376.19329042425113, esperado=<= 376.049 K). Causa probable: subenfriamiento insuficiente a la salida del condensador bajo el peor caso ambiental. Sugerencia: aumentar eps_cond o el margen de suben"
470.0,300.032917,3000.0,2700.0,0.5,1.0,0.85,0.75,0.8,0.8,0.8,379.99274162990736,376.9953853618517,2.9973562680556824,True,KALINA,0.0087632105266459,12.59625393980835,"KALINA: régimen Kalina genuino y admisible, sin fallas."
470.0,300.032917,3000.0,650.0,0.4,1.0,0.85,0.75,0.8,0.8,0.85,337.2864856657296,338.90492578848585,-1.618440122756283,True,CORREGIBLE,0.1038299396590486,121.94135356300109,"[CORREGIBLE] O2: succión de la bomba bifásica bajo el peor caso de T_amb (riesgo de cavitación) (medido=338.90492578848585, esperado=<= 337.286 K). Causa probable: subenfriamiento insuficiente a la salida del condensador bajo el peor caso ambiental. Sugerencia: aumentar eps_cond o el margen de suben"
470.0,300.032917,3000.0,800.0,0.4,1.0,0.85,0.75,0.8,0.8,0.85,344.9432514138264,343.9729027067003,0.9703487071260496,True,KALINA,0.0906702118290015,106.37846226913685,"KALINA: régimen Kalina genuino y admisible, sin fallas."
470.0,300.032917,3000.0,1400.0,0.45,1.0,0.85,0.75,0.8,0.8,0.8,358.07236152904693,360.6231052629652,-2.550743733918296,True,CORREGIBLE,0.0585596106828316,75.77257040952048,"[CORREGIBLE] O2: succión de la bomba bifásica bajo el peor caso de T_amb (riesgo de cavitación) (medido=360.6231052629652, esperado=<= 358.072 K). Causa probable: subenfriamiento insuficiente a la salida del condensador bajo el peor caso ambiental. Sugerencia: aumentar eps_cond o el margen de subenf"
470.0,300.032917,3000.0,1900.0,0.4,1.0,0.85,0.75,0.8,0.8,0.75,382.0293212452378,377.7025407055801,4.326780539657705,True,KALINA,0.0354376127019263,38.63687576993666,"KALINA: régimen Kalina genuino y admisible, sin fallas."
470.0,300.032917,3300.0,2700.0,0.5,1.0,0.85,0.75,0.8,0.8,0.75,379.99274162990736,381.63736133915137,-1.6446197092440116,True,CORREGIBLE,0.0170932433866893,20.965221889412835,"[CORREGIBLE] O2: succión de la bomba bifásica bajo el peor caso de T_amb (riesgo de cavitación) (medido=381.63736133915137, esperado=<= 379.993 K). Causa probable: subenfriamiento insuficiente a la salida del condensador bajo el peor caso ambiental. Sugerencia: aumentar eps_cond o el margen de suben"
470.0,300.032917,3000.0,650.0,0.4,1.0,0.85,0.75,0.8,0.8,0.75,337.2864856657296,347.2897390218414,-10.003253356111829,True,CORREGIBLE,0.1062264098471031,116.63402305691004,"[CORREGIBLE] O2: succión de la bomba bifásica bajo el peor caso de T_amb (riesgo de cavitación) (medido=347.2897390218414, esperado=<= 337.286 K). Causa probable: subenfriamiento insuficiente a la salida del condensador bajo el peor caso ambiental. Sugerencia: aumentar eps_cond o el margen de subenf"
470.0,300.032917,3000.0,1100.0,0.4,1.0,0.85,0.75,0.8,0.8,0.75,357.55079035216994,362.6528430142494,-5.102052662079473,True,CORREGIBLE,0.0746342544033798,81.77757118060245,"[CORREGIBLE] O2: succión de la bomba bifásica bajo el peor caso de T_amb (riesgo de cavitación) (medido=362.6528430142494, esperado=<= 357.551 K). Causa probable: subenfriamiento insuficiente a la salida del condensador bajo el peor caso ambiental. Sugerencia: aumentar eps_cond o el margen de subenf"
470.0,300.032917,3000.0,850.0,0.4,1.0,0.85,0.75,0.8,0.8,0.75,347.25974020508903,354.8993170997861,-7.639576894697086,True,CORREGIBLE,0.0908269151426856,99.65251311528246,"[CORREGIBLE] O2: succión de la bomba bifásica bajo el peor caso de T_amb (riesgo de cavitación) (medido=354.8993170997861, esperado=<= 347.260 K). Causa probable: subenfriamiento insuficiente a la salida del condensador bajo el peor caso ambiental. Sugerencia: aumentar eps_cond o el margen de subenf"
470.0,300.032917,3000.0,1450.0,0.4,1.0,0.85,0.75,0.8,0.8,0.75,369.4359005416977,371.4903682459507,-2.054467704253,True,CORREGIBLE,0.0556249159399481,60.816717340446594,"[CORREGIBLE] O2: succión de la bomba bifásica bajo el peor caso de T_amb (riesgo de cavitación) (medido=371.4903682459507, esperado=<= 369.436 K). Causa probable: subenfriamiento insuficiente a la salida del condensador bajo el peor caso ambiental. Sugerencia: aumentar eps_cond o el margen de subenf"
470.0,300.032917,3000.0,2400.0,0.4,1.0,0.85,0.75,0.8,0.8,0.75,393.7758142254232,378.8866305541512,14.889183671272008,True,KALINA,0.017475297498811,19.005464945920227,"KALINA: régimen Kalina genuino y admisible, sin fallas."
470.0,300.032917,3000.0,2700.0,0.4,1.0,0.85,0.75,0.8,0.8,0.75,400.0303527396776,379.4931912748771,20.53716146480042,True,KALINA,0.0082865046522032,9.000753248865854,"KALINA: régimen Kalina genuino y admisible, sin fallas."
470.0,300.032917,3000.0,1850.0,0.4,1.0,0.85,0.75,0.8,0.8,0.75,380.7410512255004,377.5690081549585,3.1720430705418607,True,KALINA,0.0374641460184864,40.85797574381502,"KALINA: régimen Kalina genuino y admisible, sin fallas."
470.0,300.032917,3000.0,650.0,0.4,1.0,0.85,0.75,0.8,0.8,0.8,337.2864856657296,342.877800240012,-5.591314574282421,True,CORREGIBLE,0.1061744121887285,120.86505166268522,"[CORREGIBLE] O2: succión de la bomba bifásica bajo el peor caso de T_amb (riesgo de cavitación) (medido=342.877800240012, esperado=<= 337.286 K). Causa probable: subenfriamiento insuficiente a la salida del condensador bajo el peor caso ambiental. Sugerencia: aumentar eps_cond o el margen de subenfr"
470.0,300.032917,3000.0,850.0,0.4,1.0,0.85,0.75,0.8,0.8,0.8,347.25974020508903,350.43697918250496,-3.177238977415925,True,CORREGIBLE,0.0897933976956339,102.10126802960428,"[CORREGIBLE] O2: succión de la bomba bifásica bajo el peor caso de T_amb (riesgo de cavitación) (medido=350.43697918250496, esperado=<= 347.260 K). Causa probable: subenfriamiento insuficiente a la salida del condensador bajo el peor caso ambiental. Sugerencia: aumentar eps_cond o el margen de suben"
470.0,300.032917,3000.0,1450.0,0.4,1.0,0.85,0.75,0.8,0.8,0.8,369.4359005416977,360.7099875475433,8.725912994154442,True,KALINA,0.0533122477288505,60.39116613257588,"KALINA: régimen Kalina genuino y admisible, sin fallas."
470.0,300.032917,3000.0,1100.0,0.4,1.0,0.85,0.75,0.8,0.8,0.8,357.55079035216994,358.1459196565406,-0.5951293043706869,True,CORREGIBLE,0.0726612609797854,82.48249489456208,"[CORREGIBLE] O2: succión de la bomba bifásica bajo el peor caso de T_amb (riesgo de cavitación) (medido=358.1459196565406, esperado=<= 357.551 K). Causa probable: subenfriamiento insuficiente a la salida del condensador bajo el peor caso ambiental. Sugerencia: aumentar eps_cond o el margen de subenf"
470.0,300.032917,3000.0,1850.0,0.4,1.0,0.85,0.75,0.8,0.8,0.8,380.7410512255004,361.6559510871257,19.085100138374685,True,KALINA,0.0358073100818417,40.48612948785948,"KALINA: régimen Kalina genuino y admisible, sin fallas."
470.0,300.032917,3000.0,2400.0,0.4,1.0,0.85,0.75,0.8,0.8,0.8,393.7758142254232,362.69081275702456,31.085001468398676,True,KALINA,0.0166877991978142,18.830637984799505,"KALINA: régimen Kalina genuino y admisible, sin fallas."
470.0,300.032917,3000.0,850.0,0.4,1.0,0.85,0.75,0.8,0.8,0.85,347.25974020508903,344.1344313536124,3.125308851476632,True,KALINA,0.0867549326851051,101.75355606677915,"KALINA: régimen Kalina genuino y admisible, sin fallas."
470.0,300.032917,3000.0,1100.0,0.4,1.0,0.85,0.75,0.8,0.8,0.85,357.55079035216994,344.8328332495028,12.717957102667128,True,KALINA,0.069823032591031,81.78641727518684,"KALINA: régimen Kalina genuino y admisible, sin fallas."
470.0,300.032917,3000.0,2700.0,0.4,1.0,0.85,0.75,0.8,0.8,0.8,400.0303527396776,363.1670334707404,36.86331926893712,True,KALINA,0.007909939306698,8.91759832812552,"KALINA: régimen Kalina genuino y admisible, sin fallas."
470.0,300.032917,3000.0,1450.0,0.4,1.0,0.85,0.75,0.8,0.8,0.85,369.4359005416977,345.6016902848829,23.8342102568148,True,KALINA,0.0511890653406413,59.8742765647578,"KALINA: régimen Kalina genuino y admisible, sin fallas."
470.0,300.032917,3000.0,1850.0,0.4,1.0,0.85,0.75,0.8,0.8,0.85,380.7410512255004,346.2971656927814,34.44388553271898,True,KALINA,0.0343568310221289,40.13553216783728,"KALINA: régimen Kalina genuino y admisible, sin fallas."
470.0,300.032917,3000.0,2400.0,0.4,1.0,0.85,0.75,0.8,0.8,0.85,393.7758142254232,347.0577283034856,46.71808592193764,True,KALINA,0.0159995662225407,18.665689503268897,"KALINA: régimen Kalina genuino y admisible, sin fallas."
470.0,300.032917,3000.0,2700.0,0.4,1.0,0.85,0.75,0.8,0.8,0.85,400.0303527396776,347.40760394341504,52.6227487962625,True,KALINA,0.0075810929161545,8.839110505679349,"KALINA: régimen Kalina genuino y admisible, sin fallas."
470.0,300.032917,3000.0,650.0,0.425,1.0,0.85,0.75,0.8,0.8,0.75,332.64951615096817,344.9327622156779,-12.283246064709717,True,CORREGIBLE,0.1059685175341323,124.25214478817176,"[CORREGIBLE] O2: succión de la bomba bifásica bajo el peor caso de T_amb (riesgo de cavitación) (medido=344.9327622156779, esperado=<= 332.650 K). Causa probable: subenfriamiento insuficiente a la salida del condensador bajo el peor caso ambiental. Sugerencia: aumentar eps_cond o el margen de subenf"
470.0,300.032917,3000.0,850.0,0.425,1.0,0.85,0.75,0.8,0.8,0.75,342.4954166665823,352.5450545563038,-10.04963788972151,True,CORREGIBLE,0.09084114271056,106.48151759619256,"[CORREGIBLE] O2: succión de la bomba bifásica bajo el peor caso de T_amb (riesgo de cavitación) (medido=352.5450545563038, esperado=<= 342.495 K). Causa probable: subenfriamiento insuficiente a la salida del condensador bajo el peor caso ambiental. Sugerencia: aumentar eps_cond o el margen de subenf"
470.0,300.032917,3000.0,1100.0,0.425,1.0,0.85,0.75,0.8,0.8,0.75,352.65864275662574,360.3037556575872,-7.645112900961465,True,CORREGIBLE,0.0749750633503437,87.80311197789693,"[CORREGIBLE] O2: succión de la bomba bifásica bajo el peor caso de T_amb (riesgo de cavitación) (medido=360.3037556575872, esperado=<= 352.659 K). Causa probable: subenfriamiento insuficiente a la salida del condensador bajo el peor caso ambiental. Sugerencia: aumentar eps_cond o el margen de subenf"
470.0,300.032917,3000.0,1450.0,0.425,1.0,0.85,0.75,0.8,0.8,0.75,364.40196430377625,369.1501006653333,-4.748136361556988,True,CORREGIBLE,0.0563946398642322,65.93011125091982,"[CORREGIBLE] O2: succión de la bomba bifásica bajo el peor caso de T_amb (riesgo de cavitación) (medido=369.15010066533324, esperado=<= 364.402 K). Causa probable: subenfriamiento insuficiente a la salida del condensador bajo el peor caso ambiental. Sugerencia: aumentar eps_cond o el margen de suben"
470.0,300.032917,3000.0,1850.0,0.425,1.0,0.85,0.75,0.8,0.8,0.75,375.5796594501294,377.458476097354,-1.878816647224596,True,CORREGIBLE,0.0385215487699762,44.93543768804573,"[CORREGIBLE] O2: succión de la bomba bifásica bajo el peor caso de T_amb (riesgo de cavitación) (medido=377.458476097354, esperado=<= 375.580 K). Causa probable: subenfriamiento insuficiente a la salida del condensador bajo el peor caso ambiental. Sugerencia: aumentar eps_cond o el margen de subenfr"
470.0,300.032917,3000.0,2400.0,0.425,1.0,0.85,0.75,0.8,0.8,0.75,388.4788616711495,383.31517893416265,5.163682736986857,True,KALINA,0.0180171647050087,20.954530278834245,"KALINA: régimen Kalina genuino y admisible, sin fallas."
470.0,300.032917,3000.0,650.0,0.425,1.0,0.85,0.75,0.8,0.8,0.8,332.64951615096817,340.2548723762185,-7.605356225250318,True,CORREGIBLE,0.1071905266405254,130.70408306033315,"[CORREGIBLE] O2: succión de la bomba bifásica bajo el peor caso de T_amb (riesgo de cavitación) (medido=340.2548723762185, esperado=<= 332.650 K). Causa probable: subenfriamiento insuficiente a la salida del condensador bajo el peor caso ambiental. Sugerencia: aumentar eps_cond o el margen de subenf"
470.0,300.032917,3000.0,2700.0,0.425,1.0,0.85,0.75,0.8,0.8,0.75,394.67353896436657,383.96932762228494,10.704211342081637,True,KALINA,0.008546402389787,9.926093573487014,"KALINA: régimen Kalina genuino y admisible, sin fallas."
470.0,300.032917,3000.0,850.0,0.425,1.0,0.85,0.75,0.8,0.8,0.8,342.4954166665823,347.81892635690474,-5.323509690322453,True,CORREGIBLE,0.0910984193737075,110.99554972383196,"[CORREGIBLE] O2: succión de la bomba bifásica bajo el peor caso de T_amb (riesgo de cavitación) (medido=347.81892635690474, esperado=<= 342.495 K). Causa probable: subenfriamiento insuficiente a la salida del condensador bajo el peor caso ambiental. Sugerencia: aumentar eps_cond o el margen de suben"
470.0,300.032917,3000.0,1100.0,0.425,1.0,0.85,0.75,0.8,0.8,0.8,352.65864275662574,355.5363290015844,-2.8776862449586247,True,CORREGIBLE,0.0743073375948814,90.41712470361884,"[CORREGIBLE] O2: succión de la bomba bifásica bajo el peor caso de T_amb (riesgo de cavitación) (medido=355.53632900158436, esperado=<= 352.659 K). Causa probable: subenfriamiento insuficiente a la salida del condensador bajo el peor caso ambiental. Sugerencia: aumentar eps_cond o el margen de suben"
470.0,300.032917,3000.0,1450.0,0.425,1.0,0.85,0.75,0.8,0.8,0.8,364.40196430377625,364.2001071858783,0.2018571178979868,True,KALINA,0.0547762011612275,66.51270408799432,"KALINA: régimen Kalina genuino y admisible, sin fallas."
470.0,300.032917,3000.0,1850.0,0.425,1.0,0.85,0.75,0.8,0.8,0.8,375.5796594501294,365.22252582103073,10.357133629098657,True,KALINA,0.0368100056773291,44.60615845247327,"KALINA: régimen Kalina genuino y admisible, sin fallas."
470.0,300.032917,3000.0,2400.0,0.425,1.0,0.85,0.75,0.8,0.8,0.8,388.4788616711495,366.3419116055035,22.136950065645976,True,KALINA,0.0171659577423824,20.75628646502961,"KALINA: régimen Kalina genuino y admisible, sin fallas."
470.0,300.032917,3000.0,2700.0,0.425,1.0,0.85,0.75,0.8,0.8,0.8,394.67353896436657,366.8574090650119,27.81612989935468,True,KALINA,0.0081391360056338,9.83178598921018,"KALINA: régimen Kalina genuino y admisible, sin fallas."
470.0,300.032917,3000.0,650.0,0.425,1.0,0.85,0.75,0.8,0.8,0.85,332.64951615096817,336.06236976779377,-3.4128536168256005,True,CORREGIBLE,0.1058270070901942,133.46887329325656,"[CORREGIBLE] O2: succión de la bomba bifásica bajo el peor caso de T_amb (riesgo de cavitación) (medido=336.06236976779377, esperado=<= 332.650 K). Causa probable: subenfriamiento insuficiente a la salida del condensador bajo el peor caso ambiental. Sugerencia: aumentar eps_cond o el margen de suben"
470.0,300.032917,3000.0,850.0,0.425,1.0,0.85,0.75,0.8,0.8,0.85,342.4954166665823,343.59001249745666,-1.0945958308743684,True,CORREGIBLE,0.0888671632465713,111.95346472635616,"[CORREGIBLE] O2: succión de la bomba bifásica bajo el peor caso de T_amb (riesgo de cavitación) (medido=343.59001249745666, esperado=<= 342.495 K). Causa probable: subenfriamiento insuficiente a la salida del condensador bajo el peor caso ambiental. Sugerencia: aumentar eps_cond o el margen de suben"
470.0,300.032917,3000.0,1100.0,0.425,1.0,0.85,0.75,0.8,0.8,0.85,352.65864275662574,347.4448304158552,5.213812340770573,True,KALINA,0.0715582694911514,90.01939824059473,"KALINA: régimen Kalina genuino y admisible, sin fallas."
470.0,300.032917,3000.0,1450.0,0.425,1.0,0.85,0.75,0.8,0.8,0.85,364.40196430377625,348.2777681825954,16.12419612118083,True,KALINA,0.0524860500030379,65.92441986589292,"KALINA: régimen Kalina genuino y admisible, sin fallas."
470.0,300.032917,3000.0,1850.0,0.425,1.0,0.85,0.75,0.8,0.8,0.85,375.5796594501294,349.0316580656197,26.548001384509632,True,KALINA,0.0352439590187741,44.20696343575018,"KALINA: régimen Kalina genuino y admisible, sin fallas."
470.0,300.032917,3000.0,2400.0,0.425,1.0,0.85,0.75,0.8,0.8,0.85,388.4788616711495,349.8567183345006,38.62214333664889,True,KALINA,0.0164220797577645,20.56838588393556,"KALINA: régimen Kalina genuino y admisible, sin fallas."
470.0,300.032917,3000.0,2700.0,0.425,1.0,0.85,0.75,0.8,0.8,0.85,394.67353896436657,350.23652245166096,44.43701651270561,True,KALINA,0.0077835140193789,9.74235655384776,"KALINA: régimen Kalina genuino y admisible, sin fallas."
470.0,300.032917,3000.0,650.0,0.45,1.0,0.85,0.75,0.8,0.8,0.75,328.23709183562494,342.5720782405824,-14.33498640495742,True,CORREGIBLE,0.1051273166975175,130.77237650625815,"[CORREGIBLE] O2: succión de la bomba bifásica bajo el peor caso de T_amb (riesgo de cavitación) (medido=342.57207824058236, esperado=<= 328.237 K). Causa probable: subenfriamiento insuficiente a la salida del condensador bajo el peor caso ambiental. Sugerencia: aumentar eps_cond o el margen de suben"
470.0,300.032917,3000.0,850.0,0.45,1.0,0.85,0.75,0.8,0.8,0.75,337.9594010979967,350.1917742911474,-12.232373193150693,True,CORREGIBLE,0.0902054309663879,112.22312366667418,"[CORREGIBLE] O2: succión de la bomba bifásica bajo el peor caso de T_amb (riesgo de cavitación) (medido=350.1917742911474, esperado=<= 337.959 K). Causa probable: subenfriamiento insuficiente a la salida del condensador bajo el peor caso ambiental. Sugerencia: aumentar eps_cond o el margen de subenf"
470.0,300.032917,3000.0,1100.0,0.45,1.0,0.85,0.75,0.8,0.8,0.75,347.9968572079161,357.9604575996281,-9.96360039171202,True,CORREGIBLE,0.0745930431092014,92.75317303801116,"[CORREGIBLE] O2: succión de la bomba bifásica bajo el peor caso de T_amb (riesgo de cavitación) (medido=357.9604575996281, esperado=<= 347.997 K). Causa probable: subenfriamiento insuficiente a la salida del condensador bajo el peor caso ambiental. Sugerencia: aumentar eps_cond o el margen de subenf"
470.0,300.032917,3000.0,1450.0,0.45,1.0,0.85,0.75,0.8,0.8,0.75,359.59829300099466,366.8211168507861,-7.222823849791382,True,CORREGIBLE,0.0563524451275283,69.98280684286654,"[CORREGIBLE] O2: succión de la bomba bifásica bajo el peor caso de T_amb (riesgo de cavitación) (medido=366.82111685078604, esperado=<= 359.598 K). Causa probable: subenfriamiento insuficiente a la salida del condensador bajo el peor caso ambiental. Sugerencia: aumentar eps_cond o el margen de suben"
470.0,300.032917,3000.0,1850.0,0.45,1.0,0.85,0.75,0.8,0.8,0.75,370.6458396724681,375.145701052605,-4.499861380136849,True,CORREGIBLE,0.038844382142544,48.15274850436021,"[CORREGIBLE] O2: succión de la bomba bifásica bajo el peor caso de T_amb (riesgo de cavitación) (medido=375.145701052605, esperado=<= 370.646 K). Causa probable: subenfriamiento insuficiente a la salida del condensador bajo el peor caso ambiental. Sugerencia: aumentar eps_cond o el margen de subenfr"
470.0,300.032917,3000.0,2400.0,0.45,1.0,0.85,0.75,0.8,0.8,0.75,383.4030954905752,384.6276314386207,-1.2245359480454567,True,CORREGIBLE,0.0185191633137076,22.89455123476346,"[CORREGIBLE] O2: succión de la bomba bifásica bajo el peor caso de T_amb (riesgo de cavitación) (medido=384.62763143862065, esperado=<= 383.403 K). Causa probable: subenfriamiento insuficiente a la salida del condensador bajo el peor caso ambiental. Sugerencia: aumentar eps_cond o el margen de suben"
470.0,300.032917,3000.0,2700.0,0.45,1.0,0.85,0.75,0.8,0.8,0.75,389.5335815035825,388.2099858815105,1.3235956220720482,True,KALINA,0.0087938358663328,10.855425198473831,"KALINA: régimen Kalina genuino y admisible, sin fallas."
470.0,300.032917,3000.0,650.0,0.45,1.0,0.85,0.75,0.8,0.8,0.8,328.23709183562494,337.6440275312454,-9.406935695620462,True,CORREGIBLE,0.1076315675725173,139.66816266470397,"[CORREGIBLE] O2: succión de la bomba bifásica bajo el peor caso de T_amb (riesgo de cavitación) (medido=337.6440275312454, esperado=<= 328.237 K). Causa probable: subenfriamiento insuficiente a la salida del condensador bajo el peor caso ambiental. Sugerencia: aumentar eps_cond o el margen de subenf"
470.0,300.032917,3000.0,850.0,0.45,1.0,0.85,0.75,0.8,0.8,0.8,337.9594010979967,345.21799061191547,-7.258589513918764,True,CORREGIBLE,0.0917626310125996,119.02597730332968,"[CORREGIBLE] O2: succión de la bomba bifásica bajo el peor caso de T_amb (riesgo de cavitación) (medido=345.21799061191547, esperado=<= 337.959 K). Causa probable: subenfriamiento insuficiente a la salida del condensador bajo el peor caso ambiental. Sugerencia: aumentar eps_cond o el margen de suben"
470.0,300.032917,3000.0,1100.0,0.45,1.0,0.85,0.75,0.8,0.8,0.8,347.9968572079161,352.9490434387793,-4.952186230863219,True,CORREGIBLE,0.0752416458342334,97.5013023461294,"[CORREGIBLE] O2: succión de la bomba bifásica bajo el peor caso de T_amb (riesgo de cavitación) (medido=352.9490434387793, esperado=<= 347.997 K). Causa probable: subenfriamiento insuficiente a la salida del condensador bajo el peor caso ambiental. Sugerencia: aumentar eps_cond o el margen de subenf"
470.0,300.032917,3000.0,1450.0,0.45,1.0,0.85,0.75,0.8,0.8,0.8,359.59829300099466,361.7780291924688,-2.179736191474092,True,CORREGIBLE,0.0560268402980234,72.47634322025951,"[CORREGIBLE] O2: succión de la bomba bifásica bajo el peor caso de T_amb (riesgo de cavitación) (medido=361.77802919246875, esperado=<= 359.598 K). Causa probable: subenfriamiento insuficiente a la salida del condensador bajo el peor caso ambiental. Sugerencia: aumentar eps_cond o el margen de suben"
470.0,300.032917,3000.0,1850.0,0.45,1.0,0.85,0.75,0.8,0.8,0.8,370.6458396724681,368.6294385521768,2.016401120291391,True,KALINA,0.0377596267580859,48.742913592357,"KALINA: régimen Kalina genuino y admisible, sin fallas."
470.0,300.032917,3000.0,2400.0,0.45,1.0,0.85,0.75,0.8,0.8,0.8,383.4030954905752,369.8310042898579,13.572091200717296,True,KALINA,0.0176186233726063,22.689757060857445,"KALINA: régimen Kalina genuino y admisible, sin fallas."
470.0,300.032917,3000.0,650.0,0.45,1.0,0.85,0.75,0.8,0.8,0.85,328.23709183562494,333.2514128504884,-5.014321014863469,True,CORREGIBLE,0.1072568195444145,144.3325166560856,"[CORREGIBLE] O2: succión de la bomba bifásica bajo el peor caso de T_amb (riesgo de cavitación) (medido=333.2514128504884, esperado=<= 328.237 K). Causa probable: subenfriamiento insuficiente a la salida del condensador bajo el peor caso ambiental. Sugerencia: aumentar eps_cond o el margen de subenf"
470.0,300.032917,3000.0,2700.0,0.45,1.0,0.85,0.75,0.8,0.8,0.8,389.5335815035825,370.384726723175,19.14885478040753,True,KALINA,0.0083560568259163,10.749683476802389,"KALINA: régimen Kalina genuino y admisible, sin fallas."
470.0,300.032917,3000.0,850.0,0.45,1.0,0.85,0.75,0.8,0.8,0.85,337.9594010979967,340.79331235301345,-2.833911255016744,True,CORREGIBLE,0.0905352540034221,121.73128726749412,"[CORREGIBLE] O2: succión de la bomba bifásica bajo el peor caso de T_amb (riesgo de cavitación) (medido=340.79331235301345, esperado=<= 337.959 K). Causa probable: subenfriamiento insuficiente a la salida del condensador bajo el peor caso ambiental. Sugerencia: aumentar eps_cond o el margen de suben"
470.0,300.032917,3000.0,1100.0,0.45,1.0,0.85,0.75,0.8,0.8,0.85,347.9968572079161,348.5003878282629,-0.503530620346794,True,CORREGIBLE,0.0731926129261515,98.28258554443434,"[CORREGIBLE] O2: succión de la bomba bifásica bajo el peor caso de T_amb (riesgo de cavitación) (medido=348.5003878282629, esperado=<= 347.997 K). Causa probable: subenfriamiento insuficiente a la salida del condensador bajo el peor caso ambiental. Sugerencia: aumentar eps_cond o el margen de subenf"
470.0,300.032917,3000.0,1450.0,0.45,1.0,0.85,0.75,0.8,0.8,0.85,359.59829300099466,350.8501431310134,8.748149869981262,True,KALINA,0.0537071678547219,71.99684626840751,"KALINA: régimen Kalina genuino y admisible, sin fallas."
470.0,300.032917,3000.0,1850.0,0.45,1.0,0.85,0.75,0.8,0.8,0.85,370.6458396724681,351.6612927651622,18.984546907305912,True,KALINA,0.0360788121773843,48.2934184664964,"KALINA: régimen Kalina genuino y admisible, sin fallas."
470.0,300.032917,3000.0,2400.0,0.45,1.0,0.85,0.75,0.8,0.8,0.85,383.4030954905752,352.5496339007097,30.853461589865447,True,KALINA,0.0168194387744137,22.47810507786838,"KALINA: régimen Kalina genuino y admisible, sin fallas."
470.0,300.032917,3000.0,650.0,0.475,1.0,0.85,0.75,0.8,0.8,0.75,324.06038112633127,340.20163323241366,-16.14125210608239,True,CORREGIBLE,0.1038233356479373,136.2359117370286,"[CORREGIBLE] O2: succión de la bomba bifásica bajo el peor caso de T_amb (riesgo de cavitación) (medido=340.20163323241366, esperado=<= 324.060 K). Causa probable: subenfriamiento insuficiente a la salida del condensador bajo el peor caso ambiental. Sugerencia: aumentar eps_cond o el margen de suben"
470.0,300.032917,3000.0,2700.0,0.45,1.0,0.85,0.75,0.8,0.8,0.85,389.5335815035825,352.9588307278725,36.574750775710015,True,KALINA,0.0079738195961195,10.648935667726755,"KALINA: régimen Kalina genuino y admisible, sin fallas."
470.0,300.032917,3000.0,850.0,0.475,1.0,0.85,0.75,0.8,0.8,0.75,333.66426683397043,347.8336640733731,-14.169397239402656,True,CORREGIBLE,0.0890519066758772,116.91640550942589,"[CORREGIBLE] O2: succión de la bomba bifásica bajo el peor caso de T_amb (riesgo de cavitación) (medido=347.8336640733731, esperado=<= 333.664 K). Causa probable: subenfriamiento insuficiente a la salida del condensador bajo el peor caso ambiental. Sugerencia: aumentar eps_cond o el margen de subenf"
470.0,300.032917,3000.0,1100.0,0.475,1.0,0.85,0.75,0.8,0.8,0.75,343.5796989002913,355.61736356187333,-12.037664661582028,True,CORREGIBLE,0.0736334128840323,96.664918324947,"[CORREGIBLE] O2: succión de la bomba bifásica bajo el peor caso de T_amb (riesgo de cavitación) (medido=355.61736356187333, esperado=<= 343.580 K). Causa probable: subenfriamiento insuficiente a la salida del condensador bajo el peor caso ambiental. Sugerencia: aumentar eps_cond o el margen de suben"
470.0,300.032917,3000.0,1450.0,0.475,1.0,0.85,0.75,0.8,0.8,0.75,355.0413879461311,364.498074210282,-9.456686264150846,True,CORREGIBLE,0.0556602320252616,73.01013584250252,"[CORREGIBLE] O2: succión de la bomba bifásica bajo el peor caso de T_amb (riesgo de cavitación) (medido=364.49807421028197, esperado=<= 355.041 K). Causa probable: subenfriamiento insuficiente a la salida del condensador bajo el peor caso ambiental. Sugerencia: aumentar eps_cond o el margen de suben"
470.0,300.032917,3000.0,1850.0,0.475,1.0,0.85,0.75,0.8,0.8,0.75,365.9584493424721,372.8442306072653,-6.885781264793252,True,CORREGIBLE,0.0384451130962379,50.35805191308443,"[CORREGIBLE] O2: succión de la bomba bifásica bajo el peor caso de T_amb (riesgo de cavitación) (medido=372.84423060726533, esperado=<= 365.958 K). Causa probable: subenfriamiento insuficiente a la salida del condensador bajo el peor caso ambiental. Sugerencia: aumentar eps_cond o el margen de suben"
470.0,300.032917,3000.0,2400.0,0.475,1.0,0.85,0.75,0.8,0.8,0.75,378.5702599889844,382.353808435346,-3.7835484463616353,True,CORREGIBLE,0.0184993703181454,24.17648427779694,"[CORREGIBLE] O2: succión de la bomba bifásica bajo el peor caso de T_amb (riesgo de cavitación) (medido=382.353808435346, esperado=<= 378.570 K). Causa probable: subenfriamiento insuficiente a la salida del condensador bajo el peor caso ambiental. Sugerencia: aumentar eps_cond o el margen de subenfr"
470.0,300.032917,3000.0,2700.0,0.475,1.0,0.85,0.75,0.8,0.8,0.75,384.6336298277922,386.8766685218956,-2.2430386941034044,True,CORREGIBLE,0.0089036084697502,11.620589094248558,"[CORREGIBLE] O2: succión de la bomba bifásica bajo el peor caso de T_amb (riesgo de cavitación) (medido=386.8766685218956, esperado=<= 384.634 K). Causa probable: subenfriamiento insuficiente a la salida del condensador bajo el peor caso ambiental. Sugerencia: aumentar eps_cond o el margen de subenf"
470.0,300.032917,3000.0,650.0,0.475,1.0,0.85,0.75,0.8,0.8,0.8,324.06038112633127,335.0407057062876,-10.980324579956346,True,CORREGIBLE,0.1076194265181114,147.7845619487694,"[CORREGIBLE] O2: succión de la bomba bifásica bajo el peor caso de T_amb (riesgo de cavitación) (medido=335.0407057062876, esperado=<= 324.060 K). Causa probable: subenfriamiento insuficiente a la salida del condensador bajo el peor caso ambiental. Sugerencia: aumentar eps_cond o el margen de subenf"
470.0,300.032917,3000.0,850.0,0.475,1.0,0.85,0.75,0.8,0.8,0.8,333.66426683397043,342.62977638856427,-8.965509554593837,True,CORREGIBLE,0.0919198643431367,126.2184902746375,"[CORREGIBLE] O2: succión de la bomba bifásica bajo el peor caso de T_amb (riesgo de cavitación) (medido=342.62977638856427, esperado=<= 333.664 K). Causa probable: subenfriamiento insuficiente a la salida del condensador bajo el peor caso ambiental. Sugerencia: aumentar eps_cond o el margen de suben"
470.0,300.032917,3000.0,1100.0,0.475,1.0,0.85,0.75,0.8,0.8,0.8,343.5796989002913,350.3798258089585,-6.80012690866721,True,CORREGIBLE,0.0756099556824838,103.75789422250904,"[CORREGIBLE] O2: succión de la bomba bifásica bajo el peor caso de T_amb (riesgo de cavitación) (medido=350.3798258089585, esperado=<= 343.580 K). Causa probable: subenfriamiento insuficiente a la salida del condensador bajo el peor caso ambiental. Sugerencia: aumentar eps_cond o el margen de subenf"
470.0,300.032917,3000.0,1450.0,0.475,1.0,0.85,0.75,0.8,0.8,0.8,355.0413879461311,359.2347162671097,-4.193328320978594,True,CORREGIBLE,0.056679877028171,77.67552716051003,"[CORREGIBLE] O2: succión de la bomba bifásica bajo el peor caso de T_amb (riesgo de cavitación) (medido=359.2347162671097, esperado=<= 355.041 K). Causa probable: subenfriamiento insuficiente a la salida del condensador bajo el peor caso ambiental. Sugerencia: aumentar eps_cond o el margen de subenf"
470.0,300.032917,3000.0,1850.0,0.475,1.0,0.85,0.75,0.8,0.8,0.8,365.9584493424721,367.5688626644962,-1.610413322024158,True,CORREGIBLE,0.0386172627495783,52.82494617496795,"[CORREGIBLE] O2: succión de la bomba bifásica bajo el peor caso de T_amb (riesgo de cavitación) (medido=367.56886266449624, esperado=<= 365.958 K). Causa probable: subenfriamiento insuficiente a la salida del condensador bajo el peor caso ambiental. Sugerencia: aumentar eps_cond o el margen de suben"
470.0,300.032917,3000.0,2400.0,0.475,1.0,0.85,0.75,0.8,0.8,0.8,378.5702599889844,373.1700528857317,5.400207103252683,True,KALINA,0.0180514320997341,24.630887509980543,"KALINA: régimen Kalina genuino y admisible, sin fallas."
470.0,300.032917,3000.0,2700.0,0.475,1.0,0.85,0.75,0.8,0.8,0.8,384.6336298277922,373.7609929119095,10.872636915882763,True,KALINA,0.0085634194018821,11.671211131666652,"KALINA: régimen Kalina genuino y admisible, sin fallas."
470.0,300.032917,3000.0,650.0,0.475,1.0,0.85,0.75,0.8,0.8,0.85,324.06038112633127,330.46950401374244,-6.409122887411172,True,CORREGIBLE,0.1082427494546982,154.5529110870961,"[CORREGIBLE] O2: succión de la bomba bifásica bajo el peor caso de T_amb (riesgo de cavitación) (medido=330.46950401374244, esperado=<= 324.060 K). Causa probable: subenfriamiento insuficiente a la salida del condensador bajo el peor caso ambiental. Sugerencia: aumentar eps_cond o el margen de suben"
470.0,300.032917,3000.0,850.0,0.475,1.0,0.85,0.75,0.8,0.8,0.85,333.66426683397043,338.0313343708904,-4.367067536919933,True,CORREGIBLE,0.0917058069256652,130.8738044503881,"[CORREGIBLE] O2: succión de la bomba bifásica bajo el peor caso de T_amb (riesgo de cavitación) (medido=338.03133437089036, esperado=<= 333.664 K). Causa probable: subenfriamiento insuficiente a la salida del condensador bajo el peor caso ambiental. Sugerencia: aumentar eps_cond o el margen de suben"
470.0,300.032917,3000.0,1100.0,0.475,1.0,0.85,0.75,0.8,0.8,0.85,343.5796989002913,345.7632991690293,-2.1836002687380187,True,CORREGIBLE,0.0745842600189861,106.32981256838166,"[CORREGIBLE] O2: succión de la bomba bifásica bajo el peor caso de T_amb (riesgo de cavitación) (medido=345.7632991690293, esperado=<= 343.580 K). Causa probable: subenfriamiento insuficiente a la salida del condensador bajo el peor caso ambiental. Sugerencia: aumentar eps_cond o el margen de subenf"
470.0,300.032917,3000.0,1450.0,0.475,1.0,0.85,0.75,0.8,0.8,0.85,355.0413879461311,353.32878040650087,1.7126075396302554,True,KALINA,0.0548693478830044,78.09154153012003,"KALINA: régimen Kalina genuino y admisible, sin fallas."
470.0,300.032917,3000.0,1850.0,0.475,1.0,0.85,0.75,0.8,0.8,0.85,365.9584493424721,354.1961310669254,11.762318275546704,True,KALINA,0.0368730393455115,52.3948610695639,"KALINA: régimen Kalina genuino y admisible, sin fallas."
470.0,300.032917,3000.0,650.0,0.5,1.0,0.85,0.75,0.8,0.8,0.75,320.12852456274186,337.7555251567374,-17.627000593995547,True,CORREGIBLE,0.1026454159786545,141.1283018307411,"[CORREGIBLE] O2: succión de la bomba bifásica bajo el peor caso de T_amb (riesgo de cavitación) (medido=337.7555251567374, esperado=<= 320.129 K). Causa probable: subenfriamiento insuficiente a la salida del condensador bajo el peor caso ambiental. Sugerencia: aumentar eps_cond o el margen de subenf"
470.0,300.032917,3000.0,2400.0,0.475,1.0,0.85,0.75,0.8,0.8,0.85,378.5702599889844,355.14665122936725,23.42360875961714,True,KALINA,0.017197235659347,24.3948155505428,"KALINA: régimen Kalina genuino y admisible, sin fallas."
470.0,300.032917,3000.0,2700.0,0.475,1.0,0.85,0.75,0.8,0.8,0.85,384.6336298277922,355.5847590187339,29.048870809058315,True,KALINA,0.0081546962493027,11.55882775094974,"KALINA: régimen Kalina genuino y admisible, sin fallas."
470.0,300.032917,3000.0,850.0,0.5,1.0,0.85,0.75,0.8,0.8,0.75,329.6201164309105,345.4089483731121,-15.788831942201568,True,CORREGIBLE,0.0879062535185139,120.9915886659996,"[CORREGIBLE] O2: succión de la bomba bifásica bajo el peor caso de T_amb (riesgo de cavitación) (medido=345.4089483731121, esperado=<= 329.620 K). Causa probable: subenfriamiento insuficiente a la salida del condensador bajo el peor caso ambiental. Sugerencia: aumentar eps_cond o el margen de subenf"
470.0,300.032917,3000.0,1100.0,0.5,1.0,0.85,0.75,0.8,0.8,0.75,339.4185295403267,353.21471704777207,-13.79618750744538,True,CORREGIBLE,0.0725849236842123,99.93965348606696,"[CORREGIBLE] O2: succión de la bomba bifásica bajo el peor caso de T_amb (riesgo de cavitación) (medido=353.21471704777207, esperado=<= 339.419 K). Causa probable: subenfriamiento insuficiente a la salida del condensador bajo el peor caso ambiental. Sugerencia: aumentar eps_cond o el margen de suben"
470.0,300.032917,3000.0,1450.0,0.5,1.0,0.85,0.75,0.8,0.8,0.75,350.7443945465033,362.1211296922292,-11.376735145725831,True,CORREGIBLE,0.0547898851104128,75.40802724993283,"[CORREGIBLE] O2: succión de la bomba bifásica bajo el peor caso de T_amb (riesgo de cavitación) (medido=362.12112969222915, esperado=<= 350.744 K). Causa probable: subenfriamiento insuficiente a la salida del condensador bajo el peor caso ambiental. Sugerencia: aumentar eps_cond o el margen de suben"
470.0,300.032917,3000.0,1850.0,0.5,1.0,0.85,0.75,0.8,0.8,0.75,361.53262909147855,370.4921331996318,-8.959504108153226,True,CORREGIBLE,0.0377983834439124,51.96556362836435,"[CORREGIBLE] O2: succión de la bomba bifásica bajo el peor caso de T_amb (riesgo de cavitación) (medido=370.4921331996318, esperado=<= 361.533 K). Causa probable: subenfriamiento insuficiente a la salida del condensador bajo el peor caso ambiental. Sugerencia: aumentar eps_cond o el margen de subenf"
470.0,300.032917,3000.0,2400.0,0.5,1.0,0.85,0.75,0.8,0.8,0.75,373.9980907890851,380.03104696723807,-6.032956178152972,True,CORREGIBLE,0.0181653557570564,24.92367814405466,"[CORREGIBLE] O2: succión de la bomba bifásica bajo el peor caso de T_amb (riesgo de cavitación) (medido=380.03104696723807, esperado=<= 373.998 K). Causa probable: subenfriamiento insuficiente a la salida del condensador bajo el peor caso ambiental. Sugerencia: aumentar eps_cond o el margen de suben"
470.0,300.032917,3000.0,650.0,0.5,1.0,0.85,0.75,0.8,0.8,0.8,320.12852456274186,332.4400510296903,-12.311526466948465,True,CORREGIBLE,0.1072471295274592,155.08504101610447,"[CORREGIBLE] O2: succión de la bomba bifásica bajo el peor caso de T_amb (riesgo de cavitación) (medido=332.4400510296903, esperado=<= 320.129 K). Causa probable: subenfriamiento insuficiente a la salida del condensador bajo el peor caso ambiental. Sugerencia: aumentar eps_cond o el margen de subenf"
470.0,300.032917,3000.0,850.0,0.5,1.0,0.85,0.75,0.8,0.8,0.8,329.6201164309105,340.04960593012606,-10.42948949921555,True,CORREGIBLE,0.0916716946376376,132.6029497212293,"[CORREGIBLE] O2: succión de la bomba bifásica bajo el peor caso de T_amb (riesgo de cavitación) (medido=340.04960593012606, esperado=<= 329.620 K). Causa probable: subenfriamiento insuficiente a la salida del condensador bajo el peor caso ambiental. Sugerencia: aumentar eps_cond o el margen de suben"
470.0,300.032917,3000.0,1100.0,0.5,1.0,0.85,0.75,0.8,0.8,0.8,339.4185295403267,347.82415806606605,-8.40562852573936,True,CORREGIBLE,0.0755236059921295,109.21503950357489,"[CORREGIBLE] O2: succión de la bomba bifásica bajo el peor caso de T_amb (riesgo de cavitación) (medido=347.82415806606605, esperado=<= 339.419 K). Causa probable: subenfriamiento insuficiente a la salida del condensador bajo el peor caso ambiental. Sugerencia: aumentar eps_cond o el margen de suben"
470.0,300.032917,3000.0,2400.0,0.5,1.0,0.85,0.75,0.8,0.8,0.8,,,,False,NO_CONVERGIO,,,"T_from_Ph(P, h, x): el motor teqp no cubre el estado pedido (ver TASK_CONTEXT 2026-09-18-validar-teqp-nh3h2o). Detalle: equilibrio no resoluble en T=404.03 K, P=3e+06 Pa, x=0.1392"
470.0,300.032917,3000.0,1450.0,0.5,1.0,0.85,0.75,0.8,0.8,0.8,350.7443945465033,356.7112182851695,-5.9668237386661644,True,CORREGIBLE,0.0568183945159335,82.08568594934665,"[CORREGIBLE] O2: succión de la bomba bifásica bajo el peor caso de T_amb (riesgo de cavitación) (medido=356.7112182851695, esperado=<= 350.744 K). Causa probable: subenfriamiento insuficiente a la salida del condensador bajo el peor caso ambiental. Sugerencia: aumentar eps_cond o el margen de subenf"
470.0,300.032917,3000.0,1850.0,0.5,1.0,0.85,0.75,0.8,0.8,0.8,361.53262909147855,365.0794464032329,-3.546817311754296,True,CORREGIBLE,0.0390034535780754,56.26410717062502,"[CORREGIBLE] O2: succión de la bomba bifásica bajo el peor caso de T_amb (riesgo de cavitación) (medido=365.07944640323285, esperado=<= 361.533 K). Causa probable: subenfriamiento insuficiente a la salida del condensador bajo el peor caso ambiental. Sugerencia: aumentar eps_cond o el margen de suben"
470.0,300.032917,3000.0,650.0,0.5,1.0,0.85,0.75,0.8,0.8,0.85,320.12852456274186,327.7141904466305,-7.585665883888623,True,CORREGIBLE,0.108878495511671,164.1543373704864,"[CORREGIBLE] O2: succión de la bomba bifásica bajo el peor caso de T_amb (riesgo de cavitación) (medido=327.7141904466305, esperado=<= 320.129 K). Causa probable: subenfriamiento insuficiente a la salida del condensador bajo el peor caso ambiental. Sugerencia: aumentar eps_cond o el margen de subenf"
470.0,300.032917,3000.0,850.0,0.5,1.0,0.85,0.75,0.8,0.8,0.85,329.6201164309105,335.3017282630818,-5.681611832171313,True,CORREGIBLE,0.0924813393641312,139.4037598084713,"[CORREGIBLE] O2: succión de la bomba bifásica bajo el peor caso de T_amb (riesgo de cavitación) (medido=335.3017282630818, esperado=<= 329.620 K). Causa probable: subenfriamiento insuficiente a la salida del condensador bajo el peor caso ambiental. Sugerencia: aumentar eps_cond o el margen de subenf"
470.0,300.032917,3000.0,1100.0,0.5,1.0,0.85,0.75,0.8,0.8,0.85,339.4185295403267,343.0644307080326,-3.645901167705915,True,CORREGIBLE,0.0755355801362212,113.77634035800808,"[CORREGIBLE] O2: succión de la bomba bifásica bajo el peor caso de T_amb (riesgo de cavitación) (medido=343.0644307080326, esperado=<= 339.419 K). Causa probable: subenfriamiento insuficiente a la salida del condensador bajo el peor caso ambiental. Sugerencia: aumentar eps_cond o el margen de subenf"
470.0,300.032917,3000.0,1450.0,0.5,1.0,0.85,0.75,0.8,0.8,0.85,350.7443945465033,351.95078600939354,-1.206391462890224,True,CORREGIBLE,0.0559646980001918,84.17663013478455,"[CORREGIBLE] O2: succión de la bomba bifásica bajo el peor caso de T_amb (riesgo de cavitación) (medido=351.95078600939354, esperado=<= 350.744 K). Causa probable: subenfriamiento insuficiente a la salida del condensador bajo el peor caso ambiental. Sugerencia: aumentar eps_cond o el margen de suben"
470.0,300.032917,3000.0,1850.0,0.5,1.0,0.85,0.75,0.8,0.8,0.85,361.53262909147855,356.6444648107633,4.888164280715273,True,KALINA,0.0376351587856758,56.51113088663683,"KALINA: régimen Kalina genuino y admisible, sin fallas."
470.0,300.032917,3000.0,2400.0,0.5,1.0,0.85,0.75,0.8,0.8,0.85,373.9980907890851,357.65614573111685,16.341945057968246,True,KALINA,0.0175595730230726,26.31843065156522,"KALINA: régimen Kalina genuino y admisible, sin fallas."
470.0,300.032917,3000.0,2700.0,0.5,1.0,0.85,0.75,0.8,0.8,0.85,379.99274162990736,358.1227257407793,21.87001588912807,True,KALINA,0.008328120260463,12.471989229818336,"KALINA: régimen Kalina genuino y admisible, sin fallas."
470.0,300.032917,3000.0,650.0,0.45,1.0,0.85,0.75,0.75,0.75,0.8,328.23709183562494,336.68539707779985,-8.44830524217491,True,CORREGIBLE,0.1069772080588674,130.9060079977113,"[CORREGIBLE] O2: succión de la bomba bifásica bajo el peor caso de T_amb (riesgo de cavitación) (medido=336.68539707779985, esperado=<= 328.237 K). Causa probable: subenfriamiento insuficiente a la salida del condensador bajo el peor caso ambiental. Sugerencia: aumentar eps_cond o el margen de suben"
470.0,300.032917,3000.0,850.0,0.45,1.0,0.85,0.75,0.75,0.75,0.8,337.9594010979967,344.2479451675005,-6.288544069503814,True,CORREGIBLE,0.0911635925870683,111.50268304271496,"[CORREGIBLE] O2: succión de la bomba bifásica bajo el peor caso de T_amb (riesgo de cavitación) (medido=344.2479451675005, esperado=<= 337.959 K). Causa probable: subenfriamiento insuficiente a la salida del condensador bajo el peor caso ambiental. Sugerencia: aumentar eps_cond o el margen de subenf"
470.0,300.032917,3000.0,1100.0,0.45,1.0,0.85,0.75,0.75,0.75,0.8,347.9968572079161,351.9704297512914,-3.973572543375326,True,CORREGIBLE,0.0746436112683701,91.20418047188706,"[CORREGIBLE] O2: succión de la bomba bifásica bajo el peor caso de T_amb (riesgo de cavitación) (medido=351.9704297512914, esperado=<= 347.997 K). Causa probable: subenfriamiento insuficiente a la salida del condensador bajo el peor caso ambiental. Sugerencia: aumentar eps_cond o el margen de subenf"
470.0,300.032917,3000.0,1450.0,0.45,1.0,0.85,0.75,0.75,0.75,0.8,359.59829300099466,360.7933279630048,-1.1950349620101406,True,CORREGIBLE,0.0553658254828544,67.53003580430307,"[CORREGIBLE] O2: succión de la bomba bifásica bajo el peor caso de T_amb (riesgo de cavitación) (medido=360.7933279630048, esperado=<= 359.598 K). Causa probable: subenfriamiento insuficiente a la salida del condensador bajo el peor caso ambiental. Sugerencia: aumentar eps_cond o el margen de subenf"
470.0,300.032917,3000.0,1850.0,0.45,1.0,0.85,0.75,0.75,0.75,0.8,370.6458396724681,365.028584246142,5.617255426326153,True,KALINA,0.0372211843273319,45.30860698599192,"KALINA: régimen Kalina genuino y admisible, sin fallas."
470.0,300.032917,3000.0,2400.0,0.45,1.0,0.85,0.75,0.75,0.75,0.8,383.4030954905752,366.1616923278793,17.241403162695917,True,KALINA,0.0173598844129912,21.08657081119137,"KALINA: régimen Kalina genuino y admisible, sin fallas."
470.0,300.032917,3000.0,650.0,0.45,1.0,0.85,0.75,0.75,0.75,0.85,328.23709183562494,332.56674884796865,-4.329657012343716,True,CORREGIBLE,0.1062128618829727,134.37029813968363,"[CORREGIBLE] O2: succión de la bomba bifásica bajo el peor caso de T_amb (riesgo de cavitación) (medido=332.56674884796865, esperado=<= 328.237 K). Causa probable: subenfriamiento insuficiente a la salida del condensador bajo el peor caso ambiental. Sugerencia: aumentar eps_cond o el margen de suben"
470.0,300.032917,3000.0,2700.0,0.45,1.0,0.85,0.75,0.75,0.75,0.8,389.5335815035825,366.6836750575784,22.849906446004184,True,KALINA,0.0082315415036393,9.988954618352988,"KALINA: régimen Kalina genuino y admisible, sin fallas."
470.0,300.032917,3000.0,850.0,0.45,1.0,0.85,0.75,0.75,0.75,0.85,337.9594010979967,340.1027887367171,-2.1433876387204123,True,CORREGIBLE,0.0895215893391856,113.15877810700977,"[CORREGIBLE] O2: succión de la bomba bifásica bajo el peor caso de T_amb (riesgo de cavitación) (medido=340.1027887367171, esperado=<= 337.959 K). Causa probable: subenfriamiento insuficiente a la salida del condensador bajo el peor caso ambiental. Sugerencia: aumentar eps_cond o el margen de subenf"
470.0,300.032917,3000.0,1100.0,0.45,1.0,0.85,0.75,0.75,0.75,0.85,347.9968572079161,347.2480609534616,0.7487962544544757,True,KALINA,0.0722175648830567,91.16700246024048,"KALINA: régimen Kalina genuino y admisible, sin fallas."
470.0,300.032917,3000.0,1450.0,0.45,1.0,0.85,0.75,0.75,0.75,0.85,359.59829300099466,348.08793625409044,11.510356746904222,True,KALINA,0.0529737169918337,66.77219746736333,"KALINA: régimen Kalina genuino y admisible, sin fallas."
470.0,300.032917,3000.0,1850.0,0.45,1.0,0.85,0.75,0.75,0.75,0.85,370.6458396724681,348.8483103811115,21.797529291356625,True,KALINA,0.0355737348906067,44.77968512289221,"KALINA: régimen Kalina genuino y admisible, sin fallas."
470.0,300.032917,3000.0,2400.0,0.45,1.0,0.85,0.75,0.75,0.75,0.85,383.4030954905752,349.68069748596747,33.722398004607726,True,KALINA,0.0165768164847683,20.83687052701552,"KALINA: régimen Kalina genuino y admisible, sin fallas."
470.0,300.032917,3000.0,650.0,0.5,1.0,0.85,0.75,0.75,0.75,0.8,320.12852456274186,331.368411415157,-11.239886852415168,True,CORREGIBLE,0.1073138299091709,146.25878831065526,"[CORREGIBLE] O2: succión de la bomba bifásica bajo el peor caso de T_amb (riesgo de cavitación) (medido=331.368411415157, esperado=<= 320.129 K). Causa probable: subenfriamiento insuficiente a la salida del condensador bajo el peor caso ambiental. Sugerencia: aumentar eps_cond o el margen de subenfr"
470.0,300.032917,3000.0,2700.0,0.45,1.0,0.85,0.75,0.75,0.75,0.85,389.5335815035825,350.0639571993992,39.4696243041833,True,KALINA,0.0078570689989207,9.86993690841827,"KALINA: régimen Kalina genuino y admisible, sin fallas."
470.0,300.032917,3000.0,850.0,0.5,1.0,0.85,0.75,0.75,0.75,0.8,329.6201164309105,338.9679325929337,-9.347816162023207,True,CORREGIBLE,0.0917839942189458,125.1201323829587,"[CORREGIBLE] O2: succión de la bomba bifásica bajo el peor caso de T_amb (riesgo de cavitación) (medido=338.9679325929337, esperado=<= 329.620 K). Causa probable: subenfriamiento insuficiente a la salida del condensador bajo el peor caso ambiental. Sugerencia: aumentar eps_cond o el margen de subenf"
470.0,300.032917,3000.0,1100.0,0.5,1.0,0.85,0.75,0.75,0.75,0.8,339.4185295403267,346.7359332547279,-7.317403714401223,True,CORREGIBLE,0.0756293203460557,103.06197492181036,"[CORREGIBLE] O2: succión de la bomba bifásica bajo el peor caso de T_amb (riesgo de cavitación) (medido=346.7359332547279, esperado=<= 339.419 K). Causa probable: subenfriamiento insuficiente a la salida del condensador bajo el peor caso ambiental. Sugerencia: aumentar eps_cond o el margen de subenf"
470.0,300.032917,3000.0,1450.0,0.5,1.0,0.85,0.75,0.75,0.75,0.8,350.7443945465033,355.6198810723758,-4.875486525872475,True,CORREGIBLE,0.0568554857820141,77.39777600937698,"[CORREGIBLE] O2: succión de la bomba bifásica bajo el peor caso de T_amb (riesgo de cavitación) (medido=355.6198810723758, esperado=<= 350.744 K). Causa probable: subenfriamiento insuficiente a la salida del condensador bajo el peor caso ambiental. Sugerencia: aumentar eps_cond o el margen de subenf"
470.0,300.032917,3000.0,1850.0,0.5,1.0,0.85,0.75,0.75,0.75,0.8,361.53262909147855,363.9892430909307,-2.456613999452145,True,CORREGIBLE,0.0389206133741931,52.90094696246047,"[CORREGIBLE] O2: succión de la bomba bifásica bajo el peor caso de T_amb (riesgo de cavitación) (medido=363.9892430909307, esperado=<= 361.533 K). Causa probable: subenfriamiento insuficiente a la salida del condensador bajo el peor caso ambiental. Sugerencia: aumentar eps_cond o el margen de subenf"
470.0,300.032917,3000.0,2400.0,0.5,1.0,0.85,0.75,0.75,0.75,0.8,373.9980907890851,372.2934074190824,1.7046833700026696,True,KALINA,0.0182763717718458,24.783696623210517,"KALINA: régimen Kalina genuino y admisible, sin fallas."
470.0,300.032917,3000.0,2700.0,0.5,1.0,0.85,0.75,0.75,0.75,0.8,379.99274162990736,372.8881625178078,7.104579112099543,True,KALINA,0.0086703002345914,11.744241860228849,"KALINA: régimen Kalina genuino y admisible, sin fallas."
470.0,300.032917,3000.0,650.0,0.5,1.0,0.85,0.75,0.75,0.75,0.85,320.12852456274186,326.9556949688547,-6.827170406112828,True,CORREGIBLE,0.1085316232226424,153.63856856848574,"[CORREGIBLE] O2: succión de la bomba bifásica bajo el peor caso de T_amb (riesgo de cavitación) (medido=326.9556949688547, esperado=<= 320.129 K). Causa probable: subenfriamiento insuficiente a la salida del condensador bajo el peor caso ambiental. Sugerencia: aumentar eps_cond o el margen de subenf"
470.0,300.032917,3000.0,850.0,0.5,1.0,0.85,0.75,0.75,0.75,0.85,329.6201164309105,334.5394452610085,-4.919328830097982,True,CORREGIBLE,0.0921447439852441,130.40693599753126,"[CORREGIBLE] O2: succión de la bomba bifásica bajo el peor caso de T_amb (riesgo de cavitación) (medido=334.5394452610085, esperado=<= 329.620 K). Causa probable: subenfriamiento insuficiente a la salida del condensador bajo el peor caso ambiental. Sugerencia: aumentar eps_cond o el margen de subenf"
470.0,300.032917,3000.0,1100.0,0.5,1.0,0.85,0.75,0.75,0.75,0.85,339.4185295403267,342.3008953978345,-2.882365857507864,True,CORREGIBLE,0.0751575605824829,106.2831990837964,"[CORREGIBLE] O2: succión de la bomba bifásica bajo el peor caso de T_amb (riesgo de cavitación) (medido=342.30089539783455, esperado=<= 339.419 K). Causa probable: subenfriamiento insuficiente a la salida del condensador bajo el peor caso ambiental. Sugerencia: aumentar eps_cond o el margen de suben"
470.0,300.032917,3000.0,1450.0,0.5,1.0,0.85,0.75,0.75,0.75,0.85,350.7443945465033,351.1888493933312,-0.4444548468279095,True,CORREGIBLE,0.055484264556246,78.34772614857911,"[CORREGIBLE] O2: succión de la bomba bifásica bajo el peor caso de T_amb (riesgo de cavitación) (medido=351.1888493933312, esperado=<= 350.744 K). Causa probable: subenfriamiento insuficiente a la salida del condensador bajo el peor caso ambiental. Sugerencia: aumentar eps_cond o el margen de subenf"
470.0,300.032917,3000.0,1850.0,0.5,1.0,0.85,0.75,0.75,0.75,0.85,361.53262909147855,353.46838366868127,8.064245422797285,True,KALINA,0.0372867457396837,52.57020791592024,"KALINA: régimen Kalina genuino y admisible, sin fallas."
470.0,300.032917,3000.0,2400.0,0.5,1.0,0.85,0.75,0.75,0.75,0.85,373.9980907890851,354.4211140348039,19.57697675428119,True,KALINA,0.0173902190890262,24.477913810317133,"KALINA: régimen Kalina genuino y admisible, sin fallas."
470.0,300.032917,3000.0,2700.0,0.5,1.0,0.85,0.75,0.75,0.75,0.85,379.99274162990736,354.8603286467549,25.13241298315245,True,KALINA,0.0082461702428336,11.598456935713635,"KALINA: régimen Kalina genuino y admisible, sin fallas."
470.0,300.032917,3000.0,650.0,0.45,1.0,0.85,0.75,0.75,0.8,0.8,328.23709183562494,336.5970097483328,-8.359917912707829,True,CORREGIBLE,0.107785013150755,131.28216982552553,"[CORREGIBLE] O2: succión de la bomba bifásica bajo el peor caso de T_amb (riesgo de cavitación) (medido=336.59700974833277, esperado=<= 328.237 K). Causa probable: subenfriamiento insuficiente a la salida del condensador bajo el peor caso ambiental. Sugerencia: aumentar eps_cond o el margen de suben"
470.0,300.032917,3000.0,850.0,0.45,1.0,0.85,0.75,0.75,0.8,0.8,337.9594010979967,344.1612118228642,-6.201810724867471,True,CORREGIBLE,0.0918302993446362,111.79484253080246,"[CORREGIBLE] O2: succión de la bomba bifásica bajo el peor caso de T_amb (riesgo de cavitación) (medido=344.1612118228642, esperado=<= 337.959 K). Causa probable: subenfriamiento insuficiente a la salida del condensador bajo el peor caso ambiental. Sugerencia: aumentar eps_cond o el margen de subenf"
470.0,300.032917,3000.0,1100.0,0.45,1.0,0.85,0.75,0.75,0.8,0.8,347.9968572079161,351.88567987537454,-3.8888226674584416,True,CORREGIBLE,0.0751667457329624,91.415012306642,"[CORREGIBLE] O2: succión de la bomba bifásica bajo el peor caso de T_amb (riesgo de cavitación) (medido=351.88567987537454, esperado=<= 347.997 K). Causa probable: subenfriamiento insuficiente a la salida del condensador bajo el peor caso ambiental. Sugerencia: aumentar eps_cond o el margen de suben"
470.0,300.032917,3000.0,1450.0,0.45,1.0,0.85,0.75,0.75,0.8,0.8,359.59829300099466,360.7111548535156,-1.1128618525208935,True,CORREGIBLE,0.0557267545113114,67.65375037214024,"[CORREGIBLE] O2: succión de la bomba bifásica bajo el peor caso de T_amb (riesgo de cavitación) (medido=360.71115485351555, esperado=<= 359.598 K). Causa probable: subenfriamiento insuficiente a la salida del condensador bajo el peor caso ambiental. Sugerencia: aumentar eps_cond o el margen de suben"
470.0,300.032917,3000.0,1850.0,0.45,1.0,0.85,0.75,0.75,0.8,0.8,370.6458396724681,364.7348164280275,5.911023244440628,True,KALINA,0.0374589725721684,45.387081188134815,"KALINA: régimen Kalina genuino y admisible, sin fallas."
470.0,300.032917,3000.0,2400.0,0.45,1.0,0.85,0.75,0.75,0.8,0.8,383.4030954905752,365.8731238036637,17.529971686911495,True,KALINA,0.0174700581687228,21.122953034690006,"KALINA: régimen Kalina genuino y admisible, sin fallas."
470.0,300.032917,3000.0,2700.0,0.45,1.0,0.85,0.75,0.75,0.8,0.8,389.5335815035825,366.3974413974708,23.136140106111725,True,KALINA,0.008283632530621,10.006166282469032,"KALINA: régimen Kalina genuino y admisible, sin fallas."
470.0,300.032917,3000.0,650.0,0.45,1.0,0.85,0.75,0.75,0.8,0.85,328.23709183562494,332.49658747086033,-4.259495635235396,True,CORREGIBLE,0.1070734124998862,134.71596356454262,"[CORREGIBLE] O2: succión de la bomba bifásica bajo el peor caso de T_amb (riesgo de cavitación) (medido=332.49658747086033, esperado=<= 328.237 K). Causa probable: subenfriamiento insuficiente a la salida del condensador bajo el peor caso ambiental. Sugerencia: aumentar eps_cond o el margen de suben"
470.0,300.032917,3000.0,850.0,0.45,1.0,0.85,0.75,0.75,0.8,0.85,337.9594010979967,340.0342004060605,-2.0747993080638025,True,CORREGIBLE,0.090223689869518,113.42039663869124,"[CORREGIBLE] O2: succión de la bomba bifásica bajo el peor caso de T_amb (riesgo de cavitación) (medido=340.0342004060605, esperado=<= 337.959 K). Causa probable: subenfriamiento insuficiente a la salida del condensador bajo el peor caso ambiental. Sugerencia: aumentar eps_cond o el margen de subenf"
470.0,300.032917,3000.0,1100.0,0.45,1.0,0.85,0.75,0.75,0.8,0.85,347.9968572079161,346.9852818712678,1.0115753366483204,True,KALINA,0.0727692353533473,91.36047928743643,"KALINA: régimen Kalina genuino y admisible, sin fallas."
470.0,300.032917,3000.0,1450.0,0.45,1.0,0.85,0.75,0.75,0.8,0.85,359.59829300099466,347.8288196244492,11.769473376545475,True,KALINA,0.0533767721832324,66.91361352064204,"KALINA: régimen Kalina genuino y admisible, sin fallas."
470.0,300.032917,3000.0,1850.0,0.45,1.0,0.85,0.75,0.75,0.8,0.85,370.6458396724681,348.5924369347617,22.05340273770645,True,KALINA,0.0358435133506803,44.87442341155371,"KALINA: régimen Kalina genuino y admisible, sin fallas."
470.0,300.032917,3000.0,2400.0,0.45,1.0,0.85,0.75,0.75,0.8,0.85,383.4030954905752,349.42827360723,33.974821883345214,True,KALINA,0.0167021181149677,20.880943928852552,"KALINA: régimen Kalina genuino y admisible, sin fallas."
470.0,300.032917,3000.0,650.0,0.5,1.0,0.85,0.75,0.75,0.8,0.8,320.12852456274186,331.3101292265424,-11.1816046638005,True,CORREGIBLE,0.1078361646998909,146.56330738277256,"[CORREGIBLE] O2: succión de la bomba bifásica bajo el peor caso de T_amb (riesgo de cavitación) (medido=331.31012922654236, esperado=<= 320.129 K). Causa probable: subenfriamiento insuficiente a la salida del condensador bajo el peor caso ambiental. Sugerencia: aumentar eps_cond o el margen de suben"
470.0,300.032917,3000.0,850.0,0.5,1.0,0.85,0.75,0.75,0.8,0.8,329.6201164309105,338.9107081120959,-9.29059168118539,True,CORREGIBLE,0.0922218610756076,125.36597164372203,"[CORREGIBLE] O2: succión de la bomba bifásica bajo el peor caso de T_amb (riesgo de cavitación) (medido=338.9107081120959, esperado=<= 329.620 K). Causa probable: subenfriamiento insuficiente a la salida del condensador bajo el peor caso ambiental. Sugerencia: aumentar eps_cond o el margen de subenf"
470.0,300.032917,3000.0,2700.0,0.45,1.0,0.85,0.75,0.75,0.8,0.85,389.5335815035825,349.81308366524803,39.720497838334495,True,KALINA,0.0079163767991453,9.89081644245064,"KALINA: régimen Kalina genuino y admisible, sin fallas."
470.0,300.032917,3000.0,1100.0,0.5,1.0,0.85,0.75,0.75,0.8,0.8,339.4185295403267,346.68001929867785,-7.261489758351161,True,CORREGIBLE,0.0759807430224836,103.25042428533727,"[CORREGIBLE] O2: succión de la bomba bifásica bajo el peor caso de T_amb (riesgo de cavitación) (medido=346.68001929867785, esperado=<= 339.419 K). Causa probable: subenfriamiento insuficiente a la salida del condensador bajo el peor caso ambiental. Sugerencia: aumentar eps_cond o el margen de suben"
470.0,300.032917,3000.0,1450.0,0.5,1.0,0.85,0.75,0.75,0.8,0.8,350.7443945465033,355.56570737963204,-4.821312833128729,True,CORREGIBLE,0.0571088315850606,77.52418500473082,"[CORREGIBLE] O2: succión de la bomba bifásica bajo el peor caso de T_amb (riesgo de cavitación) (medido=355.56570737963204, esperado=<= 350.744 K). Causa probable: subenfriamiento insuficiente a la salida del condensador bajo el peor caso ambiental. Sugerencia: aumentar eps_cond o el margen de suben"
470.0,300.032917,3000.0,1850.0,0.5,1.0,0.85,0.75,0.75,0.8,0.8,361.53262909147855,363.9368989689884,-2.404269877509819,True,CORREGIBLE,0.0390830233846447,52.97265019946607,"[CORREGIBLE] O2: succión de la bomba bifásica bajo el peor caso de T_amb (riesgo de cavitación) (medido=363.9368989689884, esperado=<= 361.533 K). Causa probable: subenfriamiento insuficiente a la salida del condensador bajo el peor caso ambiental. Sugerencia: aumentar eps_cond o el margen de subenf"
470.0,300.032917,3000.0,2400.0,0.5,1.0,0.85,0.75,0.75,0.8,0.8,373.9980907890851,372.1022091500009,1.895881639084223,True,KALINA,0.0183458681790884,24.80859081106842,"KALINA: régimen Kalina genuino y admisible, sin fallas."
470.0,300.032917,3000.0,2700.0,0.5,1.0,0.85,0.75,0.75,0.8,0.8,379.99274162990736,372.698794752752,7.293946877155349,True,KALINA,0.0087031313903086,11.7560040892379,"KALINA: régimen Kalina genuino y admisible, sin fallas."
470.0,300.032917,3000.0,650.0,0.5,1.0,0.85,0.75,0.75,0.8,0.85,320.12852456274186,326.9083706615414,-6.779846098799567,True,CORREGIBLE,0.1091056819607468,153.92191323694323,"[CORREGIBLE] O2: succión de la bomba bifásica bajo el peor caso de T_amb (riesgo de cavitación) (medido=326.9083706615414, esperado=<= 320.129 K). Causa probable: subenfriamiento insuficiente a la salida del condensador bajo el peor caso ambiental. Sugerencia: aumentar eps_cond o el margen de subenf"
470.0,300.032917,3000.0,850.0,0.5,1.0,0.85,0.75,0.75,0.8,0.85,329.6201164309105,334.493234704423,-4.873118273512489,True,CORREGIBLE,0.0926200752508576,130.6290405768964,"[CORREGIBLE] O2: succión de la bomba bifásica bajo el peor caso de T_amb (riesgo de cavitación) (medido=334.493234704423, esperado=<= 329.620 K). Causa probable: subenfriamiento insuficiente a la salida del condensador bajo el peor caso ambiental. Sugerencia: aumentar eps_cond o el margen de subenfr"
470.0,300.032917,3000.0,1100.0,0.5,1.0,0.85,0.75,0.75,0.8,0.85,339.4185295403267,342.2559745233182,-2.837444982991485,True,CORREGIBLE,0.0755322559334952,106.4455826869224,"[CORREGIBLE] O2: succión de la bomba bifásica bajo el peor caso de T_amb (riesgo de cavitación) (medido=342.2559745233182, esperado=<= 339.419 K). Causa probable: subenfriamiento insuficiente a la salida del condensador bajo el peor caso ambiental. Sugerencia: aumentar eps_cond o el margen de subenf"
470.0,300.032917,3000.0,1450.0,0.5,1.0,0.85,0.75,0.75,0.8,0.85,350.7443945465033,351.1455468278109,-0.4011522813075885,True,CORREGIBLE,0.0557469777948977,78.448418340216,"[CORREGIBLE] O2: succión de la bomba bifásica bajo el peor caso de T_amb (riesgo de cavitación) (medido=351.1455468278109, esperado=<= 350.744 K). Causa probable: subenfriamiento insuficiente a la salida del condensador bajo el peor caso ambiental. Sugerencia: aumentar eps_cond o el margen de subenf"
470.0,300.032917,3000.0,1850.0,0.5,1.0,0.85,0.75,0.75,0.8,0.85,361.53262909147855,353.2913181876291,8.241310903849467,True,KALINA,0.0374624321716557,52.63756071184192,"KALINA: régimen Kalina genuino y admisible, sin fallas."
470.0,300.032917,3000.0,2400.0,0.5,1.0,0.85,0.75,0.75,0.8,0.85,373.9980907890851,354.2467658762453,19.751324912839777,True,KALINA,0.0174717492607856,24.50919719656629,"KALINA: régimen Kalina genuino y admisible, sin fallas."
470.0,300.032917,3000.0,2700.0,0.5,1.0,0.85,0.75,0.75,0.8,0.85,379.99274162990736,354.6871998677174,25.30554176218993,True,KALINA,0.0082847478571918,11.613268852776926,"KALINA: régimen Kalina genuino y admisible, sin fallas."
470.0,300.032917,3000.0,650.0,0.45,1.0,0.85,0.75,0.75,0.85,0.8,328.23709183562494,336.5085365611605,-8.271444725535616,True,CORREGIBLE,0.1086012352525829,131.65781375839032,"[CORREGIBLE] O2: succión de la bomba bifásica bajo el peor caso de T_amb (riesgo de cavitación) (medido=336.50853656116055, esperado=<= 328.237 K). Causa probable: subenfriamiento insuficiente a la salida del condensador bajo el peor caso ambiental. Sugerencia: aumentar eps_cond o el margen de suben"
470.0,300.032917,3000.0,850.0,0.45,1.0,0.85,0.75,0.75,0.85,0.8,337.9594010979967,344.07441670613656,-6.115015608139856,True,CORREGIBLE,0.0925036707731413,112.08629303458687,"[CORREGIBLE] O2: succión de la bomba bifásica bajo el peor caso de T_amb (riesgo de cavitación) (medido=344.07441670613656, esperado=<= 337.959 K). Causa probable: subenfriamiento insuficiente a la salida del condensador bajo el peor caso ambiental. Sugerencia: aumentar eps_cond o el margen de suben"
470.0,300.032917,3000.0,1100.0,0.45,1.0,0.85,0.75,0.75,0.85,0.8,347.9968572079161,351.8008900560075,-3.804032848091424,True,CORREGIBLE,0.0756948437848917,91.62500294254464,"[CORREGIBLE] O2: succión de la bomba bifásica bajo el peor caso de T_amb (riesgo de cavitación) (medido=351.8008900560075, esperado=<= 347.997 K). Causa probable: subenfriamiento insuficiente a la salida del condensador bajo el peor caso ambiental. Sugerencia: aumentar eps_cond o el margen de subenf"
470.0,300.032917,3000.0,1450.0,0.45,1.0,0.85,0.75,0.75,0.85,0.8,359.59829300099466,360.62896173768127,-1.0306687366866072,True,CORREGIBLE,0.0560907786069509,67.77652146389913,"[CORREGIBLE] O2: succión de la bomba bifásica bajo el peor caso de T_amb (riesgo de cavitación) (medido=360.62896173768127, esperado=<= 359.598 K). Causa probable: subenfriamiento insuficiente a la salida del condensador bajo el peor caso ambiental. Sugerencia: aumentar eps_cond o el margen de suben"
470.0,300.032917,3000.0,1850.0,0.45,1.0,0.85,0.75,0.75,0.85,0.8,370.6458396724681,364.440461145771,6.205378526697132,True,KALINA,0.0376993961450395,45.46569664039771,"KALINA: régimen Kalina genuino y admisible, sin fallas."
470.0,300.032917,3000.0,2700.0,0.45,1.0,0.85,0.75,0.75,0.85,0.8,,,,False,NO_CONVERGIO,,,"T_from_Ph(P, h, x): el motor teqp no cubre el estado pedido (ver TASK_CONTEXT 2026-09-18-validar-teqp-nh3h2o). Detalle: equilibrio no resoluble en T=392.03 K, P=3e+06 Pa, x=0.4639"
470.0,300.032917,3000.0,2400.0,0.45,1.0,0.85,0.75,0.75,0.85,0.8,383.4030954905752,365.5839775468211,17.819117943754122,True,KALINA,0.0175814425476015,21.159399866830668,"KALINA: régimen Kalina genuino y admisible, sin fallas."
470.0,300.032917,3000.0,650.0,0.45,1.0,0.85,0.75,0.75,0.85,0.85,328.23709183562494,332.4265508920606,-4.18945905643568,True,CORREGIBLE,0.1079422589664582,135.0604289343913,"[CORREGIBLE] O2: succión de la bomba bifásica bajo el peor caso de T_amb (riesgo de cavitación) (medido=332.4265508920606, esperado=<= 328.237 K). Causa probable: subenfriamiento insuficiente a la salida del condensador bajo el peor caso ambiental. Sugerencia: aumentar eps_cond o el margen de subenf"
470.0,300.032917,3000.0,850.0,0.45,1.0,0.85,0.75,0.75,0.85,0.85,337.9594010979967,339.9657462563504,-2.006345158353668,True,CORREGIBLE,0.0909323949100732,113.68089172908952,"[CORREGIBLE] O2: succión de la bomba bifásica bajo el peor caso de T_amb (riesgo de cavitación) (medido=339.96574625635037, esperado=<= 337.959 K). Causa probable: subenfriamiento insuficiente a la salida del condensador bajo el peor caso ambiental. Sugerencia: aumentar eps_cond o el margen de suben"
470.0,300.032917,3000.0,1100.0,0.45,1.0,0.85,0.75,0.75,0.85,0.85,347.9968572079161,346.72261368571503,1.2742435222010613,True,KALINA,0.0733266235300316,91.55384273656765,"KALINA: régimen Kalina genuino y admisible, sin fallas."
470.0,300.032917,3000.0,1450.0,0.45,1.0,0.85,0.75,0.75,0.85,0.85,359.59829300099466,347.569812948342,12.02848005265264,True,KALINA,0.0537839862142124,67.05494748177661,"KALINA: régimen Kalina genuino y admisible, sin fallas."
470.0,300.032917,3000.0,1850.0,0.45,1.0,0.85,0.75,0.75,0.85,0.85,370.6458396724681,348.33666727946587,22.309172393002257,True,KALINA,0.0361160453607531,44.96910065665769,"KALINA: régimen Kalina genuino y admisible, sin fallas."
470.0,300.032917,3000.0,2400.0,0.45,1.0,0.85,0.75,0.75,0.85,0.85,383.4030954905752,349.1759543526887,34.22714113788652,True,KALINA,0.0168286944809776,20.92498960298539,"KALINA: régimen Kalina genuino y admisible, sin fallas."
470.0,300.032917,3000.0,650.0,0.5,1.0,0.85,0.75,0.75,0.85,0.8,320.12852456274186,331.25185678458456,-11.123332221842702,True,CORREGIBLE,0.1083614601350504,146.86745249998262,"[CORREGIBLE] O2: succión de la bomba bifásica bajo el peor caso de T_amb (riesgo de cavitación) (medido=331.25185678458456, esperado=<= 320.129 K). Causa probable: subenfriamiento insuficiente a la salida del condensador bajo el peor caso ambiental. Sugerencia: aumentar eps_cond o el margen de suben"
470.0,300.032917,3000.0,2700.0,0.45,1.0,0.85,0.75,0.75,0.85,0.85,389.5335815035825,349.5623152795083,39.97126622407421,True,KALINA,0.0079762895764491,9.91168614222946,"KALINA: régimen Kalina genuino y admisible, sin fallas."
470.0,300.032917,3000.0,850.0,0.5,1.0,0.85,0.75,0.75,0.85,0.8,329.6201164309105,338.8535056928083,-9.233389261897798,True,CORREGIBLE,0.092662082150906,125.61136376518456,"[CORREGIBLE] O2: succión de la bomba bifásica bajo el peor caso de T_amb (riesgo de cavitación) (medido=338.8535056928083, esperado=<= 329.620 K). Causa probable: subenfriamiento insuficiente a la salida del condensador bajo el peor caso ambiental. Sugerencia: aumentar eps_cond o el margen de subenf"
470.0,300.032917,3000.0,1100.0,0.5,1.0,0.85,0.75,0.75,0.85,0.8,339.4185295403267,346.62413793707543,-7.205608396748744,True,CORREGIBLE,0.0763339325195227,103.43838533702068,"[CORREGIBLE] O2: succión de la bomba bifásica bajo el peor caso de T_amb (riesgo de cavitación) (medido=346.62413793707543, esperado=<= 339.419 K). Causa probable: subenfriamiento insuficiente a la salida del condensador bajo el peor caso ambiental. Sugerencia: aumentar eps_cond o el margen de suben"
470.0,300.032917,3000.0,1450.0,0.5,1.0,0.85,0.75,0.75,0.85,0.8,350.7443945465033,355.5115724952913,-4.767177948788003,True,CORREGIBLE,0.0573632696290782,77.65007422741867,"[CORREGIBLE] O2: succión de la bomba bifásica bajo el peor caso de T_amb (riesgo de cavitación) (medido=355.5115724952913, esperado=<= 350.744 K). Causa probable: subenfriamiento insuficiente a la salida del condensador bajo el peor caso ambiental. Sugerencia: aumentar eps_cond o el margen de subenf"
470.0,300.032917,3000.0,1850.0,0.5,1.0,0.85,0.75,0.75,0.85,0.8,361.53262909147855,363.8846044853095,-2.351975393830969,True,CORREGIBLE,0.0392460272395977,53.04385796864237,"[CORREGIBLE] O2: succión de la bomba bifásica bajo el peor caso de T_amb (riesgo de cavitación) (medido=363.8846044853095, esperado=<= 361.533 K). Causa probable: subenfriamiento insuficiente a la salida del condensador bajo el peor caso ambiental. Sugerencia: aumentar eps_cond o el margen de subenf"
470.0,300.032917,3000.0,2400.0,0.5,1.0,0.85,0.75,0.75,0.85,0.8,373.9980907890851,371.9109322418777,2.087158547207366,True,KALINA,0.0184157659335473,24.83349018032301,"KALINA: régimen Kalina genuino y admisible, sin fallas."
470.0,300.032917,3000.0,850.0,0.5,1.0,0.85,0.75,0.75,0.85,0.85,,,,False,NO_CONVERGIO,,,"h(P, s, x): el motor teqp no cubre el estado pedido (ver TASK_CONTEXT 2026-09-18-validar-teqp-nh3h2o). Detalle: equilibrio no resoluble en T=345.03 K, P=3e+06 Pa, x=0.5140"
470.0,300.032917,3000.0,2700.0,0.5,1.0,0.85,0.75,0.75,0.85,0.8,379.99274162990736,372.50934757757017,7.483394052337189,True,KALINA,0.0087361514933437,11.76776883408418,"KALINA: régimen Kalina genuino y admisible, sin fallas."
470.0,300.032917,3000.0,650.0,0.5,1.0,0.85,0.75,0.75,0.85,0.85,320.12852456274186,326.8611691001784,-6.732644537436499,True,CORREGIBLE,0.109682507632342,154.20431591937486,"[CORREGIBLE] O2: succión de la bomba bifásica bajo el peor caso de T_amb (riesgo de cavitación) (medido=326.86116910017836, esperado=<= 320.129 K). Causa probable: subenfriamiento insuficiente a la salida del condensador bajo el peor caso ambiental. Sugerencia: aumentar eps_cond o el margen de suben"
470.0,300.032917,3000.0,1100.0,0.5,1.0,0.85,0.75,0.75,0.85,0.85,339.4185295403267,342.2111827534373,-2.7926532131106114,True,CORREGIBLE,0.0759085823575928,106.60721709618224,"[CORREGIBLE] O2: succión de la bomba bifásica bajo el peor caso de T_amb (riesgo de cavitación) (medido=342.2111827534373, esperado=<= 339.419 K). Causa probable: subenfriamiento insuficiente a la salida del condensador bajo el peor caso ambiental. Sugerencia: aumentar eps_cond o el margen de subenf"
470.0,300.032917,3000.0,1450.0,0.5,1.0,0.85,0.75,0.75,0.85,0.85,350.7443945465033,351.10237182640725,-0.3579772799039347,True,CORREGIBLE,0.056011035998282,78.54893789460886,"[CORREGIBLE] O2: succión de la bomba bifásica bajo el peor caso de T_amb (riesgo de cavitación) (medido=351.10237182640725, esperado=<= 350.744 K). Causa probable: subenfriamiento insuficiente a la salida del condensador bajo el peor caso ambiental. Sugerencia: aumentar eps_cond o el margen de suben"
470.0,300.032917,3000.0,1850.0,0.5,1.0,0.85,0.75,0.75,0.85,0.85,361.53262909147855,353.1145432702592,8.418085821219336,True,KALINA,0.0376390133223809,52.70479878021523,"KALINA: régimen Kalina genuino y admisible, sin fallas."
470.0,300.032917,3000.0,2400.0,0.5,1.0,0.85,0.75,0.75,0.85,0.85,373.9980907890851,354.07270217852505,19.92538861056005,True,KALINA,0.0175536915734231,24.540427385936383,"KALINA: régimen Kalina genuino y admisible, sin fallas."
470.0,300.032917,3000.0,2700.0,0.5,1.0,0.85,0.75,0.75,0.85,0.85,379.99274162990736,354.514352659942,25.47838896996535,True,KALINA,0.0083235196530699,11.62805553218749,"KALINA: régimen Kalina genuino y admisible, sin fallas."
470.0,300.032917,3000.0,650.0,0.45,1.0,0.85,0.75,0.8,0.75,0.8,328.23709183562494,337.72661578491017,-9.489523949285228,True,CORREGIBLE,0.1069585483963759,139.35819538721069,"[CORREGIBLE] O2: succión de la bomba bifásica bajo el peor caso de T_amb (riesgo de cavitación) (medido=337.72661578491017, esperado=<= 328.237 K). Causa probable: subenfriamiento insuficiente a la salida del condensador bajo el peor caso ambiental. Sugerencia: aumentar eps_cond o el margen de suben"
470.0,300.032917,3000.0,850.0,0.45,1.0,0.85,0.75,0.8,0.75,0.8,337.9594010979967,345.2992728565367,-7.339871758539971,True,CORREGIBLE,0.091205198791748,118.78516490647858,"[CORREGIBLE] O2: succión de la bomba bifásica bajo el peor caso de T_amb (riesgo de cavitación) (medido=345.2992728565367, esperado=<= 337.959 K). Causa probable: subenfriamiento insuficiente a la salida del condensador bajo el peor caso ambiental. Sugerencia: aumentar eps_cond o el margen de subenf"
470.0,300.032917,3000.0,1100.0,0.45,1.0,0.85,0.75,0.8,0.75,0.8,347.9968572079161,353.0287005520281,-5.031843344112019,True,CORREGIBLE,0.0748019671645302,97.3273711381305,"[CORREGIBLE] O2: succión de la bomba bifásica bajo el peor caso de T_amb (riesgo de cavitación) (medido=353.0287005520281, esperado=<= 347.997 K). Causa probable: subenfriamiento insuficiente a la salida del condensador bajo el peor caso ambiental. Sugerencia: aumentar eps_cond o el margen de subenf"
470.0,300.032917,3000.0,1450.0,0.45,1.0,0.85,0.75,0.8,0.75,0.8,359.59829300099466,361.8555170970762,-2.257224096081586,True,CORREGIBLE,0.0557203669712907,72.3739793214267,"[CORREGIBLE] O2: succión de la bomba bifásica bajo el peor caso de T_amb (riesgo de cavitación) (medido=361.85551709707624, esperado=<= 359.598 K). Causa probable: subenfriamiento insuficiente a la salida del condensador bajo el peor caso ambiental. Sugerencia: aumentar eps_cond o el margen de suben"
470.0,300.032917,3000.0,1850.0,0.45,1.0,0.85,0.75,0.8,0.75,0.8,370.6458396724681,368.9006058939407,1.7452337785274494,True,KALINA,0.0375643204587508,48.68765170026725,"KALINA: régimen Kalina genuino y admisible, sin fallas."
470.0,300.032917,3000.0,2400.0,0.45,1.0,0.85,0.75,0.8,0.75,0.8,383.4030954905752,370.0975475384758,13.305547952099404,True,KALINA,0.0175281760351873,22.664149649942672,"KALINA: régimen Kalina genuino y admisible, sin fallas."
470.0,300.032917,3000.0,2700.0,0.45,1.0,0.85,0.75,0.8,0.75,0.8,389.5335815035825,370.6491969420449,18.884384561537612,True,KALINA,0.0083133031977324,10.737571978154316,"KALINA: régimen Kalina genuino y admisible, sin fallas."
470.0,300.032917,3000.0,650.0,0.45,1.0,0.85,0.75,0.8,0.75,0.85,328.23709183562494,333.3179427513554,-5.08085091573048,True,CORREGIBLE,0.1065380545209547,144.0626478468252,"[CORREGIBLE] O2: succión de la bomba bifásica bajo el peor caso de T_amb (riesgo de cavitación) (medido=333.3179427513554, esperado=<= 328.237 K). Causa probable: subenfriamiento insuficiente a la salida del condensador bajo el peor caso ambiental. Sugerencia: aumentar eps_cond o el margen de subenf"
470.0,300.032917,3000.0,850.0,0.45,1.0,0.85,0.75,0.8,0.75,0.85,337.9594010979967,340.85851855434635,-2.899117456349643,True,CORREGIBLE,0.0899473894291747,121.52972920051148,"[CORREGIBLE] O2: succión de la bomba bifásica bajo el peor caso de T_amb (riesgo de cavitación) (medido=340.85851855434635, esperado=<= 337.959 K). Causa probable: subenfriamiento insuficiente a la salida del condensador bajo el peor caso ambiental. Sugerencia: aumentar eps_cond o el margen de suben"
470.0,300.032917,3000.0,1100.0,0.45,1.0,0.85,0.75,0.8,0.75,0.85,347.9968572079161,348.564051577699,-0.5671943697828965,True,CORREGIBLE,0.0727360114443064,98.14446102438475,"[CORREGIBLE] O2: succión de la bomba bifásica bajo el peor caso de T_amb (riesgo de cavitación) (medido=348.564051577699, esperado=<= 347.997 K). Causa probable: subenfriamiento insuficiente a la salida del condensador bajo el peor caso ambiental. Sugerencia: aumentar eps_cond o el margen de subenfr"
470.0,300.032917,3000.0,1450.0,0.45,1.0,0.85,0.75,0.8,0.75,0.85,359.59829300099466,351.092868008598,8.505424992396684,True,KALINA,0.0533736541382896,71.89592545434581,"KALINA: régimen Kalina genuino y admisible, sin fallas."
470.0,300.032917,3000.0,1850.0,0.45,1.0,0.85,0.75,0.8,0.75,0.85,370.6458396724681,351.90121284636035,18.744626826107776,True,KALINA,0.0358556374392894,48.225831469898296,"KALINA: régimen Kalina genuino y admisible, sin fallas."
470.0,300.032917,3000.0,2400.0,0.45,1.0,0.85,0.75,0.8,0.75,0.85,383.4030954905752,352.7865744126664,30.61652107790877,True,KALINA,0.0167158092561581,22.44667215824707,"KALINA: régimen Kalina genuino y admisible, sin fallas."
470.0,300.032917,3000.0,2700.0,0.45,1.0,0.85,0.75,0.8,0.75,0.85,389.5335815035825,353.1944348072553,36.33914669632725,True,KALINA,0.0079247733623445,10.634044004463494,"KALINA: régimen Kalina genuino y admisible, sin fallas."
470.0,300.032917,3000.0,650.0,0.5,1.0,0.85,0.75,0.8,0.75,0.8,320.12852456274186,332.4909094864554,-12.362384923713536,True,CORREGIBLE,0.1068413189108698,154.8458768593863,"[CORREGIBLE] O2: succión de la bomba bifásica bajo el peor caso de T_amb (riesgo de cavitación) (medido=332.4909094864554, esperado=<= 320.129 K). Causa probable: subenfriamiento insuficiente a la salida del condensador bajo el peor caso ambiental. Sugerencia: aumentar eps_cond o el margen de subenf"
470.0,300.032917,3000.0,850.0,0.5,1.0,0.85,0.75,0.8,0.75,0.8,329.6201164309105,340.09970881841537,-10.479592387504852,True,CORREGIBLE,0.0913302756961732,132.40885297276802,"[CORREGIBLE] O2: succión de la bomba bifásica bajo el peor caso de T_amb (riesgo de cavitación) (medido=340.09970881841537, esperado=<= 329.620 K). Causa probable: subenfriamiento insuficiente a la salida del condensador bajo el peor caso ambiental. Sugerencia: aumentar eps_cond o el margen de suben"
470.0,300.032917,3000.0,1100.0,0.5,1.0,0.85,0.75,0.8,0.75,0.8,339.4185295403267,347.8732749115558,-8.454745371229137,True,CORREGIBLE,0.0752481966146688,109.06501167742005,"[CORREGIBLE] O2: succión de la bomba bifásica bajo el peor caso de T_amb (riesgo de cavitación) (medido=347.8732749115558, esperado=<= 339.419 K). Causa probable: subenfriamiento insuficiente a la salida del condensador bajo el peor caso ambiental. Sugerencia: aumentar eps_cond o el margen de subenf"
470.0,300.032917,3000.0,1450.0,0.5,1.0,0.85,0.75,0.8,0.75,0.8,350.7443945465033,356.7589810897565,-6.014586543253188,True,CORREGIBLE,0.0566180234601542,81.98330060176254,"[CORREGIBLE] O2: succión de la bomba bifásica bajo el peor caso de T_amb (riesgo de cavitación) (medido=356.7589810897565, esperado=<= 350.744 K). Causa probable: subenfriamiento insuficiente a la salida del condensador bajo el peor caso ambiental. Sugerencia: aumentar eps_cond o el margen de subenf"
470.0,300.032917,3000.0,1850.0,0.5,1.0,0.85,0.75,0.8,0.75,0.8,361.53262909147855,365.1257466862806,-3.593117594802038,True,CORREGIBLE,0.0388727355890546,56.20371799895297,"[CORREGIBLE] O2: succión de la bomba bifásica bajo el peor caso de T_amb (riesgo de cavitación) (medido=365.1257466862806, esperado=<= 361.533 K). Causa probable: subenfriamiento insuficiente a la salida del condensador bajo el peor caso ambiental. Sugerencia: aumentar eps_cond o el margen de subenf"
470.0,300.032917,3000.0,2400.0,0.5,1.0,0.85,0.75,0.8,0.75,0.8,373.9980907890851,374.67741166149045,-0.6793208724053557,True,CORREGIBLE,0.0184152531449555,26.563111690874425,"[CORREGIBLE] O2: succión de la bomba bifásica bajo el peor caso de T_amb (riesgo de cavitación) (medido=374.67741166149045, esperado=<= 373.998 K). Causa probable: subenfriamiento insuficiente a la salida del condensador bajo el peor caso ambiental. Sugerencia: aumentar eps_cond o el margen de suben"
470.0,300.032917,3000.0,2700.0,0.5,1.0,0.85,0.75,0.8,0.75,0.8,379.99274162990736,377.15829365113393,2.834447978773426,True,KALINA,0.0087380532557177,12.588535760618951,"KALINA: régimen Kalina genuino y admisible, sin fallas."
470.0,300.032917,3000.0,650.0,0.5,1.0,0.85,0.75,0.8,0.75,0.85,320.12852456274186,327.7563141797917,-7.627789617049814,True,CORREGIBLE,0.1084293621288481,163.9408175070046,"[CORREGIBLE] O2: succión de la bomba bifásica bajo el peor caso de T_amb (riesgo de cavitación) (medido=327.7563141797917, esperado=<= 320.129 K). Causa probable: subenfriamiento insuficiente a la salida del condensador bajo el peor caso ambiental. Sugerencia: aumentar eps_cond o el margen de subenf"
470.0,300.032917,3000.0,850.0,0.5,1.0,0.85,0.75,0.8,0.75,0.85,329.6201164309105,335.34297886305336,-5.722862432142847,True,CORREGIBLE,0.0921085307305829,139.23702000092163,"[CORREGIBLE] O2: succión de la bomba bifásica bajo el peor caso de T_amb (riesgo de cavitación) (medido=335.34297886305336, esperado=<= 329.620 K). Causa probable: subenfriamiento insuficiente a la salida del condensador bajo el peor caso ambiental. Sugerencia: aumentar eps_cond o el margen de suben"
470.0,300.032917,3000.0,1100.0,0.5,1.0,0.85,0.75,0.8,0.75,0.85,339.4185295403267,343.10464474511315,-3.6861152047864607,True,CORREGIBLE,0.0752406443614781,113.65514617321952,"[CORREGIBLE] O2: succión de la bomba bifásica bajo el peor caso de T_amb (riesgo de cavitación) (medido=343.10464474511315, esperado=<= 339.419 K). Causa probable: subenfriamiento insuficiente a la salida del condensador bajo el peor caso ambiental. Sugerencia: aumentar eps_cond o el margen de suben"
470.0,300.032917,3000.0,1450.0,0.5,1.0,0.85,0.75,0.8,0.75,0.85,350.7443945465033,351.9896650117745,-1.245270465271176,True,CORREGIBLE,0.0557579740201274,84.10449514992975,"[CORREGIBLE] O2: succión de la bomba bifásica bajo el peor caso de T_amb (riesgo de cavitación) (medido=351.9896650117745, esperado=<= 350.744 K). Causa probable: subenfriamiento insuficiente a la salida del condensador bajo el peor caso ambiental. Sugerencia: aumentar eps_cond o el margen de subenf"
470.0,300.032917,3000.0,1850.0,0.5,1.0,0.85,0.75,0.8,0.75,0.85,361.53262909147855,356.7997929100921,4.732836181386404,True,KALINA,0.0374989950008255,56.46615403943435,"KALINA: régimen Kalina genuino y admisible, sin fallas."
470.0,300.032917,3000.0,2400.0,0.5,1.0,0.85,0.75,0.8,0.75,0.85,373.9980907890851,357.80922506635034,16.18886572273476,True,KALINA,0.0174964082781819,26.29754915261796,"KALINA: régimen Kalina genuino y admisible, sin fallas."
470.0,300.032917,3000.0,2700.0,0.5,1.0,0.85,0.75,0.8,0.75,0.85,379.99274162990736,358.274798141332,21.71794348857537,True,KALINA,0.0082982382236103,12.462104217107353,"KALINA: régimen Kalina genuino y admisible, sin fallas."
470.0,300.032917,3000.0,650.0,0.45,1.0,0.85,0.75,0.85,0.75,0.8,328.23709183562494,338.776962974721,-10.539871139096078,True,CORREGIBLE,0.106865743670253,147.6455365419365,"[CORREGIBLE] O2: succión de la bomba bifásica bajo el peor caso de T_amb (riesgo de cavitación) (medido=338.776962974721, esperado=<= 328.237 K). Causa probable: subenfriamiento insuficiente a la salida del condensador bajo el peor caso ambiental. Sugerencia: aumentar eps_cond o el margen de subenfr"
470.0,300.032917,3000.0,850.0,0.45,1.0,0.85,0.75,0.85,0.75,0.8,337.9594010979967,346.360996740741,-8.401595642744269,True,CORREGIBLE,0.0911552676316225,125.89868994033966,"[CORREGIBLE] O2: succión de la bomba bifásica bajo el peor caso de T_amb (riesgo de cavitación) (medido=346.360996740741, esperado=<= 337.959 K). Causa probable: subenfriamiento insuficiente a la salida del condensador bajo el peor caso ambiental. Sugerencia: aumentar eps_cond o el margen de subenfr"
470.0,300.032917,3000.0,1100.0,0.45,1.0,0.85,0.75,0.85,0.75,0.8,347.9968572079161,354.0985858964749,-6.101728688558808,True,CORREGIBLE,0.0748451320958018,103.27749500357172,"[CORREGIBLE] O2: succión de la bomba bifásica bajo el peor caso de T_amb (riesgo de cavitación) (medido=354.0985858964749, esperado=<= 347.997 K). Causa probable: subenfriamiento insuficiente a la salida del condensador bajo el peor caso ambiental. Sugerencia: aumentar eps_cond o el margen de subenf"
470.0,300.032917,3000.0,1450.0,0.45,1.0,0.85,0.75,0.85,0.75,0.8,359.59829300099466,362.9306084297378,-3.3323154287431294,True,CORREGIBLE,0.0559260321010312,77.0404323415621,"[CORREGIBLE] O2: succión de la bomba bifásica bajo el peor caso de T_amb (riesgo de cavitación) (medido=362.9306084297378, esperado=<= 359.598 K). Causa probable: subenfriamiento insuficiente a la salida del condensador bajo el peor caso ambiental. Sugerencia: aumentar eps_cond o el margen de subenf"
470.0,300.032917,3000.0,1850.0,0.45,1.0,0.85,0.75,0.85,0.75,0.8,370.6458396724681,371.2352384665135,-0.5893987940453371,True,CORREGIBLE,0.0378838617691373,52.07312802061479,"[CORREGIBLE] O2: succión de la bomba bifásica bajo el peor caso de T_amb (riesgo de cavitación) (medido=371.23523846651347, esperado=<= 370.646 K). Causa probable: subenfriamiento insuficiente a la salida del condensador bajo el peor caso ambiental. Sugerencia: aumentar eps_cond o el margen de suben"
470.0,300.032917,3000.0,2400.0,0.45,1.0,0.85,0.75,0.85,0.75,0.8,383.4030954905752,373.9914788632456,9.41161662732958,True,KALINA,0.0176848172950173,24.244068433042248,"KALINA: régimen Kalina genuino y admisible, sin fallas."
470.0,300.032917,3000.0,2700.0,0.45,1.0,0.85,0.75,0.85,0.75,0.8,389.5335815035825,374.5713266288925,14.962254874690077,True,KALINA,0.0083893810889931,11.487153765274986,"KALINA: régimen Kalina genuino y admisible, sin fallas."
470.0,300.032917,3000.0,650.0,0.45,1.0,0.85,0.75,0.85,0.75,0.85,328.23709183562494,334.0831568636378,-5.846065028012845,True,CORREGIBLE,0.1067758316275754,153.7264279618859,"[CORREGIBLE] O2: succión de la bomba bifásica bajo el peor caso de T_amb (riesgo de cavitación) (medido=334.0831568636378, esperado=<= 328.237 K). Causa probable: subenfriamiento insuficiente a la salida del condensador bajo el peor caso ambiental. Sugerencia: aumentar eps_cond o el margen de subenf"
470.0,300.032917,3000.0,850.0,0.45,1.0,0.85,0.75,0.85,0.75,0.85,337.9594010979967,341.6289611609137,-3.6695600629170144,True,CORREGIBLE,0.0902686343343396,129.85978913131947,"[CORREGIBLE] O2: succión de la bomba bifásica bajo el peor caso de T_amb (riesgo de cavitación) (medido=341.6289611609137, esperado=<= 337.959 K). Causa probable: subenfriamiento insuficiente a la salida del condensador bajo el peor caso ambiental. Sugerencia: aumentar eps_cond o el margen de subenf"
470.0,300.032917,3000.0,1100.0,0.45,1.0,0.85,0.75,0.85,0.75,0.85,347.9968572079161,349.33731347428113,-1.340456266365038,True,CORREGIBLE,0.0731887871432376,105.1503212735045,"[CORREGIBLE] O2: succión de la bomba bifásica bajo el peor caso de T_amb (riesgo de cavitación) (medido=349.33731347428113, esperado=<= 347.997 K). Causa probable: subenfriamiento insuficiente a la salida del condensador bajo el peor caso ambiental. Sugerencia: aumentar eps_cond o el margen de suben"
470.0,300.032917,3000.0,1450.0,0.45,1.0,0.85,0.75,0.85,0.75,0.85,359.59829300099466,354.1024203764805,5.495872624514163,True,KALINA,0.0537414333452874,77.06551442935243,"KALINA: régimen Kalina genuino y admisible, sin fallas."
470.0,300.032917,3000.0,1850.0,0.45,1.0,0.85,0.75,0.85,0.75,0.85,370.6458396724681,354.95744641238525,15.688393260082876,True,KALINA,0.0361149020412595,51.70193282316561,"KALINA: régimen Kalina genuino y admisible, sin fallas."
470.0,300.032917,3000.0,2400.0,0.45,1.0,0.85,0.75,0.85,0.75,0.85,383.4030954905752,355.89435864144724,27.50873684912796,True,KALINA,0.0168436356311372,24.070029570543788,"KALINA: régimen Kalina genuino y admisible, sin fallas."
470.0,300.032917,3000.0,650.0,0.5,1.0,0.85,0.75,0.85,0.75,0.8,320.12852456274186,333.62353340319567,-13.495008840453806,True,CORREGIBLE,0.1063483666479099,163.21397767346363,"[CORREGIBLE] O2: succión de la bomba bifásica bajo el peor caso de T_amb (riesgo de cavitación) (medido=333.62353340319567, esperado=<= 320.129 K). Causa probable: subenfriamiento insuficiente a la salida del condensador bajo el peor caso ambiental. Sugerencia: aumentar eps_cond o el margen de suben"
470.0,300.032917,3000.0,850.0,0.5,1.0,0.85,0.75,0.85,0.75,0.8,329.6201164309105,341.2432790942051,-11.62316266329458,True,CORREGIBLE,0.090840777397665,139.47576561233225,"[CORREGIBLE] O2: succión de la bomba bifásica bajo el peor caso de T_amb (riesgo de cavitación) (medido=341.2432790942051, esperado=<= 329.620 K). Causa probable: subenfriamiento insuficiente a la salida del condensador bajo el peor caso ambiental. Sugerencia: aumentar eps_cond o el margen de subenf"
470.0,300.032917,3000.0,2700.0,0.45,1.0,0.85,0.75,0.85,0.75,0.85,389.5335815035825,356.3261627520564,33.20741875152612,True,KALINA,0.0079870340112242,11.404493019723567,"KALINA: régimen Kalina genuino y admisible, sin fallas."
470.0,300.032917,3000.0,1100.0,0.5,1.0,0.85,0.75,0.85,0.75,0.8,339.4185295403267,349.0240223905827,-9.605492850255985,True,CORREGIBLE,0.0748100282990266,114.84336050865252,"[CORREGIBLE] O2: succión de la bomba bifásica bajo el peor caso de T_amb (riesgo de cavitación) (medido=349.0240223905827, esperado=<= 339.419 K). Causa probable: subenfriamiento insuficiente a la salida del condensador bajo el peor caso ambiental. Sugerencia: aumentar eps_cond o el margen de subenf"
470.0,300.032917,3000.0,1450.0,0.5,1.0,0.85,0.75,0.85,0.75,0.8,350.7443945465033,357.91319629123257,-7.168801744729251,True,CORREGIBLE,0.0562929261050972,86.34104674675532,"[CORREGIBLE] O2: succión de la bomba bifásica bajo el peor caso de T_amb (riesgo de cavitación) (medido=357.91319629123257, esperado=<= 350.744 K). Causa probable: subenfriamiento insuficiente a la salida del condensador bajo el peor caso ambiental. Sugerencia: aumentar eps_cond o el margen de suben"
470.0,300.032917,3000.0,1850.0,0.5,1.0,0.85,0.75,0.85,0.75,0.8,361.53262909147855,366.278833911327,-4.746204819848458,True,CORREGIBLE,0.0387028552791201,59.27615033845478,"[CORREGIBLE] O2: succión de la bomba bifásica bajo el peor caso de T_amb (riesgo de cavitación) (medido=366.278833911327, esperado=<= 361.533 K). Causa probable: subenfriamiento insuficiente a la salida del condensador bajo el peor caso ambiental. Sugerencia: aumentar eps_cond o el margen de subenfr"
470.0,300.032917,3000.0,2400.0,0.5,1.0,0.85,0.75,0.85,0.75,0.8,373.9980907890851,375.8242773368136,-1.8261865477285253,True,CORREGIBLE,0.0184755105032709,28.23136862360356,"[CORREGIBLE] O2: succión de la bomba bifásica bajo el peor caso de T_amb (riesgo de cavitación) (medido=375.8242773368136, esperado=<= 373.998 K). Causa probable: subenfriamiento insuficiente a la salida del condensador bajo el peor caso ambiental. Sugerencia: aumentar eps_cond o el margen de subenf"
470.0,300.032917,3000.0,2700.0,0.5,1.0,0.85,0.75,0.85,0.75,0.8,379.99274162990736,380.3692935447864,-0.3765519148790304,True,CORREGIBLE,0.0088022452089998,13.43243670933571,"[CORREGIBLE] O2: succión de la bomba bifásica bajo el peor caso de T_amb (riesgo de cavitación) (medido=380.3692935447864, esperado=<= 379.993 K). Causa probable: subenfriamiento insuficiente a la salida del condensador bajo el peor caso ambiental. Sugerencia: aumentar eps_cond o el margen de subenf"
470.0,300.032917,3000.0,650.0,0.5,1.0,0.85,0.75,0.85,0.75,0.85,320.12852456274186,328.5729781627224,-8.444453599980534,True,CORREGIBLE,0.1082877351423841,174.17393559070328,"[CORREGIBLE] O2: succión de la bomba bifásica bajo el peor caso de T_amb (riesgo de cavitación) (medido=328.5729781627224, esperado=<= 320.129 K). Causa probable: subenfriamiento insuficiente a la salida del condensador bajo el peor caso ambiental. Sugerencia: aumentar eps_cond o el margen de subenf"
470.0,300.032917,3000.0,850.0,0.5,1.0,0.85,0.75,0.85,0.75,0.85,329.6201164309105,336.16346904442173,-6.543352613511217,True,CORREGIBLE,0.0920178816501994,147.9862951821835,"[CORREGIBLE] O2: succión de la bomba bifásica bajo el peor caso de T_amb (riesgo de cavitación) (medido=336.16346904442173, esperado=<= 329.620 K). Causa probable: subenfriamiento insuficiente a la salida del condensador bajo el peor caso ambiental. Sugerencia: aumentar eps_cond o el margen de suben"
470.0,300.032917,3000.0,1100.0,0.5,1.0,0.85,0.75,0.85,0.75,0.85,339.4185295403267,343.9261764407115,-4.507646900384827,True,CORREGIBLE,0.0752482672547334,120.93435112725903,"[CORREGIBLE] O2: succión de la bomba bifásica bajo el peor caso de T_amb (riesgo de cavitación) (medido=343.9261764407115, esperado=<= 339.419 K). Causa probable: subenfriamiento insuficiente a la salida del condensador bajo el peor caso ambiental. Sugerencia: aumentar eps_cond o el margen de subenf"
470.0,300.032917,3000.0,1450.0,0.5,1.0,0.85,0.75,0.85,0.75,0.85,350.7443945465033,352.80904852707096,-2.064653980567641,True,CORREGIBLE,0.0559305957375994,89.76213330908784,"[CORREGIBLE] O2: succión de la bomba bifásica bajo el peor caso de T_amb (riesgo de cavitación) (medido=352.80904852707096, esperado=<= 350.744 K). Causa probable: subenfriamiento insuficiente a la salida del condensador bajo el peor caso ambiental. Sugerencia: aumentar eps_cond o el margen de suben"
470.0,300.032917,3000.0,1850.0,0.5,1.0,0.85,0.75,0.85,0.75,0.85,361.53262909147855,360.1264161740614,1.406212917417179,True,KALINA,0.0376983756723484,60.39154621098835,"KALINA: régimen Kalina genuino y admisible, sin fallas."
470.0,300.032917,3000.0,2400.0,0.5,1.0,0.85,0.75,0.85,0.75,0.85,373.9980907890851,361.1906612718716,12.807429517213508,True,KALINA,0.0175960473234087,28.13037138137917,"KALINA: régimen Kalina genuino y admisible, sin fallas."
470.0,300.032917,3000.0,2700.0,0.5,1.0,0.85,0.75,0.85,0.75,0.85,379.99274162990736,361.6817217630772,18.31101986683012,True,KALINA,0.008347065724388,13.331889899748203,"KALINA: régimen Kalina genuino y admisible, sin fallas."
470.0,300.032917,3000.0,650.0,0.45,1.0,0.85,0.75,0.85,0.8,0.8,328.23709183562494,338.7014159372526,-10.464324101627652,True,CORREGIBLE,0.107419146965109,147.89669544546038,"[CORREGIBLE] O2: succión de la bomba bifásica bajo el peor caso de T_amb (riesgo de cavitación) (medido=338.7014159372526, esperado=<= 328.237 K). Causa probable: subenfriamiento insuficiente a la salida del condensador bajo el peor caso ambiental. Sugerencia: aumentar eps_cond o el margen de subenf"
470.0,300.032917,3000.0,850.0,0.45,1.0,0.85,0.75,0.85,0.8,0.8,337.9594010979967,346.28643554407023,-8.327034446073526,True,CORREGIBLE,0.0916152709565782,126.09412202488949,"[CORREGIBLE] O2: succión de la bomba bifásica bajo el peor caso de T_amb (riesgo de cavitación) (medido=346.28643554407023, esperado=<= 337.959 K). Causa probable: subenfriamiento insuficiente a la salida del condensador bajo el peor caso ambiental. Sugerencia: aumentar eps_cond o el margen de suben"
470.0,300.032917,3000.0,1100.0,0.45,1.0,0.85,0.75,0.85,0.8,0.8,347.9968572079161,354.02531054774465,-6.028453339828559,True,CORREGIBLE,0.0752098705252766,103.41910358567064,"[CORREGIBLE] O2: succión de la bomba bifásica bajo el peor caso de T_amb (riesgo de cavitación) (medido=354.02531054774465, esperado=<= 347.997 K). Causa probable: subenfriamiento insuficiente a la salida del condensador bajo el peor caso ambiental. Sugerencia: aumentar eps_cond o el margen de suben"
470.0,300.032917,3000.0,1450.0,0.45,1.0,0.85,0.75,0.85,0.8,0.8,359.59829300099466,362.8591056803622,-3.2608126793675183,True,CORREGIBLE,0.0561828625562223,77.12451666976608,"[CORREGIBLE] O2: succión de la bomba bifásica bajo el peor caso de T_amb (riesgo de cavitación) (medido=362.8591056803622, esperado=<= 359.598 K). Causa probable: subenfriamiento insuficiente a la salida del condensador bajo el peor caso ambiental. Sugerencia: aumentar eps_cond o el margen de subenf"
470.0,300.032917,3000.0,1850.0,0.45,1.0,0.85,0.75,0.85,0.8,0.8,370.6458396724681,371.16565173996906,-0.5198120675009363,True,CORREGIBLE,0.0380422000236692,52.10907777552252,"[CORREGIBLE] O2: succión de la bomba bifásica bajo el peor caso de T_amb (riesgo de cavitación) (medido=371.16565173996906, esperado=<= 370.646 K). Causa probable: subenfriamiento insuficiente a la salida del condensador bajo el peor caso ambiental. Sugerencia: aumentar eps_cond o el margen de suben"
470.0,300.032917,3000.0,2400.0,0.45,1.0,0.85,0.75,0.85,0.8,0.8,383.4030954905752,373.7502879015869,9.652807588988251,True,KALINA,0.0177581116314345,24.260723516321733,"KALINA: régimen Kalina genuino y admisible, sin fallas."
470.0,300.032917,3000.0,650.0,0.45,1.0,0.85,0.75,0.85,0.8,0.85,328.23709183562494,334.0213767322701,-5.784284896645147,True,CORREGIBLE,0.1073680230155104,153.93028457868505,"[CORREGIBLE] O2: succión de la bomba bifásica bajo el peor caso de T_amb (riesgo de cavitación) (medido=334.0213767322701, esperado=<= 328.237 K). Causa probable: subenfriamiento insuficiente a la salida del condensador bajo el peor caso ambiental. Sugerencia: aumentar eps_cond o el margen de subenf"
470.0,300.032917,3000.0,2700.0,0.45,1.0,0.85,0.75,0.85,0.8,0.8,389.5335815035825,374.3319572033222,15.201624300260336,True,KALINA,0.0084240224853942,11.49503401743871,"KALINA: régimen Kalina genuino y admisible, sin fallas."
470.0,300.032917,3000.0,850.0,0.45,1.0,0.85,0.75,0.85,0.8,0.85,337.9594010979967,341.56826050155445,-3.608859403557744,True,CORREGIBLE,0.0907541920764428,130.00957178404644,"[CORREGIBLE] O2: succión de la bomba bifásica bajo el peor caso de T_amb (riesgo de cavitación) (medido=341.56826050155445, esperado=<= 337.959 K). Causa probable: subenfriamiento insuficiente a la salida del condensador bajo el peor caso ambiental. Sugerencia: aumentar eps_cond o el margen de suben"
470.0,300.032917,3000.0,1100.0,0.45,1.0,0.85,0.75,0.85,0.8,0.85,347.9968572079161,349.27791091100624,-1.2810537030901514,True,CORREGIBLE,0.0735658194241247,105.247969773314,"[CORREGIBLE] O2: succión de la bomba bifásica bajo el peor caso de T_amb (riesgo de cavitación) (medido=349.27791091100624, esperado=<= 347.997 K). Causa probable: subenfriamiento insuficiente a la salida del condensador bajo el peor caso ambiental. Sugerencia: aumentar eps_cond o el margen de suben"
470.0,300.032917,3000.0,1450.0,0.45,1.0,0.85,0.75,0.85,0.8,0.85,359.59829300099466,353.8797095238031,5.718583477191544,True,KALINA,0.054013598963069,77.13194365714233,"KALINA: régimen Kalina genuino y admisible, sin fallas."
470.0,300.032917,3000.0,1850.0,0.45,1.0,0.85,0.75,0.85,0.8,0.85,370.6458396724681,354.7371289212874,15.908710751180706,True,KALINA,0.0362969855646906,51.7464135553065,"KALINA: régimen Kalina genuino y admisible, sin fallas."
470.0,300.032917,3000.0,2400.0,0.45,1.0,0.85,0.75,0.85,0.8,0.85,383.4030954905752,355.67658068545813,27.726514805117063,True,KALINA,0.016928166534126,24.090714403766658,"KALINA: régimen Kalina genuino y admisible, sin fallas."
470.0,300.032917,3000.0,650.0,0.5,1.0,0.85,0.75,0.85,0.8,0.8,320.12852456274186,333.5811856769151,-13.452661114173225,True,CORREGIBLE,0.1066517751590912,163.39437179754924,"[CORREGIBLE] O2: succión de la bomba bifásica bajo el peor caso de T_amb (riesgo de cavitación) (medido=333.5811856769151, esperado=<= 320.129 K). Causa probable: subenfriamiento insuficiente a la salida del condensador bajo el peor caso ambiental. Sugerencia: aumentar eps_cond o el margen de subenf"
470.0,300.032917,3000.0,2700.0,0.45,1.0,0.85,0.75,0.85,0.8,0.85,389.5335815035825,356.1095216831318,33.424059820450736,True,KALINA,0.0080270371571801,11.414292698480503,"KALINA: régimen Kalina genuino y admisible, sin fallas."
470.0,300.032917,3000.0,850.0,0.5,1.0,0.85,0.75,0.85,0.8,0.8,329.6201164309105,341.2014292407086,-11.581312809798078,True,CORREGIBLE,0.0910969701777422,139.62311699341748,"[CORREGIBLE] O2: succión de la bomba bifásica bajo el peor caso de T_amb (riesgo de cavitación) (medido=341.2014292407086, esperado=<= 329.620 K). Causa probable: subenfriamiento insuficiente a la salida del condensador bajo el peor caso ambiental. Sugerencia: aumentar eps_cond o el margen de subenf"
470.0,300.032917,3000.0,1100.0,0.5,1.0,0.85,0.75,0.85,0.8,0.8,339.4185295403267,348.9828675280524,-9.564337987725708,True,CORREGIBLE,0.0750177369525233,114.95841056922708,"[CORREGIBLE] O2: succión de la bomba bifásica bajo el peor caso de T_amb (riesgo de cavitación) (medido=348.9828675280524, esperado=<= 339.419 K). Causa probable: subenfriamiento insuficiente a la salida del condensador bajo el peor caso ambiental. Sugerencia: aumentar eps_cond o el margen de subenf"
470.0,300.032917,3000.0,1450.0,0.5,1.0,0.85,0.75,0.85,0.8,0.8,350.7443945465033,357.87303726521014,-7.128642718706828,True,CORREGIBLE,0.0564454251100557,86.42118546049856,"[CORREGIBLE] O2: succión de la bomba bifásica bajo el peor caso de T_amb (riesgo de cavitación) (medido=357.87303726521014, esperado=<= 350.744 K). Causa probable: subenfriamiento insuficiente a la salida del condensador bajo el peor caso ambiental. Sugerencia: aumentar eps_cond o el margen de suben"
470.0,300.032917,3000.0,1850.0,0.5,1.0,0.85,0.75,0.85,0.8,0.8,361.53262909147855,366.2397817740531,-4.707152682574531,True,CORREGIBLE,0.0388040207569132,59.32552086964128,"[CORREGIBLE] O2: succión de la bomba bifásica bajo el peor caso de T_amb (riesgo de cavitación) (medido=366.2397817740531, esperado=<= 361.533 K). Causa probable: subenfriamiento insuficiente a la salida del condensador bajo el peor caso ambiental. Sugerencia: aumentar eps_cond o el margen de subenf"
470.0,300.032917,3000.0,2400.0,0.5,1.0,0.85,0.75,0.85,0.8,0.8,373.9980907890851,375.7866579690708,-1.7885671799856482,True,CORREGIBLE,0.0185193283000876,28.2482172009366,"[CORREGIBLE] O2: succión de la bomba bifásica bajo el peor caso de T_amb (riesgo de cavitación) (medido=375.78665796907075, esperado=<= 373.998 K). Causa probable: subenfriamiento insuficiente a la salida del condensador bajo el peor caso ambiental. Sugerencia: aumentar eps_cond o el margen de suben"
470.0,300.032917,3000.0,2700.0,0.5,1.0,0.85,0.75,0.85,0.8,0.8,379.99274162990736,380.3324027967997,-0.3396611668923697,True,CORREGIBLE,0.0088208044739215,13.43700345794513,"[CORREGIBLE] O2: succión de la bomba bifásica bajo el peor caso de T_amb (riesgo de cavitación) (medido=380.3324027967997, esperado=<= 379.993 K). Causa probable: subenfriamiento insuficiente a la salida del condensador bajo el peor caso ambiental. Sugerencia: aumentar eps_cond o el margen de subenf"
470.0,300.032917,3000.0,650.0,0.5,1.0,0.85,0.75,0.85,0.8,0.85,320.12852456274186,328.53717782313186,-8.408653260389997,True,CORREGIBLE,0.108625801010821,174.32704005113638,"[CORREGIBLE] O2: succión de la bomba bifásica bajo el peor caso de T_amb (riesgo de cavitación) (medido=328.53717782313186, esperado=<= 320.129 K). Causa probable: subenfriamiento insuficiente a la salida del condensador bajo el peor caso ambiental. Sugerencia: aumentar eps_cond o el margen de suben"
470.0,300.032917,3000.0,850.0,0.5,1.0,0.85,0.75,0.85,0.8,0.85,329.6201164309105,336.1283146817576,-6.5081982508471015,True,CORREGIBLE,0.0922992158109649,148.1054313910705,"[CORREGIBLE] O2: succión de la bomba bifásica bajo el peor caso de T_amb (riesgo de cavitación) (medido=336.1283146817576, esperado=<= 329.620 K). Causa probable: subenfriamiento insuficiente a la salida del condensador bajo el peor caso ambiental. Sugerencia: aumentar eps_cond o el margen de subenf"
470.0,300.032917,3000.0,1100.0,0.5,1.0,0.85,0.75,0.85,0.8,0.85,339.4185295403267,343.8918121932952,-4.473282652968521,True,CORREGIBLE,0.0754716634226115,121.02048056512947,"[CORREGIBLE] O2: succión de la bomba bifásica bajo el peor caso de T_amb (riesgo de cavitación) (medido=343.8918121932952, esperado=<= 339.419 K). Causa probable: subenfriamiento insuficiente a la salida del condensador bajo el peor caso ambiental. Sugerencia: aumentar eps_cond o el margen de subenf"
470.0,300.032917,3000.0,1450.0,0.5,1.0,0.85,0.75,0.85,0.8,0.85,350.7443945465033,352.7757248130173,-2.031330266513976,True,CORREGIBLE,0.0560882822409141,89.81276456848333,"[CORREGIBLE] O2: succión de la bomba bifásica bajo el peor caso de T_amb (riesgo de cavitación) (medido=352.7757248130173, esperado=<= 350.744 K). Causa probable: subenfriamiento insuficiente a la salida del condensador bajo el peor caso ambiental. Sugerencia: aumentar eps_cond o el margen de subenf"
470.0,300.032917,3000.0,1850.0,0.5,1.0,0.85,0.75,0.85,0.8,0.85,361.53262909147855,359.9962857515469,1.5363433399316475,True,KALINA,0.0377999025477028,60.41857510223279,"KALINA: régimen Kalina genuino y admisible, sin fallas."
470.0,300.032917,3000.0,2400.0,0.5,1.0,0.85,0.75,0.85,0.8,0.85,373.9980907890851,361.062323822544,12.935766966541053,True,KALINA,0.017643130318168,28.142924241906897,"KALINA: régimen Kalina genuino y admisible, sin fallas."
470.0,300.032917,3000.0,2700.0,0.5,1.0,0.85,0.75,0.85,0.8,0.85,379.99274162990736,361.5541865302575,18.438555099649875,True,KALINA,0.0083693337899267,13.337828504728694,"KALINA: régimen Kalina genuino y admisible, sin fallas."
470.0,300.032917,3000.0,650.0,0.45,1.0,0.85,0.75,0.85,0.85,0.8,328.23709183562494,338.6257086524552,-10.38861681683028,True,CORREGIBLE,0.1079775096636537,148.14766385301326,"[CORREGIBLE] O2: succión de la bomba bifásica bajo el peor caso de T_amb (riesgo de cavitación) (medido=338.6257086524552, esperado=<= 328.237 K). Causa probable: subenfriamiento insuficiente a la salida del condensador bajo el peor caso ambiental. Sugerencia: aumentar eps_cond o el margen de subenf"
470.0,300.032917,3000.0,850.0,0.45,1.0,0.85,0.75,0.85,0.85,0.8,337.9594010979967,346.2117324264535,-8.252331328456819,True,CORREGIBLE,0.0920792397098774,126.28920224530484,"[CORREGIBLE] O2: succión de la bomba bifásica bajo el peor caso de T_amb (riesgo de cavitación) (medido=346.2117324264535, esperado=<= 337.959 K). Causa probable: subenfriamiento insuficiente a la salida del condensador bajo el peor caso ambiental. Sugerencia: aumentar eps_cond o el margen de subenf"
470.0,300.032917,3000.0,1100.0,0.45,1.0,0.85,0.75,0.85,0.85,0.8,347.9968572079161,353.9519098819152,-5.955052673999091,True,CORREGIBLE,0.0755775779818681,103.56022587621416,"[CORREGIBLE] O2: succión de la bomba bifásica bajo el peor caso de T_amb (riesgo de cavitación) (medido=353.9519098819152, esperado=<= 347.997 K). Causa probable: subenfriamiento insuficiente a la salida del condensador bajo el peor caso ambiental. Sugerencia: aumentar eps_cond o el margen de subenf"
470.0,300.032917,3000.0,1450.0,0.45,1.0,0.85,0.75,0.85,0.85,0.8,359.59829300099466,362.78749491432353,-3.1892019133288727,True,CORREGIBLE,0.0564415893925813,77.20800323801188,"[CORREGIBLE] O2: succión de la bomba bifásica bajo el peor caso de T_amb (riesgo de cavitación) (medido=362.78749491432353, esperado=<= 359.598 K). Causa probable: subenfriamiento insuficiente a la salida del condensador bajo el peor caso ambiental. Sugerencia: aumentar eps_cond o el margen de suben"
470.0,300.032917,3000.0,1850.0,0.45,1.0,0.85,0.75,0.85,0.85,0.8,370.6458396724681,371.095967362871,-0.4501276904028941,True,CORREGIBLE,0.0382020341681727,52.14511528790539,"[CORREGIBLE] O2: succión de la bomba bifásica bajo el peor caso de T_amb (riesgo de cavitación) (medido=371.095967362871, esperado=<= 370.646 K). Causa probable: subenfriamiento insuficiente a la salida del condensador bajo el peor caso ambiental. Sugerencia: aumentar eps_cond o el margen de subenfr"
470.0,300.032917,3000.0,2400.0,0.45,1.0,0.85,0.75,0.85,0.85,0.8,383.4030954905752,373.50842805967545,9.894667430899744,True,KALINA,0.0178320979853838,24.277420155234115,"KALINA: régimen Kalina genuino y admisible, sin fallas."
470.0,300.032917,3000.0,650.0,0.45,1.0,0.85,0.75,0.85,0.85,0.85,328.23709183562494,333.95961064410034,-5.7225188084754,True,CORREGIBLE,0.1079652708816195,154.133553490915,"[CORREGIBLE] O2: succión de la bomba bifásica bajo el peor caso de T_amb (riesgo de cavitación) (medido=333.95961064410034, esperado=<= 328.237 K). Causa probable: subenfriamiento insuficiente a la salida del condensador bajo el peor caso ambiental. Sugerencia: aumentar eps_cond o el margen de suben"
470.0,300.032917,3000.0,2700.0,0.45,1.0,0.85,0.75,0.85,0.85,0.8,389.5335815035825,374.0919212041154,15.441660299467117,True,KALINA,0.0084589854410165,11.502930185693783,"KALINA: régimen Kalina genuino y admisible, sin fallas."
470.0,300.032917,3000.0,850.0,0.45,1.0,0.85,0.75,0.85,0.85,0.85,337.9594010979967,341.5075826805766,-3.5481815825799004,True,CORREGIBLE,0.0912437707868259,130.15874128390251,"[CORREGIBLE] O2: succión de la bomba bifásica bajo el peor caso de T_amb (riesgo de cavitación) (medido=341.5075826805766, esperado=<= 337.959 K). Causa probable: subenfriamiento insuficiente a la salida del condensador bajo el peor caso ambiental. Sugerencia: aumentar eps_cond o el margen de subenf"
470.0,300.032917,3000.0,1100.0,0.45,1.0,0.85,0.75,0.85,0.85,0.85,347.9968572079161,349.2185386050575,-1.221681397141424,True,CORREGIBLE,0.0739458426523479,105.34499578431225,"[CORREGIBLE] O2: succión de la bomba bifásica bajo el peor caso de T_amb (riesgo de cavitación) (medido=349.2185386050575, esperado=<= 347.997 K). Causa probable: subenfriamiento insuficiente a la salida del condensador bajo el peor caso ambiental. Sugerencia: aumentar eps_cond o el margen de subenf"
470.0,300.032917,3000.0,1450.0,0.45,1.0,0.85,0.75,0.85,0.85,0.85,359.59829300099466,353.6568164796309,5.941476521363768,True,KALINA,0.0542882405803407,77.19841909141432,"KALINA: régimen Kalina genuino y admisible, sin fallas."
470.0,300.032917,3000.0,1850.0,0.45,1.0,0.85,0.75,0.85,0.85,0.85,370.6458396724681,354.5166299755003,16.12920969696785,True,KALINA,0.0364807171062541,51.79092499942779,"KALINA: régimen Kalina genuino y admisible, sin fallas."
470.0,300.032917,3000.0,2400.0,0.45,1.0,0.85,0.75,0.85,0.85,0.85,383.4030954905752,355.4586223954024,27.94447309517284,True,KALINA,0.0170134585643959,24.111413458441696,"KALINA: régimen Kalina genuino y admisible, sin fallas."
470.0,300.032917,3000.0,650.0,0.5,1.0,0.85,0.75,0.85,0.85,0.8,320.12852456274186,333.53881387625745,-13.410289313515593,True,CORREGIBLE,0.1069564362150302,163.57467081532,"[CORREGIBLE] O2: succión de la bomba bifásica bajo el peor caso de T_amb (riesgo de cavitación) (medido=333.53881387625745, esperado=<= 320.129 K). Causa probable: subenfriamiento insuficiente a la salida del condensador bajo el peor caso ambiental. Sugerencia: aumentar eps_cond o el margen de suben"
470.0,300.032917,3000.0,2700.0,0.45,1.0,0.85,0.75,0.85,0.85,0.85,389.5335815035825,355.89269978282806,33.640881720754464,True,KALINA,0.0080673985517999,11.424098844525735,"KALINA: régimen Kalina genuino y admisible, sin fallas."
470.0,300.032917,3000.0,850.0,0.5,1.0,0.85,0.75,0.85,0.85,0.8,329.6201164309105,341.15956208311934,-11.539445652208826,True,CORREGIBLE,0.0913541691401032,139.77032532711553,"[CORREGIBLE] O2: succión de la bomba bifásica bajo el peor caso de T_amb (riesgo de cavitación) (medido=341.15956208311934, esperado=<= 329.620 K). Causa probable: subenfriamiento insuficiente a la salida del condensador bajo el peor caso ambiental. Sugerencia: aumentar eps_cond o el margen de suben"
470.0,300.032917,3000.0,1100.0,0.5,1.0,0.85,0.75,0.85,0.85,0.8,339.4185295403267,348.94170141731735,-9.52317187699066,True,CORREGIBLE,0.0752262106835099,115.07328175059854,"[CORREGIBLE] O2: succión de la bomba bifásica bajo el peor caso de T_amb (riesgo de cavitación) (medido=348.94170141731735, esperado=<= 339.419 K). Causa probable: subenfriamiento insuficiente a la salida del condensador bajo el peor caso ambiental. Sugerencia: aumentar eps_cond o el margen de suben"
470.0,300.032917,3000.0,1450.0,0.5,1.0,0.85,0.75,0.85,0.85,0.8,350.7443945465033,357.83287291403,-7.0884783675267045,True,CORREGIBLE,0.0565984282454806,86.50111809083381,"[CORREGIBLE] O2: succión de la bomba bifásica bajo el peor caso de T_amb (riesgo de cavitación) (medido=357.83287291403, esperado=<= 350.744 K). Causa probable: subenfriamiento insuficiente a la salida del condensador bajo el peor caso ambiental. Sugerencia: aumentar eps_cond o el margen de subenfri"
470.0,300.032917,3000.0,1850.0,0.5,1.0,0.85,0.75,0.85,0.85,0.8,361.53262909147855,366.200728911012,-4.668099819533381,True,CORREGIBLE,0.0389054597730864,59.37466993409292,"[CORREGIBLE] O2: succión de la bomba bifásica bajo el peor caso de T_amb (riesgo de cavitación) (medido=366.20072891101194, esperado=<= 361.533 K). Causa probable: subenfriamiento insuficiente a la salida del condensador bajo el peor caso ambiental. Sugerencia: aumentar eps_cond o el margen de suben"
470.0,300.032917,3000.0,2400.0,0.5,1.0,0.85,0.75,0.85,0.85,0.8,373.9980907890851,375.74904212594765,-1.7509513368625562,True,CORREGIBLE,0.0185631752846254,28.26483660410238,"[CORREGIBLE] O2: succión de la bomba bifásica bajo el peor caso de T_amb (riesgo de cavitación) (medido=375.74904212594765, esperado=<= 373.998 K). Causa probable: subenfriamiento insuficiente a la salida del condensador bajo el peor caso ambiental. Sugerencia: aumentar eps_cond o el margen de suben"
470.0,300.032917,3000.0,2700.0,0.5,1.0,0.85,0.75,0.85,0.85,0.8,379.99274162990736,380.2955160252785,-0.3027743953711592,True,CORREGIBLE,0.0088394411867531,13.441573068198894,"[CORREGIBLE] O2: succión de la bomba bifásica bajo el peor caso de T_amb (riesgo de cavitación) (medido=380.2955160252785, esperado=<= 379.993 K). Causa probable: subenfriamiento insuficiente a la salida del condensador bajo el peor caso ambiental. Sugerencia: aumentar eps_cond o el margen de subenf"
470.0,300.032917,3000.0,650.0,0.5,1.0,0.85,0.75,0.85,0.85,0.85,320.12852456274186,328.5014217857484,-8.372897223006532,True,CORREGIBLE,0.1089650813881671,174.47979053956658,"[CORREGIBLE] O2: succión de la bomba bifásica bajo el peor caso de T_amb (riesgo de cavitación) (medido=328.5014217857484, esperado=<= 320.129 K). Causa probable: subenfriamiento insuficiente a la salida del condensador bajo el peor caso ambiental. Sugerencia: aumentar eps_cond o el margen de subenf"
470.0,300.032917,3000.0,850.0,0.5,1.0,0.85,0.75,0.85,0.85,0.85,329.6201164309105,336.0932076997446,-6.473091268834082,True,CORREGIBLE,0.0925815166265296,148.22423072084695,"[CORREGIBLE] O2: succión de la bomba bifásica bajo el peor caso de T_amb (riesgo de cavitación) (medido=336.0932076997446, esperado=<= 329.620 K). Causa probable: subenfriamiento insuficiente a la salida del condensador bajo el peor caso ambiental. Sugerencia: aumentar eps_cond o el margen de subenf"
470.0,300.032917,3000.0,1100.0,0.5,1.0,0.85,0.75,0.85,0.85,0.85,339.4185295403267,343.8574976178013,-4.4389680774746125,True,CORREGIBLE,0.0756957832098379,121.10629759048032,"[CORREGIBLE] O2: succión de la bomba bifásica bajo el peor caso de T_amb (riesgo de cavitación) (medido=343.8574976178013, esperado=<= 339.419 K). Causa probable: subenfriamiento insuficiente a la salida del condensador bajo el peor caso ambiental. Sugerencia: aumentar eps_cond o el margen de subenf"
470.0,300.032917,3000.0,1450.0,0.5,1.0,0.85,0.75,0.85,0.85,0.85,350.7443945465033,352.7424524098189,-1.998057863315637,True,CORREGIBLE,0.0562464284370898,89.86311768258733,"[CORREGIBLE] O2: succión de la bomba bifásica bajo el peor caso de T_amb (riesgo de cavitación) (medido=352.74245240981895, esperado=<= 350.744 K). Causa probable: subenfriamiento insuficiente a la salida del condensador bajo el peor caso ambiental. Sugerencia: aumentar eps_cond o el margen de suben"
470.0,300.032917,3000.0,1850.0,0.5,1.0,0.85,0.75,0.85,0.85,0.85,361.53262909147855,359.86623626848416,1.6663928229943965,True,KALINA,0.0379018147751675,60.44558551554636,"KALINA: régimen Kalina genuino y admisible, sin fallas."
470.0,300.032917,3000.0,2400.0,0.5,1.0,0.85,0.75,0.85,0.85,0.85,373.9980907890851,360.9340650168962,13.06402577218887,True,KALINA,0.0176903866061232,28.15546143975923,"KALINA: régimen Kalina genuino y admisible, sin fallas."
470.0,300.032917,3000.0,2700.0,0.5,1.0,0.85,0.75,0.85,0.85,0.85,379.99274162990736,361.4267286239471,18.566013005960254,True,KALINA,0.0083916857733354,13.343763158433024,"KALINA: régimen Kalina genuino y admisible, sin fallas."
470.0,300.032917,3000.0,650.0,0.45,1.0,0.85,0.75,0.8,0.85,0.8,328.23709183562494,337.561309330536,-9.324217494911068,True,CORREGIBLE,0.1083110693341694,139.9777789507053,"[CORREGIBLE] O2: succión de la bomba bifásica bajo el peor caso de T_amb (riesgo de cavitación) (medido=337.561309330536, esperado=<= 328.237 K). Causa probable: subenfriamiento insuficiente a la salida del condensador bajo el peor caso ambiental. Sugerencia: aumentar eps_cond o el margen de subenfr"
470.0,300.032917,3000.0,850.0,0.45,1.0,0.85,0.75,0.8,0.85,0.8,337.9594010979967,345.1366006153888,-7.177199517392069,True,CORREGIBLE,0.0923252357022958,119.26626665660932,"[CORREGIBLE] O2: succión de la bomba bifásica bajo el peor caso de T_amb (riesgo de cavitación) (medido=345.1366006153888, esperado=<= 337.959 K). Causa probable: subenfriamiento insuficiente a la salida del condensador bajo el peor caso ambiental. Sugerencia: aumentar eps_cond o el margen de subenf"
470.0,300.032917,3000.0,1100.0,0.45,1.0,0.85,0.75,0.8,0.85,0.8,347.9968572079161,352.8692980666497,-4.872440858733626,True,CORREGIBLE,0.0756851869995845,97.67457281083752,"[CORREGIBLE] O2: succión de la bomba bifásica bajo el peor caso de T_amb (riesgo de cavitación) (medido=352.8692980666497, esperado=<= 347.997 K). Causa probable: subenfriamiento insuficiente a la salida del condensador bajo el peor caso ambiental. Sugerencia: aumentar eps_cond o el margen de subenf"
470.0,300.032917,3000.0,1450.0,0.45,1.0,0.85,0.75,0.8,0.85,0.8,359.59829300099466,361.7004722758749,-2.102179274880257,True,CORREGIBLE,0.0563357476177588,72.57793267685831,"[CORREGIBLE] O2: succión de la bomba bifásica bajo el peor caso de T_amb (riesgo de cavitación) (medido=361.7004722758749, esperado=<= 359.598 K). Causa probable: subenfriamiento insuficiente a la salida del condensador bajo el peor caso ambiental. Sugerencia: aumentar eps_cond o el margen de subenf"
470.0,300.032917,3000.0,1850.0,0.45,1.0,0.85,0.75,0.8,0.85,0.8,370.6458396724681,368.3576191738885,2.2882204985796197,True,KALINA,0.0379569357649129,48.7982928834282,"KALINA: régimen Kalina genuino y admisible, sin fallas."
470.0,300.032917,3000.0,2400.0,0.45,1.0,0.85,0.75,0.8,0.85,0.8,383.4030954905752,369.5638198850978,13.839275605477384,True,KALINA,0.0177099924668547,22.715418966649494,"KALINA: régimen Kalina genuino y admisible, sin fallas."
470.0,300.032917,3000.0,650.0,0.45,1.0,0.85,0.75,0.8,0.85,0.85,328.23709183562494,333.18495186116434,-4.947860025539399,True,CORREGIBLE,0.1079821398576494,144.6015282838947,"[CORREGIBLE] O2: succión de la bomba bifásica bajo el peor caso de T_amb (riesgo de cavitación) (medido=333.18495186116434, esperado=<= 328.237 K). Causa probable: subenfriamiento insuficiente a la salida del condensador bajo el peor caso ambiental. Sugerencia: aumentar eps_cond o el margen de suben"
470.0,300.032917,3000.0,2700.0,0.45,1.0,0.85,0.75,0.8,0.85,0.8,389.5335815035825,370.11962352428606,19.41395797929647,True,KALINA,0.0083992470588708,10.761821356030389,"KALINA: régimen Kalina genuino y admisible, sin fallas."
470.0,300.032917,3000.0,850.0,0.45,1.0,0.85,0.75,0.8,0.85,0.85,337.9594010979967,340.7281840388008,-2.768782940804101,True,CORREGIBLE,0.0911283267357408,121.93201369761138,"[CORREGIBLE] O2: succión de la bomba bifásica bajo el peor caso de T_amb (riesgo de cavitación) (medido=340.7281840388008, esperado=<= 337.959 K). Causa probable: subenfriamiento insuficiente a la salida del condensador bajo el peor caso ambiental. Sugerencia: aumentar eps_cond o el margen de subenf"
470.0,300.032917,3000.0,1100.0,0.45,1.0,0.85,0.75,0.8,0.85,0.85,347.9968572079161,348.4368055015703,-0.4399482936541972,True,CORREGIBLE,0.0736536766786615,98.42071989351636,"[CORREGIBLE] O2: succión de la bomba bifásica bajo el peor caso de T_amb (riesgo de cavitación) (medido=348.4368055015703, esperado=<= 347.997 K). Causa probable: subenfriamiento insuficiente a la salida del condensador bajo el peor caso ambiental. Sugerencia: aumentar eps_cond o el margen de subenf"
470.0,300.032917,3000.0,1450.0,0.45,1.0,0.85,0.75,0.8,0.85,0.85,359.59829300099466,350.60737603605145,8.99091696494321,True,KALINA,0.0540439258060099,72.09777471669601,"KALINA: régimen Kalina genuino y admisible, sin fallas."
470.0,300.032917,3000.0,1850.0,0.45,1.0,0.85,0.75,0.8,0.85,0.85,370.6458396724681,351.4213290152956,19.224510657172573,True,KALINA,0.03630414289143,48.36100908979223,"KALINA: régimen Kalina genuino y admisible, sin fallas."
470.0,300.032917,3000.0,2400.0,0.45,1.0,0.85,0.75,0.8,0.85,0.85,383.4030954905752,352.3126501876666,31.09044530290862,True,KALINA,0.0169240649009737,22.50953979990124,"KALINA: régimen Kalina genuino y admisible, sin fallas."
470.0,300.032917,3000.0,650.0,0.5,1.0,0.85,0.75,0.8,0.85,0.8,320.12852456274186,332.3891801578624,-12.260655595120568,True,CORREGIBLE,0.1076549396418298,155.323995984219,"[CORREGIBLE] O2: succión de la bomba bifásica bajo el peor caso de T_amb (riesgo de cavitación) (medido=332.3891801578624, esperado=<= 320.129 K). Causa probable: subenfriamiento insuficiente a la salida del condensador bajo el peor caso ambiental. Sugerencia: aumentar eps_cond o el margen de subenf"
470.0,300.032917,3000.0,850.0,0.5,1.0,0.85,0.75,0.8,0.85,0.8,329.6201164309105,339.9995007151246,-10.379384284214098,True,CORREGIBLE,0.0920146976691569,132.7967712109758,"[CORREGIBLE] O2: succión de la bomba bifásica bajo el peor caso de T_amb (riesgo de cavitación) (medido=339.9995007151246, esperado=<= 329.620 K). Causa probable: subenfriamiento insuficiente a la salida del condensador bajo el peor caso ambiental. Sugerencia: aumentar eps_cond o el margen de subenf"
470.0,300.032917,3000.0,2700.0,0.45,1.0,0.85,0.75,0.8,0.85,0.85,389.5335815035825,352.7231837626099,36.81039774097263,True,KALINA,0.008023336477712,10.663828139801614,"KALINA: régimen Kalina genuino y admisible, sin fallas."
470.0,300.032917,3000.0,1100.0,0.5,1.0,0.85,0.75,0.8,0.85,0.8,339.4185295403267,347.7750472678269,-8.356517727500204,True,CORREGIBLE,0.0758002108820254,109.36475044498354,"[CORREGIBLE] O2: succión de la bomba bifásica bajo el peor caso de T_amb (riesgo de cavitación) (medido=347.7750472678269, esperado=<= 339.419 K). Causa probable: subenfriamiento insuficiente a la salida del condensador bajo el peor caso ambiental. Sugerencia: aumentar eps_cond o el margen de subenf"
470.0,300.032917,3000.0,1450.0,0.5,1.0,0.85,0.75,0.8,0.85,0.8,350.7443945465033,356.66346954827344,-5.919075001770125,True,CORREGIBLE,0.0570195422349417,82.18772784652738,"[CORREGIBLE] O2: succión de la bomba bifásica bajo el peor caso de T_amb (riesgo de cavitación) (medido=356.66346954827344, esperado=<= 350.744 K). Causa probable: subenfriamiento insuficiente a la salida del condensador bajo el peor caso ambiental. Sugerencia: aumentar eps_cond o el margen de suben"
470.0,300.032917,3000.0,1850.0,0.5,1.0,0.85,0.75,0.8,0.85,0.8,361.53262909147855,365.033166042085,-3.500536950606431,True,CORREGIBLE,0.0391345799716498,56.32414414119855,"[CORREGIBLE] O2: succión de la bomba bifásica bajo el peor caso de T_amb (riesgo de cavitación) (medido=365.033166042085, esperado=<= 361.533 K). Causa probable: subenfriamiento insuficiente a la salida del condensador bajo el peor caso ambiental. Sugerencia: aumentar eps_cond o el margen de subenfr"
470.0,300.032917,3000.0,2400.0,0.5,1.0,0.85,0.75,0.8,0.85,0.8,373.9980907890851,374.5885378242312,-0.5904470351460418,True,CORREGIBLE,0.0185220595219286,26.595799327358563,"[CORREGIBLE] O2: succión de la bomba bifásica bajo el peor caso de T_amb (riesgo de cavitación) (medido=374.58853782423114, esperado=<= 373.998 K). Causa probable: subenfriamiento insuficiente a la salida del condensador bajo el peor caso ambiental. Sugerencia: aumentar eps_cond o el margen de suben"
470.0,300.032917,3000.0,650.0,0.5,1.0,0.85,0.75,0.8,0.85,0.85,320.12852456274186,327.6721477577965,-7.543623195054636,True,CORREGIBLE,0.1093295114654981,164.36724677217114,"[CORREGIBLE] O2: succión de la bomba bifásica bajo el peor caso de T_amb (riesgo de cavitación) (medido=327.6721477577965, esperado=<= 320.129 K). Causa probable: subenfriamiento insuficiente a la salida del condensador bajo el peor caso ambiental. Sugerencia: aumentar eps_cond o el margen de subenf"
470.0,300.032917,3000.0,2700.0,0.5,1.0,0.85,0.75,0.8,0.85,0.8,379.99274162990736,376.8323742213239,3.160367408583454,True,KALINA,0.0087884945541761,12.60397607336916,"KALINA: régimen Kalina genuino y admisible, sin fallas."
470.0,300.032917,3000.0,850.0,0.5,1.0,0.85,0.75,0.8,0.85,0.85,329.6201164309105,335.26056223673095,-5.640445805820434,True,CORREGIBLE,0.0928556403183186,139.5699342121772,"[CORREGIBLE] O2: succión de la bomba bifásica bajo el peor caso de T_amb (riesgo de cavitación) (medido=335.26056223673095, esperado=<= 329.620 K). Causa probable: subenfriamiento insuficiente a la salida del condensador bajo el peor caso ambiental. Sugerencia: aumentar eps_cond o el margen de suben"
470.0,300.032917,3000.0,1100.0,0.5,1.0,0.85,0.75,0.8,0.85,0.85,339.4185295403267,343.0243039503468,-3.605774410020104,True,CORREGIBLE,0.0758316374709583,113.89703960089344,"[CORREGIBLE] O2: succión de la bomba bifásica bajo el peor caso de T_amb (riesgo de cavitación) (medido=343.0243039503468, esperado=<= 339.419 K). Causa probable: subenfriamiento insuficiente a la salida del condensador bajo el peor caso ambiental. Sugerencia: aumentar eps_cond o el margen de subenf"
470.0,300.032917,3000.0,1450.0,0.5,1.0,0.85,0.75,0.8,0.85,0.85,350.7443945465033,351.9119957487754,-1.167601202272067,True,CORREGIBLE,0.0561721250201004,84.24833191277423,"[CORREGIBLE] O2: succión de la bomba bifásica bajo el peor caso de T_amb (riesgo de cavitación) (medido=351.9119957487754, esperado=<= 350.744 K). Causa probable: subenfriamiento insuficiente a la salida del condensador bajo el peor caso ambiental. Sugerencia: aumentar eps_cond o el margen de subenf"
470.0,300.032917,3000.0,1850.0,0.5,1.0,0.85,0.75,0.8,0.85,0.85,361.53262909147855,356.48931398139325,5.043315110085302,True,KALINA,0.0377719282699607,56.556054398473336,"KALINA: régimen Kalina genuino y admisible, sin fallas."
470.0,300.032917,3000.0,2400.0,0.5,1.0,0.85,0.75,0.8,0.85,0.85,373.9980907890851,357.5032383925016,16.494852396583497,True,KALINA,0.0176230154312829,26.339287067122275,"KALINA: régimen Kalina genuino y admisible, sin fallas."
470.0,300.032917,3000.0,2700.0,0.5,1.0,0.85,0.75,0.8,0.85,0.85,379.99274162990736,357.970823632054,22.021917997853336,True,KALINA,0.0083581333478494,12.481862428220415,"KALINA: régimen Kalina genuino y admisible, sin fallas."
470.0,300.032917,3000.0,650.0,0.5,1.0,0.8,0.7,0.8,0.8,0.85,320.12852456274186,327.8039073775793,-7.675382814837462,True,CORREGIBLE,0.1015338944660756,152.90962611469004,"[CORREGIBLE] O2: succión de la bomba bifásica bajo el peor caso de T_amb (riesgo de cavitación) (medido=327.8039073775793, esperado=<= 320.129 K). Causa probable: subenfriamiento insuficiente a la salida del condensador bajo el peor caso ambiental. Sugerencia: aumentar eps_cond o el margen de subenf"
470.0,300.032917,3000.0,850.0,0.5,1.0,0.8,0.7,0.8,0.8,0.85,329.6201164309105,335.37517059692885,-5.75505416601834,True,CORREGIBLE,0.0864440774816061,130.19295530003447,"[CORREGIBLE] O2: succión de la bomba bifásica bajo el peor caso de T_amb (riesgo de cavitación) (medido=335.37517059692885, esperado=<= 329.620 K). Causa probable: subenfriamiento insuficiente a la salida del condensador bajo el peor caso ambiental. Sugerencia: aumentar eps_cond o el margen de suben"
470.0,300.032917,3000.0,1100.0,0.5,1.0,0.8,0.7,0.8,0.8,0.85,339.4185295403267,343.12235574042967,-3.7038262001029807,True,CORREGIBLE,0.0707342835383596,106.47781233932074,"[CORREGIBLE] O2: succión de la bomba bifásica bajo el peor caso de T_amb (riesgo de cavitación) (medido=343.12235574042967, esperado=<= 339.419 K). Causa probable: subenfriamiento insuficiente a la salida del condensador bajo el peor caso ambiental. Sugerencia: aumentar eps_cond o el margen de suben"
470.0,300.032917,3000.0,1450.0,0.5,1.0,0.8,0.7,0.8,0.8,0.85,350.7443945465033,351.9923495275349,-1.2479549810315689,True,CORREGIBLE,0.0524614788630949,78.87345971098172,"[CORREGIBLE] O2: succión de la bomba bifásica bajo el peor caso de T_amb (riesgo de cavitación) (medido=351.9923495275349, esperado=<= 350.744 K). Causa probable: subenfriamiento insuficiente a la salida del condensador bajo el peor caso ambiental. Sugerencia: aumentar eps_cond o el margen de subenf"
470.0,300.032917,3000.0,1850.0,0.5,1.0,0.8,0.7,0.8,0.8,0.85,361.53262909147855,356.7579020970285,4.774726994450077,True,KALINA,0.0352609460991665,52.93055242570783,"KALINA: régimen Kalina genuino y admisible, sin fallas."
470.0,300.032917,3000.0,2400.0,0.5,1.0,0.8,0.7,0.8,0.8,0.85,373.9980907890851,357.7092868052557,16.288803983829382,True,KALINA,0.0164388216265382,24.635154463824197,"KALINA: régimen Kalina genuino y admisible, sin fallas."
470.0,300.032917,3000.0,2700.0,0.5,1.0,0.8,0.7,0.8,0.8,0.85,379.99274162990736,358.1479857482888,21.84475588161854,True,KALINA,0.0077934576757302,11.670496828706591,"KALINA: régimen Kalina genuino y admisible, sin fallas."
470.0,300.032917,3000.0,650.0,0.45,1.0,0.8,0.7,0.8,0.8,0.8,328.23709183562494,337.7650484935249,-9.52795665789995,True,CORREGIBLE,0.1000721739650811,129.6764487584064,"[CORREGIBLE] O2: succión de la bomba bifásica bajo el peor caso de T_amb (riesgo de cavitación) (medido=337.7650484935249, esperado=<= 328.237 K). Causa probable: subenfriamiento insuficiente a la salida del condensador bajo el peor caso ambiental. Sugerencia: aumentar eps_cond o el margen de subenf"
470.0,300.032917,3000.0,850.0,0.45,1.0,0.8,0.7,0.8,0.8,0.8,337.9594010979967,345.3174200804719,-7.358018982475187,True,CORREGIBLE,0.0855714554580902,110.87660238741756,"[CORREGIBLE] O2: succión de la bomba bifásica bajo el peor caso de T_amb (riesgo de cavitación) (medido=345.3174200804719, esperado=<= 337.959 K). Causa probable: subenfriamiento insuficiente a la salida del condensador bajo el peor caso ambiental. Sugerencia: aumentar eps_cond o el margen de subenf"
470.0,300.032917,3000.0,1100.0,0.45,1.0,0.8,0.7,0.8,0.8,0.8,347.9968572079161,353.02777952879376,-5.030922320877664,True,CORREGIBLE,0.0703376147873245,91.07437579351706,"[CORREGIBLE] O2: succión de la bomba bifásica bajo el peor caso de T_amb (riesgo de cavitación) (medido=353.02777952879376, esperado=<= 347.997 K). Causa probable: subenfriamiento insuficiente a la salida del condensador bajo el peor caso ambiental. Sugerencia: aumentar eps_cond o el margen de suben"
470.0,300.032917,3000.0,1450.0,0.45,1.0,0.8,0.7,0.8,0.8,0.8,359.59829300099466,361.8348023324928,-2.236509331498098,True,CORREGIBLE,0.0524679382741412,67.8359294435675,"[CORREGIBLE] O2: succión de la bomba bifásica bajo el peor caso de T_amb (riesgo de cavitación) (medido=361.83480233249276, esperado=<= 359.598 K). Causa probable: subenfriamiento insuficiente a la salida del condensador bajo el peor caso ambiental. Sugerencia: aumentar eps_cond o el margen de suben"
470.0,300.032917,3000.0,1850.0,0.45,1.0,0.8,0.7,0.8,0.8,0.8,370.6458396724681,368.7653621040747,1.8804775683934167,True,KALINA,0.035354780849721,45.622062788930414,"KALINA: régimen Kalina genuino y admisible, sin fallas."
470.0,300.032917,3000.0,2400.0,0.45,1.0,0.8,0.7,0.8,0.8,0.8,383.4030954905752,369.8947103785116,13.508385112063593,True,KALINA,0.016481221687065,21.22129712031453,"KALINA: régimen Kalina genuino y admisible, sin fallas."
470.0,300.032917,3000.0,650.0,0.5,1.0,0.8,0.8,0.8,0.8,0.85,320.12852456274186,327.79941811294486,-7.6708935502030045,True,CORREGIBLE,0.1024594273032231,154.40807552170915,"[CORREGIBLE] O2: succión de la bomba bifásica bajo el peor caso de T_amb (riesgo de cavitación) (medido=327.79941811294486, esperado=<= 320.129 K). Causa probable: subenfriamiento insuficiente a la salida del condensador bajo el peor caso ambiental. Sugerencia: aumentar eps_cond o el margen de suben"
470.0,300.032917,3000.0,2700.0,0.45,1.0,0.8,0.7,0.8,0.8,0.8,389.5335815035825,370.4150162626139,19.11856524096862,True,KALINA,0.0078129550827826,10.05016932326053,"KALINA: régimen Kalina genuino y admisible, sin fallas."
470.0,300.032917,3000.0,850.0,0.5,1.0,0.8,0.8,0.8,0.8,0.85,329.6201164309105,335.3723024868055,-5.752186055894981,True,CORREGIBLE,0.0870471215016277,131.1582752330254,"[CORREGIBLE] O2: succión de la bomba bifásica bajo el peor caso de T_amb (riesgo de cavitación) (medido=335.3723024868055, esperado=<= 329.620 K). Causa probable: subenfriamiento insuficiente a la salida del condensador bajo el peor caso ambiental. Sugerencia: aumentar eps_cond o el margen de subenf"
470.0,300.032917,3000.0,1100.0,0.5,1.0,0.8,0.8,0.8,0.8,0.85,339.4185295403267,343.12061277598923,-3.702083235662542,True,CORREGIBLE,0.0711092115923054,107.0707687934926,"[CORREGIBLE] O2: succión de la bomba bifásica bajo el peor caso de T_amb (riesgo de cavitación) (medido=343.12061277598923, esperado=<= 339.419 K). Causa probable: subenfriamiento insuficiente a la salida del condensador bajo el peor caso ambiental. Sugerencia: aumentar eps_cond o el margen de suben"
470.0,300.032917,3000.0,1450.0,0.5,1.0,0.8,0.8,0.8,0.8,0.85,350.7443945465033,351.99130103026533,-1.246906483762018,True,CORREGIBLE,0.0526937423758952,79.23555249275415,"[CORREGIBLE] O2: succión de la bomba bifásica bajo el peor caso de T_amb (riesgo de cavitación) (medido=351.99130103026533, esperado=<= 350.744 K). Causa probable: subenfriamiento insuficiente a la salida del condensador bajo el peor caso ambiental. Sugerencia: aumentar eps_cond o el margen de suben"
470.0,300.032917,3000.0,1850.0,0.5,1.0,0.8,0.8,0.8,0.8,0.85,361.53262909147855,356.75477128153057,4.777857809947989,True,KALINA,0.0354339311232189,53.196578528677456,"KALINA: régimen Kalina genuino y admisible, sin fallas."
470.0,300.032917,3000.0,2400.0,0.5,1.0,0.8,0.8,0.8,0.8,0.85,373.9980907890851,357.7076384322072,16.290452356877893,True,KALINA,0.0165308360054732,24.774597512404117,"KALINA: régimen Kalina genuino y admisible, sin fallas."
470.0,300.032917,3000.0,2700.0,0.5,1.0,0.8,0.8,0.8,0.8,0.85,379.99274162990736,358.1471580801183,21.84558354978907,True,KALINA,0.0078398701370675,11.740366335731226,"KALINA: régimen Kalina genuino y admisible, sin fallas."
470.0,300.032917,3000.0,650.0,0.45,1.0,0.8,0.8,0.8,0.8,0.8,328.23709183562494,337.7562339267884,-9.519142091163474,True,CORREGIBLE,0.1012681064376791,131.33376951992722,"[CORREGIBLE] O2: succión de la bomba bifásica bajo el peor caso de T_amb (riesgo de cavitación) (medido=337.7562339267884, esperado=<= 328.237 K). Causa probable: subenfriamiento insuficiente a la salida del condensador bajo el peor caso ambiental. Sugerencia: aumentar eps_cond o el margen de subenf"
470.0,300.032917,3000.0,850.0,0.45,1.0,0.8,0.8,0.8,0.8,0.8,337.9594010979967,345.31167812044293,-7.352277022446231,True,CORREGIBLE,0.0863611231303542,111.95960402528968,"[CORREGIBLE] O2: succión de la bomba bifásica bajo el peor caso de T_amb (riesgo de cavitación) (medido=345.31167812044293, esperado=<= 337.959 K). Causa probable: subenfriamiento insuficiente a la salida del condensador bajo el peor caso ambiental. Sugerencia: aumentar eps_cond o el margen de suben"
470.0,300.032917,3000.0,1100.0,0.45,1.0,0.8,0.8,0.8,0.8,0.8,347.9968572079161,353.02426598783586,-5.027408779919767,True,CORREGIBLE,0.0708287865565475,91.7404695755416,"[CORREGIBLE] O2: succión de la bomba bifásica bajo el peor caso de T_amb (riesgo de cavitación) (medido=353.02426598783586, esperado=<= 347.997 K). Causa probable: subenfriamiento insuficiente a la salida del condensador bajo el peor caso ambiental. Sugerencia: aumentar eps_cond o el margen de suben"
470.0,300.032917,3000.0,1450.0,0.45,1.0,0.8,0.8,0.8,0.8,0.8,359.59829300099466,361.8328122523425,-2.23451925134782,True,CORREGIBLE,0.0527523248943792,68.21639809861972,"[CORREGIBLE] O2: succión de la bomba bifásica bajo el peor caso de T_amb (riesgo de cavitación) (medido=361.8328122523425, esperado=<= 359.598 K). Causa probable: subenfriamiento insuficiente a la salida del condensador bajo el peor caso ambiental. Sugerencia: aumentar eps_cond o el margen de subenf"
470.0,300.032917,3000.0,1850.0,0.45,1.0,0.8,0.8,0.8,0.8,0.8,370.6458396724681,368.7604487042437,1.8853909682243848,True,KALINA,0.0355543436819266,45.88553644327354,"KALINA: régimen Kalina genuino y admisible, sin fallas."
470.0,300.032917,3000.0,2400.0,0.45,1.0,0.8,0.8,0.8,0.8,0.8,383.4030954905752,369.89212849259576,13.510966997979438,True,KALINA,0.0165873504252479,21.359402779452022,"KALINA: régimen Kalina genuino y admisible, sin fallas."
470.0,300.032917,3000.0,2700.0,0.45,1.0,0.8,0.8,0.8,0.8,0.8,389.5335815035825,370.413721018414,19.119860485168545,True,KALINA,0.0078664821217806,10.119368812707751,"KALINA: régimen Kalina genuino y admisible, sin fallas."
470.0,300.032917,3000.0,650.0,0.5,1.0,0.9,0.7,0.8,0.8,0.85,320.12852456274186,327.629374714749,-7.50085015200716,True,CORREGIBLE,0.1152421100147172,173.81927599218682,"[CORREGIBLE] O2: succión de la bomba bifásica bajo el peor caso de T_amb (riesgo de cavitación) (medido=327.629374714749, esperado=<= 320.129 K). Causa probable: subenfriamiento insuficiente a la salida del condensador bajo el peor caso ambiental. Sugerencia: aumentar eps_cond o el margen de subenfr"
470.0,300.032917,3000.0,850.0,0.5,1.0,0.9,0.7,0.8,0.8,0.85,329.6201164309105,335.2314357400152,-5.611319309104658,True,CORREGIBLE,0.097877399677703,147.59494183660797,"[CORREGIBLE] O2: succión de la bomba bifásica bajo el peor caso de T_amb (riesgo de cavitación) (medido=335.2314357400152, esperado=<= 329.620 K). Causa probable: subenfriamiento insuficiente a la salida del condensador bajo el peor caso ambiental. Sugerencia: aumentar eps_cond o el margen de subenf"
470.0,300.032917,3000.0,1100.0,0.5,1.0,0.9,0.7,0.8,0.8,0.85,339.4185295403267,343.0084328872763,-3.5899033469495976,True,CORREGIBLE,0.0799364188594672,120.44633955898372,"[CORREGIBLE] O2: succión de la bomba bifásica bajo el peor caso de T_amb (riesgo de cavitación) (medido=343.0084328872763, esperado=<= 339.419 K). Causa probable: subenfriamiento insuficiente a la salida del condensador bajo el peor caso ambiental. Sugerencia: aumentar eps_cond o el margen de subenf"
470.0,300.032917,3000.0,1450.0,0.5,1.0,0.9,0.7,0.8,0.8,0.85,350.7443945465033,351.91038505780955,-1.1659905113062337,True,CORREGIBLE,0.0592182979315637,89.09327546098642,"[CORREGIBLE] O2: succión de la bomba bifásica bajo el peor caso de T_amb (riesgo de cavitación) (medido=351.91038505780955, esperado=<= 350.744 K). Causa probable: subenfriamiento insuficiente a la salida del condensador bajo el peor caso ambiental. Sugerencia: aumentar eps_cond o el margen de suben"
470.0,300.032917,3000.0,1850.0,0.5,1.0,0.9,0.7,0.8,0.8,0.85,361.53262909147855,356.534362186511,4.998266904967579,True,KALINA,0.0398239511657852,59.80768585221668,"KALINA: régimen Kalina genuino y admisible, sin fallas."
470.0,300.032917,3000.0,2400.0,0.5,1.0,0.9,0.7,0.8,0.8,0.85,373.9980907890851,357.6047617576497,16.39332903143537,True,KALINA,0.0185819879621027,27.85291439270202,"KALINA: régimen Kalina genuino y admisible, sin fallas."
470.0,300.032917,3000.0,2700.0,0.5,1.0,0.9,0.7,0.8,0.8,0.85,379.99274162990736,358.09834830586817,21.894393324039186,True,KALINA,0.0088132350077643,13.198942641518997,"KALINA: régimen Kalina genuino y admisible, sin fallas."
470.0,300.032917,3000.0,650.0,0.45,1.0,0.9,0.7,0.8,0.8,0.8,328.23709183562494,337.5324746023503,-9.295382766725368,True,CORREGIBLE,0.1139250953743641,147.9151635741955,"[CORREGIBLE] O2: succión de la bomba bifásica bajo el peor caso de T_amb (riesgo de cavitación) (medido=337.5324746023503, esperado=<= 328.237 K). Causa probable: subenfriamiento insuficiente a la salida del condensador bajo el peor caso ambiental. Sugerencia: aumentar eps_cond o el margen de subenf"
470.0,300.032917,3000.0,850.0,0.45,1.0,0.9,0.7,0.8,0.8,0.8,337.9594010979967,345.12475363765355,-7.165352539656851,True,CORREGIBLE,0.0971156293924525,126.03332760363855,"[CORREGIBLE] O2: succión de la bomba bifásica bajo el peor caso de T_amb (riesgo de cavitación) (medido=345.12475363765355, esperado=<= 337.959 K). Causa probable: subenfriamiento insuficiente a la salida del condensador bajo el peor caso ambiental. Sugerencia: aumentar eps_cond o el margen de suben"
470.0,300.032917,3000.0,1100.0,0.45,1.0,0.9,0.7,0.8,0.8,0.8,347.9968572079161,352.8741164910181,-4.877259283102035,True,CORREGIBLE,0.0796222213393837,103.2236680911233,"[CORREGIBLE] O2: succión de la bomba bifásica bajo el peor caso de T_amb (riesgo de cavitación) (medido=352.8741164910181, esperado=<= 347.997 K). Causa probable: subenfriamiento insuficiente a la salida del condensador bajo el peor caso ambiental. Sugerencia: aumentar eps_cond o el margen de subenf"
470.0,300.032917,3000.0,1450.0,0.45,1.0,0.9,0.7,0.8,0.8,0.8,359.59829300099466,361.7234264531925,-2.125133452197872,True,CORREGIBLE,0.0592807251562085,76.71166598019963,"[CORREGIBLE] O2: succión de la bomba bifásica bajo el peor caso de T_amb (riesgo de cavitación) (medido=361.72342645319253, esperado=<= 359.598 K). Causa probable: subenfriamiento insuficiente a la salida del condensador bajo el peor caso ambiental. Sugerencia: aumentar eps_cond o el margen de suben"
470.0,300.032917,3000.0,1850.0,0.45,1.0,0.9,0.7,0.8,0.8,0.8,370.6458396724681,368.49874912165865,2.14709055080948,True,KALINA,0.0399503993265416,51.58242695484302,"KALINA: régimen Kalina genuino y admisible, sin fallas."
470.0,300.032917,3000.0,2400.0,0.45,1.0,0.9,0.7,0.8,0.8,0.8,383.4030954905752,369.770050587042,13.633044903533175,True,KALINA,0.0186425674549277,24.010843028387523,"KALINA: régimen Kalina genuino y admisible, sin fallas."
470.0,300.032917,3000.0,650.0,0.5,1.0,0.9,0.8,0.8,0.8,0.85,320.12852456274186,327.6250584870008,-7.496533924258927,True,CORREGIBLE,0.1161280754907312,175.2705617544222,"[CORREGIBLE] O2: succión de la bomba bifásica bajo el peor caso de T_amb (riesgo de cavitación) (medido=327.6250584870008, esperado=<= 320.129 K). Causa probable: subenfriamiento insuficiente a la salida del condensador bajo el peor caso ambiental. Sugerencia: aumentar eps_cond o el margen de subenf"
470.0,300.032917,3000.0,2700.0,0.45,1.0,0.9,0.7,0.8,0.8,0.8,389.5335815035825,370.3558208588578,19.177760644724685,True,KALINA,0.0088420088450669,11.375371987294733,"KALINA: régimen Kalina genuino y admisible, sin fallas."
470.0,300.032917,3000.0,850.0,0.5,1.0,0.9,0.8,0.8,0.8,0.85,329.6201164309105,335.2286645906584,-5.608548159747897,True,CORREGIBLE,0.0984580049944127,148.53331717919897,"[CORREGIBLE] O2: succión de la bomba bifásica bajo el peor caso de T_amb (riesgo de cavitación) (medido=335.2286645906584, esperado=<= 329.620 K). Causa probable: subenfriamiento insuficiente a la salida del condensador bajo el peor caso ambiental. Sugerencia: aumentar eps_cond o el margen de subenf"
470.0,300.032917,3000.0,1100.0,0.5,1.0,0.9,0.8,0.8,0.8,0.85,339.4185295403267,343.0067346758074,-3.5882051354807345,True,CORREGIBLE,0.0803007559758771,121.02694035486186,"[CORREGIBLE] O2: succión de la bomba bifásica bajo el peor caso de T_amb (riesgo de cavitación) (medido=343.0067346758074, esperado=<= 339.419 K). Causa probable: subenfriamiento insuficiente a la salida del condensador bajo el peor caso ambiental. Sugerencia: aumentar eps_cond o el margen de subenf"
470.0,300.032917,3000.0,1450.0,0.5,1.0,0.9,0.8,0.8,0.8,0.85,350.7443945465033,351.90934610152,-1.1649515550166711,True,CORREGIBLE,0.0594480415121111,89.45340304630686,"[CORREGIBLE] O2: succión de la bomba bifásica bajo el peor caso de T_amb (riesgo de cavitación) (medido=351.90934610152, esperado=<= 350.744 K). Causa probable: subenfriamiento insuficiente a la salida del condensador bajo el peor caso ambiental. Sugerencia: aumentar eps_cond o el margen de subenfri"
470.0,300.032917,3000.0,1850.0,0.5,1.0,0.9,0.8,0.8,0.8,0.85,361.53262909147855,356.5312377316498,5.0013913598287445,True,KALINA,0.0399961097544965,60.07340459116115,"KALINA: régimen Kalina genuino y admisible, sin fallas."
470.0,300.032917,3000.0,2400.0,0.5,1.0,0.9,0.8,0.8,0.8,0.85,373.9980907890851,357.6031149421093,16.394975846975797,True,KALINA,0.0186737983982544,27.99228207085662,"KALINA: régimen Kalina genuino y admisible, sin fallas."
470.0,300.032917,3000.0,2700.0,0.5,1.0,0.9,0.8,0.8,0.8,0.85,379.99274162990736,358.0975210080834,21.895220621823967,True,KALINA,0.008859598793644,13.268794211629798,"KALINA: régimen Kalina genuino y admisible, sin fallas."
470.0,300.032917,3000.0,650.0,0.45,1.0,0.9,0.8,0.8,0.8,0.8,328.23709183562494,337.52401540440223,-9.286923568777295,True,CORREGIBLE,0.1150656053156818,149.51406393877804,"[CORREGIBLE] O2: succión de la bomba bifásica bajo el peor caso de T_amb (riesgo de cavitación) (medido=337.52401540440223, esperado=<= 328.237 K). Causa probable: subenfriamiento insuficiente a la salida del condensador bajo el peor caso ambiental. Sugerencia: aumentar eps_cond o el margen de suben"
470.0,300.032917,3000.0,850.0,0.45,1.0,0.9,0.8,0.8,0.8,0.8,337.9594010979967,345.1192192959675,-7.1598181979708215,True,CORREGIBLE,0.0978729185349187,127.08182479746196,"[CORREGIBLE] O2: succión de la bomba bifásica bajo el peor caso de T_amb (riesgo de cavitación) (medido=345.1192192959675, esperado=<= 337.959 K). Causa probable: subenfriamiento insuficiente a la salida del condensador bajo el peor caso ambiental. Sugerencia: aumentar eps_cond o el margen de subenf"
470.0,300.032917,3000.0,1100.0,0.45,1.0,0.9,0.8,0.8,0.8,0.8,347.9968572079161,352.87070578772216,-4.873848579806065,True,CORREGIBLE,0.0800972393949726,103.8727020558313,"[CORREGIBLE] O2: succión de la bomba bifásica bajo el peor caso de T_amb (riesgo de cavitación) (medido=352.87070578772216, esperado=<= 347.997 K). Causa probable: subenfriamiento insuficiente a la salida del condensador bajo el peor caso ambiental. Sugerencia: aumentar eps_cond o el margen de suben"
470.0,300.032917,3000.0,1450.0,0.45,1.0,0.9,0.8,0.8,0.8,0.8,359.59829300099466,361.7214647336404,-2.123171732645744,True,CORREGIBLE,0.0595603386354958,77.08777496097117,"[CORREGIBLE] O2: succión de la bomba bifásica bajo el peor caso de T_amb (riesgo de cavitación) (medido=361.7214647336404, esperado=<= 359.598 K). Causa probable: subenfriamiento insuficiente a la salida del condensador bajo el peor caso ambiental. Sugerencia: aumentar eps_cond o el margen de subenf"
470.0,300.032917,3000.0,1850.0,0.45,1.0,0.9,0.8,0.8,0.8,0.8,370.6458396724681,368.4938434676296,2.1519962048385537,True,KALINA,0.0401490167592171,51.84559527905944,"KALINA: régimen Kalina genuino y admisible, sin fallas."
470.0,300.032917,3000.0,2400.0,0.45,1.0,0.9,0.8,0.8,0.8,0.8,383.4030954905752,369.76747059622727,13.635624894347927,True,KALINA,0.0187484622547159,24.14887372608427,"KALINA: régimen Kalina genuino y admisible, sin fallas."
470.0,300.032917,2800.0,650.0,0.5,1.0,0.85,0.75,0.8,0.8,0.85,320.12852456274186,328.5006084746206,-8.372083911878747,True,CORREGIBLE,0.1039838482046095,165.56808373346388,"[CORREGIBLE] O2: succión de la bomba bifásica bajo el peor caso de T_amb (riesgo de cavitación) (medido=328.5006084746206, esperado=<= 320.129 K). Causa probable: subenfriamiento insuficiente a la salida del condensador bajo el peor caso ambiental. Sugerencia: aumentar eps_cond o el margen de subenf"
470.0,300.032917,3000.0,2700.0,0.45,1.0,0.9,0.8,0.8,0.8,0.8,389.5335815035825,370.3545260619003,19.17905544168224,True,KALINA,0.0088954799867164,11.444553627559406,"KALINA: régimen Kalina genuino y admisible, sin fallas."
470.0,300.032917,2800.0,850.0,0.5,1.0,0.85,0.75,0.8,0.8,0.85,329.6201164309105,336.09216700670146,-6.472050575790945,True,CORREGIBLE,0.087532311853657,139.35431063769113,"[CORREGIBLE] O2: succión de la bomba bifásica bajo el peor caso de T_amb (riesgo de cavitación) (medido=336.09216700670146, esperado=<= 329.620 K). Causa probable: subenfriamiento insuficiente a la salida del condensador bajo el peor caso ambiental. Sugerencia: aumentar eps_cond o el margen de suben"
470.0,300.032917,2800.0,1100.0,0.5,1.0,0.85,0.75,0.8,0.8,0.85,339.4185295403267,343.8566777556468,-4.438148215320098,True,CORREGIBLE,0.0705698547445011,112.27588545260156,"[CORREGIBLE] O2: succión de la bomba bifásica bajo el peor caso de T_amb (riesgo de cavitación) (medido=343.8566777556468, esperado=<= 339.419 K). Causa probable: subenfriamiento insuficiente a la salida del condensador bajo el peor caso ambiental. Sugerencia: aumentar eps_cond o el margen de subenf"
470.0,300.032917,2800.0,1450.0,0.5,1.0,0.85,0.75,0.8,0.8,0.85,350.7443945465033,352.74239983717274,-1.9980052906694252,True,CORREGIBLE,0.0510242846283982,81.07095932024659,"[CORREGIBLE] O2: succión de la bomba bifásica bajo el peor caso de T_amb (riesgo de cavitación) (medido=352.74239983717274, esperado=<= 350.744 K). Causa probable: subenfriamiento insuficiente a la salida del condensador bajo el peor caso ambiental. Sugerencia: aumentar eps_cond o el margen de suben"
470.0,300.032917,2800.0,1850.0,0.5,1.0,0.85,0.75,0.8,0.8,0.85,361.53262909147855,359.87058324945355,1.6620458420250088,True,KALINA,0.0325820266578238,51.67995204983505,"KALINA: régimen Kalina genuino y admisible, sin fallas."
470.0,300.032917,2800.0,2400.0,0.5,1.0,0.85,0.75,0.8,0.8,0.85,373.9980907890851,360.9439603255328,13.054130463552326,True,KALINA,0.0122579742078995,19.405520187092044,"KALINA: régimen Kalina genuino y admisible, sin fallas."
470.0,300.032917,2800.0,2520.0,0.5,1.0,0.85,0.75,0.8,0.8,0.85,376.4531176420654,361.1484126759124,15.304704966153054,True,KALINA,0.0083951073938665,13.285449963505831,"KALINA: régimen Kalina genuino y admisible, sin fallas."
470.0,300.032917,2800.0,650.0,0.45,1.0,0.85,0.75,0.8,0.8,0.8,328.23709183562494,339.48601924359275,-11.248927407967813,True,CORREGIBLE,0.1025496177405118,146.36989381123269,"[CORREGIBLE] O2: succión de la bomba bifásica bajo el peor caso de T_amb (riesgo de cavitación) (medido=339.48601924359275, esperado=<= 328.237 K). Causa probable: subenfriamiento insuficiente a la salida del condensador bajo el peor caso ambiental. Sugerencia: aumentar eps_cond o el margen de suben"
470.0,300.032917,2800.0,850.0,0.45,1.0,0.85,0.75,0.8,0.8,0.8,337.9594010979967,347.0813503040401,-9.121949206043382,True,CORREGIBLE,0.0866561751337314,123.65199283482552,"[CORREGIBLE] O2: succión de la bomba bifásica bajo el peor caso de T_amb (riesgo de cavitación) (medido=347.0813503040401, esperado=<= 337.959 K). Causa probable: subenfriamiento insuficiente a la salida del condensador bajo el peor caso ambiental. Sugerencia: aumentar eps_cond o el margen de subenf"
470.0,300.032917,2800.0,1100.0,0.45,1.0,0.85,0.75,0.8,0.8,0.8,347.9968572079161,354.82930391268013,-6.832446704764038,True,CORREGIBLE,0.0701866025833858,100.07031265104212,"[CORREGIBLE] O2: succión de la bomba bifásica bajo el peor caso de T_amb (riesgo de cavitación) (medido=354.82930391268013, esperado=<= 347.997 K). Causa probable: subenfriamiento insuficiente a la salida del condensador bajo el peor caso ambiental. Sugerencia: aumentar eps_cond o el margen de suben"
470.0,300.032917,2800.0,1450.0,0.45,1.0,0.85,0.75,0.8,0.8,0.8,359.59829300099466,363.6716711757606,-4.073378174765935,True,CORREGIBLE,0.0511177858812376,72.77154523030009,"[CORREGIBLE] O2: succión de la bomba bifásica bajo el peor caso de T_amb (riesgo de cavitación) (medido=363.6716711757606, esperado=<= 359.598 K). Causa probable: subenfriamiento insuficiente a la salida del condensador bajo el peor caso ambiental. Sugerencia: aumentar eps_cond o el margen de subenf"
470.0,300.032917,2800.0,1850.0,0.45,1.0,0.85,0.75,0.8,0.8,0.8,370.6458396724681,371.9845381005185,-1.3386984280504066,True,CORREGIBLE,0.0329639765047724,46.83548123253127,"[CORREGIBLE] O2: succión de la bomba bifásica bajo el peor caso de T_amb (riesgo de cavitación) (medido=371.98453810051853, esperado=<= 370.646 K). Causa probable: subenfriamiento insuficiente a la salida del condensador bajo el peor caso ambiental. Sugerencia: aumentar eps_cond o el margen de suben"
470.0,300.032917,2800.0,2400.0,0.45,1.0,0.85,0.75,0.8,0.8,0.8,383.4030954905752,376.68075858953085,6.722336901044344,True,KALINA,0.0124145381171265,17.593438874083752,"KALINA: régimen Kalina genuino y admisible, sin fallas."
470.0,300.032917,3300.0,650.0,0.5,1.0,0.85,0.75,0.8,0.8,0.85,320.12852456274186,326.2322689988199,-6.1037444360780455,True,CORREGIBLE,0.1153888132980721,154.29419634263587,"[CORREGIBLE] O2: succión de la bomba bifásica bajo el peor caso de T_amb (riesgo de cavitación) (medido=326.2322689988199, esperado=<= 320.129 K). Causa probable: subenfriamiento insuficiente a la salida del condensador bajo el peor caso ambiental. Sugerencia: aumentar eps_cond o el margen de subenf"
470.0,300.032917,2800.0,2520.0,0.45,1.0,0.85,0.75,0.8,0.8,0.8,385.91416965121095,376.93352076535376,8.980648885857192,True,KALINA,0.0085030225600211,12.0443403685395,"KALINA: régimen Kalina genuino y admisible, sin fallas."
470.0,300.032917,3300.0,850.0,0.5,1.0,0.85,0.75,0.8,0.8,0.85,329.6201164309105,333.81431780916563,-4.194201378255116,True,CORREGIBLE,0.098995558932379,132.3261151024843,"[CORREGIBLE] O2: succión de la bomba bifásica bajo el peor caso de T_amb (riesgo de cavitación) (medido=333.81431780916563, esperado=<= 329.620 K). Causa probable: subenfriamiento insuficiente a la salida del condensador bajo el peor caso ambiental. Sugerencia: aumentar eps_cond o el margen de suben"
470.0,300.032917,3300.0,1100.0,0.5,1.0,0.85,0.75,0.8,0.8,0.85,339.4185295403267,341.5757625186838,-2.157232978357115,True,CORREGIBLE,0.0819598153427683,109.45471248038382,"[CORREGIBLE] O2: succión de la bomba bifásica bajo el peor caso de T_amb (riesgo de cavitación) (medido=341.5757625186838, esperado=<= 339.419 K). Causa probable: subenfriamiento insuficiente a la salida del condensador bajo el peor caso ambiental. Sugerencia: aumentar eps_cond o el margen de subenf"
470.0,300.032917,3300.0,1450.0,0.5,1.0,0.85,0.75,0.8,0.8,0.85,350.7443945465033,349.56711578274013,1.1772787637631836,True,KALINA,0.062260360337745,83.01338230794889,"KALINA: régimen Kalina genuino y admisible, sin fallas."
470.0,300.032917,3300.0,1850.0,0.5,1.0,0.85,0.75,0.8,0.8,0.85,361.53262909147855,350.38153470277496,11.151094388703598,True,KALINA,0.0442521326623865,58.91150520359103,"KALINA: régimen Kalina genuino y admisible, sin fallas."
470.0,300.032917,3300.0,2400.0,0.5,1.0,0.85,0.75,0.8,0.8,0.85,373.9980907890851,351.27354264624137,22.72454814284373,True,KALINA,0.0245820573076676,32.67165454602703,"KALINA: régimen Kalina genuino y admisible, sin fallas."
470.0,300.032917,3300.0,2700.0,0.5,1.0,0.85,0.75,0.8,0.8,0.85,379.99274162990736,351.6844747446612,28.308266885246155,True,KALINA,0.0155497028430246,20.651693705321875,"KALINA: régimen Kalina genuino y admisible, sin fallas."
470.0,300.032917,3300.0,650.0,0.45,1.0,0.85,0.75,0.8,0.8,0.8,328.23709183562494,335.5723384506938,-7.335246615068854,True,CORREGIBLE,0.1138438567048632,130.51358587927098,"[CORREGIBLE] O2: succión de la bomba bifásica bajo el peor caso de T_amb (riesgo de cavitación) (medido=335.5723384506938, esperado=<= 328.237 K). Causa probable: subenfriamiento insuficiente a la salida del condensador bajo el peor caso ambiental. Sugerencia: aumentar eps_cond o el margen de subenf"
470.0,300.032917,3300.0,850.0,0.45,1.0,0.85,0.75,0.8,0.8,0.8,337.9594010979967,343.1257735371657,-5.166372439168981,True,CORREGIBLE,0.097976034388816,112.25368227249793,"[CORREGIBLE] O2: succión de la bomba bifásica bajo el peor caso de T_amb (riesgo de cavitación) (medido=343.1257735371657, esperado=<= 337.959 K). Causa probable: subenfriamiento insuficiente a la salida del condensador bajo el peor caso ambiental. Sugerencia: aumentar eps_cond o el margen de subenf"
470.0,300.032917,3300.0,1100.0,0.45,1.0,0.85,0.75,0.8,0.8,0.8,347.9968572079161,350.84146714336043,-2.844609935444339,True,CORREGIBLE,0.081347115111858,93.09045556629805,"[CORREGIBLE] O2: succión de la bomba bifásica bajo el peor caso de T_amb (riesgo de cavitación) (medido=350.84146714336043, esperado=<= 347.997 K). Causa probable: subenfriamiento insuficiente a la salida del condensador bajo el peor caso ambiental. Sugerencia: aumentar eps_cond o el margen de suben"
470.0,300.032917,3300.0,1450.0,0.45,1.0,0.85,0.75,0.8,0.8,0.8,359.59829300099466,359.6593959263151,-0.0611029253204264,True,CORREGIBLE,0.061916893390948,70.71502163534728,"[CORREGIBLE] O2: succión de la bomba bifásica bajo el peor caso de T_amb (riesgo de cavitación) (medido=359.6593959263151, esperado=<= 359.598 K). Causa probable: subenfriamiento insuficiente a la salida del condensador bajo el peor caso ambiental. Sugerencia: aumentar eps_cond o el margen de subenf"
470.0,300.032917,3300.0,1850.0,0.45,1.0,0.85,0.75,0.8,0.8,0.8,370.6458396724681,360.786685947396,9.859153725072131,True,KALINA,0.0440041212942238,50.158232400083264,"KALINA: régimen Kalina genuino y admisible, sin fallas."
470.0,300.032917,3300.0,2400.0,0.45,1.0,0.85,0.75,0.8,0.8,0.8,383.4030954905752,361.8380085170213,21.565086973553942,True,KALINA,0.0244393132246963,27.798757995657127,"KALINA: régimen Kalina genuino y admisible, sin fallas."
470.0,300.032917,3300.0,2700.0,0.45,1.0,0.85,0.75,0.8,0.8,0.8,389.5335815035825,362.3218712036603,27.21171029992223,True,KALINA,0.015457284413721,17.565437441818048,"KALINA: régimen Kalina genuino y admisible, sin fallas."
470.0,300.032917,3000.0,1327.5,0.4,1.0,0.85,0.75,0.8,0.8,0.8,365.5356691641773,360.3727814223685,5.162887741808731,True,KALINA,0.05955388873313,67.50707689196737,"KALINA: régimen Kalina genuino y admisible, sin fallas."
470.0,300.032917,3000.0,1222.5,0.4,1.0,0.85,0.75,0.8,0.8,0.8,361.98310423935214,360.06066144258926,1.92244279676288,True,KALINA,0.0653306656605615,74.10177119034148,"KALINA: régimen Kalina genuino y admisible, sin fallas."
470.0,300.032917,3000.0,1590.0,0.4,1.0,0.85,0.75,0.8,0.8,0.75,373.6172974392021,374.5712508547268,-0.9539534155247223,True,CORREGIBLE,0.0488712523832411,53.38415092126322,"[CORREGIBLE] O2: succión de la bomba bifásica bajo el peor caso de T_amb (riesgo de cavitación) (medido=374.5712508547268, esperado=<= 373.617 K). Causa probable: subenfriamiento insuficiente a la salida del condensador bajo el peor caso ambiental. Sugerencia: aumentar eps_cond o el margen de subenf"
470.0,300.032917,3000.0,1710.0,0.4,1.0,0.85,0.75,0.8,0.8,0.75,376.9994258206178,377.0526048187058,-0.0531789980880716,True,CORREGIBLE,0.0434139394830166,47.38639914591826,"[CORREGIBLE] O2: succión de la bomba bifásica bajo el peor caso de T_amb (riesgo de cavitación) (medido=377.05260481870584, esperado=<= 376.999 K). Causa probable: subenfriamiento insuficiente a la salida del condensador bajo el peor caso ambiental. Sugerencia: aumentar eps_cond o el margen de suben"
470.0,300.032917,3000.0,702.5,0.4,1.0,0.85,0.75,0.8,0.8,0.85,340.10175285716025,341.0358129412458,-0.9340600840855586,True,CORREGIBLE,0.0989759212928843,116.19915301883871,"[CORREGIBLE] O2: succión de la bomba bifásica bajo el peor caso de T_amb (riesgo de cavitación) (medido=341.0358129412458, esperado=<= 340.102 K). Causa probable: subenfriamiento insuficiente a la salida del condensador bajo el peor caso ambiental. Sugerencia: aumentar eps_cond o el margen de subenf"
470.0,300.032917,3000.0,747.5,0.4,1.0,0.85,0.75,0.8,0.8,0.85,342.39386215111256,342.7657085958716,-0.3718464447590577,True,CORREGIBLE,0.0950238074203134,111.52458008685956,"[CORREGIBLE] O2: succión de la bomba bifásica bajo el peor caso de T_amb (riesgo de cavitación) (medido=342.7657085958716, esperado=<= 342.394 K). Causa probable: subenfriamiento insuficiente a la salida del condensador bajo el peor caso ambiental. Sugerencia: aumentar eps_cond o el margen de subenf"
470.0,300.032917,3000.0,2042.5,0.425,1.0,0.85,0.75,0.8,0.8,0.75,380.3626874116244,380.98187148368254,-0.6191840720581467,True,CORREGIBLE,0.0308304827358629,35.92425768895698,"[CORREGIBLE] O2: succión de la bomba bifásica bajo el peor caso de T_amb (riesgo de cavitación) (medido=380.98187148368254, esperado=<= 380.363 K). Causa probable: subenfriamiento insuficiente a la salida del condensador bajo el peor caso ambiental. Sugerencia: aumentar eps_cond o el margen de suben"
470.0,300.032917,3000.0,2207.5,0.425,1.0,0.85,0.75,0.8,0.8,0.75,384.2204888946493,382.8551997912897,1.3652891033595438,True,KALINA,0.0246824659448823,28.734475203959875,"KALINA: régimen Kalina genuino y admisible, sin fallas."
470.0,300.032917,3000.0,1327.5,0.425,1.0,0.85,0.75,0.8,0.8,0.8,360.5474743465743,361.4664693515628,-0.9189950049885168,True,CORREGIBLE,0.0611763045722659,74.3384842281904,"[CORREGIBLE] O2: succión de la bomba bifásica bajo el peor caso de T_amb (riesgo de cavitación) (medido=361.4664693515628, esperado=<= 360.547 K). Causa probable: subenfriamiento insuficiente a la salida del condensador bajo el peor caso ambiental. Sugerencia: aumentar eps_cond o el margen de subenf"
470.0,300.032917,3000.0,1222.5,0.425,1.0,0.85,0.75,0.8,0.8,0.8,357.03726469496144,358.83413109133767,-1.796866396376231,True,CORREGIBLE,0.0670281799875897,81.50123209606983,"[CORREGIBLE] O2: succión de la bomba bifásica bajo el peor caso de T_amb (riesgo de cavitación) (medido=358.83413109133767, esperado=<= 357.037 K). Causa probable: subenfriamiento insuficiente a la salida del condensador bajo el peor caso ambiental. Sugerencia: aumentar eps_cond o el margen de suben"
470.0,300.032917,3000.0,937.5,0.425,1.0,0.85,0.75,0.8,0.8,0.85,346.27259520153,346.45665311271983,-0.184057911189825,True,CORREGIBLE,0.0823507367229449,103.68849304508456,"[CORREGIBLE] O2: succión de la bomba bifásica bajo el peor caso de T_amb (riesgo de cavitación) (medido=346.45665311271983, esperado=<= 346.273 K). Causa probable: subenfriamiento insuficiente a la salida del condensador bajo el peor caso ambiental. Sugerencia: aumentar eps_cond o el margen de suben"
470.0,300.032917,3000.0,1012.5,0.425,1.0,0.85,0.75,0.8,0.8,0.85,349.31172239527444,347.1994853320252,2.1122370632492675,True,KALINA,0.07717719047502,97.13285878691472,"KALINA: régimen Kalina genuino y admisible, sin fallas."
470.0,300.032917,3000.0,2505.0,0.45,1.0,0.85,0.75,0.8,0.8,0.75,385.60477353836063,386.2503370322044,-0.6455634938437242,True,CORREGIBLE,0.0150040355170019,18.539070693876337,"[CORREGIBLE] O2: succión de la bomba bifásica bajo el peor caso de T_amb (riesgo de cavitación) (medido=386.25033703220436, esperado=<= 385.605 K). Causa probable: subenfriamiento insuficiente a la salida del condensador bajo el peor caso ambiental. Sugerencia: aumentar eps_cond o el margen de suben"
470.0,300.032917,3000.0,2595.0,0.45,1.0,0.85,0.75,0.8,0.8,0.75,387.44277395174726,387.6018446537386,-0.1590707019913679,True,CORREGIBLE,0.0120848332882441,14.925429369899591,"[CORREGIBLE] O2: succión de la bomba bifásica bajo el peor caso de T_amb (riesgo de cavitación) (medido=387.6018446537386, esperado=<= 387.443 K). Causa probable: subenfriamiento insuficiente a la salida del condensador bajo el peor caso ambiental. Sugerencia: aumentar eps_cond o el margen de subenf"
470.0,300.032917,3000.0,1590.0,0.45,1.0,0.85,0.75,0.8,0.8,0.8,363.6828369247427,364.8602164584887,-1.1773795337460342,True,CORREGIBLE,0.0492410168902709,63.6505418218313,"[CORREGIBLE] O2: succión de la bomba bifásica bajo el peor caso de T_amb (riesgo de cavitación) (medido=364.8602164584887, esperado=<= 363.683 K). Causa probable: subenfriamiento insuficiente a la salida del condensador bajo el peor caso ambiental. Sugerencia: aumentar eps_cond o el margen de subenf"
470.0,300.032917,3000.0,1710.0,0.45,1.0,0.85,0.75,0.8,0.8,0.8,366.9879380102624,367.34442669437567,-0.3564886841132875,True,CORREGIBLE,0.043753325370571,56.52027955914781,"[CORREGIBLE] O2: succión de la bomba bifásica bajo el peor caso de T_amb (riesgo de cavitación) (medido=367.34442669437567, esperado=<= 366.988 K). Causa probable: subenfriamiento insuficiente a la salida del condensador bajo el peor caso ambiental. Sugerencia: aumentar eps_cond o el margen de suben"
470.0,300.032917,3000.0,1205.0,0.45,1.0,0.85,0.75,0.8,0.8,0.85,351.72371318630013,350.2472025170482,1.4765106692519223,True,KALINA,0.0668229410283085,89.67995776161025,"KALINA: régimen Kalina genuino y admisible, sin fallas."
470.0,300.032917,3000.0,1295.0,0.45,1.0,0.85,0.75,0.8,0.8,0.85,354.73798609284904,350.4804867590724,4.25749933377665,True,KALINA,0.0617476919684599,82.83248900442875,"KALINA: régimen Kalina genuino y admisible, sin fallas."
470.0,300.032917,3000.0,2042.5,0.475,1.0,0.85,0.75,0.8,0.8,0.8,370.6329722548971,371.1083299932687,-0.4753577383715992,True,CORREGIBLE,0.0308866472938468,42.21083172326448,"[CORREGIBLE] O2: succión de la bomba bifásica bajo el peor caso de T_amb (riesgo de cavitación) (medido=371.1083299932687, esperado=<= 370.633 K). Causa probable: subenfriamiento insuficiente a la salida del condensador bajo el peor caso ambiental. Sugerencia: aumentar eps_cond o el margen de subenf"
470.0,300.032917,3000.0,2207.5,0.475,1.0,0.85,0.75,0.8,0.8,0.8,374.4048587121482,372.7547428578616,1.6501158542865824,True,KALINA,0.0247282443974149,33.768882152464315,"KALINA: régimen Kalina genuino y admisible, sin fallas."
470.0,300.032917,3000.0,1222.5,0.475,1.0,0.85,0.75,0.8,0.8,0.85,347.8525837934898,349.0724119442124,-1.2198281507225488,True,CORREGIBLE,0.0671993383239568,95.74538812851009,"[CORREGIBLE] O2: succión de la bomba bifásica bajo el peor caso de T_amb (riesgo de cavitación) (medido=349.0724119442124, esperado=<= 347.853 K). Causa probable: subenfriamiento insuficiente a la salida del condensador bajo el peor caso ambiental. Sugerencia: aumentar eps_cond o el margen de subenf"
470.0,300.032917,3000.0,1327.5,0.475,1.0,0.85,0.75,0.8,0.8,0.85,351.27861697694175,351.7159068121261,-0.4372898351843446,True,CORREGIBLE,0.0612832153014962,87.27031265137694,"[CORREGIBLE] O2: succión de la bomba bifásica bajo el peor caso de T_amb (riesgo de cavitación) (medido=351.7159068121261, esperado=<= 351.279 K). Causa probable: subenfriamiento insuficiente a la salida del condensador bajo el peor caso ambiental. Sugerencia: aumentar eps_cond o el margen de subenf"
470.0,300.032917,3000.0,2570.0,0.5,1.0,0.85,0.75,0.8,0.8,0.8,377.45287678122185,376.73171496182255,0.721161819399299,True,KALINA,0.0128414059482784,18.467796691563034,"KALINA: régimen Kalina genuino y admisible, sin fallas."
470.0,300.032917,3000.0,2630.0,0.5,1.0,0.85,0.75,0.8,0.8,0.8,378.6355392747332,376.8548625584166,1.7806767163166342,True,KALINA,0.0109362588632164,15.724119959816534,"KALINA: régimen Kalina genuino y admisible, sin fallas."
470.0,300.032917,3000.0,1590.0,0.5,1.0,0.85,0.75,0.8,0.8,0.85,354.73256431231766,355.0581314888147,-0.3255671764970316,True,CORREGIBLE,0.0490948188301884,73.79694344765983,"[CORREGIBLE] O2: succión de la bomba bifásica bajo el peor caso de T_amb (riesgo de cavitación) (medido=355.0581314888147, esperado=<= 354.733 K). Causa probable: subenfriamiento insuficiente a la salida del condensador bajo el peor caso ambiental. Sugerencia: aumentar eps_cond o el margen de subenf"
470.0,300.032917,3000.0,1710.0,0.5,1.0,0.85,0.75,0.8,0.8,0.85,357.96007927240714,356.34389214723404,1.6161871251730986,True,KALINA,0.0436105728489159,65.51977988199971,"KALINA: régimen Kalina genuino y admisible, sin fallas."
470.0,300.032917,3000.0,1590.0,0.45,1.0,0.85,0.75,0.75,0.75,0.8,363.6828369247427,363.8741539949587,-0.19131707021603,True,CORREGIBLE,0.0485621446857681,59.18739671007513,"[CORREGIBLE] O2: succión de la bomba bifásica bajo el peor caso de T_amb (riesgo de cavitación) (medido=363.8741539949587, esperado=<= 363.683 K). Causa probable: subenfriamiento insuficiente a la salida del condensador bajo el peor caso ambiental. Sugerencia: aumentar eps_cond o el margen de subenf"
470.0,300.032917,3000.0,1710.0,0.45,1.0,0.85,0.75,0.75,0.75,0.8,366.9879380102624,364.6916434815682,2.2962945286942045,True,KALINA,0.0431345040943733,52.54078977002666,"KALINA: régimen Kalina genuino y admisible, sin fallas."
470.0,300.032917,3000.0,937.5,0.45,1.0,0.85,0.75,0.75,0.75,0.85,341.68958130602624,342.9744875642008,-1.2849062581744874,True,CORREGIBLE,0.0830803685051466,104.97002911484007,"[CORREGIBLE] O2: succión de la bomba bifásica bajo el peor caso de T_amb (riesgo de cavitación) (medido=342.97448756420073, esperado=<= 341.690 K). Causa probable: subenfriamiento insuficiente a la salida del condensador bajo el peor caso ambiental. Sugerencia: aumentar eps_cond o el margen de suben"
470.0,300.032917,3000.0,1012.5,0.45,1.0,0.85,0.75,0.75,0.75,0.85,344.6911033957277,345.27750902752126,-0.586405631793582,True,CORREGIBLE,0.0778864188832888,98.367871065008,"[CORREGIBLE] O2: succión de la bomba bifásica bajo el peor caso de T_amb (riesgo de cavitación) (medido=345.27750902752126, esperado=<= 344.691 K). Causa probable: subenfriamiento insuficiente a la salida del condensador bajo el peor caso ambiental. Sugerencia: aumentar eps_cond o el margen de suben"
470.0,300.032917,3000.0,2042.5,0.5,1.0,0.85,0.75,0.75,0.75,0.8,366.1524845872023,367.54588631604446,-1.39340172884215,True,CORREGIBLE,0.0312352713474493,42.42056305543304,"[CORREGIBLE] O2: succión de la bomba bifásica bajo el peor caso de T_amb (riesgo de cavitación) (medido=367.54588631604446, esperado=<= 366.152 K). Causa probable: subenfriamiento insuficiente a la salida del condensador bajo el peor caso ambiental. Sugerencia: aumentar eps_cond o el margen de suben"
470.0,300.032917,3000.0,2207.5,0.5,1.0,0.85,0.75,0.75,0.75,0.8,369.8805958421926,370.4041159909061,-0.5235201487135441,True,CORREGIBLE,0.0250359893465998,33.97704882902944,"[CORREGIBLE] O2: succión de la bomba bifásica bajo el peor caso de T_amb (riesgo de cavitación) (medido=370.4041159909061, esperado=<= 369.881 K). Causa probable: subenfriamiento insuficiente a la salida del condensador bajo el peor caso ambiental. Sugerencia: aumentar eps_cond o el margen de subenf"
470.0,300.032917,3000.0,1590.0,0.5,1.0,0.85,0.75,0.75,0.75,0.85,354.73256431231766,352.925488077314,1.807076235003649,True,KALINA,0.0486501554085494,68.65734620536975,"KALINA: régimen Kalina genuino y admisible, sin fallas."
470.0,300.032917,3000.0,1710.0,0.5,1.0,0.85,0.75,0.75,0.75,0.85,357.96007927240714,353.1852435775328,4.774835694874412,True,KALINA,0.0432114769744093,60.95387508598252,"KALINA: régimen Kalina genuino y admisible, sin fallas."
470.0,300.032917,3000.0,1590.0,0.45,1.0,0.85,0.75,0.75,0.8,0.8,363.6828369247427,363.7928965703073,-0.1100596455646609,True,CORREGIBLE,0.0488736132904764,59.29018430749754,"[CORREGIBLE] O2: succión de la bomba bifásica bajo el peor caso de T_amb (riesgo de cavitación) (medido=363.79289657030733, esperado=<= 363.683 K). Causa probable: subenfriamiento insuficiente a la salida del condensador bajo el peor caso ambiental. Sugerencia: aumentar eps_cond o el margen de suben"
470.0,300.032917,3000.0,1710.0,0.45,1.0,0.85,0.75,0.75,0.8,0.8,366.9879380102624,364.3962976696623,2.591640340600065,True,KALINA,0.0434106341076731,52.6319138383485,"KALINA: régimen Kalina genuino y admisible, sin fallas."
470.0,300.032917,3000.0,937.5,0.45,1.0,0.85,0.75,0.75,0.8,0.85,341.68958130602624,342.9065510932731,-1.2169697872468532,True,CORREGIBLE,0.0837223000967885,105.2007660996904,"[CORREGIBLE] O2: succión de la bomba bifásica bajo el peor caso de T_amb (riesgo de cavitación) (medido=342.9065510932731, esperado=<= 341.690 K). Causa probable: subenfriamiento insuficiente a la salida del condensador bajo el peor caso ambiental. Sugerencia: aumentar eps_cond o el margen de subenf"
470.0,300.032917,3000.0,1012.5,0.45,1.0,0.85,0.75,0.75,0.8,0.85,344.6911033957277,345.2101035556248,-0.5190001598970753,True,CORREGIBLE,0.0784821240191003,98.57678553194556,"[CORREGIBLE] O2: succión de la bomba bifásica bajo el peor caso de T_amb (riesgo de cavitación) (medido=345.21010355562476, esperado=<= 344.691 K). Causa probable: subenfriamiento insuficiente a la salida del condensador bajo el peor caso ambiental. Sugerencia: aumentar eps_cond o el margen de suben"
470.0,300.032917,3000.0,2207.5,0.5,1.0,0.85,0.75,0.75,0.8,0.8,369.8805958421926,370.3532711733661,-0.4726753311735479,True,CORREGIBLE,0.0251314726720424,34.01125133248231,"[CORREGIBLE] O2: succión de la bomba bifásica bajo el peor caso de T_amb (riesgo de cavitación) (medido=370.3532711733661, esperado=<= 369.881 K). Causa probable: subenfriamiento insuficiente a la salida del condensador bajo el peor caso ambiental. Sugerencia: aumentar eps_cond o el margen de subenf"
470.0,300.032917,3000.0,2042.5,0.5,1.0,0.85,0.75,0.75,0.8,0.8,366.1524845872023,367.4943699311003,-1.3418853438980136,True,CORREGIBLE,0.0313596675186375,42.47017304758627,"[CORREGIBLE] O2: succión de la bomba bifásica bajo el peor caso de T_amb (riesgo de cavitación) (medido=367.4943699311003, esperado=<= 366.152 K). Causa probable: subenfriamiento insuficiente a la salida del condensador bajo el peor caso ambiental. Sugerencia: aumentar eps_cond o el margen de subenf"
470.0,300.032917,3000.0,1590.0,0.5,1.0,0.85,0.75,0.75,0.8,0.85,354.73256431231766,352.7468338002263,1.9857305120913795,True,KALINA,0.0488800784836204,68.74547320201113,"KALINA: régimen Kalina genuino y admisible, sin fallas."
470.0,300.032917,3000.0,1710.0,0.5,1.0,0.85,0.75,0.75,0.8,0.85,357.96007927240714,353.0073529374062,4.952726335000932,True,KALINA,0.0434153982585288,61.03204196216563,"KALINA: régimen Kalina genuino y admisible, sin fallas."
470.0,300.032917,3000.0,1710.0,0.45,1.0,0.85,0.75,0.75,0.85,0.8,366.9879380102624,364.1003608606604,2.8875771496019524,True,KALINA,0.0436898300167616,52.72320186020834,"KALINA: régimen Kalina genuino y admisible, sin fallas."
470.0,300.032917,3000.0,1590.0,0.45,1.0,0.85,0.75,0.75,0.85,0.8,363.6828369247427,363.7116150277232,-0.0287781029805387,True,CORREGIBLE,0.0491885461951206,59.3931568010461,"[CORREGIBLE] O2: succión de la bomba bifásica bajo el peor caso de T_amb (riesgo de cavitación) (medido=363.7116150277232, esperado=<= 363.683 K). Causa probable: subenfriamiento insuficiente a la salida del condensador bajo el peor caso ambiental. Sugerencia: aumentar eps_cond o el margen de subenf"
470.0,300.032917,3000.0,937.5,0.45,1.0,0.85,0.75,0.75,0.85,0.85,341.68958130602624,342.83875146387453,-1.149170157848289,True,CORREGIBLE,0.0843701827103934,105.43040775790548,"[CORREGIBLE] O2: succión de la bomba bifásica bajo el peor caso de T_amb (riesgo de cavitación) (medido=342.83875146387453, esperado=<= 341.690 K). Causa probable: subenfriamiento insuficiente a la salida del condensador bajo el peor caso ambiental. Sugerencia: aumentar eps_cond o el margen de suben"
470.0,300.032917,3000.0,1012.5,0.45,1.0,0.85,0.75,0.75,0.85,0.85,344.6911033957277,345.1428320141479,-0.4517286184202476,True,CORREGIBLE,0.0790840132533024,98.7855778034403,"[CORREGIBLE] O2: succión de la bomba bifásica bajo el peor caso de T_amb (riesgo de cavitación) (medido=345.1428320141479, esperado=<= 344.691 K). Causa probable: subenfriamiento insuficiente a la salida del condensador bajo el peor caso ambiental. Sugerencia: aumentar eps_cond o el margen de subenf"
470.0,300.032917,3000.0,2042.5,0.5,1.0,0.85,0.75,0.75,0.85,0.8,366.1524845872023,367.4429023180099,-1.290417730807576,True,CORREGIBLE,0.0314844089170983,42.51928624696219,"[CORREGIBLE] O2: succión de la bomba bifásica bajo el peor caso de T_amb (riesgo de cavitación) (medido=367.4429023180099, esperado=<= 366.152 K). Causa probable: subenfriamiento insuficiente a la salida del condensador bajo el peor caso ambiental. Sugerencia: aumentar eps_cond o el margen de subenf"
470.0,300.032917,3000.0,2207.5,0.5,1.0,0.85,0.75,0.75,0.85,0.8,369.8805958421926,370.3024763725379,-0.4218805303453337,True,CORREGIBLE,0.0252275160972454,34.04546371847544,"[CORREGIBLE] O2: succión de la bomba bifásica bajo el peor caso de T_amb (riesgo de cavitación) (medido=370.3024763725379, esperado=<= 369.881 K). Causa probable: subenfriamiento insuficiente a la salida del condensador bajo el peor caso ambiental. Sugerencia: aumentar eps_cond o el margen de subenf"
470.0,300.032917,3000.0,1590.0,0.5,1.0,0.85,0.75,0.75,0.85,0.85,354.73256431231766,352.5684735175888,2.1640907947288497,True,KALINA,0.0491111763466458,68.83344946181072,"KALINA: régimen Kalina genuino y admisible, sin fallas."
470.0,300.032917,3000.0,1710.0,0.5,1.0,0.85,0.75,0.75,0.85,0.85,357.96007927240714,352.829754633383,5.130324639024138,True,KALINA,0.0436203598638161,61.11007543220598,"KALINA: régimen Kalina genuino y admisible, sin fallas."
470.0,300.032917,3000.0,1590.0,0.45,1.0,0.85,0.75,0.8,0.75,0.8,363.6828369247427,364.9368774672716,-1.2540405425289125,True,CORREGIBLE,0.0489805446671915,63.57191982149833,"[CORREGIBLE] O2: succión de la bomba bifásica bajo el peor caso de T_amb (riesgo de cavitación) (medido=364.9368774672716, esperado=<= 363.683 K). Causa probable: subenfriamiento insuficiente a la salida del condensador bajo el peor caso ambiental. Sugerencia: aumentar eps_cond o el margen de subenf"
470.0,300.032917,3000.0,1710.0,0.45,1.0,0.85,0.75,0.8,0.75,0.8,366.9879380102624,367.4204205677567,-0.4324825574943247,True,CORREGIBLE,0.0435264950271003,56.456099204875855,"[CORREGIBLE] O2: succión de la bomba bifásica bajo el peor caso de T_amb (riesgo de cavitación) (medido=367.4204205677567, esperado=<= 366.988 K). Causa probable: subenfriamiento insuficiente a la salida del condensador bajo el peor caso ambiental. Sugerencia: aumentar eps_cond o el margen de subenf"
470.0,300.032917,3000.0,1222.5,0.45,1.0,0.85,0.75,0.8,0.75,0.85,352.32206935648554,350.5384466994954,1.7836226569901328,True,KALINA,0.0654002179693899,88.1888928561947,"KALINA: régimen Kalina genuino y admisible, sin fallas."
470.0,300.032917,3000.0,1327.5,0.45,1.0,0.85,0.75,0.8,0.75,0.85,355.7898778671716,350.80490660888216,4.98497125828942,True,KALINA,0.0596195135951263,80.35309051417572,"KALINA: régimen Kalina genuino y admisible, sin fallas."
470.0,300.032917,3000.0,2505.0,0.5,1.0,0.85,0.75,0.8,0.75,0.8,376.1505979049769,376.3142402300239,-0.1636423250470784,True,CORREGIBLE,0.0149086641171509,21.495291532067423,"[CORREGIBLE] O2: succión de la bomba bifásica bajo el peor caso de T_amb (riesgo de cavitación) (medido=376.3142402300239, esperado=<= 376.151 K). Causa probable: subenfriamiento insuficiente a la salida del condensador bajo el peor caso ambiental. Sugerencia: aumentar eps_cond o el margen de subenf"
470.0,300.032917,3000.0,2595.0,0.5,1.0,0.85,0.75,0.8,0.75,0.8,377.94787450469903,376.9467651665481,1.0011093381509113,True,KALINA,0.0120080778440327,17.306770960754026,"KALINA: régimen Kalina genuino y admisible, sin fallas."
470.0,300.032917,3000.0,1590.0,0.5,1.0,0.85,0.75,0.8,0.75,0.85,354.73256431231766,355.0965217527024,-0.3639574403847518,True,CORREGIBLE,0.0489165784870835,73.73807745341989,"[CORREGIBLE] O2: succión de la bomba bifásica bajo el peor caso de T_amb (riesgo de cavitación) (medido=355.0965217527024, esperado=<= 354.733 K). Causa probable: subenfriamiento insuficiente a la salida del condensador bajo el peor caso ambiental. Sugerencia: aumentar eps_cond o el margen de subenf"
470.0,300.032917,3000.0,1710.0,0.5,1.0,0.85,0.75,0.8,0.75,0.85,357.96007927240714,356.49990382191083,1.4601754504963085,True,KALINA,0.0434525070616384,65.46757382645667,"KALINA: régimen Kalina genuino y admisible, sin fallas."
470.0,300.032917,3000.0,2042.5,0.45,1.0,0.85,0.75,0.85,0.75,0.8,375.37506340158336,373.208283233681,2.166780167902345,True,KALINA,0.0302599690139773,41.55174519194233,"KALINA: régimen Kalina genuino y admisible, sin fallas."
470.0,300.032917,3000.0,2207.5,0.45,1.0,0.85,0.75,0.85,0.75,0.8,379.19044008356167,373.58392990539056,5.606510178171106,True,KALINA,0.0242262775954262,33.24013344638854,"KALINA: régimen Kalina genuino y admisible, sin fallas."
470.0,300.032917,3000.0,1222.5,0.45,1.0,0.85,0.75,0.85,0.75,0.85,352.32206935648554,352.63414264414433,-0.3120732876587908,True,CORREGIBLE,0.0658368581282839,94.52121180907272,"[CORREGIBLE] O2: succión de la bomba bifásica bajo el peor caso de T_amb (riesgo de cavitación) (medido=352.63414264414433, esperado=<= 352.322 K). Causa probable: subenfriamiento insuficiente a la salida del condensador bajo el peor caso ambiental. Sugerencia: aumentar eps_cond o el margen de suben"
470.0,300.032917,3000.0,1327.5,0.45,1.0,0.85,0.75,0.85,0.75,0.85,355.7898778671716,353.7978965755786,1.9919812915929924,True,KALINA,0.0600235911541133,86.12646182098234,"KALINA: régimen Kalina genuino y admisible, sin fallas."
470.0,300.032917,3000.0,1590.0,0.5,1.0,0.85,0.75,0.85,0.75,0.85,354.73256431231766,355.9143931122438,-1.1818287999261088,True,CORREGIBLE,0.0491511752329734,78.83179834795347,"[CORREGIBLE] O2: succión de la bomba bifásica bajo el peor caso de T_amb (riesgo de cavitación) (medido=355.9143931122438, esperado=<= 354.733 K). Causa probable: subenfriamiento insuficiente a la salida del condensador bajo el peor caso ambiental. Sugerencia: aumentar eps_cond o el margen de subenf"
470.0,300.032917,3000.0,1710.0,0.5,1.0,0.85,0.75,0.85,0.75,0.85,357.96007927240714,358.4189214018466,-0.4588421294394607,True,CORREGIBLE,0.0436789983579074,70.01582608871828,"[CORREGIBLE] O2: succión de la bomba bifásica bajo el peor caso de T_amb (riesgo de cavitación) (medido=358.4189214018466, esperado=<= 357.960 K). Causa probable: subenfriamiento insuficiente a la salida del condensador bajo el peor caso ambiental. Sugerencia: aumentar eps_cond o el margen de subenf"
470.0,300.032917,3000.0,2042.5,0.45,1.0,0.85,0.75,0.85,0.8,0.8,375.37506340158336,372.9645790574643,2.410484344119084,True,KALINA,0.0303860361409611,41.58037385889937,"KALINA: régimen Kalina genuino y admisible, sin fallas."
470.0,300.032917,3000.0,2207.5,0.45,1.0,0.85,0.75,0.85,0.8,0.8,379.19044008356167,373.3414384065949,5.849001676966793,True,KALINA,0.0243269538250197,33.26300196837611,"KALINA: régimen Kalina genuino y admisible, sin fallas."
470.0,300.032917,3000.0,1222.5,0.45,1.0,0.85,0.75,0.85,0.8,0.85,352.32206935648554,352.5753305313563,-0.2532611748707722,True,CORREGIBLE,0.0661713412142334,94.6028294157464,"[CORREGIBLE] O2: succión de la bomba bifásica bajo el peor caso de T_amb (riesgo de cavitación) (medido=352.5753305313563, esperado=<= 352.322 K). Causa probable: subenfriamiento insuficiente a la salida del condensador bajo el peor caso ambiental. Sugerencia: aumentar eps_cond o el margen de subenf"
470.0,300.032917,3000.0,1327.5,0.45,1.0,0.85,0.75,0.85,0.8,0.85,355.7898778671716,353.5743179532648,2.215559913906816,True,KALINA,0.0603280709348386,86.20076556247878,"KALINA: régimen Kalina genuino y admisible, sin fallas."
470.0,300.032917,3000.0,1590.0,0.5,1.0,0.85,0.75,0.85,0.8,0.85,354.73256431231766,355.88146291231385,-1.148898599996187,True,CORREGIBLE,0.0492861268918661,78.87060848470024,"[CORREGIBLE] O2: succión de la bomba bifásica bajo el peor caso de T_amb (riesgo de cavitación) (medido=355.88146291231385, esperado=<= 354.733 K). Causa probable: subenfriamiento insuficiente a la salida del condensador bajo el peor caso ambiental. Sugerencia: aumentar eps_cond o el margen de suben"
470.0,300.032917,3000.0,1710.0,0.5,1.0,0.85,0.75,0.85,0.8,0.85,357.96007927240714,358.3863138653577,-0.4262345929506068,True,CORREGIBLE,0.0437968687750291,70.04720167844197,"[CORREGIBLE] O2: succión de la bomba bifásica bajo el peor caso de T_amb (riesgo de cavitación) (medido=358.38631386535775, esperado=<= 357.960 K). Causa probable: subenfriamiento insuficiente a la salida del condensador bajo el peor caso ambiental. Sugerencia: aumentar eps_cond o el margen de suben"
470.0,300.032917,3000.0,2042.5,0.45,1.0,0.85,0.75,0.85,0.85,0.8,375.37506340158336,372.7201974140239,2.6548659875594467,True,KALINA,0.0305132914970545,41.60907245226672,"KALINA: régimen Kalina genuino y admisible, sin fallas."
470.0,300.032917,3000.0,1590.0,0.5,1.0,0.85,0.75,0.85,0.85,0.85,,,,False,NO_CONVERGIO,,,"T_from_Ph(P, h, x): el motor teqp no cubre el estado pedido (ver TASK_CONTEXT 2026-09-18-validar-teqp-nh3h2o). Detalle: equilibrio no resoluble en T=326.79 K, P=1.59e+06 Pa, x=0.1703"
470.0,300.032917,3000.0,2207.5,0.45,1.0,0.85,0.75,0.85,0.85,0.8,379.19044008356167,373.09827253934594,6.092167544215727,True,KALINA,0.0244285771795898,33.28592636175359,"KALINA: régimen Kalina genuino y admisible, sin fallas."
470.0,300.032917,3000.0,1222.5,0.45,1.0,0.85,0.75,0.85,0.85,0.85,352.32206935648554,352.516548639531,-0.1944792830454389,True,CORREGIBLE,0.0665088772421828,94.68450386916189,"[CORREGIBLE] O2: succión de la bomba bifásica bajo el peor caso de T_amb (riesgo de cavitación) (medido=352.516548639531, esperado=<= 352.322 K). Causa probable: subenfriamiento insuficiente a la salida del condensador bajo el peor caso ambiental. Sugerencia: aumentar eps_cond o el margen de subenfr"
470.0,300.032917,3000.0,1327.5,0.45,1.0,0.85,0.75,0.85,0.85,0.85,355.7898778671716,353.350557023252,2.4393208439195746,True,KALINA,0.0606353263139013,86.27512123369605,"KALINA: régimen Kalina genuino y admisible, sin fallas."
470.0,300.032917,3000.0,1710.0,0.5,1.0,0.85,0.75,0.85,0.85,0.85,357.96007927240714,358.35375737222654,-0.3936780998193967,True,CORREGIBLE,0.0439151872324097,70.07855569643225,"[CORREGIBLE] O2: succión de la bomba bifásica bajo el peor caso de T_amb (riesgo de cavitación) (medido=358.35375737222654, esperado=<= 357.960 K). Causa probable: subenfriamiento insuficiente a la salida del condensador bajo el peor caso ambiental. Sugerencia: aumentar eps_cond o el margen de suben"
470.0,300.032917,3000.0,1590.0,0.45,1.0,0.85,0.75,0.8,0.85,0.8,363.6828369247427,364.78349246850166,-1.1006555437589896,True,CORREGIBLE,0.0495034366469647,63.72835088182103,"[CORREGIBLE] O2: succión de la bomba bifásica bajo el peor caso de T_amb (riesgo de cavitación) (medido=364.78349246850166, esperado=<= 363.683 K). Causa probable: subenfriamiento insuficiente a la salida del condensador bajo el peor caso ambiental. Sugerencia: aumentar eps_cond o el margen de suben"
470.0,300.032917,3000.0,1710.0,0.45,1.0,0.85,0.75,0.8,0.85,0.8,366.9879380102624,367.2683678651992,-0.2804298549368127,True,CORREGIBLE,0.0439824860143829,56.58459619270307,"[CORREGIBLE] O2: succión de la bomba bifásica bajo el peor caso de T_amb (riesgo de cavitación) (medido=367.2683678651992, esperado=<= 366.988 K). Causa probable: subenfriamiento insuficiente a la salida del condensador bajo el peor caso ambiental. Sugerencia: aumentar eps_cond o el margen de subenf"
470.0,300.032917,3000.0,1222.5,0.45,1.0,0.85,0.75,0.8,0.85,0.85,352.32206935648554,350.04902923215786,2.2730401243276788,True,KALINA,0.0662238604291274,88.43685887241604,"KALINA: régimen Kalina genuino y admisible, sin fallas."
470.0,300.032917,3000.0,1327.5,0.45,1.0,0.85,0.75,0.8,0.85,0.85,355.7898778671716,350.3173833837839,5.472494483387663,True,KALINA,0.0603693204888109,80.57885307584581,"KALINA: régimen Kalina genuino y admisible, sin fallas."
470.0,300.032917,3000.0,2505.0,0.5,1.0,0.85,0.75,0.8,0.85,0.8,376.1505979049769,376.2259960146753,-0.075398109698483,True,CORREGIBLE,0.0149949828034847,21.521710205478293,"[CORREGIBLE] O2: succión de la bomba bifásica bajo el peor caso de T_amb (riesgo de cavitación) (medido=376.22599601467533, esperado=<= 376.151 K). Causa probable: subenfriamiento insuficiente a la salida del condensador bajo el peor caso ambiental. Sugerencia: aumentar eps_cond o el margen de suben"
470.0,300.032917,3000.0,2595.0,0.5,1.0,0.85,0.75,0.8,0.85,0.8,377.94787450469903,376.6198058438101,1.3280686608889027,True,KALINA,0.0120775061684742,17.32802138188928,"KALINA: régimen Kalina genuino y admisible, sin fallas."
470.0,300.032917,3000.0,1590.0,0.5,1.0,0.85,0.75,0.8,0.85,0.85,354.73256431231766,355.01982864217564,-0.287264329857976,True,CORREGIBLE,0.0492738540237463,73.85573903833829,"[CORREGIBLE] O2: succión de la bomba bifásica bajo el peor caso de T_amb (riesgo de cavitación) (medido=355.01982864217564, esperado=<= 354.733 K). Causa probable: subenfriamiento insuficiente a la salida del condensador bajo el peor caso ambiental. Sugerencia: aumentar eps_cond o el margen de suben"
470.0,300.032917,3000.0,1710.0,0.5,1.0,0.85,0.75,0.8,0.85,0.85,357.96007927240714,356.18805906590234,1.7720202065048056,True,KALINA,0.0437693430365386,65.5719238805722,"KALINA: régimen Kalina genuino y admisible, sin fallas."
470.0,300.032917,3000.0,1590.0,0.5,1.0,0.8,0.7,0.8,0.8,0.85,354.73256431231766,355.0943291371796,-0.3617648248618934,True,CORREGIBLE,0.0460165051712595,69.14364050274402,"[CORREGIBLE] O2: succión de la bomba bifásica bajo el peor caso de T_amb (riesgo de cavitación) (medido=355.09432913717956, esperado=<= 354.733 K). Causa probable: subenfriamiento insuficiente a la salida del condensador bajo el peor caso ambiental. Sugerencia: aumentar eps_cond o el margen de suben"
470.0,300.032917,3000.0,1710.0,0.5,1.0,0.8,0.7,0.8,0.8,0.85,357.96007927240714,356.4752075564644,1.4848717159427451,True,KALINA,0.0408682667374295,61.37902849740705,"KALINA: régimen Kalina genuino y admisible, sin fallas."
470.0,300.032917,3000.0,1590.0,0.45,1.0,0.8,0.7,0.8,0.8,0.8,363.6828369247427,364.9097408014716,-1.2269038767288976,True,CORREGIBLE,0.0461222144778584,59.59121356107733,"[CORREGIBLE] O2: succión de la bomba bifásica bajo el peor caso de T_amb (riesgo de cavitación) (medido=364.90974080147157, esperado=<= 363.683 K). Causa probable: subenfriamiento insuficiente a la salida del condensador bajo el peor caso ambiental. Sugerencia: aumentar eps_cond o el margen de suben"
470.0,300.032917,3000.0,1590.0,0.5,1.0,0.8,0.8,0.8,0.8,0.85,354.73256431231766,355.0933927365337,-0.360828424216038,True,CORREGIBLE,0.0462262407080261,69.46894008456704,"[CORREGIBLE] O2: succión de la bomba bifásica bajo el peor caso de T_amb (riesgo de cavitación) (medido=355.0933927365337, esperado=<= 354.733 K). Causa probable: subenfriamiento insuficiente a la salida del condensador bajo el peor caso ambiental. Sugerencia: aumentar eps_cond o el margen de subenf"
470.0,300.032917,3000.0,1710.0,0.5,1.0,0.8,0.8,0.8,0.8,0.85,357.96007927240714,356.4717050188236,1.4883742535835722,True,KALINA,0.0410611849853,61.67702488157567,"KALINA: régimen Kalina genuino y admisible, sin fallas."
470.0,300.032917,3000.0,1710.0,0.45,1.0,0.8,0.7,0.8,0.8,0.8,366.9879380102624,367.3882751515511,-0.4003371412886736,True,CORREGIBLE,0.0409771886167006,52.91208135432142,"[CORREGIBLE] O2: succión de la bomba bifásica bajo el peor caso de T_amb (riesgo de cavitación) (medido=367.38827515155106, esperado=<= 366.988 K). Causa probable: subenfriamiento insuficiente a la salida del condensador bajo el peor caso ambiental. Sugerencia: aumentar eps_cond o el margen de suben"
470.0,300.032917,3000.0,1590.0,0.45,1.0,0.8,0.8,0.8,0.8,0.8,363.6828369247427,364.9080463512792,-1.2252094265364804,True,CORREGIBLE,0.0463664064368068,59.91631152783366,"[CORREGIBLE] O2: succión de la bomba bifásica bajo el peor caso de T_amb (riesgo de cavitación) (medido=364.90804635127915, esperado=<= 363.683 K). Causa probable: subenfriamiento insuficiente a la salida del condensador bajo el peor caso ambiental. Sugerencia: aumentar eps_cond o el margen de suben"
470.0,300.032917,3000.0,1590.0,0.5,1.0,0.9,0.7,0.8,0.8,0.85,354.73256431231766,355.0229672781792,-0.2904029658615172,True,CORREGIBLE,0.0519478439285071,78.10279828088025,"[CORREGIBLE] O2: succión de la bomba bifásica bajo el peor caso de T_amb (riesgo de cavitación) (medido=355.0229672781792, esperado=<= 354.733 K). Causa probable: subenfriamiento insuficiente a la salida del condensador bajo el peor caso ambiental. Sugerencia: aumentar eps_cond o el margen de subenf"
470.0,300.032917,3000.0,1710.0,0.5,1.0,0.9,0.7,0.8,0.8,0.85,357.96007927240714,356.2163064104826,1.7437728619245263,True,KALINA,0.0461458726954996,69.34230972103421,"KALINA: régimen Kalina genuino y admisible, sin fallas."
470.0,300.032917,3000.0,1710.0,0.45,1.0,0.8,0.8,0.8,0.8,0.8,366.9879380102624,367.3867415821421,-0.3988035718797391,True,CORREGIBLE,0.0411997631629175,53.207218304312896,"[CORREGIBLE] O2: succión de la bomba bifásica bajo el peor caso de T_amb (riesgo de cavitación) (medido=367.3867415821421, esperado=<= 366.988 K). Causa probable: subenfriamiento insuficiente a la salida del condensador bajo el peor caso ambiental. Sugerencia: aumentar eps_cond o el margen de subenf"
470.0,300.032917,3000.0,1590.0,0.45,1.0,0.9,0.7,0.8,0.8,0.8,363.6828369247427,364.812541480457,-1.1297045557143406,True,CORREGIBLE,0.052097345647507,67.36269894560903,"[CORREGIBLE] O2: succión de la bomba bifásica bajo el peor caso de T_amb (riesgo de cavitación) (medido=364.812541480457, esperado=<= 363.683 K). Causa probable: subenfriamiento insuficiente a la salida del condensador bajo el peor caso ambiental. Sugerencia: aumentar eps_cond o el margen de subenfr"
470.0,300.032917,3000.0,1590.0,0.5,1.0,0.9,0.8,0.8,0.8,0.85,354.73256431231766,355.0220353289059,-0.2894710165882088,True,CORREGIBLE,0.052156267611293,78.42760817318229,"[CORREGIBLE] O2: succión de la bomba bifásica bajo el peor caso de T_amb (riesgo de cavitación) (medido=355.0220353289059, esperado=<= 354.733 K). Causa probable: subenfriamiento insuficiente a la salida del condensador bajo el peor caso ambiental. Sugerencia: aumentar eps_cond o el margen de subenf"
470.0,300.032917,3000.0,1710.0,0.5,1.0,0.9,0.8,0.8,0.8,0.85,357.96007927240714,356.21281212628105,1.7472671461260916,True,KALINA,0.0463377209594856,69.63990740103293,"KALINA: régimen Kalina genuino y admisible, sin fallas."
470.0,300.032917,3000.0,1710.0,0.45,1.0,0.9,0.7,0.8,0.8,0.8,366.9879380102624,367.302247697952,-0.3143096876895583,True,CORREGIBLE,0.046290414949006,59.81325739389118,"[CORREGIBLE] O2: succión de la bomba bifásica bajo el peor caso de T_amb (riesgo de cavitación) (medido=367.30224769795194, esperado=<= 366.988 K). Causa probable: subenfriamiento insuficiente a la salida del condensador bajo el peor caso ambiental. Sugerencia: aumentar eps_cond o el margen de suben"
470.0,300.032917,3000.0,1590.0,0.45,1.0,0.9,0.8,0.8,0.8,0.8,363.6828369247427,364.8108590108211,-1.1280220860784311,True,CORREGIBLE,0.0523392765850717,67.68630673738964,"[CORREGIBLE] O2: succión de la bomba bifásica bajo el peor caso de T_amb (riesgo de cavitación) (medido=364.8108590108211, esperado=<= 363.683 K). Causa probable: subenfriamiento insuficiente a la salida del condensador bajo el peor caso ambiental. Sugerencia: aumentar eps_cond o el margen de subenf"
470.0,300.032917,2800.0,1590.0,0.5,1.0,0.85,0.75,0.8,0.8,0.85,354.73256431231766,355.8489190105306,-1.1163546982129446,True,CORREGIBLE,0.0441636754416097,70.12812220139404,"[CORREGIBLE] O2: succión de la bomba bifásica bajo el peor caso de T_amb (riesgo de cavitación) (medido=355.8489190105306, esperado=<= 354.733 K). Causa probable: subenfriamiento insuficiente a la salida del condensador bajo el peor caso ambiental. Sugerencia: aumentar eps_cond o el margen de subenf"
470.0,300.032917,3000.0,1710.0,0.45,1.0,0.9,0.8,0.8,0.8,0.8,366.9879380102624,367.30071958449577,-0.3127815742333837,True,CORREGIBLE,0.0465117665021305,60.10799842654824,"[CORREGIBLE] O2: succión de la bomba bifásica bajo el peor caso de T_amb (riesgo de cavitación) (medido=367.30071958449577, esperado=<= 366.988 K). Causa probable: subenfriamiento insuficiente a la salida del condensador bajo el peor caso ambiental. Sugerencia: aumentar eps_cond o el margen de suben"
470.0,300.032917,2800.0,1710.0,0.5,1.0,0.85,0.75,0.8,0.8,0.85,357.96007927240714,358.35444274323817,-0.3943634708310242,True,CORREGIBLE,0.0386279953825487,61.30547647315057,"[CORREGIBLE] O2: succión de la bomba bifásica bajo el peor caso de T_amb (riesgo de cavitación) (medido=358.35444274323817, esperado=<= 357.960 K). Causa probable: subenfriamiento insuficiente a la salida del condensador bajo el peor caso ambiental. Sugerencia: aumentar eps_cond o el margen de suben"
470.0,300.032917,2800.0,2042.5,0.45,1.0,0.85,0.75,0.8,0.8,0.8,375.37506340158336,375.512162144505,-0.137098742921637,True,CORREGIBLE,0.0252215008297932,35.800278056691184,"[CORREGIBLE] O2: succión de la bomba bifásica bajo el peor caso de T_amb (riesgo de cavitación) (medido=375.512162144505, esperado=<= 375.375 K). Causa probable: subenfriamiento insuficiente a la salida del condensador bajo el peor caso ambiental. Sugerencia: aumentar eps_cond o el margen de subenfr"
470.0,300.032917,3300.0,1222.5,0.5,1.0,0.85,0.75,0.8,0.8,0.85,343.6407948469838,344.900067661584,-1.2592728146001946,True,CORREGIBLE,0.0745939282096766,99.56334161219506,"[CORREGIBLE] O2: succión de la bomba bifásica bajo el peor caso de T_amb (riesgo de cavitación) (medido=344.900067661584, esperado=<= 343.641 K). Causa probable: subenfriamiento insuficiente a la salida del condensador bajo el peor caso ambiental. Sugerencia: aumentar eps_cond o el margen de subenfr"
470.0,300.032917,2800.0,2207.5,0.45,1.0,0.85,0.75,0.8,0.8,0.8,379.19044008356167,376.2505022320519,2.9399378515097965,True,KALINA,0.0190773709030733,27.058224202879007,"KALINA: régimen Kalina genuino y admisible, sin fallas."
470.0,300.032917,3300.0,1327.5,0.5,1.0,0.85,0.75,0.8,0.8,0.85,347.02621392546706,347.5567823922647,-0.5305684667976607,True,CORREGIBLE,0.0686819660497244,91.62664977980056,"[CORREGIBLE] O2: succión de la bomba bifásica bajo el peor caso de T_amb (riesgo de cavitación) (medido=347.5567823922647, esperado=<= 347.026 K). Causa probable: subenfriamiento insuficiente a la salida del condensador bajo el peor caso ambiental. Sugerencia: aumentar eps_cond o el margen de subenf"
470.0,300.032917,3300.0,1590.0,0.45,1.0,0.85,0.75,0.8,0.8,0.8,363.6828369247427,360.1866610519849,3.4961758727577603,True,KALINA,0.0551880412982253,62.98324125210715,"KALINA: régimen Kalina genuino y admisible, sin fallas."
470.0,300.032917,3300.0,1710.0,0.45,1.0,0.85,0.75,0.8,0.8,0.8,366.9879380102624,360.4738306631824,6.514107347080028,True,KALINA,0.0498345106989632,56.840145400850965,"KALINA: régimen Kalina genuino y admisible, sin fallas."
470.0,300.032917,3000.0,1179.625,0.4,1.0,0.85,0.75,0.8,0.8,0.8,,,,False,NO_CONVERGIO,,,"PropertyRangeError: T_from_Ph(P, h, x): el motor teqp no cubre el estado pedido (ver TASK_CONTEXT 2026-09-18-validar-teqp-nh3h2o). Detalle: h=-3.03608e+16 fuera de dominio a P=1.1796e+06 Pa, x=0.4136"
470.0,300.032917,3000.0,1142.875,0.4,1.0,0.85,0.75,0.8,0.8,0.8,359.1406413056851,359.328838845328,-0.1881975396428856,True,CORREGIBLE,0.0700160030582925,79.45671568601976,"[CORREGIBLE] O2: succión de la bomba bifásica bajo el peor caso de T_amb (riesgo de cavitación) (medido=359.328838845328, esperado=<= 359.141 K). Causa probable: subenfriamiento insuficiente a la salida del condensador bajo el peor caso ambiental. Sugerencia: aumentar eps_cond o el margen de subenfr"
470.0,300.032917,3000.0,1801.0,0.4,1.0,0.85,0.75,0.8,0.8,0.75,379.45474846557727,377.4349438996854,2.0198045658918886,True,KALINA,0.0394988301916814,43.08929091717186,"KALINA: régimen Kalina genuino y admisible, sin fallas."
470.0,300.032917,3000.0,1759.0,0.4,1.0,0.85,0.75,0.8,0.8,0.75,378.3325853084184,377.317381086272,1.0152042221463944,True,KALINA,0.0412830677309376,45.04702146417849,"KALINA: régimen Kalina genuino y admisible, sin fallas."
470.0,300.032917,3000.0,765.875,0.4,1.0,0.85,0.75,0.8,0.8,0.85,343.3006708404231,343.4488161891416,-0.1481453487185149,True,CORREGIBLE,0.0934698683939952,109.68734628180653,"[CORREGIBLE] O2: succión de la bomba bifásica bajo el peor caso de T_amb (riesgo de cavitación) (medido=343.4488161891416, esperado=<= 343.301 K). Causa probable: subenfriamiento insuficiente a la salida del condensador bajo el peor caso ambiental. Sugerencia: aumentar eps_cond o el margen de subenf"
470.0,300.032917,3000.0,781.625,0.4,1.0,0.85,0.75,0.8,0.8,0.85,344.0653127595682,343.9112617408809,0.154051018687312,True,KALINA,0.0921641692089842,108.1439671786505,"KALINA: régimen Kalina genuino y admisible, sin fallas."
470.0,300.032917,3000.0,2149.75,0.425,1.0,0.85,0.75,0.8,0.8,0.75,382.8935476612997,382.7101213898378,0.1834262714618262,True,KALINA,0.0267853611451714,31.192222614430108,"KALINA: régimen Kalina genuino y admisible, sin fallas."
470.0,300.032917,3000.0,2100.25,0.425,1.0,0.85,0.75,0.8,0.8,0.75,381.7365272664048,381.9903780094148,-0.2538507430099912,True,CORREGIBLE,0.0286290565086037,33.34829452864193,"[CORREGIBLE] O2: succión de la bomba bifásica bajo el peor caso de T_amb (riesgo de cavitación) (medido=381.9903780094148, esperado=<= 381.737 K). Causa probable: subenfriamiento insuficiente a la salida del condensador bajo el peor caso ambiental. Sugerencia: aumentar eps_cond o el margen de subenf"
470.0,300.032917,3000.0,1370.375,0.425,1.0,0.85,0.75,0.8,0.8,0.8,361.9241413613437,362.4961034488815,-0.57196208753777,True,CORREGIBLE,0.0588794941951719,71.5287438892153,"[CORREGIBLE] O2: succión de la bomba bifásica bajo el peor caso de T_amb (riesgo de cavitación) (medido=362.49610344888146, esperado=<= 361.924 K). Causa probable: subenfriamiento insuficiente a la salida del condensador bajo el peor caso ambiental. Sugerencia: aumentar eps_cond o el margen de suben"
470.0,300.032917,3000.0,1407.125,0.425,1.0,0.85,0.75,0.8,0.8,0.8,363.0800605540551,363.3593874336645,-0.2793268796093571,True,CORREGIBLE,0.056959792536398,69.1814210745073,"[CORREGIBLE] O2: succión de la bomba bifásica bajo el peor caso de T_amb (riesgo de cavitación) (medido=363.35938743366444, esperado=<= 363.080 K). Causa probable: subenfriamiento insuficiente a la salida del condensador bajo el peor caso ambiental. Sugerencia: aumentar eps_cond o el margen de suben"
470.0,300.032917,3000.0,963.75,0.425,1.0,0.85,0.75,0.8,0.8,0.85,347.35565169984994,347.0544245452939,0.3012271545560452,True,KALINA,0.0804992168538272,101.34168442913558,"KALINA: régimen Kalina genuino y admisible, sin fallas."
470.0,300.032917,3000.0,986.25,0.425,1.0,0.85,0.75,0.8,0.8,0.85,348.2671263689873,347.1221731976017,1.1449531713856231,True,KALINA,0.0789477351735207,99.37574576766568,"KALINA: régimen Kalina genuino y admisible, sin fallas."
470.0,300.032917,3000.0,2631.75,0.45,1.0,0.85,0.75,0.8,0.8,0.75,388.1809277166924,388.0571750445567,0.1237526721357085,True,KALINA,0.0109193457781782,13.48359227338252,"KALINA: régimen Kalina genuino y admisible, sin fallas."
470.0,300.032917,3000.0,2663.25,0.45,1.0,0.85,0.75,0.8,0.8,0.75,388.8081259500935,388.1281426869506,0.6799832631429013,True,KALINA,0.0099321456005268,12.262718858201652,"KALINA: régimen Kalina genuino y admisible, sin fallas."
470.0,300.032917,3000.0,1759.0,0.45,1.0,0.85,0.75,0.8,0.8,0.8,368.2910803349497,368.3214117844258,-0.0303314494761366,True,CORREGIBLE,0.0416067756587663,53.73364150348577,"[CORREGIBLE] O2: succión de la bomba bifásica bajo el peor caso de T_amb (riesgo de cavitación) (medido=368.32141178442583, esperado=<= 368.291 K). Causa probable: subenfriamiento insuficiente a la salida del condensador bajo el peor caso ambiental. Sugerencia: aumentar eps_cond o el margen de suben"
470.0,300.032917,3000.0,1801.0,0.45,1.0,0.85,0.75,0.8,0.8,0.8,369.38813513386873,368.50726941100993,0.8808657228588004,True,KALINA,0.0398093728474041,51.40137716001269,"KALINA: régimen Kalina genuino y admisible, sin fallas."
470.0,300.032917,3000.0,1136.75,0.45,1.0,0.85,0.75,0.8,0.8,0.85,349.3290962128807,349.51738400616875,-0.1882877932880546,True,CORREGIBLE,0.0709035839985794,95.18998979976112,"[CORREGIBLE] O2: succión de la bomba bifásica bajo el peor caso de T_amb (riesgo de cavitación) (medido=349.51738400616875, esperado=<= 349.329 K). Causa probable: subenfriamiento insuficiente a la salida del condensador bajo el peor caso ambiental. Sugerencia: aumentar eps_cond o el margen de suben"
470.0,300.032917,3000.0,1168.25,0.45,1.0,0.85,0.75,0.8,0.8,0.85,350.4467061040783,350.1474287220957,0.2992773819825629,True,KALINA,0.0689936907131403,92.6105911558578,"KALINA: régimen Kalina genuino y admisible, sin fallas."
470.0,300.032917,3000.0,2100.25,0.475,1.0,0.85,0.75,0.8,0.8,0.8,371.9760424599156,372.1220082585337,-0.1459657986180786,True,CORREGIBLE,0.0286815183967108,39.186541985424654,"[CORREGIBLE] O2: succión de la bomba bifásica bajo el peor caso de T_amb (riesgo de cavitación) (medido=372.1220082585337, esperado=<= 371.976 K). Causa probable: subenfriamiento insuficiente a la salida del condensador bajo el peor caso ambiental. Sugerencia: aumentar eps_cond o el margen de subenf"
470.0,300.032917,3000.0,2149.75,0.475,1.0,0.85,0.75,0.8,0.8,0.8,373.1072965828085,372.6237890366149,0.483507546193664,True,KALINA,0.0268347079811293,36.65496552236214,"KALINA: régimen Kalina genuino y admisible, sin fallas."
470.0,300.032917,3000.0,1370.375,0.475,1.0,0.85,0.75,0.8,0.8,0.85,352.62243436206103,352.7503523136638,-0.1279179516027966,True,CORREGIBLE,0.0589800687799294,83.97306851593002,"[CORREGIBLE] O2: succión de la bomba bifásica bajo el peor caso de T_amb (riesgo de cavitación) (medido=352.7503523136638, esperado=<= 352.622 K). Causa probable: subenfriamiento insuficiente a la salida del condensador bajo el peor caso ambiental. Sugerencia: aumentar eps_cond o el margen de subenf"
470.0,300.032917,3000.0,1407.125,0.475,1.0,0.85,0.75,0.8,0.8,0.85,353.7508481525582,353.2234228175058,0.527425335052385,True,KALINA,0.0570568572796866,81.22082532167484,"KALINA: régimen Kalina genuino y admisible, sin fallas."
470.0,300.032917,3000.0,2524.5,0.5,1.0,0.85,0.75,0.8,0.8,0.8,376.5436377034852,376.56863011365294,-0.0249924101677834,True,CORREGIBLE,0.0143134261526546,20.58862568969712,"[CORREGIBLE] O2: succión de la bomba bifásica bajo el peor caso de T_amb (riesgo de cavitación) (medido=376.56863011365294, esperado=<= 376.544 K). Causa probable: subenfriamiento insuficiente a la salida del condensador bajo el peor caso ambiental. Sugerencia: aumentar eps_cond o el margen de suben"
470.0,300.032917,3000.0,2545.5,0.5,1.0,0.85,0.75,0.8,0.8,0.8,376.964639982898,376.6806861820601,0.2839538008378213,True,KALINA,0.0136310483966418,19.605383206148623,"KALINA: régimen Kalina genuino y admisible, sin fallas."
470.0,300.032917,3000.0,1632.0,0.5,1.0,0.85,0.75,0.8,0.8,0.85,355.8809046970986,355.95069323419847,-0.069788537099896,True,CORREGIBLE,0.0471341614963616,70.83680289016972,"[CORREGIBLE] O2: succión de la bomba bifásica bajo el peor caso de T_amb (riesgo de cavitación) (medido=355.95069323419847, esperado=<= 355.881 K). Causa probable: subenfriamiento insuficiente a la salida del condensador bajo el peor caso ambiental. Sugerencia: aumentar eps_cond o el margen de suben"
470.0,300.032917,3000.0,1668.0,0.5,1.0,0.85,0.75,0.8,0.8,0.85,356.84891928468,356.2494181062988,0.5995011783812174,True,KALINA,0.0454894423456837,68.35451109544316,"KALINA: régimen Kalina genuino y admisible, sin fallas."
470.0,300.032917,3000.0,1632.0,0.45,1.0,0.85,0.75,0.75,0.75,0.8,364.8588287969061,364.4929908527975,0.3658379441085913,True,KALINA,0.0466216906315092,56.81021570662763,"KALINA: régimen Kalina genuino y admisible, sin fallas."
470.0,300.032917,3000.0,1668.0,0.45,1.0,0.85,0.75,0.75,0.75,0.8,365.8501136302925,364.585714294807,1.264399335485507,True,KALINA,0.0449939461181532,54.81692306867641,"KALINA: régimen Kalina genuino y admisible, sin fallas."
470.0,300.032917,3000.0,1069.375,0.45,1.0,0.85,0.75,0.75,0.75,0.85,346.8620704299575,346.93886871321286,-0.076798283255357,True,CORREGIBLE,0.074154196139631,93.62625497799677,"[CORREGIBLE] O2: succión de la bomba bifásica bajo el peor caso de T_amb (riesgo de cavitación) (medido=346.93886871321286, esperado=<= 346.862 K). Causa probable: subenfriamiento insuficiente a la salida del condensador bajo el peor caso ambiental. Sugerencia: aumentar eps_cond o el margen de suben"
470.0,300.032917,3000.0,1043.125,0.45,1.0,0.85,0.75,0.75,0.75,0.85,345.870674493419,346.1806547809033,-0.3099802874842794,True,CORREGIBLE,0.0758541111355183,95.78555657855112,"[CORREGIBLE] O2: succión de la bomba bifásica bajo el peor caso de T_amb (riesgo de cavitación) (medido=346.1806547809033, esperado=<= 345.871 K). Causa probable: subenfriamiento insuficiente a la salida del condensador bajo el peor caso ambiental. Sugerencia: aumentar eps_cond o el margen de subenf"
470.0,300.032917,3000.0,2274.875,0.5,1.0,0.85,0.75,0.75,0.75,0.8,371.3484092082013,371.5264417251688,-0.1780325169675052,True,CORREGIBLE,0.0226111574128491,30.67748144016819,"[CORREGIBLE] O2: succión de la bomba bifásica bajo el peor caso de T_amb (riesgo de cavitación) (medido=371.5264417251688, esperado=<= 371.348 K). Causa probable: subenfriamiento insuficiente a la salida del condensador bajo el peor caso ambiental. Sugerencia: aumentar eps_cond o el margen de subenf"
470.0,300.032917,3000.0,2332.625,0.5,1.0,0.85,0.75,0.75,0.75,0.8,372.5832662389042,372.1506775871732,0.4325886517310096,True,KALINA,0.0205841815556404,27.92075282102261,"KALINA: régimen Kalina genuino y admisible, sin fallas."
470.0,300.032917,3000.0,1499.0,0.5,1.0,0.85,0.75,0.75,0.75,0.85,352.1697755577209,352.30105459573866,-0.1312790380177375,True,CORREGIBLE,0.0530272636225174,74.86249950430893,"[CORREGIBLE] O2: succión de la bomba bifásica bajo el peor caso de T_amb (riesgo de cavitación) (medido=352.30105459573866, esperado=<= 352.170 K). Causa probable: subenfriamiento insuficiente a la salida del condensador bajo el peor caso ambiental. Sugerencia: aumentar eps_cond o el margen de suben"
470.0,300.032917,3000.0,1541.0,0.5,1.0,0.85,0.75,0.75,0.75,0.85,353.36574744392925,352.8143394377839,0.5514080061453797,True,KALINA,0.0509781379369242,71.95698943541062,"KALINA: régimen Kalina genuino y admisible, sin fallas."
470.0,300.032917,3000.0,1632.0,0.45,1.0,0.85,0.75,0.75,0.8,0.8,364.8588287969061,364.1967083160012,0.6621204809048891,True,KALINA,0.0469205089561276,56.90882744338036,"KALINA: régimen Kalina genuino y admisible, sin fallas."
470.0,300.032917,3000.0,1668.0,0.45,1.0,0.85,0.75,0.75,0.8,0.8,365.8501136302925,364.28986956551256,1.5602440647799654,True,KALINA,0.0452821667642006,54.91203705067529,"KALINA: régimen Kalina genuino y admisible, sin fallas."
470.0,300.032917,3000.0,1043.125,0.45,1.0,0.85,0.75,0.75,0.8,0.85,345.870674493419,346.11344780305524,-0.2427733096362203,True,CORREGIBLE,0.0764340158958971,95.9889308812176,"[CORREGIBLE] O2: succión de la bomba bifásica bajo el peor caso de T_amb (riesgo de cavitación) (medido=346.11344780305524, esperado=<= 345.871 K). Causa probable: subenfriamiento insuficiente a la salida del condensador bajo el peor caso ambiental. Sugerencia: aumentar eps_cond o el margen de suben"
470.0,300.032917,3000.0,1069.375,0.45,1.0,0.85,0.75,0.75,0.8,0.85,346.8620704299575,346.87182880321313,-0.0097583732556358,True,CORREGIBLE,0.0747208965845245,93.82500015632743,"[CORREGIBLE] O2: succión de la bomba bifásica bajo el peor caso de T_amb (riesgo de cavitación) (medido=346.87182880321313, esperado=<= 346.862 K). Causa probable: subenfriamiento insuficiente a la salida del condensador bajo el peor caso ambiental. Sugerencia: aumentar eps_cond o el margen de suben"
470.0,300.032917,3000.0,2274.875,0.5,1.0,0.85,0.75,0.75,0.8,0.8,371.3484092082013,371.4758504155666,-0.1274412073653366,True,CORREGIBLE,0.0226973024141567,30.708338634031488,"[CORREGIBLE] O2: succión de la bomba bifásica bajo el peor caso de T_amb (riesgo de cavitación) (medido=371.47585041556664, esperado=<= 371.348 K). Causa probable: subenfriamiento insuficiente a la salida del condensador bajo el peor caso ambiental. Sugerencia: aumentar eps_cond o el margen de suben"
470.0,300.032917,3000.0,2332.625,0.5,1.0,0.85,0.75,0.75,0.8,0.8,372.5832662389042,371.9590341948333,0.6242320440709364,True,KALINA,0.020662533474011,27.948818771640425,"KALINA: régimen Kalina genuino y admisible, sin fallas."
470.0,300.032917,3000.0,1499.0,0.5,1.0,0.85,0.75,0.75,0.8,0.85,352.1697755577209,352.25795199683853,-0.0881764391176034,True,CORREGIBLE,0.0532781731625594,74.95866800997281,"[CORREGIBLE] O2: succión de la bomba bifásica bajo el peor caso de T_amb (riesgo de cavitación) (medido=352.25795199683853, esperado=<= 352.170 K). Causa probable: subenfriamiento insuficiente a la salida del condensador bajo el peor caso ambiental. Sugerencia: aumentar eps_cond o el margen de suben"
470.0,300.032917,3000.0,1541.0,0.5,1.0,0.85,0.75,0.75,0.8,0.85,353.36574744392925,352.6353564994304,0.730390944498879,True,KALINA,0.051219216257349,72.04939076859614,"KALINA: régimen Kalina genuino y admisible, sin fallas."
470.0,300.032917,3000.0,1632.0,0.45,1.0,0.85,0.75,0.75,0.85,0.8,364.8588287969061,363.8998327390649,0.9589960578412048,True,KALINA,0.0472226487780355,57.00761656502279,"KALINA: régimen Kalina genuino y admisible, sin fallas."
470.0,300.032917,3000.0,1668.0,0.45,1.0,0.85,0.75,0.75,0.85,0.8,365.8501136302925,363.9934327463892,1.85668088390338,True,KALINA,0.0455735894311513,55.007322133362486,"KALINA: régimen Kalina genuino y admisible, sin fallas."
470.0,300.032917,3000.0,1069.375,0.45,1.0,0.85,0.75,0.75,0.85,0.85,346.8620704299575,346.6373686614864,0.2247017684711068,True,KALINA,0.0752934736761416,94.023628914875,"KALINA: régimen Kalina genuino y admisible, sin fallas."
470.0,300.032917,3000.0,1043.125,0.45,1.0,0.85,0.75,0.75,0.85,0.85,345.870674493419,346.0463746807692,-0.1757001873501735,True,CORREGIBLE,0.0770199371510789,96.19218612136692,"[CORREGIBLE] O2: succión de la bomba bifásica bajo el peor caso de T_amb (riesgo de cavitación) (medido=346.0463746807692, esperado=<= 345.871 K). Causa probable: subenfriamiento insuficiente a la salida del condensador bajo el peor caso ambiental. Sugerencia: aumentar eps_cond o el margen de subenf"
470.0,300.032917,3000.0,2274.875,0.5,1.0,0.85,0.75,0.75,0.85,0.8,371.3484092082013,371.4253081775285,-0.0768989693271464,True,CORREGIBLE,0.0227839459554139,30.739202560831025,"[CORREGIBLE] O2: succión de la bomba bifásica bajo el peor caso de T_amb (riesgo de cavitación) (medido=371.42530817752845, esperado=<= 371.348 K). Causa probable: subenfriamiento insuficiente a la salida del condensador bajo el peor caso ambiental. Sugerencia: aumentar eps_cond o el margen de suben"
470.0,300.032917,3000.0,2332.625,0.5,1.0,0.85,0.75,0.75,0.85,0.8,372.5832662389042,371.7673129700968,0.8159532688073341,True,KALINA,0.0207413385578665,27.97689090259288,"KALINA: régimen Kalina genuino y admisible, sin fallas."
470.0,300.032917,3000.0,1499.0,0.5,1.0,0.85,0.75,0.75,0.85,0.85,352.1697755577209,352.2149759777294,-0.0452004200084843,True,CORREGIBLE,0.0535303663476557,75.0546717898107,"[CORREGIBLE] O2: succión de la bomba bifásica bajo el peor caso de T_amb (riesgo de cavitación) (medido=352.2149759777294, esperado=<= 352.170 K). Causa probable: subenfriamiento insuficiente a la salida del condensador bajo el peor caso ambiental. Sugerencia: aumentar eps_cond o el margen de subenf"
470.0,300.032917,3000.0,1541.0,0.5,1.0,0.85,0.75,0.75,0.85,0.85,353.36574744392925,352.4566682720172,0.909079171912083,True,KALINA,0.051461527211415,72.14163395574747,"KALINA: régimen Kalina genuino y admisible, sin fallas."
470.0,300.032917,3000.0,1759.0,0.45,1.0,0.85,0.75,0.8,0.75,0.8,368.2910803349497,368.3971536747436,-0.1060733397939088,True,CORREGIBLE,0.0413912524538391,53.67266048528005,"[CORREGIBLE] O2: succión de la bomba bifásica bajo el peor caso de T_amb (riesgo de cavitación) (medido=368.3971536747436, esperado=<= 368.291 K). Causa probable: subenfriamiento insuficiente a la salida del condensador bajo el peor caso ambiental. Sugerencia: aumentar eps_cond o el margen de subenf"
470.0,300.032917,3000.0,1801.0,0.45,1.0,0.85,0.75,0.8,0.75,0.8,369.38813513386873,368.7789155447091,0.6092195891596361,True,KALINA,0.039603302753178,51.343070503060105,"KALINA: régimen Kalina genuino y admisible, sin fallas."
470.0,300.032917,3000.0,1142.875,0.45,1.0,0.85,0.75,0.8,0.75,0.85,349.5481280955745,349.7478802761252,-0.1997521805507176,True,CORREGIBLE,0.0700888351885452,94.55038750452285,"[CORREGIBLE] O2: succión de la bomba bifásica bajo el peor caso de T_amb (riesgo de cavitación) (medido=349.7478802761252, esperado=<= 349.548 K). Causa probable: subenfriamiento insuficiente a la salida del condensador bajo el peor caso ambiental. Sugerencia: aumentar eps_cond o el margen de subenf"
470.0,300.032917,3000.0,1179.625,0.45,1.0,0.85,0.75,0.8,0.75,0.85,,,,False,NO_CONVERGIO,,,"PropertyRangeError: T_from_Ph(P, h, x): el motor teqp no cubre el estado pedido (ver TASK_CONTEXT 2026-09-18-validar-teqp-nh3h2o). Detalle: h=-1.11568e+16 fuera de dominio a P=1.1796e+06 Pa, x=0.4639"
470.0,300.032917,3000.0,2536.5,0.5,1.0,0.85,0.75,0.8,0.75,0.8,376.7844967504987,376.79554662848034,-0.0110498779816339,True,CORREGIBLE,0.0138827949466262,20.013550379919195,"[CORREGIBLE] O2: succión de la bomba bifásica bajo el peor caso de T_amb (riesgo de cavitación) (medido=376.79554662848034, esperado=<= 376.784 K). Causa probable: subenfriamiento insuficiente a la salida del condensador bajo el peor caso ambiental. Sugerencia: aumentar eps_cond o el margen de suben"
470.0,300.032917,3000.0,2563.5,0.5,1.0,0.85,0.75,0.8,0.75,0.8,377.3236495957223,376.88180804147737,0.4418415542449452,True,KALINA,0.0130126884278715,18.757098026064927,"KALINA: régimen Kalina genuino y admisible, sin fallas."
470.0,300.032917,3000.0,1632.0,0.5,1.0,0.85,0.75,0.8,0.75,0.85,355.8809046970986,355.98894587200454,-0.1080411749059635,True,CORREGIBLE,0.0469631419612254,70.78032093721326,"[CORREGIBLE] O2: succión de la bomba bifásica bajo el peor caso de T_amb (riesgo de cavitación) (medido=355.98894587200454, esperado=<= 355.881 K). Causa probable: subenfriamiento insuficiente a la salida del condensador bajo el peor caso ambiental. Sugerencia: aumentar eps_cond o el margen de suben"
470.0,300.032917,3000.0,1668.0,0.5,1.0,0.85,0.75,0.8,0.75,0.85,356.84891928468,356.4056459728882,0.4432733117918133,True,KALINA,0.0453244730368171,68.30002649191736,"KALINA: régimen Kalina genuino y admisible, sin fallas."
470.0,300.032917,3000.0,1917.375,0.45,1.0,0.85,0.75,0.85,0.75,0.8,372.3380925838042,372.4984317655046,-0.160339181700408,True,CORREGIBLE,0.0351372957512247,48.28023292566076,"[CORREGIBLE] O2: succión de la bomba bifásica bajo el peor caso de T_amb (riesgo de cavitación) (medido=372.4984317655046, esperado=<= 372.338 K). Causa probable: subenfriamiento insuficiente a la salida del condensador bajo el peor caso ambiental. Sugerencia: aumentar eps_cond o el margen de subenf"
470.0,300.032917,3000.0,1975.125,0.45,1.0,0.85,0.75,0.85,0.75,0.8,373.75621903506095,373.0469950937715,0.7092239412894514,True,KALINA,0.0328515502612022,45.12584947573677,"KALINA: régimen Kalina genuino y admisible, sin fallas."
470.0,300.032917,3000.0,1259.25,0.45,1.0,0.85,0.75,0.85,0.75,0.85,353.5590468512619,353.57425607874944,-0.0152092274875599,True,CORREGIBLE,0.0637530410179863,91.51091845473488,"[CORREGIBLE] O2: succión de la bomba bifásica bajo el peor caso de T_amb (riesgo de cavitación) (medido=353.57425607874944, esperado=<= 353.559 K). Causa probable: subenfriamiento insuficiente a la salida del condensador bajo el peor caso ambiental. Sugerencia: aumentar eps_cond o el margen de suben"
470.0,300.032917,3000.0,1290.75,0.45,1.0,0.85,0.75,0.85,0.75,0.85,354.59905198975,353.70162550305093,0.8974264866990893,True,KALINA,0.0620098106581315,88.99360143067305,"KALINA: régimen Kalina genuino y admisible, sin fallas."
470.0,300.032917,3000.0,1759.0,0.5,1.0,0.85,0.75,0.85,0.75,0.85,359.2327472258791,359.4043646629331,-0.1716174370540102,True,CORREGIBLE,0.0415371867366237,66.56772426401943,"[CORREGIBLE] O2: succión de la bomba bifásica bajo el peor caso de T_amb (riesgo de cavitación) (medido=359.4043646629331, esperado=<= 359.233 K). Causa probable: subenfriamiento insuficiente a la salida del condensador bajo el peor caso ambiental. Sugerencia: aumentar eps_cond o el margen de subenf"
470.0,300.032917,3000.0,1801.0,0.5,1.0,0.85,0.75,0.85,0.75,0.85,360.3042036697206,360.0182993523723,0.2859043173482973,True,KALINA,0.0397437051524566,63.681606039395376,"KALINA: régimen Kalina genuino y admisible, sin fallas."
470.0,300.032917,3000.0,1917.375,0.45,1.0,0.85,0.75,0.85,0.8,0.8,372.3380925838042,372.4291331454895,-0.091040561685304,True,CORREGIBLE,0.0352839835945773,48.31353948610968,"[CORREGIBLE] O2: succión de la bomba bifásica bajo el peor caso de T_amb (riesgo de cavitación) (medido=372.4291331454895, esperado=<= 372.338 K). Causa probable: subenfriamiento insuficiente a la salida del condensador bajo el peor caso ambiental. Sugerencia: aumentar eps_cond o el margen de subenf"
470.0,300.032917,3000.0,1975.125,0.45,1.0,0.85,0.75,0.85,0.8,0.8,373.75621903506095,372.8027663008126,0.9534527342483444,True,KALINA,0.0329885634835123,45.156961265445865,"KALINA: régimen Kalina genuino y admisible, sin fallas."
470.0,300.032917,3000.0,1259.25,0.45,1.0,0.85,0.75,0.85,0.8,0.85,353.5590468512619,353.3930367485078,0.1660101027540577,True,KALINA,0.0640767578860203,91.58991126316666,"KALINA: régimen Kalina genuino y admisible, sin fallas."
470.0,300.032917,3000.0,1290.75,0.45,1.0,0.85,0.75,0.85,0.8,0.85,354.59905198975,353.4777709999503,1.121280989799743,True,KALINA,0.0623245306625071,89.07040109718447,"KALINA: régimen Kalina genuino y admisible, sin fallas."
470.0,300.032917,3000.0,1759.0,0.5,1.0,0.85,0.75,0.85,0.8,0.85,359.2327472258791,359.37188190200305,-0.1391346761239447,True,CORREGIBLE,0.0416491962961475,66.59754102582458,"[CORREGIBLE] O2: succión de la bomba bifásica bajo el peor caso de T_amb (riesgo de cavitación) (medido=359.37188190200305, esperado=<= 359.233 K). Causa probable: subenfriamiento insuficiente a la salida del condensador bajo el peor caso ambiental. Sugerencia: aumentar eps_cond o el margen de suben"
470.0,300.032917,3000.0,1801.0,0.5,1.0,0.85,0.75,0.85,0.8,0.85,360.3042036697206,359.8879828806812,0.4162207890394143,True,KALINA,0.0398508137436614,63.71011934366388,"KALINA: régimen Kalina genuino y admisible, sin fallas."
470.0,300.032917,3000.0,1917.375,0.45,1.0,0.85,0.75,0.85,0.85,0.8,372.3380925838042,372.3597379167507,-0.0216453329464911,True,CORREGIBLE,0.0354320561007743,48.3469273698724,"[CORREGIBLE] O2: succión de la bomba bifásica bajo el peor caso de T_amb (riesgo de cavitación) (medido=372.3597379167507, esperado=<= 372.338 K). Causa probable: subenfriamiento insuficiente a la salida del condensador bajo el peor caso ambiental. Sugerencia: aumentar eps_cond o el margen de subenf"
470.0,300.032917,3000.0,1259.25,0.45,1.0,0.85,0.75,0.85,0.85,0.85,353.5590468512619,353.16875700084574,0.3902898504161385,True,KALINA,0.0644034281849784,91.668959175957,"KALINA: régimen Kalina genuino y admisible, sin fallas."
470.0,300.032917,3000.0,1290.75,0.45,1.0,0.85,0.75,0.85,0.85,0.85,354.59905198975,353.2537340777816,1.3453179119684933,True,KALINA,0.0626421209333776,89.14725439627883,"KALINA: régimen Kalina genuino y admisible, sin fallas."
470.0,300.032917,3000.0,1975.125,0.45,1.0,0.85,0.75,0.85,0.85,0.8,373.75621903506095,372.5578587064927,1.198360328568242,True,KALINA,0.0331268691404738,45.1881490355573,"KALINA: régimen Kalina genuino y admisible, sin fallas."
470.0,300.032917,3000.0,1759.0,0.5,1.0,0.85,0.75,0.85,0.85,0.85,359.2327472258791,359.3394499765854,-0.1067027507062903,True,CORREGIBLE,0.0417616313948843,66.62733732940619,"[CORREGIBLE] O2: succión de la bomba bifásica bajo el peor caso de T_amb (riesgo de cavitación) (medido=359.3394499765854, esperado=<= 359.233 K). Causa probable: subenfriamiento insuficiente a la salida del condensador bajo el peor caso ambiental. Sugerencia: aumentar eps_cond o el margen de subenf"
470.0,300.032917,3000.0,1801.0,0.5,1.0,0.85,0.75,0.85,0.85,0.85,360.3042036697206,359.75774761787784,0.5464560518427675,True,KALINA,0.0399583290787084,63.73861312147966,"KALINA: régimen Kalina genuino y admisible, sin fallas."
470.0,300.032917,3000.0,1759.0,0.45,1.0,0.85,0.75,0.8,0.85,0.8,368.2910803349497,368.1274284912348,0.1636518437148879,True,KALINA,0.0418245115222859,53.79475202954295,"KALINA: régimen Kalina genuino y admisible, sin fallas."
470.0,300.032917,3000.0,1801.0,0.45,1.0,0.85,0.75,0.8,0.85,0.8,369.38813513386873,368.2349701436427,1.1531649902260028,True,KALINA,0.0400175573673291,51.459807662151725,"KALINA: régimen Kalina genuino y admisible, sin fallas."
470.0,300.032917,2800.0,1500.0,0.7,1.0,0.85,0.75,0.8,0.8,0.8,,,,False,NO_CONVERGIO,,,"T_from_Ph(P, h, x): el motor teqp no cubre el estado pedido (ver TASK_CONTEXT 2026-09-18-validar-teqp-nh3h2o). Detalle: h=58362.7 fuera de dominio a P=1.5e+06 Pa, x=0.7117"
470.0,300.032917,2800.0,2500.0,0.7,1.0,0.85,0.75,0.8,0.8,0.8,,,,False,NO_CONVERGIO,,,"T_from_Ph(P, h, x): el motor teqp no cubre el estado pedido (ver TASK_CONTEXT 2026-09-18-validar-teqp-nh3h2o). Detalle: h=60599.8 fuera de dominio a P=2.5e+06 Pa, x=0.7117"
470.0,300.032917,3000.0,2500.0,0.7,1.0,0.85,0.75,0.8,0.8,0.8,,,,False,NO_CONVERGIO,,,"T_from_Ph(P, h, x): el motor teqp no cubre el estado pedido (ver TASK_CONTEXT 2026-09-18-validar-teqp-nh3h2o). Detalle: h=55357.2 fuera de dominio a P=2.5e+06 Pa, x=0.7117"
470.0,300.032917,3000.0,1500.0,0.7,1.0,0.85,0.75,0.8,0.8,0.8,,,,False,NO_CONVERGIO,,,"T_from_Ph(P, h, x): el motor teqp no cubre el estado pedido (ver TASK_CONTEXT 2026-09-18-validar-teqp-nh3h2o). Detalle: h=53310.3 fuera de dominio a P=1.5e+06 Pa, x=0.7117"
470.0,300.032917,3300.0,1500.0,0.7,1.0,0.85,0.75,0.8,0.8,0.8,,,,False,NO_CONVERGIO,,,"T_from_Ph(P, h, x): el motor teqp no cubre el estado pedido (ver TASK_CONTEXT 2026-09-18-validar-teqp-nh3h2o). Detalle: h=47689.9 fuera de dominio a P=1.5e+06 Pa, x=0.7117"
470.0,300.032917,3300.0,2500.0,0.7,1.0,0.85,0.75,0.8,0.8,0.8,,,,False,NO_CONVERGIO,,,"T_from_Ph(P, h, x): el motor teqp no cubre el estado pedido (ver TASK_CONTEXT 2026-09-18-validar-teqp-nh3h2o). Detalle: h=49522.8 fuera de dominio a P=2.5e+06 Pa, x=0.7117"
470.0,300.032917,3600.0,1000.0,0.7,1.0,0.85,0.75,0.8,0.8,0.8,312.2313595053385,318.4612042918159,-6.229844786477372,True,CORREGIBLE,0.0995787410251588,133.28578024491753,"[CORREGIBLE] O2: succión de la bomba bifásica bajo el peor caso de T_amb (riesgo de cavitación) (medido=318.4612042918159, esperado=<= 312.231 K). Causa probable: subenfriamiento insuficiente a la salida del condensador bajo el peor caso ambiental. Sugerencia: aumentar eps_cond o el margen de subenf"
470.0,300.032917,3600.0,1600.0,0.7,1.0,0.85,0.75,0.8,0.8,0.8,330.0351462380388,334.5285110442813,-4.493364806242482,True,CORREGIBLE,0.0677235956934606,90.79515633665648,"[CORREGIBLE] O2: succión de la bomba bifásica bajo el peor caso de T_amb (riesgo de cavitación) (medido=334.5285110442813, esperado=<= 330.035 K). Causa probable: subenfriamiento insuficiente a la salida del condensador bajo el peor caso ambiental. Sugerencia: aumentar eps_cond o el margen de subenf"
470.0,300.032917,4000.0,1000.0,0.7,1.0,0.85,0.75,0.8,0.8,0.8,,,,False,NO_CONVERGIO,,,"T_from_Ph(P, h, x): el motor teqp no cubre el estado pedido (ver TASK_CONTEXT 2026-09-18-validar-teqp-nh3h2o). Detalle: equilibrio no resoluble en T=516.61 K, P=4e+06 Pa, x=0.7117"
470.0,300.032917,4000.0,1600.0,0.7,1.0,0.85,0.75,0.8,0.8,0.8,,,,False,NO_CONVERGIO,,,"T_from_Ph(P, h, x): el motor teqp no cubre el estado pedido (ver TASK_CONTEXT 2026-09-18-validar-teqp-nh3h2o). Detalle: equilibrio no resoluble en T=516.61 K, P=4e+06 Pa, x=0.7117"
470.0,300.032917,4000.0,2200.0,0.7,1.0,0.85,0.75,0.8,0.8,0.8,,,,False,NO_CONVERGIO,,,"T_from_Ph(P, h, x): el motor teqp no cubre el estado pedido (ver TASK_CONTEXT 2026-09-18-validar-teqp-nh3h2o). Detalle: equilibrio no resoluble en T=516.61 K, P=4e+06 Pa, x=0.7117"
470.0,300.032917,4000.0,2800.0,0.7,1.0,0.85,0.75,0.8,0.8,0.8,,,,False,NO_CONVERGIO,,,"T_from_Ph(P, h, x): el motor teqp no cubre el estado pedido (ver TASK_CONTEXT 2026-09-18-validar-teqp-nh3h2o). Detalle: equilibrio no resoluble en T=516.61 K, P=4e+06 Pa, x=0.7117"
470.0,300.032917,3600.0,2200.0,0.7,1.0,0.85,0.75,0.8,0.8,0.8,343.53346812827016,346.6284967356886,-3.095028607418442,True,CORREGIBLE,0.0432446292216516,57.94677544202423,"[CORREGIBLE] O2: succión de la bomba bifásica bajo el peor caso de T_amb (riesgo de cavitación) (medido=346.6284967356886, esperado=<= 343.533 K). Causa probable: subenfriamiento insuficiente a la salida del condensador bajo el peor caso ambiental. Sugerencia: aumentar eps_cond o el margen de subenf"
470.0,300.032917,3600.0,2800.0,0.7,1.0,0.85,0.75,0.8,0.8,0.8,354.6647884153868,356.53477985055,-1.869991435163172,True,CORREGIBLE,0.0229447166844775,30.70300918204054,"[CORREGIBLE] O2: succión de la bomba bifásica bajo el peor caso de T_amb (riesgo de cavitación) (medido=356.53477985054997, esperado=<= 354.665 K). Causa probable: subenfriamiento insuficiente a la salida del condensador bajo el peor caso ambiental. Sugerencia: aumentar eps_cond o el margen de suben"
470.0,300.032917,3600.0,3240.0,0.7,1.0,0.85,0.75,0.8,0.8,0.8,361.8314653794417,362.8696400192428,-1.0381746398011271,True,CORREGIBLE,0.009852865499786,13.167456490038452,"[CORREGIBLE] O2: succión de la bomba bifásica bajo el peor caso de T_amb (riesgo de cavitación) (medido=362.8696400192428, esperado=<= 361.831 K). Causa probable: subenfriamiento insuficiente a la salida del condensador bajo el peor caso ambiental. Sugerencia: aumentar eps_cond o el margen de subenf"
470.0,300.032917,4000.0,3600.0,0.7,1.0,0.85,0.75,0.8,0.8,0.8,,,,False,NO_CONVERGIO,,,"T_from_Ph(P, h, x): el motor teqp no cubre el estado pedido (ver TASK_CONTEXT 2026-09-18-validar-teqp-nh3h2o). Detalle: equilibrio no resoluble en T=516.61 K, P=4e+06 Pa, x=0.7117"
470.0,300.032917,4000.0,3400.0,0.7,1.0,0.85,0.75,0.8,0.8,0.8,,,,False,NO_CONVERGIO,,,"T_from_Ph(P, h, x): el motor teqp no cubre el estado pedido (ver TASK_CONTEXT 2026-09-18-validar-teqp-nh3h2o). Detalle: equilibrio no resoluble en T=516.61 K, P=4e+06 Pa, x=0.7117"
470.0,300.032917,4400.0,1000.0,0.7,1.0,0.85,0.75,0.8,0.8,0.8,312.2313595053385,318.1224519998994,-5.891092494560894,True,CORREGIBLE,0.1163906332389072,153.17603898933882,"[CORREGIBLE] O2: succión de la bomba bifásica bajo el peor caso de T_amb (riesgo de cavitación) (medido=318.1224519998994, esperado=<= 312.231 K). Causa probable: subenfriamiento insuficiente a la salida del condensador bajo el peor caso ambiental. Sugerencia: aumentar eps_cond o el margen de subenf"
470.0,300.032917,4400.0,1600.0,0.7,1.0,0.85,0.75,0.8,0.8,0.8,330.0351462380388,334.1964143258386,-4.161268087799783,True,CORREGIBLE,0.085154214761124,112.23314316854616,"[CORREGIBLE] O2: succión de la bomba bifásica bajo el peor caso de T_amb (riesgo de cavitación) (medido=334.1964143258386, esperado=<= 330.035 K). Causa probable: subenfriamiento insuficiente a la salida del condensador bajo el peor caso ambiental. Sugerencia: aumentar eps_cond o el margen de subenf"
470.0,300.032917,4400.0,2200.0,0.7,1.0,0.85,0.75,0.8,0.8,0.8,343.53346812827016,346.3020325903026,-2.7685644620324297,True,CORREGIBLE,0.0611181766987271,80.50333944756946,"[CORREGIBLE] O2: succión de la bomba bifásica bajo el peor caso de T_amb (riesgo de cavitación) (medido=346.3020325903026, esperado=<= 343.533 K). Causa probable: subenfriamiento insuficiente a la salida del condensador bajo el peor caso ambiental. Sugerencia: aumentar eps_cond o el margen de subenf"
470.0,300.032917,4400.0,2800.0,0.7,1.0,0.85,0.75,0.8,0.8,0.8,354.6647884153868,356.21289470327787,-1.5481062878910734,True,CORREGIBLE,0.0411688712221244,54.14733598218591,"[CORREGIBLE] O2: succión de la bomba bifásica bajo el peor caso de T_amb (riesgo de cavitación) (medido=356.21289470327787, esperado=<= 354.665 K). Causa probable: subenfriamiento insuficiente a la salida del condensador bajo el peor caso ambiental. Sugerencia: aumentar eps_cond o el margen de suben"
470.0,300.032917,4400.0,3960.0,0.7,1.0,0.85,0.75,0.8,0.8,0.8,,,,False,NO_CONVERGIO,,,"T_from_Ph(P, h, x): el motor teqp no cubre el estado pedido (ver TASK_CONTEXT 2026-09-18-validar-teqp-nh3h2o). Detalle: equilibrio no resoluble en T=516.69 K, P=3.96e+06 Pa, x=0.7117"
470.0,300.032917,4500.0,1000.0,0.7,1.0,0.85,0.75,0.8,0.8,0.8,312.2313595053385,318.08262825070034,-5.851268745361836,True,CORREGIBLE,0.1182129381130078,155.21910643751926,"[CORREGIBLE] O2: succión de la bomba bifásica bajo el peor caso de T_amb (riesgo de cavitación) (medido=318.08262825070034, esperado=<= 312.231 K). Causa probable: subenfriamiento insuficiente a la salida del condensador bajo el peor caso ambiental. Sugerencia: aumentar eps_cond o el margen de suben"
470.0,300.032917,4400.0,3400.0,0.7,1.0,0.85,0.75,0.8,0.8,0.8,364.2753772939649,364.7026780139029,-0.4273007199380458,True,CORREGIBLE,0.023905268335316,31.38290136216848,"[CORREGIBLE] O2: succión de la bomba bifásica bajo el peor caso de T_amb (riesgo de cavitación) (medido=364.7026780139029, esperado=<= 364.275 K). Causa probable: subenfriamiento insuficiente a la salida del condensador bajo el peor caso ambiental. Sugerencia: aumentar eps_cond o el margen de subenf"
470.0,300.032917,4500.0,1600.0,0.7,1.0,0.85,0.75,0.8,0.8,0.8,330.0351462380388,334.1573950131553,-4.122248775116475,True,CORREGIBLE,0.0870444243024557,114.46055371306738,"[CORREGIBLE] O2: succión de la bomba bifásica bajo el peor caso de T_amb (riesgo de cavitación) (medido=334.1573950131553, esperado=<= 330.035 K). Causa probable: subenfriamiento insuficiente a la salida del condensador bajo el peor caso ambiental. Sugerencia: aumentar eps_cond o el margen de subenf"
470.0,300.032917,4500.0,2200.0,0.7,1.0,0.85,0.75,0.8,0.8,0.8,343.53346812827016,346.26368765981255,-2.7302195315423887,True,CORREGIBLE,0.0630560248248319,82.86372684612675,"[CORREGIBLE] O2: succión de la bomba bifásica bajo el peor caso de T_amb (riesgo de cavitación) (medido=346.26368765981255, esperado=<= 343.533 K). Causa probable: subenfriamiento insuficiente a la salida del condensador bajo el peor caso ambiental. Sugerencia: aumentar eps_cond o el margen de suben"
470.0,300.032917,2800.0,1500.0,0.75,1.0,0.85,0.75,0.8,0.8,0.8,,,,False,NO_CONVERGIO,,,"T_from_Ph(P, h, x): el motor teqp no cubre el estado pedido (ver TASK_CONTEXT 2026-09-18-validar-teqp-nh3h2o). Detalle: h=62789.9 fuera de dominio a P=1.5e+06 Pa, x=0.7604"
470.0,300.032917,2800.0,2500.0,0.75,1.0,0.85,0.75,0.8,0.8,0.8,,,,False,NO_CONVERGIO,,,"h(P, s, x): el motor teqp no cubre el estado pedido (ver TASK_CONTEXT 2026-09-18-validar-teqp-nh3h2o). Detalle: equilibrio no resoluble en T=485.37 K, P=2.5e+06 Pa, x=0.8428"
470.0,300.032917,3000.0,1500.0,0.75,1.0,0.85,0.75,0.8,0.8,0.8,,,,False,NO_CONVERGIO,,,"T_from_Ph(P, h, x): el motor teqp no cubre el estado pedido (ver TASK_CONTEXT 2026-09-18-validar-teqp-nh3h2o). Detalle: h=57384.2 fuera de dominio a P=1.5e+06 Pa, x=0.7604"
470.0,300.032917,4500.0,2800.0,0.7,1.0,0.85,0.75,0.8,0.8,0.8,354.6647884153868,356.17509451769325,-1.5103061023064583,True,CORREGIBLE,0.0431438578583377,56.61310439198349,"[CORREGIBLE] O2: succión de la bomba bifásica bajo el peor caso de T_amb (riesgo de cavitación) (medido=356.17509451769325, esperado=<= 354.665 K). Causa probable: subenfriamiento insuficiente a la salida del condensador bajo el peor caso ambiental. Sugerencia: aumentar eps_cond o el margen de suben"
470.0,300.032917,3000.0,2500.0,0.75,1.0,0.85,0.75,0.8,0.8,0.8,,,,False,NO_CONVERGIO,,,"T_from_Ph(P, h, x): el motor teqp no cubre el estado pedido (ver TASK_CONTEXT 2026-09-18-validar-teqp-nh3h2o). Detalle: h=59606.2 fuera de dominio a P=2.5e+06 Pa, x=0.7604"
470.0,300.032917,3300.0,1500.0,0.75,1.0,0.85,0.75,0.8,0.8,0.8,,,,False,NO_CONVERGIO,,,"T_from_Ph(P, h, x): el motor teqp no cubre el estado pedido (ver TASK_CONTEXT 2026-09-18-validar-teqp-nh3h2o). Detalle: h=51378.6 fuera de dominio a P=1.5e+06 Pa, x=0.7604"
470.0,300.032917,4500.0,3400.0,0.7,1.0,0.85,0.75,0.8,0.8,0.8,364.2753772939649,364.66530400495503,-0.3899267109901529,True,CORREGIBLE,0.0259109236267243,33.93660746452603,"[CORREGIBLE] O2: succión de la bomba bifásica bajo el peor caso de T_amb (riesgo de cavitación) (medido=364.66530400495503, esperado=<= 364.275 K). Causa probable: subenfriamiento insuficiente a la salida del condensador bajo el peor caso ambiental. Sugerencia: aumentar eps_cond o el margen de suben"
470.0,300.032917,3300.0,2500.0,0.75,1.0,0.85,0.75,0.8,0.8,0.8,,,,False,NO_CONVERGIO,,,"T_from_Ph(P, h, x): el motor teqp no cubre el estado pedido (ver TASK_CONTEXT 2026-09-18-validar-teqp-nh3h2o). Detalle: h=53374.6 fuera de dominio a P=2.5e+06 Pa, x=0.7604"
470.0,300.032917,4500.0,4000.0,0.7,1.0,0.85,0.75,0.8,0.8,0.8,372.817451678411,368.0288980477479,4.788553630663103,True,KALINA,0.010923920729293,14.281278208710065,"KALINA: régimen Kalina genuino y admisible, sin fallas."
470.0,300.032917,3600.0,1600.0,0.75,1.0,0.85,0.75,0.8,0.8,0.8,,,,False,NO_CONVERGIO,,,"T_from_Ph(P, h, x): el motor teqp no cubre el estado pedido (ver TASK_CONTEXT 2026-09-18-validar-teqp-nh3h2o). Detalle: h=47238.2 fuera de dominio a P=1.6e+06 Pa, x=0.7604"
470.0,300.032917,3600.0,2200.0,0.75,1.0,0.85,0.75,0.8,0.8,0.8,,,,False,NO_CONVERGIO,,,"T_from_Ph(P, h, x): el motor teqp no cubre el estado pedido (ver TASK_CONTEXT 2026-09-18-validar-teqp-nh3h2o). Detalle: h=48371.6 fuera de dominio a P=2.2e+06 Pa, x=0.7604"
470.0,300.032917,3600.0,3240.0,0.75,1.0,0.85,0.75,0.8,0.8,0.8,,,,False,NO_CONVERGIO,,,"T_from_Ph(P, h, x): el motor teqp no cubre el estado pedido (ver TASK_CONTEXT 2026-09-18-validar-teqp-nh3h2o). Detalle: equilibrio no resoluble en T=506.46 K, P=3.24e+06 Pa, x=0.7604"
470.0,300.032917,3600.0,2800.0,0.75,1.0,0.85,0.75,0.8,0.8,0.8,,,,False,NO_CONVERGIO,,,"T_from_Ph(P, h, x): el motor teqp no cubre el estado pedido (ver TASK_CONTEXT 2026-09-18-validar-teqp-nh3h2o). Detalle: h=49246.3 fuera de dominio a P=2.8e+06 Pa, x=0.7604"
470.0,300.032917,3600.0,1000.0,0.75,1.0,0.85,0.75,0.8,0.8,0.8,308.71505251912845,313.2695421902512,-4.554489671122724,True,CORREGIBLE,0.1022963470159458,132.14661858825582,"[CORREGIBLE] O2: succión de la bomba bifásica bajo el peor caso de T_amb (riesgo de cavitación) (medido=313.2695421902512, esperado=<= 308.715 K). Causa probable: subenfriamiento insuficiente a la salida del condensador bajo el peor caso ambiental. Sugerencia: aumentar eps_cond o el margen de subenf"
470.0,300.032917,4000.0,1000.0,0.75,1.0,0.85,0.75,0.8,0.8,0.8,308.71505251912845,313.15190678552545,-4.436854266397006,True,CORREGIBLE,0.1115597271778887,143.12514301127328,"[CORREGIBLE] O2: succión de la bomba bifásica bajo el peor caso de T_amb (riesgo de cavitación) (medido=313.15190678552545, esperado=<= 308.715 K). Causa probable: subenfriamiento insuficiente a la salida del condensador bajo el peor caso ambiental. Sugerencia: aumentar eps_cond o el margen de suben"
470.0,300.032917,4000.0,1600.0,0.75,1.0,0.85,0.75,0.8,0.8,0.8,326.22766827244675,329.4926534281362,-3.2649851556894305,True,CORREGIBLE,0.0792288599219259,101.86356987552348,"[CORREGIBLE] O2: succión de la bomba bifásica bajo el peor caso de T_amb (riesgo de cavitación) (medido=329.4926534281362, esperado=<= 326.228 K). Causa probable: subenfriamiento insuficiente a la salida del condensador bajo el peor caso ambiental. Sugerencia: aumentar eps_cond o el margen de subenf"
470.0,300.032917,4000.0,2200.0,0.75,1.0,0.85,0.75,0.8,0.8,0.8,339.4742242447867,341.7810217762049,-2.3067975314182263,True,CORREGIBLE,0.0543365537501038,69.84052873026047,"[CORREGIBLE] O2: succión de la bomba bifásica bajo el peor caso de T_amb (riesgo de cavitación) (medido=341.7810217762049, esperado=<= 339.474 K). Causa probable: subenfriamiento insuficiente a la salida del condensador bajo el peor caso ambiental. Sugerencia: aumentar eps_cond o el margen de subenf"
470.0,300.032917,4000.0,3600.0,0.75,1.0,0.85,0.75,0.8,0.8,0.8,,,,False,NO_CONVERGIO,,,"T_from_Ph(P, h, x): el motor teqp no cubre el estado pedido (ver TASK_CONTEXT 2026-09-18-validar-teqp-nh3h2o). Detalle: equilibrio no resoluble en T=505.84 K, P=3.6e+06 Pa, x=0.7604"
470.0,300.032917,4000.0,2800.0,0.75,1.0,0.85,0.75,0.8,0.8,0.8,350.3741977982431,351.82536405468284,-1.4511662564397625,True,CORREGIBLE,0.0336734269697661,43.22747305054867,"[CORREGIBLE] O2: succión de la bomba bifásica bajo el peor caso de T_amb (riesgo de cavitación) (medido=351.82536405468284, esperado=<= 350.374 K). Causa probable: subenfriamiento insuficiente a la salida del condensador bajo el peor caso ambiental. Sugerencia: aumentar eps_cond o el margen de suben"
470.0,300.032917,4000.0,3400.0,0.75,1.0,0.85,0.75,0.8,0.8,0.8,359.7655817301571,360.4150556110282,-0.6494738808710849,True,CORREGIBLE,0.0157936192311441,20.23981736664791,"[CORREGIBLE] O2: succión de la bomba bifásica bajo el peor caso de T_amb (riesgo de cavitación) (medido=360.4150556110282, esperado=<= 359.766 K). Causa probable: subenfriamiento insuficiente a la salida del condensador bajo el peor caso ambiental. Sugerencia: aumentar eps_cond o el margen de subenf"
470.0,300.032917,4400.0,1000.0,0.75,1.0,0.85,0.75,0.8,0.8,0.8,308.71505251912845,313.03902180291124,-4.323969283782787,True,CORREGIBLE,0.119768029685368,152.46501305003994,"[CORREGIBLE] O2: succión de la bomba bifásica bajo el peor caso de T_amb (riesgo de cavitación) (medido=313.03902180291124, esperado=<= 308.715 K). Causa probable: subenfriamiento insuficiente a la salida del condensador bajo el peor caso ambiental. Sugerencia: aumentar eps_cond o el margen de suben"
470.0,300.032917,4400.0,1600.0,0.75,1.0,0.85,0.75,0.8,0.8,0.8,326.22766827244675,329.3812702050792,-3.153601932632455,True,CORREGIBLE,0.0877403480293601,111.92414316086652,"[CORREGIBLE] O2: succión de la bomba bifásica bajo el peor caso de T_amb (riesgo de cavitación) (medido=329.3812702050792, esperado=<= 326.228 K). Causa probable: subenfriamiento insuficiente a la salida del condensador bajo el peor caso ambiental. Sugerencia: aumentar eps_cond o el margen de subenf"
470.0,300.032917,4400.0,2200.0,0.75,1.0,0.85,0.75,0.8,0.8,0.8,339.4742242447867,341.6705381518839,-2.196313907097192,True,CORREGIBLE,0.063065854688751,80.42209474862564,"[CORREGIBLE] O2: succión de la bomba bifásica bajo el peor caso de T_amb (riesgo de cavitación) (medido=341.6705381518839, esperado=<= 339.474 K). Causa probable: subenfriamiento insuficiente a la salida del condensador bajo el peor caso ambiental. Sugerencia: aumentar eps_cond o el margen de subenf"
470.0,300.032917,4400.0,2800.0,0.75,1.0,0.85,0.75,0.8,0.8,0.8,350.3741977982431,351.71531884036426,-1.3411210421211877,True,CORREGIBLE,0.0425757169408405,54.22275258367638,"[CORREGIBLE] O2: succión de la bomba bifásica bajo el peor caso de T_amb (riesgo de cavitación) (medido=351.71531884036426, esperado=<= 350.374 K). Causa probable: subenfriamiento insuficiente a la salida del condensador bajo el peor caso ambiental. Sugerencia: aumentar eps_cond o el margen de suben"
470.0,300.032917,4400.0,3400.0,0.75,1.0,0.85,0.75,0.8,0.8,0.8,359.7655817301571,360.3050895283547,-0.539507798197576,True,CORREGIBLE,0.0248409896205143,31.580959731456502,"[CORREGIBLE] O2: succión de la bomba bifásica bajo el peor caso de T_amb (riesgo de cavitación) (medido=360.3050895283547, esperado=<= 359.766 K). Causa probable: subenfriamiento insuficiente a la salida del condensador bajo el peor caso ambiental. Sugerencia: aumentar eps_cond o el margen de subenf"
470.0,300.032917,4400.0,3960.0,0.75,1.0,0.85,0.75,0.8,0.8,0.8,367.5678430819739,365.8506774610202,1.717165620953665,True,KALINA,0.0102030841522368,12.948457444476633,"KALINA: régimen Kalina genuino y admisible, sin fallas."
470.0,300.032917,4500.0,1000.0,0.75,1.0,0.85,0.75,0.8,0.8,0.8,308.71505251912845,313.01181653758823,-4.296764018459783,True,CORREGIBLE,0.1216690186253766,154.57127812857715,"[CORREGIBLE] O2: succión de la bomba bifásica bajo el peor caso de T_amb (riesgo de cavitación) (medido=313.01181653758823, esperado=<= 308.715 K). Causa probable: subenfriamiento insuficiente a la salida del condensador bajo el peor caso ambiental. Sugerencia: aumentar eps_cond o el margen de suben"
470.0,300.032917,4500.0,1600.0,0.75,1.0,0.85,0.75,0.8,0.8,0.8,326.22766827244675,329.3544287107375,-3.126760438290773,True,CORREGIBLE,0.0897122574106843,114.20576509329616,"[CORREGIBLE] O2: succión de la bomba bifásica bajo el peor caso de T_amb (riesgo de cavitación) (medido=329.3544287107375, esperado=<= 326.228 K). Causa probable: subenfriamiento insuficiente a la salida del condensador bajo el peor caso ambiental. Sugerencia: aumentar eps_cond o el margen de subenf"
470.0,300.032917,4500.0,2200.0,0.75,1.0,0.85,0.75,0.8,0.8,0.8,339.4742242447867,341.64391324713057,-2.169689002343887,True,CORREGIBLE,0.0650882017876872,82.83035695219888,"[CORREGIBLE] O2: succión de la bomba bifásica bajo el peor caso de T_amb (riesgo de cavitación) (medido=341.64391324713057, esperado=<= 339.474 K). Causa probable: subenfriamiento insuficiente a la salida del condensador bajo el peor caso ambiental. Sugerencia: aumentar eps_cond o el margen de suben"
470.0,300.032917,2800.0,1500.0,0.8,1.0,0.85,0.75,0.8,0.8,0.8,,,,False,NO_CONVERGIO,,,"T_from_Ph(P, h, x): el motor teqp no cubre el estado pedido (ver TASK_CONTEXT 2026-09-18-validar-teqp-nh3h2o). Detalle: h=67234.3 fuera de dominio a P=1.5e+06 Pa, x=0.8088"
470.0,300.032917,2800.0,2500.0,0.8,1.0,0.85,0.75,0.8,0.8,0.8,,,,False,NO_CONVERGIO,,,"T_from_Ph(P, h, x): el motor teqp no cubre el estado pedido (ver TASK_CONTEXT 2026-09-18-validar-teqp-nh3h2o). Detalle: h=69842.5 fuera de dominio a P=2.5e+06 Pa, x=0.8088"
470.0,300.032917,4500.0,2800.0,0.75,1.0,0.85,0.75,0.8,0.8,0.8,350.3741977982431,351.68879821966686,-1.3146004214237903,True,CORREGIBLE,0.0446378374282667,56.73151422931105,"[CORREGIBLE] O2: succión de la bomba bifásica bajo el peor caso de T_amb (riesgo de cavitación) (medido=351.68879821966686, esperado=<= 350.374 K). Causa probable: subenfriamiento insuficiente a la salida del condensador bajo el peor caso ambiental. Sugerencia: aumentar eps_cond o el margen de suben"
470.0,300.032917,3000.0,2500.0,0.8,1.0,0.85,0.75,0.8,0.8,0.8,,,,False,NO_CONVERGIO,,,"h(P, s, x): el motor teqp no cubre el estado pedido (ver TASK_CONTEXT 2026-09-18-validar-teqp-nh3h2o). Detalle: equilibrio no resoluble en T=471.72 K, P=2.5e+06 Pa, x=0.8816"
470.0,300.032917,3000.0,1500.0,0.8,1.0,0.85,0.75,0.8,0.8,0.8,,,,False,NO_CONVERGIO,,,"T_from_Ph(P, h, x): el motor teqp no cubre el estado pedido (ver TASK_CONTEXT 2026-09-18-validar-teqp-nh3h2o). Detalle: h=61478.6 fuera de dominio a P=1.5e+06 Pa, x=0.8088"
470.0,300.032917,3300.0,1500.0,0.8,1.0,0.85,0.75,0.8,0.8,0.8,,,,False,NO_CONVERGIO,,,"T_from_Ph(P, h, x): el motor teqp no cubre el estado pedido (ver TASK_CONTEXT 2026-09-18-validar-teqp-nh3h2o). Detalle: h=55091.5 fuera de dominio a P=1.5e+06 Pa, x=0.8088"
470.0,300.032917,4500.0,3400.0,0.75,1.0,0.85,0.75,0.8,0.8,0.8,359.7655817301571,360.278586785255,-0.5130050550978922,True,CORREGIBLE,0.0269362715648003,34.173670803543786,"[CORREGIBLE] O2: succión de la bomba bifásica bajo el peor caso de T_amb (riesgo de cavitación) (medido=360.278586785255, esperado=<= 359.766 K). Causa probable: subenfriamiento insuficiente a la salida del condensador bajo el peor caso ambiental. Sugerencia: aumentar eps_cond o el margen de subenfr"
470.0,300.032917,3300.0,2500.0,0.8,1.0,0.85,0.75,0.8,0.8,0.8,,,,False,NO_CONVERGIO,,,"T_from_Ph(P, h, x): el motor teqp no cubre el estado pedido (ver TASK_CONTEXT 2026-09-18-validar-teqp-nh3h2o). Detalle: h=57249.7 fuera de dominio a P=2.5e+06 Pa, x=0.8088"
470.0,300.032917,3600.0,2200.0,0.8,1.0,0.85,0.75,0.8,0.8,0.8,,,,False,NO_CONVERGIO,,,"h(P, s, x): el motor teqp no cubre el estado pedido (ver TASK_CONTEXT 2026-09-18-validar-teqp-nh3h2o). Detalle: equilibrio no resoluble en T=470.22 K, P=2.2e+06 Pa, x=0.8844"
470.0,300.032917,3600.0,1000.0,0.8,1.0,0.85,0.75,0.8,0.8,0.8,,,,False,NO_CONVERGIO,,,"T_from_Ph(P, h, x): el motor teqp no cubre el estado pedido (ver TASK_CONTEXT 2026-09-18-validar-teqp-nh3h2o). Detalle: h=48905.7 fuera de dominio a P=1e+06 Pa, x=0.8088"
470.0,300.032917,3600.0,1600.0,0.8,1.0,0.85,0.75,0.8,0.8,0.8,,,,False,NO_CONVERGIO,,,"T_from_Ph(P, h, x): el motor teqp no cubre el estado pedido (ver TASK_CONTEXT 2026-09-18-validar-teqp-nh3h2o). Detalle: h=50668 fuera de dominio a P=1.6e+06 Pa, x=0.8088"
470.0,300.032917,3600.0,2800.0,0.8,1.0,0.85,0.75,0.8,0.8,0.8,,,,False,NO_CONVERGIO,,,"T_from_Ph(P, h, x): el motor teqp no cubre el estado pedido (ver TASK_CONTEXT 2026-09-18-validar-teqp-nh3h2o). Detalle: h=52845.6 fuera de dominio a P=2.8e+06 Pa, x=0.8088"
470.0,300.032917,3600.0,3240.0,0.8,1.0,0.85,0.75,0.8,0.8,0.8,,,,False,NO_CONVERGIO,,,"T_from_Ph(P, h, x): el motor teqp no cubre el estado pedido (ver TASK_CONTEXT 2026-09-18-validar-teqp-nh3h2o). Detalle: h=53432.8 fuera de dominio a P=3.24e+06 Pa, x=0.8088"
470.0,300.032917,4000.0,2200.0,0.8,1.0,0.85,0.75,0.8,0.8,0.8,,,,False,NO_CONVERGIO,,,"h(P, s, x): el motor teqp no cubre el estado pedido (ver TASK_CONTEXT 2026-09-18-validar-teqp-nh3h2o). Detalle: equilibrio no resoluble en T=469.60 K, P=2.2e+06 Pa, x=0.8861"
470.0,300.032917,4000.0,2800.0,0.8,1.0,0.85,0.75,0.8,0.8,0.8,,,,False,NO_CONVERGIO,,,"T_from_Ph(P, h, x): el motor teqp no cubre el estado pedido (ver TASK_CONTEXT 2026-09-18-validar-teqp-nh3h2o). Detalle: equilibrio no resoluble en T=494.05 K, P=2.8e+06 Pa, x=0.8088"
470.0,300.032917,4000.0,1600.0,0.8,1.0,0.85,0.75,0.8,0.8,0.8,,,,False,NO_CONVERGIO,,,"T_from_Ph(P, h, x): el motor teqp no cubre el estado pedido (ver TASK_CONTEXT 2026-09-18-validar-teqp-nh3h2o). Detalle: h=46146.9 fuera de dominio a P=1.6e+06 Pa, x=0.8088"
470.0,300.032917,4000.0,3400.0,0.8,1.0,0.85,0.75,0.8,0.8,0.8,,,,False,NO_CONVERGIO,,,"T_from_Ph(P, h, x): el motor teqp no cubre el estado pedido (ver TASK_CONTEXT 2026-09-18-validar-teqp-nh3h2o). Detalle: h=48835.7 fuera de dominio a P=3.4e+06 Pa, x=0.8088"
470.0,300.032917,4500.0,4000.0,0.75,1.0,0.85,0.75,0.8,0.8,0.8,368.0962542003624,365.65471483516046,2.44153936520189,True,KALINA,0.0113716885787241,14.399921242174964,"KALINA: régimen Kalina genuino y admisible, sin fallas."
470.0,300.032917,4000.0,3600.0,0.8,1.0,0.85,0.75,0.8,0.8,0.8,,,,False,NO_CONVERGIO,,,"T_from_Ph(P, h, x): el motor teqp no cubre el estado pedido (ver TASK_CONTEXT 2026-09-18-validar-teqp-nh3h2o). Detalle: h=49044.5 fuera de dominio a P=3.6e+06 Pa, x=0.8088"
470.0,300.032917,4000.0,1000.0,0.8,1.0,0.85,0.75,0.8,0.8,0.8,305.87175298884296,308.8638149976384,-2.992062008795415,True,CORREGIBLE,0.1153180130657223,142.54476257195117,"[CORREGIBLE] O2: succión de la bomba bifásica bajo el peor caso de T_amb (riesgo de cavitación) (medido=308.86381499763837, esperado=<= 305.872 K). Causa probable: subenfriamiento insuficiente a la salida del condensador bajo el peor caso ambiental. Sugerencia: aumentar eps_cond o el margen de suben"
470.0,300.032917,4400.0,2800.0,0.8,1.0,0.85,0.75,0.8,0.8,0.8,,,,False,NO_CONVERGIO,,,"T_from_Ph(P, h, x): el motor teqp no cubre el estado pedido (ver TASK_CONTEXT 2026-09-18-validar-teqp-nh3h2o). Detalle: equilibrio no resoluble en T=495.09 K, P=2.8e+06 Pa, x=0.8088"
470.0,300.032917,4400.0,3400.0,0.8,1.0,0.85,0.75,0.8,0.8,0.8,,,,False,NO_CONVERGIO,,,"T_from_Ph(P, h, x): el motor teqp no cubre el estado pedido (ver TASK_CONTEXT 2026-09-18-validar-teqp-nh3h2o). Detalle: equilibrio no resoluble en T=494.35 K, P=3.4e+06 Pa, x=0.8088"
470.0,300.032917,4400.0,2200.0,0.8,1.0,0.85,0.75,0.8,0.8,0.8,,,,False,NO_CONVERGIO,,,"h(P, s, x): el motor teqp no cubre el estado pedido (ver TASK_CONTEXT 2026-09-18-validar-teqp-nh3h2o). Detalle: equilibrio no resoluble en T=476.30 K, P=2.2e+06 Pa, x=0.8713"
470.0,300.032917,4400.0,3960.0,0.8,1.0,0.85,0.75,0.8,0.8,0.8,,,,False,NO_CONVERGIO,,,"T_from_Ph(P, h, x): el motor teqp no cubre el estado pedido (ver TASK_CONTEXT 2026-09-18-validar-teqp-nh3h2o). Detalle: h=45756.2 fuera de dominio a P=3.96e+06 Pa, x=0.8088"
470.0,300.032917,4400.0,1600.0,0.8,1.0,0.85,0.75,0.8,0.8,0.8,323.10641393162086,325.3122678118725,-2.2058538802516523,True,CORREGIBLE,0.09075374540442,111.69217967325642,"[CORREGIBLE] O2: succión de la bomba bifásica bajo el peor caso de T_amb (riesgo de cavitación) (medido=325.3122678118725, esperado=<= 323.106 K). Causa probable: subenfriamiento insuficiente a la salida del condensador bajo el peor caso ambiental. Sugerencia: aumentar eps_cond o el margen de subenf"
470.0,300.032917,4400.0,1000.0,0.8,1.0,0.85,0.75,0.8,0.8,0.8,305.87175298884296,308.79316103488947,-2.9214080460465084,True,CORREGIBLE,0.1238389374831857,152.03053349496355,"[CORREGIBLE] O2: succión de la bomba bifásica bajo el peor caso de T_amb (riesgo de cavitación) (medido=308.79316103488947, esperado=<= 305.872 K). Causa probable: subenfriamiento insuficiente a la salida del condensador bajo el peor caso ambiental. Sugerencia: aumentar eps_cond o el margen de suben"
470.0,300.032917,4500.0,2800.0,0.8,1.0,0.85,0.75,0.8,0.8,0.8,,,,False,NO_CONVERGIO,,,"T_from_Ph(P, h, x): el motor teqp no cubre el estado pedido (ver TASK_CONTEXT 2026-09-18-validar-teqp-nh3h2o). Detalle: equilibrio no resoluble en T=494.17 K, P=2.8e+06 Pa, x=0.8088"
470.0,300.032917,4500.0,3400.0,0.8,1.0,0.85,0.75,0.8,0.8,0.8,,,,False,NO_CONVERGIO,,,"T_from_Ph(P, h, x): el motor teqp no cubre el estado pedido (ver TASK_CONTEXT 2026-09-18-validar-teqp-nh3h2o). Detalle: equilibrio no resoluble en T=493.37 K, P=3.4e+06 Pa, x=0.8088"
470.0,300.032917,4500.0,1000.0,0.8,1.0,0.85,0.75,0.8,0.8,0.8,305.87175298884296,308.77620974526167,-2.9044567564187105,True,CORREGIBLE,0.1258110553701385,154.17575120798037,"[CORREGIBLE] O2: succión de la bomba bifásica bajo el peor caso de T_amb (riesgo de cavitación) (medido=308.77620974526167, esperado=<= 305.872 K). Causa probable: subenfriamiento insuficiente a la salida del condensador bajo el peor caso ambiental. Sugerencia: aumentar eps_cond o el margen de suben"
470.0,300.032917,4500.0,1600.0,0.8,1.0,0.85,0.75,0.8,0.8,0.8,323.10641393162086,325.2951456957881,-2.188731764167244,True,CORREGIBLE,0.0928026155920564,114.00784163864392,"[CORREGIBLE] O2: succión de la bomba bifásica bajo el peor caso de T_amb (riesgo de cavitación) (medido=325.2951456957881, esperado=<= 323.106 K). Causa probable: subenfriamiento insuficiente a la salida del condensador bajo el peor caso ambiental. Sugerencia: aumentar eps_cond o el margen de subenf"
470.0,300.032917,2800.0,1500.0,0.85,1.0,0.85,0.75,0.8,0.8,0.8,,,,False,NO_CONVERGIO,,,"T_from_Ph(P, h, x): el motor teqp no cubre el estado pedido (ver TASK_CONTEXT 2026-09-18-validar-teqp-nh3h2o). Detalle: h=71686.3 fuera de dominio a P=1.5e+06 Pa, x=0.8570"
470.0,300.032917,2800.0,2500.0,0.85,1.0,0.85,0.75,0.8,0.8,0.8,,,,False,NO_CONVERGIO,,,"T_from_Ph(P, h, x): el motor teqp no cubre el estado pedido (ver TASK_CONTEXT 2026-09-18-validar-teqp-nh3h2o). Detalle: h=74478.1 fuera de dominio a P=2.5e+06 Pa, x=0.8570"
470.0,300.032917,4500.0,2200.0,0.8,1.0,0.85,0.75,0.8,0.8,0.8,336.1094217678028,337.6895923520307,-1.5801705842279148,True,CORREGIBLE,0.0673672148237477,82.74898115666484,"[CORREGIBLE] O2: succión de la bomba bifásica bajo el peor caso de T_amb (riesgo de cavitación) (medido=337.6895923520307, esperado=<= 336.109 K). Causa probable: subenfriamiento insuficiente a la salida del condensador bajo el peor caso ambiental. Sugerencia: aumentar eps_cond o el margen de subenf"
470.0,300.032917,3000.0,1500.0,0.85,1.0,0.85,0.75,0.8,0.8,0.8,,,,False,NO_CONVERGIO,,,"T_from_Ph(P, h, x): el motor teqp no cubre el estado pedido (ver TASK_CONTEXT 2026-09-18-validar-teqp-nh3h2o). Detalle: h=65584.5 fuera de dominio a P=1.5e+06 Pa, x=0.8570"
470.0,300.032917,3000.0,2500.0,0.85,1.0,0.85,0.75,0.8,0.8,0.8,,,,False,NO_CONVERGIO,,,"T_from_Ph(P, h, x): el motor teqp no cubre el estado pedido (ver TASK_CONTEXT 2026-09-18-validar-teqp-nh3h2o). Detalle: h=68153.1 fuera de dominio a P=2.5e+06 Pa, x=0.8570"
470.0,300.032917,3300.0,1500.0,0.85,1.0,0.85,0.75,0.8,0.8,0.8,,,,False,NO_CONVERGIO,,,"T_from_Ph(P, h, x): el motor teqp no cubre el estado pedido (ver TASK_CONTEXT 2026-09-18-validar-teqp-nh3h2o). Detalle: h=58820.3 fuera de dominio a P=1.5e+06 Pa, x=0.8570"
470.0,300.032917,3300.0,2500.0,0.85,1.0,0.85,0.75,0.8,0.8,0.8,,,,False,NO_CONVERGIO,,,"T_from_Ph(P, h, x): el motor teqp no cubre el estado pedido (ver TASK_CONTEXT 2026-09-18-validar-teqp-nh3h2o). Detalle: h=61139.6 fuera de dominio a P=2.5e+06 Pa, x=0.8570"
470.0,300.032917,3600.0,1000.0,0.85,1.0,0.85,0.75,0.8,0.8,0.8,,,,False,NO_CONVERGIO,,,"T_from_Ph(P, h, x): el motor teqp no cubre el estado pedido (ver TASK_CONTEXT 2026-09-18-validar-teqp-nh3h2o). Detalle: equilibrio no resoluble en T=480.89 K, P=3.6e+06 Pa, x=0.8570"
470.0,300.032917,3600.0,1600.0,0.85,1.0,0.85,0.75,0.8,0.8,0.8,,,,False,NO_CONVERGIO,,,"T_from_Ph(P, h, x): el motor teqp no cubre el estado pedido (ver TASK_CONTEXT 2026-09-18-validar-teqp-nh3h2o). Detalle: equilibrio no resoluble en T=480.89 K, P=3.6e+06 Pa, x=0.8570"
470.0,300.032917,3600.0,2800.0,0.85,1.0,0.85,0.75,0.8,0.8,0.8,,,,False,NO_CONVERGIO,,,"h(P, s, x): el motor teqp no cubre el estado pedido (ver TASK_CONTEXT 2026-09-18-validar-teqp-nh3h2o). Detalle: equilibrio no resoluble en T=456.60 K, P=2.8e+06 Pa, x=0.9185"
470.0,300.032917,4500.0,4000.0,0.8,1.0,0.85,0.75,0.8,0.8,0.8,364.07978778800566,363.2274266009162,0.852361187089457,True,KALINA,0.0118388406216869,14.47207230512198,"KALINA: régimen Kalina genuino y admisible, sin fallas."
470.0,300.032917,3600.0,2200.0,0.85,1.0,0.85,0.75,0.8,0.8,0.8,,,,False,NO_CONVERGIO,,,"T_from_Ph(P, h, x): el motor teqp no cubre el estado pedido (ver TASK_CONTEXT 2026-09-18-validar-teqp-nh3h2o). Detalle: equilibrio no resoluble en T=480.89 K, P=3.6e+06 Pa, x=0.8570"
470.0,300.032917,3600.0,3240.0,0.85,1.0,0.85,0.75,0.8,0.8,0.8,,,,False,NO_CONVERGIO,,,"T_from_Ph(P, h, x): el motor teqp no cubre el estado pedido (ver TASK_CONTEXT 2026-09-18-validar-teqp-nh3h2o). Detalle: equilibrio no resoluble en T=480.89 K, P=3.6e+06 Pa, x=0.8570"
470.0,300.032917,4000.0,1000.0,0.85,1.0,0.85,0.75,0.8,0.8,0.8,,,,False,NO_CONVERGIO,,,"T_from_Ph(P, h, x): el motor teqp no cubre el estado pedido (ver TASK_CONTEXT 2026-09-18-validar-teqp-nh3h2o). Detalle: equilibrio no resoluble en T=480.07 K, P=4e+06 Pa, x=0.8570"
470.0,300.032917,4000.0,2800.0,0.85,1.0,0.85,0.75,0.8,0.8,0.8,,,,False,NO_CONVERGIO,,,"h(P, s, x): el motor teqp no cubre el estado pedido (ver TASK_CONTEXT 2026-09-18-validar-teqp-nh3h2o). Detalle: equilibrio no resoluble en T=456.93 K, P=2.8e+06 Pa, x=0.9196"
470.0,300.032917,4000.0,1600.0,0.85,1.0,0.85,0.75,0.8,0.8,0.8,,,,False,NO_CONVERGIO,,,"T_from_Ph(P, h, x): el motor teqp no cubre el estado pedido (ver TASK_CONTEXT 2026-09-18-validar-teqp-nh3h2o). Detalle: equilibrio no resoluble en T=480.07 K, P=4e+06 Pa, x=0.8570"
470.0,300.032917,4000.0,2200.0,0.85,1.0,0.85,0.75,0.8,0.8,0.8,,,,False,NO_CONVERGIO,,,"T_from_Ph(P, h, x): el motor teqp no cubre el estado pedido (ver TASK_CONTEXT 2026-09-18-validar-teqp-nh3h2o). Detalle: equilibrio no resoluble en T=480.07 K, P=4e+06 Pa, x=0.8570"
470.0,300.032917,4400.0,1000.0,0.85,1.0,0.85,0.75,0.8,0.8,0.8,,,,False,NO_CONVERGIO,,,"T_from_Ph(P, h, x): el motor teqp no cubre el estado pedido (ver TASK_CONTEXT 2026-09-18-validar-teqp-nh3h2o). Detalle: equilibrio no resoluble en T=479.23 K, P=4.4e+06 Pa, x=0.8570"
470.0,300.032917,4400.0,1600.0,0.85,1.0,0.85,0.75,0.8,0.8,0.8,,,,False,NO_CONVERGIO,,,"T_from_Ph(P, h, x): el motor teqp no cubre el estado pedido (ver TASK_CONTEXT 2026-09-18-validar-teqp-nh3h2o). Detalle: equilibrio no resoluble en T=479.23 K, P=4.4e+06 Pa, x=0.8570"
470.0,300.032917,4000.0,3400.0,0.85,1.0,0.85,0.75,0.8,0.8,0.8,,,,False,NO_CONVERGIO,,,"T_from_Ph(P, h, x): el motor teqp no cubre el estado pedido (ver TASK_CONTEXT 2026-09-18-validar-teqp-nh3h2o). Detalle: equilibrio no resoluble en T=480.07 K, P=4e+06 Pa, x=0.8570"
470.0,300.032917,4000.0,3600.0,0.85,1.0,0.85,0.75,0.8,0.8,0.8,,,,False,NO_CONVERGIO,,,"T_from_Ph(P, h, x): el motor teqp no cubre el estado pedido (ver TASK_CONTEXT 2026-09-18-validar-teqp-nh3h2o). Detalle: equilibrio no resoluble en T=480.07 K, P=4e+06 Pa, x=0.8570"
470.0,300.032917,4400.0,2200.0,0.85,1.0,0.85,0.75,0.8,0.8,0.8,,,,False,NO_CONVERGIO,,,"T_from_Ph(P, h, x): el motor teqp no cubre el estado pedido (ver TASK_CONTEXT 2026-09-18-validar-teqp-nh3h2o). Detalle: equilibrio no resoluble en T=479.23 K, P=4.4e+06 Pa, x=0.8570"
470.0,300.032917,4400.0,3400.0,0.85,1.0,0.85,0.75,0.8,0.8,0.8,,,,False,NO_CONVERGIO,,,"T_from_Ph(P, h, x): el motor teqp no cubre el estado pedido (ver TASK_CONTEXT 2026-09-18-validar-teqp-nh3h2o). Detalle: equilibrio no resoluble en T=479.23 K, P=4.4e+06 Pa, x=0.8570"
470.0,300.032917,4400.0,2800.0,0.85,1.0,0.85,0.75,0.8,0.8,0.8,,,,False,NO_CONVERGIO,,,"T_from_Ph(P, h, x): el motor teqp no cubre el estado pedido (ver TASK_CONTEXT 2026-09-18-validar-teqp-nh3h2o). Detalle: equilibrio no resoluble en T=479.23 K, P=4.4e+06 Pa, x=0.8570"
470.0,300.032917,4500.0,1000.0,0.85,1.0,0.85,0.75,0.8,0.8,0.8,,,,False,NO_CONVERGIO,,,"T_from_Ph(P, h, x): el motor teqp no cubre el estado pedido (ver TASK_CONTEXT 2026-09-18-validar-teqp-nh3h2o). Detalle: equilibrio no resoluble en T=479.01 K, P=4.5e+06 Pa, x=0.8570"
470.0,300.032917,4500.0,1600.0,0.85,1.0,0.85,0.75,0.8,0.8,0.8,,,,False,NO_CONVERGIO,,,"T_from_Ph(P, h, x): el motor teqp no cubre el estado pedido (ver TASK_CONTEXT 2026-09-18-validar-teqp-nh3h2o). Detalle: equilibrio no resoluble en T=479.01 K, P=4.5e+06 Pa, x=0.8570"
470.0,300.032917,4400.0,3960.0,0.85,1.0,0.85,0.75,0.8,0.8,0.8,,,,False,NO_CONVERGIO,,,"T_from_Ph(P, h, x): el motor teqp no cubre el estado pedido (ver TASK_CONTEXT 2026-09-18-validar-teqp-nh3h2o). Detalle: equilibrio no resoluble en T=479.23 K, P=4.4e+06 Pa, x=0.8570"
470.0,300.032917,4500.0,2200.0,0.85,1.0,0.85,0.75,0.8,0.8,0.8,,,,False,NO_CONVERGIO,,,"T_from_Ph(P, h, x): el motor teqp no cubre el estado pedido (ver TASK_CONTEXT 2026-09-18-validar-teqp-nh3h2o). Detalle: equilibrio no resoluble en T=479.01 K, P=4.5e+06 Pa, x=0.8570"
470.0,300.032917,4500.0,2800.0,0.85,1.0,0.85,0.75,0.8,0.8,0.8,,,,False,NO_CONVERGIO,,,"T_from_Ph(P, h, x): el motor teqp no cubre el estado pedido (ver TASK_CONTEXT 2026-09-18-validar-teqp-nh3h2o). Detalle: equilibrio no resoluble en T=479.01 K, P=4.5e+06 Pa, x=0.8570"
470.0,300.032917,4500.0,3400.0,0.85,1.0,0.85,0.75,0.8,0.8,0.8,,,,False,NO_CONVERGIO,,,"T_from_Ph(P, h, x): el motor teqp no cubre el estado pedido (ver TASK_CONTEXT 2026-09-18-validar-teqp-nh3h2o). Detalle: equilibrio no resoluble en T=479.01 K, P=4.5e+06 Pa, x=0.8570"
470.0,300.032917,4500.0,4000.0,0.85,1.0,0.85,0.75,0.8,0.8,0.8,,,,False,NO_CONVERGIO,,,"T_from_Ph(P, h, x): el motor teqp no cubre el estado pedido (ver TASK_CONTEXT 2026-09-18-validar-teqp-nh3h2o). Detalle: equilibrio no resoluble en T=479.01 K, P=4.5e+06 Pa, x=0.8570"
470.0,300.032917,4400.0,3596.0,0.75,1.0,0.85,0.75,0.8,0.8,0.8,362.5879222842997,362.8724427452447,-0.2845204609449183,True,CORREGIBLE,0.0195033451139648,24.77937049749984,"[CORREGIBLE] O2: succión de la bomba bifásica bajo el peor caso de T_amb (riesgo de cavitación) (medido=362.87244274524465, esperado=<= 362.588 K). Causa probable: subenfriamiento insuficiente a la salida del condensador bajo el peor caso ambiental. Sugerencia: aumentar eps_cond o el margen de suben"
470.0,300.032917,4400.0,3764.0,0.75,1.0,0.85,0.75,0.8,0.8,0.8,364.9261450844694,364.9938636690426,-0.0677185845732424,True,CORREGIBLE,0.0151044521419012,19.180101822089785,"[CORREGIBLE] O2: succión de la bomba bifásica bajo el peor caso de T_amb (riesgo de cavitación) (medido=364.99386366904264, esperado=<= 364.926 K). Causa probable: subenfriamiento insuficiente a la salida del condensador bajo el peor caso ambiental. Sugerencia: aumentar eps_cond o el margen de suben"
470.0,300.032917,4500.0,3610.0,0.7,1.0,0.85,0.75,0.8,0.8,0.8,367.37004670334153,367.3834180189108,-0.0133713155692589,True,CORREGIBLE,0.0203983515908005,26.698356614250137,"[CORREGIBLE] O2: succión de la bomba bifásica bajo el peor caso de T_amb (riesgo de cavitación) (medido=367.3834180189108, esperado=<= 367.370 K). Causa probable: subenfriamiento insuficiente a la salida del condensador bajo el peor caso ambiental. Sugerencia: aumentar eps_cond o el margen de subenf"
470.0,300.032917,4500.0,3790.0,0.7,1.0,0.85,0.75,0.8,0.8,0.8,369.9296649035536,367.732838659854,2.196826243699548,True,KALINA,0.0159099577304083,20.81229170521399,"KALINA: régimen Kalina genuino y admisible, sin fallas."
470.0,300.032917,4500.0,3370.0,0.8,1.0,0.85,0.75,0.8,0.8,0.8,,,,False,NO_CONVERGIO,,,"T_from_Ph(P, h, x): el motor teqp no cubre el estado pedido (ver TASK_CONTEXT 2026-09-18-validar-teqp-nh3h2o). Detalle: equilibrio no resoluble en T=493.17 K, P=3.37e+06 Pa, x=0.8088"
470.0,300.032917,4500.0,2830.0,0.8,1.0,0.85,0.75,0.8,0.8,0.8,,,,False,NO_CONVERGIO,,,"T_from_Ph(P, h, x): el motor teqp no cubre el estado pedido (ver TASK_CONTEXT 2026-09-18-validar-teqp-nh3h2o). Detalle: equilibrio no resoluble en T=494.40 K, P=2.83e+06 Pa, x=0.8088"
470.0,300.032917,4500.0,3610.0,0.75,1.0,0.85,0.75,0.8,0.8,0.8,362.78552839458894,363.0254137405085,-0.2398853459195606,True,CORREGIBLE,0.0212357529490768,26.923121868413222,"[CORREGIBLE] O2: succión de la bomba bifásica bajo el peor caso de T_amb (riesgo de cavitación) (medido=363.0254137405085, esperado=<= 362.786 K). Causa probable: subenfriamiento insuficiente a la salida del condensador bajo el peor caso ambiental. Sugerencia: aumentar eps_cond o el margen de subenf"
470.0,300.032917,4500.0,3790.0,0.75,1.0,0.85,0.75,0.8,0.8,0.8,365.2817534918833,365.2894934073129,-0.0077399154296813,True,CORREGIBLE,0.0165626571938344,20.986436278735013,"[CORREGIBLE] O2: succión de la bomba bifásica bajo el peor caso de T_amb (riesgo de cavitación) (medido=365.28949340731293, esperado=<= 365.282 K). Causa probable: subenfriamiento insuficiente a la salida del condensador bajo el peor caso ambiental. Sugerencia: aumentar eps_cond o el margen de suben"
470.0,300.032917,4500.0,3400.0,0.7,1.0,0.85,0.75,0.8,0.8,0.75,364.2753772939649,367.1716907621686,-2.8963134682037435,True,CORREGIBLE,0.0256088434627104,31.95757069520968,"[CORREGIBLE] O2: succión de la bomba bifásica bajo el peor caso de T_amb (riesgo de cavitación) (medido=367.1716907621686, esperado=<= 364.275 K). Causa probable: subenfriamiento insuficiente a la salida del condensador bajo el peor caso ambiental. Sugerencia: aumentar eps_cond o el margen de subenf"
470.0,300.032917,4500.0,3400.0,0.7,1.0,0.85,0.75,0.8,0.8,0.85,364.2753772939649,350.99454317757784,13.28083411638704,True,KALINA,0.0246245767115858,33.64648697609169,"KALINA: régimen Kalina genuino y admisible, sin fallas."
470.0,300.032917,4500.0,3100.0,0.7,1.0,0.85,0.75,0.8,0.8,0.85,359.6261727591045,350.6242860716608,9.001886687443744,True,KALINA,0.0326763924674022,44.67921434899027,"KALINA: régimen Kalina genuino y admisible, sin fallas."
470.0,300.032917,4500.0,3250.0,0.7,1.0,0.85,0.75,0.8,0.8,0.85,361.9865324163226,350.81322418102707,11.173308235295565,True,KALINA,0.0285624537042429,39.04025089243436,"KALINA: régimen Kalina genuino y admisible, sin fallas."
470.0,300.032917,4500.0,3400.0,0.7,1.0,0.85,0.75,0.85,0.85,0.8,364.2753772939649,365.1717647974789,-0.8963875035140632,True,CORREGIBLE,0.0259323665604385,35.95233560165787,"[CORREGIBLE] O2: succión de la bomba bifásica bajo el peor caso de T_amb (riesgo de cavitación) (medido=365.17176479747894, esperado=<= 364.275 K). Causa probable: subenfriamiento insuficiente a la salida del condensador bajo el peor caso ambiental. Sugerencia: aumentar eps_cond o el margen de suben"
470.0,300.032917,4500.0,3400.0,0.7,1.0,0.8,0.75,0.8,0.8,0.8,364.2753772939649,364.6773854341287,-0.4020081401638435,True,CORREGIBLE,0.024292893773994,31.809883987982623,"[CORREGIBLE] O2: succión de la bomba bifásica bajo el peor caso de T_amb (riesgo de cavitación) (medido=364.6773854341287, esperado=<= 364.275 K). Causa probable: subenfriamiento insuficiente a la salida del condensador bajo el peor caso ambiental. Sugerencia: aumentar eps_cond o el margen de subenf"
470.0,300.032917,4500.0,3400.0,0.7,1.0,0.9,0.75,0.8,0.8,0.8,364.2753772939649,364.6532362717296,-0.3778589777646743,True,CORREGIBLE,0.0275279092612629,36.062960903224834,"[CORREGIBLE] O2: succión de la bomba bifásica bajo el peor caso de T_amb (riesgo de cavitación) (medido=364.65323627172955, esperado=<= 364.275 K). Causa probable: subenfriamiento insuficiente a la salida del condensador bajo el peor caso ambiental. Sugerencia: aumentar eps_cond o el margen de suben"
470.0,300.032917,4500.0,3400.0,0.7,1.0,0.85,0.75,0.75,0.75,0.8,364.2753772939649,363.5963110344076,0.6790662595573167,True,KALINA,0.0257500678279184,31.771538042585668,"KALINA: régimen Kalina genuino y admisible, sin fallas."
470.0,300.032917,4500.0,3250.0,0.75,1.0,0.85,0.75,0.8,0.8,0.85,,,,False,NO_CONVERGIO,,,"T_from_Ph(P, h, x): el motor teqp no cubre el estado pedido (ver TASK_CONTEXT 2026-09-18-validar-teqp-nh3h2o). Detalle: equilibrio no resoluble en T=507.30 K, P=3.25e+06 Pa, x=0.7604"
470.0,300.032917,4500.0,3100.0,0.75,1.0,0.85,0.75,0.8,0.8,0.85,,,,False,NO_CONVERGIO,,,"T_from_Ph(P, h, x): el motor teqp no cubre el estado pedido (ver TASK_CONTEXT 2026-09-18-validar-teqp-nh3h2o). Detalle: equilibrio no resoluble en T=506.21 K, P=3.1e+06 Pa, x=0.7604"
470.0,300.032917,4500.0,3400.0,0.75,1.0,0.85,0.75,0.8,0.8,0.85,,,,False,NO_CONVERGIO,,,"T_from_Ph(P, h, x): el motor teqp no cubre el estado pedido (ver TASK_CONTEXT 2026-09-18-validar-teqp-nh3h2o). Detalle: equilibrio no resoluble en T=506.68 K, P=3.4e+06 Pa, x=0.7604"
470.0,300.032917,4500.0,3400.0,0.75,1.0,0.85,0.75,0.8,0.8,0.75,359.7655817301571,362.1183432901295,-2.3527615599723504,True,CORREGIBLE,0.026312619396097,31.76014127819841,"[CORREGIBLE] O2: succión de la bomba bifásica bajo el peor caso de T_amb (riesgo de cavitación) (medido=362.1183432901295, esperado=<= 359.766 K). Causa probable: subenfriamiento insuficiente a la salida del condensador bajo el peor caso ambiental. Sugerencia: aumentar eps_cond o el margen de subenf"
470.0,300.032917,4500.0,3400.0,0.75,1.0,0.85,0.75,0.85,0.85,0.8,359.7655817301571,360.6492408622433,-0.8836591320861658,True,CORREGIBLE,0.0268338887857791,36.01825671766052,"[CORREGIBLE] O2: succión de la bomba bifásica bajo el peor caso de T_amb (riesgo de cavitación) (medido=360.6492408622433, esperado=<= 359.766 K). Causa probable: subenfriamiento insuficiente a la salida del condensador bajo el peor caso ambiental. Sugerencia: aumentar eps_cond o el margen de subenf"
470.0,300.032917,4500.0,3400.0,0.75,1.0,0.9,0.75,0.8,0.8,0.8,359.7655817301571,360.2693282108649,-0.5037464807077754,True,CORREGIBLE,0.028624976750795,36.32527745984035,"[CORREGIBLE] O2: succión de la bomba bifásica bajo el peor caso de T_amb (riesgo de cavitación) (medido=360.2693282108649, esperado=<= 359.766 K). Causa probable: subenfriamiento insuficiente a la salida del condensador bajo el peor caso ambiental. Sugerencia: aumentar eps_cond o el margen de subenf"
470.0,300.032917,4500.0,3400.0,0.75,1.0,0.8,0.75,0.8,0.8,0.8,359.7655817301571,360.28785639124567,-0.5222746610885451,True,CORREGIBLE,0.0252464150976815,32.02168187534835,"[CORREGIBLE] O2: succión de la bomba bifásica bajo el peor caso de T_amb (riesgo de cavitación) (medido=360.28785639124567, esperado=<= 359.766 K). Causa probable: subenfriamiento insuficiente a la salida del condensador bajo el peor caso ambiental. Sugerencia: aumentar eps_cond o el margen de suben"
470.0,300.032917,4500.0,3700.0,0.8,1.0,0.85,0.75,0.8,0.8,0.85,,,,False,NO_CONVERGIO,,,"T_from_Ph(P, h, x): el motor teqp no cubre el estado pedido (ver TASK_CONTEXT 2026-09-18-validar-teqp-nh3h2o). Detalle: equilibrio no resoluble en T=495.27 K, P=3.7e+06 Pa, x=0.8088"
470.0,300.032917,4500.0,3400.0,0.75,1.0,0.85,0.75,0.75,0.75,0.8,359.7655817301571,359.9272747609913,-0.1616930308341579,True,CORREGIBLE,0.0268441285866295,32.09786357551304,"[CORREGIBLE] O2: succión de la bomba bifásica bajo el peor caso de T_amb (riesgo de cavitación) (medido=359.9272747609913, esperado=<= 359.766 K). Causa probable: subenfriamiento insuficiente a la salida del condensador bajo el peor caso ambiental. Sugerencia: aumentar eps_cond o el margen de subenf"
470.0,300.032917,4500.0,4000.0,0.8,1.0,0.85,0.75,0.8,0.8,0.85,364.07978778800566,348.22719535400734,15.852592433998325,True,KALINA,0.0112339861985619,14.357270085128306,"KALINA: régimen Kalina genuino y admisible, sin fallas."
470.0,300.032917,4500.0,3850.0,0.8,1.0,0.85,0.75,0.8,0.8,0.85,362.1316908227463,348.0667867355457,14.064904087200604,True,KALINA,0.0148723892436223,19.01281261084376,"KALINA: régimen Kalina genuino y admisible, sin fallas."
470.0,300.032917,4500.0,4000.0,0.8,1.0,0.85,0.75,0.8,0.8,0.75,364.07978778800566,365.3050658619352,-1.2252780739295304,True,CORREGIBLE,0.0117448924415598,13.649259622186458,"[CORREGIBLE] O2: succión de la bomba bifásica bajo el peor caso de T_amb (riesgo de cavitación) (medido=365.3050658619352, esperado=<= 364.080 K). Causa probable: subenfriamiento insuficiente a la salida del condensador bajo el peor caso ambiental. Sugerencia: aumentar eps_cond o el margen de subenf"
470.0,300.032917,4500.0,4000.0,0.8,1.0,0.9,0.75,0.8,0.8,0.8,364.07978778800566,363.1908075265265,0.888980261479162,True,KALINA,0.0125864239661495,15.38766952604539,"KALINA: régimen Kalina genuino y admisible, sin fallas."
470.0,300.032917,4500.0,4000.0,0.8,1.0,0.8,0.75,0.8,0.8,0.8,364.07978778800566,363.264043520906,0.8157442670996602,True,KALINA,0.0110910511767828,13.556429044719986,"KALINA: régimen Kalina genuino y admisible, sin fallas."
470.0,300.032917,4500.0,4000.0,0.8,1.0,0.85,0.75,0.85,0.85,0.8,364.07978778800566,364.2726547055701,-0.1928669175644586,True,CORREGIBLE,0.0118662707680494,15.33913310692693,"[CORREGIBLE] O2: succión de la bomba bifásica bajo el peor caso de T_amb (riesgo de cavitación) (medido=364.2726547055701, esperado=<= 364.080 K). Causa probable: subenfriamiento insuficiente a la salida del condensador bajo el peor caso ambiental. Sugerencia: aumentar eps_cond o el margen de subenf"
470.0,300.032917,4500.0,4000.0,0.8,1.0,0.85,0.75,0.75,0.75,0.8,364.07978778800566,359.97861747416886,4.101170313836803,True,KALINA,0.0117842259089404,13.585267755419409,"KALINA: régimen Kalina genuino y admisible, sin fallas."
380.0,300.032917,2800.0,1010.0,0.7,1.0,0.85,0.75,0.8,0.8,0.8,312.58505752224363,313.7391052932799,-1.1540477710362893,True,CORREGIBLE,0.0814512962424788,38.00132057739011,"[CORREGIBLE] O2: succión de la bomba bifásica bajo el peor caso de T_amb (riesgo de cavitación) (medido=313.7391052932799, esperado=<= 312.585 K). Causa probable: subenfriamiento insuficiente a la salida del condensador bajo el peor caso ambiental. Sugerencia: aumentar eps_cond o el margen de subenf"
380.0,300.032917,3200.0,830.0,0.7,1.0,0.85,0.75,0.8,0.8,0.8,305.77666471317,307.18554934803035,-1.4088846348603283,True,CORREGIBLE,0.0968534414880279,38.43764873270045,"[CORREGIBLE] O2: succión de la bomba bifásica bajo el peor caso de T_amb (riesgo de cavitación) (medido=307.18554934803035, esperado=<= 305.777 K). Causa probable: subenfriamiento insuficiente a la salida del condensador bajo el peor caso ambiental. Sugerencia: aumentar eps_cond o el margen de suben"
380.0,300.032917,2800.0,730.0,0.7,1.0,0.85,0.75,0.8,0.8,0.8,301.5075142610947,305.4723639632279,-3.964849702133222,True,CORREGIBLE,0.0996517731645101,46.44305361623757,"[CORREGIBLE] O2: succión de la bomba bifásica bajo el peor caso de T_amb (riesgo de cavitación) (medido=305.4723639632279, esperado=<= 301.508 K). Causa probable: subenfriamiento insuficiente a la salida del condensador bajo el peor caso ambiental. Sugerencia: aumentar eps_cond o el margen de subenf"
380.0,300.032917,2800.0,1290.0,0.7,1.0,0.85,0.75,0.8,0.8,0.8,321.5889322204312,321.9489877665883,-0.3600555461571275,True,CORREGIBLE,0.0639688303270411,29.82588021006696,"[CORREGIBLE] O2: succión de la bomba bifásica bajo el peor caso de T_amb (riesgo de cavitación) (medido=321.9489877665883, esperado=<= 321.589 K). Causa probable: subenfriamiento insuficiente a la salida del condensador bajo el peor caso ambiental. Sugerencia: aumentar eps_cond o el margen de subenf"
380.0,300.032917,3200.0,1150.0,0.7,1.0,0.85,0.75,0.8,0.8,0.8,317.28699026962204,317.7017891665782,-0.4147988969561424,True,CORREGIBLE,0.0772497004050737,30.657765308328397,"[CORREGIBLE] O2: succión de la bomba bifásica bajo el peor caso de T_amb (riesgo de cavitación) (medido=317.7017891665782, esperado=<= 317.287 K). Causa probable: subenfriamiento insuficiente a la salida del condensador bajo el peor caso ambiental. Sugerencia: aumentar eps_cond o el margen de subenf"
380.0,300.032917,3200.0,1470.0,0.7,1.0,0.85,0.75,0.8,0.8,0.8,326.6500927539884,322.15508274951543,4.495010004472931,True,KALINA,0.0591805835288585,23.46047439237067,"KALINA: régimen Kalina genuino y admisible, sin fallas."
380.0,300.032917,3600.0,935.0,0.7,1.0,0.85,0.75,0.8,0.8,0.8,309.8666446026718,310.5829241459947,-0.7162795433229121,True,CORREGIBLE,0.0881060760848307,28.11722777654895,"[CORREGIBLE] O2: succión de la bomba bifásica bajo el peor caso de T_amb (riesgo de cavitación) (medido=310.5829241459947, esperado=<= 309.867 K). Causa probable: subenfriamiento insuficiente a la salida del condensador bajo el peor caso ambiental. Sugerencia: aumentar eps_cond o el margen de subenf"
380.0,300.032917,3600.0,1295.0,0.7,1.0,0.85,0.75,0.8,0.8,0.8,321.736182249446,318.26665325537925,3.4695289940667067,True,KALINA,0.0676582996955386,21.573809885696345,"KALINA: régimen Kalina genuino y admisible, sin fallas."
380.0,300.032917,3600.0,1655.0,0.7,1.0,0.85,0.75,0.8,0.8,0.8,331.40837480943134,318.5271251742274,12.881249635203917,True,KALINA,0.0513819494424451,16.371194071959824,"KALINA: régimen Kalina genuino y admisible, sin fallas."
380.0,300.032917,4000.0,1040.0,0.7,1.0,0.85,0.75,0.8,0.8,0.8,313.63097657165366,313.6520625420811,-0.0210859704274639,True,CORREGIBLE,0.0663509818243436,15.07703757337164,"[CORREGIBLE] O2: succión de la bomba bifásica bajo el peor caso de T_amb (riesgo de cavitación) (medido=313.6520625420811, esperado=<= 313.631 K). Causa probable: subenfriamiento insuficiente a la salida del condensador bajo el peor caso ambiental. Sugerencia: aumentar eps_cond o el margen de subenf"
380.0,300.032917,4500.0,1620.0,0.7,1.0,0.85,0.75,0.8,0.8,0.8,,,,False,NO_CONVERGIO,,,"T_from_Ph(P, h, x): el motor teqp no cubre el estado pedido (ver TASK_CONTEXT 2026-09-18-validar-teqp-nh3h2o). Detalle: h=-11213.6 fuera de dominio a P=1.62e+06 Pa, x=0.7117"
380.0,300.032917,4500.0,1170.0,0.7,1.0,0.85,0.75,0.8,0.8,0.8,,,,False,NO_CONVERGIO,,,"T_from_Ph(P, h, x): el motor teqp no cubre el estado pedido (ver TASK_CONTEXT 2026-09-18-validar-teqp-nh3h2o). Detalle: h=-9663.8 fuera de dominio a P=1.17e+06 Pa, x=0.7117"
380.0,300.032917,4500.0,2070.0,0.7,1.0,0.85,0.75,0.8,0.8,0.8,,,,False,NO_CONVERGIO,,,"T_from_Ph(P, h, x): el motor teqp no cubre el estado pedido (ver TASK_CONTEXT 2026-09-18-validar-teqp-nh3h2o). Detalle: h=-11218.7 fuera de dominio a P=2.07e+06 Pa, x=0.7117"
380.0,300.032917,4000.0,1840.0,0.7,1.0,0.85,0.75,0.8,0.8,0.8,335.80255931962864,314.2221469519153,21.580412367713336,True,KALINA,0.0365838197867394,8.30632755189085,"KALINA: régimen Kalina genuino y admisible, sin fallas."
380.0,300.032917,2800.0,730.0,0.75,1.0,0.85,0.75,0.8,0.8,0.8,298.14776374991334,305.71593190595854,-7.568168156045203,True,CORREGIBLE,0.0802775647889994,39.0676082917801,"[CORREGIBLE] O2: succión de la bomba bifásica bajo el peor caso de T_amb (riesgo de cavitación) (medido=305.71593190595854, esperado=<= 298.148 K). Causa probable: subenfriamiento insuficiente a la salida del condensador bajo el peor caso ambiental. Sugerencia: aumentar eps_cond o el margen de suben"
380.0,300.032917,4000.0,1440.0,0.7,1.0,0.85,0.75,0.8,0.8,0.8,325.8387335973935,314.0720256278291,11.766707969564436,True,KALINA,0.0492741163348953,11.190734132756251,"KALINA: régimen Kalina genuino y admisible, sin fallas."
380.0,300.032917,2800.0,1010.0,0.75,1.0,0.85,0.75,0.8,0.8,0.8,309.06336371906934,310.4355084636275,-1.3721447445581705,True,CORREGIBLE,0.0845657637851049,47.17118746941077,"[CORREGIBLE] O2: succión de la bomba bifásica bajo el peor caso de T_amb (riesgo de cavitación) (medido=310.4355084636275, esperado=<= 309.063 K). Causa probable: subenfriamiento insuficiente a la salida del condensador bajo el peor caso ambiental. Sugerencia: aumentar eps_cond o el margen de subenf"
380.0,300.032917,3200.0,1150.0,0.75,1.0,0.85,0.75,0.8,0.8,0.8,313.69223714197034,314.5510497682647,-0.858812626294366,True,CORREGIBLE,0.0837402189399979,41.6893754130302,"[CORREGIBLE] O2: succión de la bomba bifásica bajo el peor caso de T_amb (riesgo de cavitación) (medido=314.5510497682647, esperado=<= 313.692 K). Causa probable: subenfriamiento insuficiente a la salida del condensador bajo el peor caso ambiental. Sugerencia: aumentar eps_cond o el margen de subenf"
380.0,300.032917,3200.0,830.0,0.75,1.0,0.85,0.75,0.8,0.8,0.8,302.3561132887016,305.0535540502762,-2.697440761574626,True,CORREGIBLE,0.1027538064579405,51.09809856765338,"[CORREGIBLE] O2: succión de la bomba bifásica bajo el peor caso de T_amb (riesgo de cavitación) (medido=305.0535540502762, esperado=<= 302.356 K). Causa probable: subenfriamiento insuficiente a la salida del condensador bajo el peor caso ambiental. Sugerencia: aumentar eps_cond o el margen de subenf"
380.0,300.032917,2800.0,1290.0,0.75,1.0,0.85,0.75,0.8,0.8,0.8,317.9248767563488,318.74152436532137,-0.8166476089725734,True,CORREGIBLE,0.0677259566398374,37.78427237802599,"[CORREGIBLE] O2: succión de la bomba bifásica bajo el peor caso de T_amb (riesgo de cavitación) (medido=318.74152436532137, esperado=<= 317.925 K). Causa probable: subenfriamiento insuficiente a la salida del condensador bajo el peor caso ambiental. Sugerencia: aumentar eps_cond o el margen de suben"
380.0,300.032917,3200.0,1470.0,0.75,1.0,0.85,0.75,0.8,0.8,0.8,322.90131224184825,323.1709229446438,-0.2696107027955463,True,CORREGIBLE,0.0657052794569762,32.6888254048219,"[CORREGIBLE] O2: succión de la bomba bifásica bajo el peor caso de T_amb (riesgo de cavitación) (medido=323.1709229446438, esperado=<= 322.901 K). Causa probable: subenfriamiento insuficiente a la salida del condensador bajo el peor caso ambiental. Sugerencia: aumentar eps_cond o el margen de subenf"
380.0,300.032917,3600.0,935.0,0.75,1.0,0.85,0.75,0.8,0.8,0.8,306.3859725913226,307.4634047201795,-1.0774321288568558,True,CORREGIBLE,0.0996897874975146,42.96979293199173,"[CORREGIBLE] O2: succión de la bomba bifásica bajo el peor caso de T_amb (riesgo de cavitación) (medido=307.4634047201795, esperado=<= 306.386 K). Causa probable: subenfriamiento insuficiente a la salida del condensador bajo el peor caso ambiental. Sugerencia: aumentar eps_cond o el margen de subenf"
380.0,300.032917,3600.0,1295.0,0.75,1.0,0.85,0.75,0.8,0.8,0.8,318.0697114378951,318.422633185606,-0.3529217477109228,True,CORREGIBLE,0.0794701257862723,34.2571093708296,"[CORREGIBLE] O2: succión de la bomba bifásica bajo el peor caso de T_amb (riesgo de cavitación) (medido=318.422633185606, esperado=<= 318.070 K). Causa probable: subenfriamiento insuficiente a la salida del condensador bajo el peor caso ambiental. Sugerencia: aumentar eps_cond o el margen de subenfr"
380.0,300.032917,3600.0,1655.0,0.75,1.0,0.85,0.75,0.8,0.8,0.8,327.576601627842,323.6918947170317,3.88470691081028,True,KALINA,0.0608756391528971,26.210810085553216,"KALINA: régimen Kalina genuino y admisible, sin fallas."
380.0,300.032917,4000.0,1040.0,0.75,1.0,0.85,0.75,0.8,0.8,0.8,310.09326561447136,310.6951666445253,-0.6019010300539094,True,CORREGIBLE,0.0917832212599366,32.42399621556993,"[CORREGIBLE] O2: succión de la bomba bifásica bajo el peor caso de T_amb (riesgo de cavitación) (medido=310.6951666445253, esperado=<= 310.093 K). Causa probable: subenfriamiento insuficiente a la salida del condensador bajo el peor caso ambiental. Sugerencia: aumentar eps_cond o el margen de subenf"
380.0,300.032917,4000.0,1440.0,0.75,1.0,0.85,0.75,0.8,0.8,0.8,322.10377608185905,319.79374809492407,2.310027986934984,True,KALINA,0.0706276209158895,24.930487194290585,"KALINA: régimen Kalina genuino y admisible, sin fallas."
380.0,300.032917,4000.0,1840.0,0.75,1.0,0.85,0.75,0.8,0.8,0.8,331.8910994483421,320.0950081046568,11.796091343685362,True,KALINA,0.053600514210337,18.90413503327079,"KALINA: régimen Kalina genuino y admisible, sin fallas."
380.0,300.032917,4500.0,1170.0,0.75,1.0,0.85,0.75,0.8,0.8,0.8,314.3191676752517,313.927170069543,0.3919976057086956,True,KALINA,0.0634098466565338,14.476750294989476,"KALINA: régimen Kalina genuino y admisible, sin fallas."
380.0,300.032917,4500.0,1620.0,0.75,1.0,0.85,0.75,0.8,0.8,0.8,326.72198212257393,314.1268969214503,12.595085201123652,True,KALINA,0.0465178153568364,10.615748689651172,"KALINA: régimen Kalina genuino y admisible, sin fallas."
380.0,300.032917,4500.0,2070.0,0.75,1.0,0.85,0.75,0.8,0.8,0.8,336.8445519685802,314.2763299559357,22.56822201264453,True,KALINA,0.0341518616253843,7.792480584639687,"KALINA: régimen Kalina genuino y admisible, sin fallas."
380.0,300.032917,2800.0,730.0,0.8,1.0,0.85,0.75,0.8,0.8,0.8,295.4522575063449,305.7316698108159,-10.279412304470952,True,CORREGIBLE,0.034425025645375,13.078457595376932,"[CORREGIBLE] O2: succión de la bomba bifásica bajo el peor caso de T_amb (riesgo de cavitación) (medido=305.7316698108159, esperado=<= 295.452 K). Causa probable: subenfriamiento insuficiente a la salida del condensador bajo el peor caso ambiental. Sugerencia: aumentar eps_cond o el margen de subenf"
380.0,300.032917,2800.0,1010.0,0.8,1.0,0.85,0.75,0.8,0.8,0.8,306.214959307915,307.4921774097013,-1.277218101786275,True,CORREGIBLE,0.0859978604111129,55.2978377964385,"[CORREGIBLE] O2: succión de la bomba bifásica bajo el peor caso de T_amb (riesgo de cavitación) (medido=307.4921774097013, esperado=<= 306.215 K). Causa probable: subenfriamiento insuficiente a la salida del condensador bajo el peor caso ambiental. Sugerencia: aumentar eps_cond o el margen de subenf"
380.0,300.032917,3200.0,1150.0,0.8,1.0,0.85,0.75,0.8,0.8,0.8,310.7744555748154,311.7210057218492,-0.9465501470337472,True,CORREGIBLE,0.0869636805703876,51.52509482425045,"[CORREGIBLE] O2: succión de la bomba bifásica bajo el peor caso de T_amb (riesgo de cavitación) (medido=311.72100572184917, esperado=<= 310.774 K). Causa probable: subenfriamiento insuficiente a la salida del condensador bajo el peor caso ambiental. Sugerencia: aumentar eps_cond o el margen de suben"
380.0,300.032917,2800.0,1290.0,0.8,1.0,0.85,0.75,0.8,0.8,0.8,314.9410474164186,315.8588888818595,-0.9178414654409152,True,CORREGIBLE,0.0693654634728021,44.64102602276498,"[CORREGIBLE] O2: succión de la bomba bifásica bajo el peor caso de T_amb (riesgo de cavitación) (medido=315.8588888818595, esperado=<= 314.941 K). Causa probable: subenfriamiento insuficiente a la salida del condensador bajo el peor caso ambiental. Sugerencia: aumentar eps_cond o el margen de subenf"
380.0,300.032917,3200.0,830.0,0.8,1.0,0.85,0.75,0.8,0.8,0.8,299.6033388434543,305.01815194245194,-5.414813098997627,True,CORREGIBLE,0.100643559636686,57.05525677308141,"[CORREGIBLE] O2: succión de la bomba bifásica bajo el peor caso de T_amb (riesgo de cavitación) (medido=305.01815194245194, esperado=<= 299.603 K). Causa probable: subenfriamiento insuficiente a la salida del condensador bajo el peor caso ambiental. Sugerencia: aumentar eps_cond o el margen de suben"
380.0,300.032917,3600.0,935.0,0.8,1.0,0.85,0.75,0.8,0.8,0.8,,,,False,NO_CONVERGIO,,,"T_from_Ph(P, h, x): el motor teqp no cubre el estado pedido (ver TASK_CONTEXT 2026-09-18-validar-teqp-nh3h2o). Detalle: h=-2.0981e+08 fuera de dominio a P=3.6e+06 Pa, x=0.8088"
380.0,300.032917,3600.0,1295.0,0.8,1.0,0.85,0.75,0.8,0.8,0.8,,,,False,NO_CONVERGIO,,,"T_from_Ph(P, h, x): el motor teqp no cubre el estado pedido (ver TASK_CONTEXT 2026-09-18-validar-teqp-nh3h2o). Detalle: h=-2.12141e+08 fuera de dominio a P=3.6e+06 Pa, x=0.8088"
380.0,300.032917,3600.0,1655.0,0.8,1.0,0.85,0.75,0.8,0.8,0.8,,,,False,NO_CONVERGIO,,,"T_from_Ph(P, h, x): el motor teqp no cubre el estado pedido (ver TASK_CONTEXT 2026-09-18-validar-teqp-nh3h2o). Detalle: h=-2.11259e+08 fuera de dominio a P=3.6e+06 Pa, x=0.8088"
380.0,300.032917,3200.0,1470.0,0.8,1.0,0.85,0.75,0.8,0.8,0.8,319.8364203419658,320.3953872836331,-0.558966941667336,True,CORREGIBLE,0.0694227103995409,41.13530475245406,"[CORREGIBLE] O2: succión de la bomba bifásica bajo el peor caso de T_amb (riesgo de cavitación) (medido=320.3953872836331, esperado=<= 319.836 K). Causa probable: subenfriamiento insuficiente a la salida del condensador bajo el peor caso ambiental. Sugerencia: aumentar eps_cond o el margen de subenf"
380.0,300.032917,4000.0,1440.0,0.8,1.0,0.85,0.75,0.8,0.8,0.8,319.05213334480845,319.3419258540166,-0.289792509208155,True,CORREGIBLE,0.0816165148619428,38.52829990693246,"[CORREGIBLE] O2: succión de la bomba bifásica bajo el peor caso de T_amb (riesgo de cavitación) (medido=319.3419258540166, esperado=<= 319.052 K). Causa probable: subenfriamiento insuficiente a la salida del condensador bajo el peor caso ambiental. Sugerencia: aumentar eps_cond o el margen de subenf"
380.0,300.032917,4000.0,1040.0,0.8,1.0,0.85,0.75,0.8,0.8,0.8,307.22967307736644,308.02020932588954,-0.7905362485230967,True,CORREGIBLE,0.1025580434302167,48.4077468966221,"[CORREGIBLE] O2: succión de la bomba bifásica bajo el peor caso de T_amb (riesgo de cavitación) (medido=308.02020932588954, esperado=<= 307.230 K). Causa probable: subenfriamiento insuficiente a la salida del condensador bajo el peor caso ambiental. Sugerencia: aumentar eps_cond o el margen de suben"
380.0,300.032917,4500.0,1170.0,0.8,1.0,0.85,0.75,0.8,0.8,0.8,311.3917644025093,311.7855953744136,-0.3938309719042649,True,CORREGIBLE,0.0924538206522038,34.2335559642536,"[CORREGIBLE] O2: succión de la bomba bifásica bajo el peor caso de T_amb (riesgo de cavitación) (medido=311.78559537441356, esperado=<= 311.392 K). Causa probable: subenfriamiento insuficiente a la salida del condensador bajo el peor caso ambiental. Sugerencia: aumentar eps_cond o el margen de suben"
380.0,300.032917,4000.0,1840.0,0.8,1.0,0.85,0.75,0.8,0.8,0.8,328.6696025318722,325.5523247829642,3.117277748908009,True,KALINA,0.0625074006089193,29.4712340631321,"KALINA: régimen Kalina genuino y admisible, sin fallas."
380.0,300.032917,4500.0,2070.0,0.8,1.0,0.85,0.75,0.8,0.8,0.8,333.53067697421005,320.88449375755386,12.646183216656198,True,KALINA,0.0534045542393837,19.74094753520841,"KALINA: régimen Kalina genuino y admisible, sin fallas."
380.0,300.032917,4500.0,1620.0,0.8,1.0,0.85,0.75,0.8,0.8,0.8,323.59219692832164,320.5622304941833,3.0299664341383163,True,KALINA,0.070643173045714,26.134735702843304,"KALINA: régimen Kalina genuino y admisible, sin fallas."
380.0,300.032917,2800.0,730.0,0.85,1.0,0.85,0.75,0.8,0.8,0.8,293.2563533755708,305.7590625213918,-12.50270914582103,True,INVIABLE,-0.0471406071514916,-12.888744870174024,"[INVIABLE] O3: potencia neta no positiva: el ciclo no genera trabajo útil (medido=-12.888744870174023, esperado=> 0 kW). Causa probable: Wt <= Wp para esos parámetros. Sugerencia: revisar P_alta/P_baja, eta_t/eta_p o m_b
  - [CORREGIBLE] O2: succión de la bomba bifásica bajo el peor caso de T_amb (r"
380.0,300.032917,3200.0,830.0,0.85,1.0,0.85,0.75,0.8,0.8,0.8,297.35200143838733,305.12282275031976,-7.770821311932423,True,CORREGIBLE,0.0476724483919742,20.18727258460771,"[CORREGIBLE] O2: succión de la bomba bifásica bajo el peor caso de T_amb (riesgo de cavitación) (medido=305.12282275031976, esperado=<= 297.352 K). Causa probable: subenfriamiento insuficiente a la salida del condensador bajo el peor caso ambiental. Sugerencia: aumentar eps_cond o el margen de suben"
380.0,300.032917,2800.0,1010.0,0.85,1.0,0.85,0.75,0.8,0.8,0.8,303.8708266625146,304.8953436403627,-1.0245169778480658,True,CORREGIBLE,0.0865406353391333,62.539240717826246,"[CORREGIBLE] O2: succión de la bomba bifásica bajo el peor caso de T_amb (riesgo de cavitación) (medido=304.8953436403627, esperado=<= 303.871 K). Causa probable: subenfriamiento insuficiente a la salida del condensador bajo el peor caso ambiental. Sugerencia: aumentar eps_cond o el margen de subenf"
380.0,300.032917,2800.0,1290.0,0.85,1.0,0.85,0.75,0.8,0.8,0.8,312.4651082228493,313.27942194716934,-0.8143137243200158,True,CORREGIBLE,0.0698024899379003,50.54004519980751,"[CORREGIBLE] O2: succión de la bomba bifásica bajo el peor caso de T_amb (riesgo de cavitación) (medido=313.27942194716934, esperado=<= 312.465 K). Causa probable: subenfriamiento insuficiente a la salida del condensador bajo el peor caso ambiental. Sugerencia: aumentar eps_cond o el margen de suben"
380.0,300.032917,3200.0,1150.0,0.85,1.0,0.85,0.75,0.8,0.8,0.8,308.3628498542931,309.19299475542914,-0.830144901136066,True,CORREGIBLE,0.088569393938111,60.33668737465172,"[CORREGIBLE] O2: succión de la bomba bifásica bajo el peor caso de T_amb (riesgo de cavitación) (medido=309.19299475542914, esperado=<= 308.363 K). Causa probable: subenfriamiento insuficiente a la salida del condensador bajo el peor caso ambiental. Sugerencia: aumentar eps_cond o el margen de suben"
380.0,300.032917,3600.0,1295.0,0.85,1.0,0.85,0.75,0.8,0.8,0.8,,,,False,NO_CONVERGIO,,,"T_from_Ph(P, h, x): el motor teqp no cubre el estado pedido (ver TASK_CONTEXT 2026-09-18-validar-teqp-nh3h2o). Detalle: h=-2.33971e+07 fuera de dominio a P=3.6e+06 Pa, x=0.8570"
380.0,300.032917,3600.0,935.0,0.85,1.0,0.85,0.75,0.8,0.8,0.8,301.2700021176965,304.5153374587593,-3.2453353410627983,True,CORREGIBLE,0.1089183088447569,69.14877777871962,"[CORREGIBLE] O2: succión de la bomba bifásica bajo el peor caso de T_amb (riesgo de cavitación) (medido=304.5153374587593, esperado=<= 301.270 K). Causa probable: subenfriamiento insuficiente a la salida del condensador bajo el peor caso ambiental. Sugerencia: aumentar eps_cond o el margen de subenf"
380.0,300.032917,3600.0,1655.0,0.85,1.0,0.85,0.75,0.8,0.8,0.8,,,,False,NO_CONVERGIO,,,"T_from_Ph(P, h, x): el motor teqp no cubre el estado pedido (ver TASK_CONTEXT 2026-09-18-validar-teqp-nh3h2o). Detalle: h=-2.35123e+07 fuera de dominio a P=3.6e+06 Pa, x=0.8570"
380.0,300.032917,3200.0,1470.0,0.85,1.0,0.85,0.75,0.8,0.8,0.8,317.2814172234588,317.8786401923662,-0.5972229689074311,True,CORREGIBLE,0.0711439288670729,48.500243190023774,"[CORREGIBLE] O2: succión de la bomba bifásica bajo el peor caso de T_amb (riesgo de cavitación) (medido=317.8786401923662, esperado=<= 317.281 K). Causa probable: subenfriamiento insuficiente a la salida del condensador bajo el peor caso ambiental. Sugerencia: aumentar eps_cond o el margen de subenf"
380.0,300.032917,4000.0,1440.0,0.85,1.0,0.85,0.75,0.8,0.8,0.8,316.51005951370416,316.9498361989129,-0.4397766852087557,True,CORREGIBLE,0.0873354718422267,51.04494349689652,"[CORREGIBLE] O2: succión de la bomba bifásica bajo el peor caso de T_amb (riesgo de cavitación) (medido=316.9498361989129, esperado=<= 316.510 K). Causa probable: subenfriamiento insuficiente a la salida del condensador bajo el peor caso ambiental. Sugerencia: aumentar eps_cond o el margen de subenf"
380.0,300.032917,4000.0,1040.0,0.85,1.0,0.85,0.75,0.8,0.8,0.8,304.8707795324198,305.61373977615096,-0.7429602437311473,True,CORREGIBLE,0.1082366946585492,63.19351721683438,"[CORREGIBLE] O2: succión de la bomba bifásica bajo el peor caso de T_amb (riesgo de cavitación) (medido=305.61373977615096, esperado=<= 304.871 K). Causa probable: subenfriamiento insuficiente a la salida del condensador bajo el peor caso ambiental. Sugerencia: aumentar eps_cond o el margen de suben"
380.0,300.032917,4000.0,1840.0,0.85,1.0,0.85,0.75,0.8,0.8,0.8,325.9616294864498,326.12257028141795,-0.1609407949681554,True,CORREGIBLE,0.0683314306258104,39.908214911315454,"[CORREGIBLE] O2: succión de la bomba bifásica bajo el peor caso de T_amb (riesgo de cavitación) (medido=326.12257028141795, esperado=<= 325.962 K). Causa probable: subenfriamiento insuficiente a la salida del condensador bajo el peor caso ambiental. Sugerencia: aumentar eps_cond o el margen de suben"
380.0,300.032917,4500.0,1170.0,0.85,1.0,0.85,0.75,0.8,0.8,0.8,308.9707923796871,309.4851334420833,-0.51434106239617,True,CORREGIBLE,0.1043398068519347,52.62188292870279,"[CORREGIBLE] O2: succión de la bomba bifásica bajo el peor caso de T_amb (riesgo de cavitación) (medido=309.4851334420833, esperado=<= 308.971 K). Causa probable: subenfriamiento insuficiente a la salida del condensador bajo el peor caso ambiental. Sugerencia: aumentar eps_cond o el margen de subenf"
380.0,300.032917,4500.0,2070.0,0.85,1.0,0.85,0.75,0.8,0.8,0.8,330.73239165919875,327.0288610732008,3.703530585997953,True,KALINA,0.0628800987180169,31.67009443420131,"KALINA: régimen Kalina genuino y admisible, sin fallas."
380.0,300.032917,4500.0,1620.0,0.85,1.0,0.85,0.75,0.8,0.8,0.8,320.9738355573346,321.15523864135395,-0.1814030840193368,True,CORREGIBLE,0.082414562480854,41.56289028945638,"[CORREGIBLE] O2: succión de la bomba bifásica bajo el peor caso de T_amb (riesgo de cavitación) (medido=321.15523864135395, esperado=<= 320.974 K). Causa probable: subenfriamiento insuficiente a la salida del condensador bajo el peor caso ambiental. Sugerencia: aumentar eps_cond o el margen de suben"
400.0,300.032917,2800.0,730.0,0.7,1.0,0.85,0.75,0.8,0.8,0.8,301.5075142610947,306.58287761606147,-5.075363354966783,True,CORREGIBLE,0.1052388771274258,68.60961090607783,"[CORREGIBLE] O2: succión de la bomba bifásica bajo el peor caso de T_amb (riesgo de cavitación) (medido=306.58287761606147, esperado=<= 301.508 K). Causa probable: subenfriamiento insuficiente a la salida del condensador bajo el peor caso ambiental. Sugerencia: aumentar eps_cond o el margen de suben"
400.0,300.032917,2800.0,1010.0,0.7,1.0,0.85,0.75,0.8,0.8,0.8,312.58505752224363,314.6445124932858,-2.059454971042157,True,CORREGIBLE,0.085643570401317,55.914808343506536,"[CORREGIBLE] O2: succión de la bomba bifásica bajo el peor caso de T_amb (riesgo de cavitación) (medido=314.6445124932858, esperado=<= 312.585 K). Causa probable: subenfriamiento insuficiente a la salida del condensador bajo el peor caso ambiental. Sugerencia: aumentar eps_cond o el margen de subenf"
400.0,300.032917,3200.0,830.0,0.7,1.0,0.85,0.75,0.8,0.8,0.8,305.77666471317,308.1302932800188,-2.3536285668487835,True,CORREGIBLE,0.1063834776598166,63.72023464730843,"[CORREGIBLE] O2: succión de la bomba bifásica bajo el peor caso de T_amb (riesgo de cavitación) (medido=308.1302932800188, esperado=<= 305.777 K). Causa probable: subenfriamiento insuficiente a la salida del condensador bajo el peor caso ambiental. Sugerencia: aumentar eps_cond o el margen de subenf"
400.0,300.032917,2800.0,1290.0,0.7,1.0,0.85,0.75,0.8,0.8,0.8,321.5889322204312,322.8409136963232,-1.2519814758920234,True,CORREGIBLE,0.0681016972022272,44.45552606594947,"[CORREGIBLE] O2: succión de la bomba bifásica bajo el peor caso de T_amb (riesgo de cavitación) (medido=322.8409136963232, esperado=<= 321.589 K). Causa probable: subenfriamiento insuficiente a la salida del condensador bajo el peor caso ambiental. Sugerencia: aumentar eps_cond o el margen de subenf"
400.0,300.032917,3200.0,1150.0,0.7,1.0,0.85,0.75,0.8,0.8,0.8,317.28699026962204,318.62767757942095,-1.3406873097989092,True,CORREGIBLE,0.0858031371869513,51.423709072586455,"[CORREGIBLE] O2: succión de la bomba bifásica bajo el peor caso de T_amb (riesgo de cavitación) (medido=318.62767757942095, esperado=<= 317.287 K). Causa probable: subenfriamiento insuficiente a la salida del condensador bajo el peor caso ambiental. Sugerencia: aumentar eps_cond o el margen de suben"
400.0,300.032917,3200.0,1470.0,0.7,1.0,0.85,0.75,0.8,0.8,0.8,326.6500927539884,327.1419110144927,-0.4918182605043171,True,CORREGIBLE,0.0671946381067284,40.23572830856427,"[CORREGIBLE] O2: succión de la bomba bifásica bajo el peor caso de T_amb (riesgo de cavitación) (medido=327.1419110144927, esperado=<= 326.650 K). Causa probable: subenfriamiento insuficiente a la salida del condensador bajo el peor caso ambiental. Sugerencia: aumentar eps_cond o el margen de subenf"
400.0,300.032917,3600.0,935.0,0.7,1.0,0.85,0.75,0.8,0.8,0.8,309.8666446026718,311.58977867430906,-1.7231340716372756,True,CORREGIBLE,0.1053249528552415,57.62113109662612,"[CORREGIBLE] O2: succión de la bomba bifásica bajo el peor caso de T_amb (riesgo de cavitación) (medido=311.58977867430906, esperado=<= 309.867 K). Causa probable: subenfriamiento insuficiente a la salida del condensador bajo el peor caso ambiental. Sugerencia: aumentar eps_cond o el margen de suben"
400.0,300.032917,3600.0,1295.0,0.7,1.0,0.85,0.75,0.8,0.8,0.8,321.736182249446,322.4078018646031,-0.6716196151571125,True,CORREGIBLE,0.083700597289688,45.77866061048299,"[CORREGIBLE] O2: succión de la bomba bifásica bajo el peor caso de T_amb (riesgo de cavitación) (medido=322.4078018646031, esperado=<= 321.736 K). Causa probable: subenfriamiento insuficiente a la salida del condensador bajo el peor caso ambiental. Sugerencia: aumentar eps_cond o el margen de subenf"
400.0,300.032917,3600.0,1655.0,0.7,1.0,0.85,0.75,0.8,0.8,0.8,331.40837480943134,329.204767079246,2.203607730185354,True,KALINA,0.0643265100485184,35.13196908272016,"KALINA: régimen Kalina genuino y admisible, sin fallas."
400.0,300.032917,4000.0,1040.0,0.7,1.0,0.85,0.75,0.8,0.8,0.8,313.63097657165366,314.7677544749119,-1.1367779032582348,True,CORREGIBLE,0.102314786669074,50.59227703264881,"[CORREGIBLE] O2: succión de la bomba bifásica bajo el peor caso de T_amb (riesgo de cavitación) (medido=314.7677544749119, esperado=<= 313.631 K). Causa probable: subenfriamiento insuficiente a la salida del condensador bajo el peor caso ambiental. Sugerencia: aumentar eps_cond o el margen de subenf"
400.0,300.032917,4000.0,1440.0,0.7,1.0,0.85,0.75,0.8,0.8,0.8,325.8387335973935,325.885694164456,-0.0469605670624559,True,CORREGIBLE,0.0795808243327078,39.30831791915252,"[CORREGIBLE] O2: succión de la bomba bifásica bajo el peor caso de T_amb (riesgo de cavitación) (medido=325.88569416445597, esperado=<= 325.839 K). Causa probable: subenfriamiento insuficiente a la salida del condensador bajo el peor caso ambiental. Sugerencia: aumentar eps_cond o el margen de suben"
400.0,300.032917,4000.0,1840.0,0.7,1.0,0.85,0.75,0.8,0.8,0.8,335.80255931962864,326.7813331510321,9.02122616859657,True,KALINA,0.0607596915638825,29.97179834574777,"KALINA: régimen Kalina genuino y admisible, sin fallas."
400.0,300.032917,4500.0,1170.0,0.7,1.0,0.85,0.75,0.8,0.8,0.8,317.924031559729,318.37125568538266,-0.4472241256536904,True,CORREGIBLE,0.0951181574544821,40.45761006600748,"[CORREGIBLE] O2: succión de la bomba bifásica bajo el peor caso de T_amb (riesgo de cavitación) (medido=318.37125568538266, esperado=<= 317.924 K). Causa probable: subenfriamiento insuficiente a la salida del condensador bajo el peor caso ambiental. Sugerencia: aumentar eps_cond o el margen de suben"
400.0,300.032917,4500.0,1620.0,0.7,1.0,0.85,0.75,0.8,0.8,0.8,330.53832954259616,323.2342552576037,7.304074284992453,True,KALINA,0.072449891362478,30.772982674631407,"KALINA: régimen Kalina genuino y admisible, sin fallas."
400.0,300.032917,4500.0,2070.0,0.7,1.0,0.85,0.75,0.8,0.8,0.8,340.8513886755629,323.60254448096435,17.24884419459852,True,KALINA,0.0549930553201351,23.33475776809755,"KALINA: régimen Kalina genuino y admisible, sin fallas."
400.0,300.032917,2800.0,730.0,0.75,1.0,0.85,0.75,0.8,0.8,0.8,298.14776374991334,306.8132874405408,-8.66552369062748,True,CORREGIBLE,0.0910236203834088,58.2768407679856,"[CORREGIBLE] O2: succión de la bomba bifásica bajo el peor caso de T_amb (riesgo de cavitación) (medido=306.8132874405408, esperado=<= 298.148 K). Causa probable: subenfriamiento insuficiente a la salida del condensador bajo el peor caso ambiental. Sugerencia: aumentar eps_cond o el margen de subenf"
400.0,300.032917,2800.0,1010.0,0.75,1.0,0.85,0.75,0.8,0.8,0.8,309.06336371906934,311.0794263316581,-2.016062612588769,True,CORREGIBLE,0.0870309753212127,63.5505593158224,"[CORREGIBLE] O2: succión de la bomba bifásica bajo el peor caso de T_amb (riesgo de cavitación) (medido=311.0794263316581, esperado=<= 309.063 K). Causa probable: subenfriamiento insuficiente a la salida del condensador bajo el peor caso ambiental. Sugerencia: aumentar eps_cond o el margen de subenf"
400.0,300.032917,2800.0,1290.0,0.75,1.0,0.85,0.75,0.8,0.8,0.8,317.9248767563488,319.37953266309574,-1.4546559067469502,True,CORREGIBLE,0.0697230718346746,50.91736347952562,"[CORREGIBLE] O2: succión de la bomba bifásica bajo el peor caso de T_amb (riesgo de cavitación) (medido=319.37953266309574, esperado=<= 317.925 K). Causa probable: subenfriamiento insuficiente a la salida del condensador bajo el peor caso ambiental. Sugerencia: aumentar eps_cond o el margen de suben"
400.0,300.032917,3200.0,830.0,0.75,1.0,0.85,0.75,0.8,0.8,0.8,302.3561132887016,305.8324075375847,-3.4762942488831072,True,CORREGIBLE,0.1089976822506887,74.20974561940046,"[CORREGIBLE] O2: succión de la bomba bifásica bajo el peor caso de T_amb (riesgo de cavitación) (medido=305.8324075375847, esperado=<= 302.356 K). Causa probable: subenfriamiento insuficiente a la salida del condensador bajo el peor caso ambiental. Sugerencia: aumentar eps_cond o el margen de subenf"
400.0,300.032917,3200.0,1150.0,0.75,1.0,0.85,0.75,0.8,0.8,0.8,313.69223714197034,315.2002658557336,-1.508028713763224,True,CORREGIBLE,0.0885959911952958,60.4104078045503,"[CORREGIBLE] O2: succión de la bomba bifásica bajo el peor caso de T_amb (riesgo de cavitación) (medido=315.20026585573356, esperado=<= 313.692 K). Causa probable: subenfriamiento insuficiente a la salida del condensador bajo el peor caso ambiental. Sugerencia: aumentar eps_cond o el margen de suben"
400.0,300.032917,3600.0,1295.0,0.75,1.0,0.85,0.75,0.8,0.8,0.8,318.0697114378951,319.10627961834155,-1.0365681804464657,True,CORREGIBLE,0.0882080843688053,56.04008238769951,"[CORREGIBLE] O2: succión de la bomba bifásica bajo el peor caso de T_amb (riesgo de cavitación) (medido=319.10627961834155, esperado=<= 318.070 K). Causa probable: subenfriamiento insuficiente a la salida del condensador bajo el peor caso ambiental. Sugerencia: aumentar eps_cond o el margen de suben"
400.0,300.032917,3600.0,935.0,0.75,1.0,0.85,0.75,0.8,0.8,0.8,306.3859725913226,308.1547873458327,-1.7688147545100603,True,CORREGIBLE,0.1094120071891256,69.4636904263158,"[CORREGIBLE] O2: succión de la bomba bifásica bajo el peor caso de T_amb (riesgo de cavitación) (medido=308.1547873458327, esperado=<= 306.386 K). Causa probable: subenfriamiento insuficiente a la salida del condensador bajo el peor caso ambiental. Sugerencia: aumentar eps_cond o el margen de subenf"
400.0,300.032917,3200.0,1470.0,0.75,1.0,0.85,0.75,0.8,0.8,0.8,322.90131224184825,323.81557342554555,-0.914261183697306,True,CORREGIBLE,0.0703802179851305,47.98077602375502,"[CORREGIBLE] O2: succión de la bomba bifásica bajo el peor caso de T_amb (riesgo de cavitación) (medido=323.81557342554555, esperado=<= 322.901 K). Causa probable: subenfriamiento insuficiente a la salida del condensador bajo el peor caso ambiental. Sugerencia: aumentar eps_cond o el margen de suben"
400.0,300.032917,3600.0,1655.0,0.75,1.0,0.85,0.75,0.8,0.8,0.8,327.576601627842,327.9863085485479,-0.4097069207059576,True,CORREGIBLE,0.0691252524639264,43.87779940073724,"[CORREGIBLE] O2: succión de la bomba bifásica bajo el peor caso de T_amb (riesgo de cavitación) (medido=327.9863085485479, esperado=<= 327.577 K). Causa probable: subenfriamiento insuficiente a la salida del condensador bajo el peor caso ambiental. Sugerencia: aumentar eps_cond o el margen de subenf"
400.0,300.032917,4000.0,1440.0,0.75,1.0,0.85,0.75,0.8,0.8,0.8,322.10377608185905,322.6996399830171,-0.5958639011580544,True,CORREGIBLE,0.086316458104635,50.80297680158564,"[CORREGIBLE] O2: succión de la bomba bifásica bajo el peor caso de T_amb (riesgo de cavitación) (medido=322.6996399830171, esperado=<= 322.104 K). Causa probable: subenfriamiento insuficiente a la salida del condensador bajo el peor caso ambiental. Sugerencia: aumentar eps_cond o el margen de subenf"
400.0,300.032917,4000.0,1040.0,0.75,1.0,0.85,0.75,0.8,0.8,0.8,310.09326561447136,311.4534786322841,-1.3602130178127254,True,CORREGIBLE,0.1083997080722839,63.80769862869828,"[CORREGIBLE] O2: succión de la bomba bifásica bajo el peor caso de T_amb (riesgo de cavitación) (medido=311.4534786322841, esperado=<= 310.093 K). Causa probable: subenfriamiento insuficiente a la salida del condensador bajo el peor caso ambiental. Sugerencia: aumentar eps_cond o el margen de subenf"
400.0,300.032917,4000.0,1840.0,0.75,1.0,0.85,0.75,0.8,0.8,0.8,331.8910994483421,331.0073663786932,0.8837330696489403,True,KALINA,0.0664773547927604,39.06944345163815,"KALINA: régimen Kalina genuino y admisible, sin fallas."
400.0,300.032917,4500.0,1170.0,0.75,1.0,0.85,0.75,0.8,0.8,0.8,314.3191676752517,315.19892376219275,-0.879756086941029,True,CORREGIBLE,0.1050207689356937,55.48058709365346,"[CORREGIBLE] O2: succión de la bomba bifásica bajo el peor caso de T_amb (riesgo de cavitación) (medido=315.19892376219275, esperado=<= 314.319 K). Causa probable: subenfriamiento insuficiente a la salida del condensador bajo el peor caso ambiental. Sugerencia: aumentar eps_cond o el margen de suben"
400.0,300.032917,2800.0,730.0,0.8,1.0,0.85,0.75,0.8,0.8,0.8,295.4522575063449,307.01049713853484,-11.558239632189895,True,CORREGIBLE,0.0604624508067712,31.806751657682327,"[CORREGIBLE] O2: succión de la bomba bifásica bajo el peor caso de T_amb (riesgo de cavitación) (medido=307.01049713853484, esperado=<= 295.452 K). Causa probable: subenfriamiento insuficiente a la salida del condensador bajo el peor caso ambiental. Sugerencia: aumentar eps_cond o el margen de suben"
400.0,300.032917,4500.0,1620.0,0.75,1.0,0.85,0.75,0.8,0.8,0.8,326.72198212257393,326.796117817978,-0.0741356954040384,True,CORREGIBLE,0.0817178240859722,43.123625600570925,"[CORREGIBLE] O2: succión de la bomba bifásica bajo el peor caso de T_amb (riesgo de cavitación) (medido=326.796117817978, esperado=<= 326.722 K). Causa probable: subenfriamiento insuficiente a la salida del condensador bajo el peor caso ambiental. Sugerencia: aumentar eps_cond o el margen de subenfr"
400.0,300.032917,4500.0,2070.0,0.75,1.0,0.85,0.75,0.8,0.8,0.8,336.8445519685802,328.26103100571925,8.583520962860973,True,KALINA,0.062343427961724,32.85296215633999,"KALINA: régimen Kalina genuino y admisible, sin fallas."
400.0,300.032917,2800.0,1010.0,0.8,1.0,0.85,0.75,0.8,0.8,0.8,306.214959307915,307.9176683757362,-1.7027090678211607,True,CORREGIBLE,0.0879401069131282,70.4782102920905,"[CORREGIBLE] O2: succión de la bomba bifásica bajo el peor caso de T_amb (riesgo de cavitación) (medido=307.9176683757362, esperado=<= 306.215 K). Causa probable: subenfriamiento insuficiente a la salida del condensador bajo el peor caso ambiental. Sugerencia: aumentar eps_cond o el margen de subenf"
400.0,300.032917,2800.0,1290.0,0.8,1.0,0.85,0.75,0.8,0.8,0.8,314.9410474164186,316.2874958683024,-1.3464484518837594,True,CORREGIBLE,0.0704930925417988,56.55694343383928,"[CORREGIBLE] O2: succión de la bomba bifásica bajo el peor caso de T_amb (riesgo de cavitación) (medido=316.28749586830236, esperado=<= 314.941 K). Causa probable: subenfriamiento insuficiente a la salida del condensador bajo el peor caso ambiental. Sugerencia: aumentar eps_cond o el margen de suben"
400.0,300.032917,3200.0,1150.0,0.8,1.0,0.85,0.75,0.8,0.8,0.8,310.7744555748154,312.1467852214073,-1.3723296465918793,True,CORREGIBLE,0.090289366774125,68.50717043510464,"[CORREGIBLE] O2: succión de la bomba bifásica bajo el peor caso de T_amb (riesgo de cavitación) (medido=312.1467852214073, esperado=<= 310.774 K). Causa probable: subenfriamiento insuficiente a la salida del condensador bajo el peor caso ambiental. Sugerencia: aumentar eps_cond o el margen de subenf"
400.0,300.032917,3200.0,830.0,0.8,1.0,0.85,0.75,0.8,0.8,0.8,299.6033388434543,305.86089743773186,-6.257558594277555,True,CORREGIBLE,0.1059447911529012,77.13480092520702,"[CORREGIBLE] O2: succión de la bomba bifásica bajo el peor caso de T_amb (riesgo de cavitación) (medido=305.86089743773186, esperado=<= 299.603 K). Causa probable: subenfriamiento insuficiente a la salida del condensador bajo el peor caso ambiental. Sugerencia: aumentar eps_cond o el margen de suben"
400.0,300.032917,3200.0,1470.0,0.8,1.0,0.85,0.75,0.8,0.8,0.8,319.8364203419658,320.8247111359656,-0.9882907939997948,True,CORREGIBLE,0.0721559072379883,54.77110409433344,"[CORREGIBLE] O2: succión de la bomba bifásica bajo el peor caso de T_amb (riesgo de cavitación) (medido=320.8247111359656, esperado=<= 319.836 K). Causa probable: subenfriamiento insuficiente a la salida del condensador bajo el peor caso ambiental. Sugerencia: aumentar eps_cond o el margen de subenf"
400.0,300.032917,3600.0,1295.0,0.8,1.0,0.85,0.75,0.8,0.8,0.8,315.0835759763687,316.1470968596476,-1.0635208832788976,True,CORREGIBLE,0.0909368395052982,65.2831655430846,"[CORREGIBLE] O2: succión de la bomba bifásica bajo el peor caso de T_amb (riesgo de cavitación) (medido=316.1470968596476, esperado=<= 315.084 K). Causa probable: subenfriamiento insuficiente a la salida del condensador bajo el peor caso ambiental. Sugerencia: aumentar eps_cond o el margen de subenf"
400.0,300.032917,3600.0,935.0,0.8,1.0,0.85,0.75,0.8,0.8,0.8,303.5764110980361,305.1095480909827,-1.533136992946595,True,CORREGIBLE,0.1121336274575285,80.37910120949046,"[CORREGIBLE] O2: succión de la bomba bifásica bajo el peor caso de T_amb (riesgo de cavitación) (medido=305.1095480909827, esperado=<= 303.576 K). Causa probable: subenfriamiento insuficiente a la salida del condensador bajo el peor caso ambiental. Sugerencia: aumentar eps_cond o el margen de subenf"
400.0,300.032917,3600.0,1655.0,0.8,1.0,0.85,0.75,0.8,0.8,0.8,324.43197075402685,325.0836477727521,-0.6516770187252519,True,CORREGIBLE,0.0721296550911071,51.76890299185103,"[CORREGIBLE] O2: succión de la bomba bifásica bajo el peor caso de T_amb (riesgo de cavitación) (medido=325.0836477727521, esperado=<= 324.432 K). Causa probable: subenfriamiento insuficiente a la salida del condensador bajo el peor caso ambiental. Sugerencia: aumentar eps_cond o el margen de subenf"
400.0,300.032917,4000.0,1040.0,0.8,1.0,0.85,0.75,0.8,0.8,0.8,307.22967307736644,308.4996274456531,-1.269954368286676,True,CORREGIBLE,0.1122641375912437,75.9746575712729,"[CORREGIBLE] O2: succión de la bomba bifásica bajo el peor caso de T_amb (riesgo de cavitación) (medido=308.4996274456531, esperado=<= 307.230 K). Causa probable: subenfriamiento insuficiente a la salida del condensador bajo el peor caso ambiental. Sugerencia: aumentar eps_cond o el margen de subenf"
400.0,300.032917,4000.0,1440.0,0.8,1.0,0.85,0.75,0.8,0.8,0.8,319.05213334480845,319.8253040733433,-0.7731707285348648,True,CORREGIBLE,0.0903839502312447,61.21295071131064,"[CORREGIBLE] O2: succión de la bomba bifásica bajo el peor caso de T_amb (riesgo de cavitación) (medido=319.8253040733433, esperado=<= 319.052 K). Causa probable: subenfriamiento insuficiente a la salida del condensador bajo el peor caso ambiental. Sugerencia: aumentar eps_cond o el margen de subenf"
400.0,300.032917,4500.0,1170.0,0.8,1.0,0.85,0.75,0.8,0.8,0.8,311.3917644025093,312.3508949258003,-0.9591305232909804,True,CORREGIBLE,0.1109237552465948,69.321600085776,"[CORREGIBLE] O2: succión de la bomba bifásica bajo el peor caso de T_amb (riesgo de cavitación) (medido=312.3508949258003, esperado=<= 311.392 K). Causa probable: subenfriamiento insuficiente a la salida del condensador bajo el peor caso ambiental. Sugerencia: aumentar eps_cond o el margen de subenf"
400.0,300.032917,4000.0,1840.0,0.8,1.0,0.85,0.75,0.8,0.8,0.8,328.6696025318722,329.0022284197029,-0.3326258878306589,True,CORREGIBLE,0.0708620992510593,47.94951988145457,"[CORREGIBLE] O2: succión de la bomba bifásica bajo el peor caso de T_amb (riesgo de cavitación) (medido=329.0022284197029, esperado=<= 328.670 K). Causa probable: subenfriamiento insuficiente a la salida del condensador bajo el peor caso ambiental. Sugerencia: aumentar eps_cond o el margen de subenf"
400.0,300.032917,4500.0,1620.0,0.8,1.0,0.85,0.75,0.8,0.8,0.8,323.59219692832164,324.0194563942293,-0.4272594659076389,True,CORREGIBLE,0.0880992715542857,55.04814668390276,"[CORREGIBLE] O2: succión de la bomba bifásica bajo el peor caso de T_amb (riesgo de cavitación) (medido=324.0194563942293, esperado=<= 323.592 K). Causa probable: subenfriamiento insuficiente a la salida del condensador bajo el peor caso ambiental. Sugerencia: aumentar eps_cond o el margen de subenf"
400.0,300.032917,2800.0,730.0,0.85,1.0,0.85,0.75,0.8,0.8,0.8,293.2563533755708,307.32975806351743,-14.073404687946663,True,CORREGIBLE,0.0127839506529362,5.271214971144957,"[CORREGIBLE] O2: succión de la bomba bifásica bajo el peor caso de T_amb (riesgo de cavitación) (medido=307.32975806351743, esperado=<= 293.256 K). Causa probable: subenfriamiento insuficiente a la salida del condensador bajo el peor caso ambiental. Sugerencia: aumentar eps_cond o el margen de suben"
400.0,300.032917,4500.0,2070.0,0.8,1.0,0.85,0.75,0.8,0.8,0.8,333.53067697421005,332.58340779087604,0.947269183334015,True,KALINA,0.0677803740126545,42.286768358751296,"KALINA: régimen Kalina genuino y admisible, sin fallas."
400.0,300.032917,2800.0,1010.0,0.85,1.0,0.85,0.75,0.8,0.8,0.8,303.8708266625146,305.1554932083503,-1.2846665458357052,True,CORREGIBLE,0.0885016760992252,76.81695448581148,"[CORREGIBLE] O2: succión de la bomba bifásica bajo el peor caso de T_amb (riesgo de cavitación) (medido=305.1554932083503, esperado=<= 303.871 K). Causa probable: subenfriamiento insuficiente a la salida del condensador bajo el peor caso ambiental. Sugerencia: aumentar eps_cond o el margen de subenf"
400.0,300.032917,3200.0,830.0,0.85,1.0,0.85,0.75,0.8,0.8,0.8,297.35200143838733,306.06350606170787,-8.711504623320536,True,CORREGIBLE,0.0697462832865858,39.13873380655356,"[CORREGIBLE] O2: succión de la bomba bifásica bajo el peor caso de T_amb (riesgo de cavitación) (medido=306.06350606170787, esperado=<= 297.352 K). Causa probable: subenfriamiento insuficiente a la salida del condensador bajo el peor caso ambiental. Sugerencia: aumentar eps_cond o el margen de suben"
400.0,300.032917,3600.0,935.0,0.85,1.0,0.85,0.75,0.8,0.8,0.8,,,,False,NO_CONVERGIO,,,"T_from_Ph(P, h, x): el motor teqp no cubre el estado pedido (ver TASK_CONTEXT 2026-09-18-validar-teqp-nh3h2o). Detalle: equilibrio no resoluble en T=479.29 K, P=3.6e+06 Pa, x=0.8570"
400.0,300.032917,2800.0,1290.0,0.85,1.0,0.85,0.75,0.8,0.8,0.8,312.4651082228493,313.54605885444505,-1.0809506315957265,True,CORREGIBLE,0.0707973024083127,61.54657015716733,"[CORREGIBLE] O2: succión de la bomba bifásica bajo el peor caso de T_amb (riesgo de cavitación) (medido=313.54605885444505, esperado=<= 312.465 K). Causa probable: subenfriamiento insuficiente a la salida del condensador bajo el peor caso ambiental. Sugerencia: aumentar eps_cond o el margen de suben"
400.0,300.032917,3600.0,1295.0,0.85,1.0,0.85,0.75,0.8,0.8,0.8,,,,False,NO_CONVERGIO,,,"T_from_Ph(P, h, x): el motor teqp no cubre el estado pedido (ver TASK_CONTEXT 2026-09-18-validar-teqp-nh3h2o). Detalle: equilibrio no resoluble en T=479.29 K, P=3.6e+06 Pa, x=0.8570"
400.0,300.032917,3600.0,1655.0,0.85,1.0,0.85,0.75,0.8,0.8,0.8,,,,False,NO_CONVERGIO,,,"T_from_Ph(P, h, x): el motor teqp no cubre el estado pedido (ver TASK_CONTEXT 2026-09-18-validar-teqp-nh3h2o). Detalle: equilibrio no resoluble en T=479.29 K, P=3.6e+06 Pa, x=0.8570"
400.0,300.032917,3200.0,1150.0,0.85,1.0,0.85,0.75,0.8,0.8,0.8,308.3628498542931,309.4511413209416,-1.0882914666484569,True,CORREGIBLE,0.0913539327660402,75.86503549845499,"[CORREGIBLE] O2: succión de la bomba bifásica bajo el peor caso de T_amb (riesgo de cavitación) (medido=309.45114132094153, esperado=<= 308.363 K). Causa probable: subenfriamiento insuficiente a la salida del condensador bajo el peor caso ambiental. Sugerencia: aumentar eps_cond o el margen de suben"
400.0,300.032917,4000.0,1040.0,0.85,1.0,0.85,0.75,0.8,0.8,0.8,304.8707795324198,305.89164516722246,-1.0208656348026466,True,CORREGIBLE,0.1148961258516353,87.23851149510885,"[CORREGIBLE] O2: succión de la bomba bifásica bajo el peor caso de T_amb (riesgo de cavitación) (medido=305.89164516722246, esperado=<= 304.871 K). Causa probable: subenfriamiento insuficiente a la salida del condensador bajo el peor caso ambiental. Sugerencia: aumentar eps_cond o el margen de suben"
400.0,300.032917,3200.0,1470.0,0.85,1.0,0.85,0.75,0.8,0.8,0.8,317.2814172234588,318.1442341770901,-0.8628169536312953,True,CORREGIBLE,0.0731042572228275,60.76630723451655,"[CORREGIBLE] O2: succión de la bomba bifásica bajo el peor caso de T_amb (riesgo de cavitación) (medido=318.1442341770901, esperado=<= 317.281 K). Causa probable: subenfriamiento insuficiente a la salida del condensador bajo el peor caso ambiental. Sugerencia: aumentar eps_cond o el margen de subenf"
400.0,300.032917,4000.0,1440.0,0.85,1.0,0.85,0.75,0.8,0.8,0.8,316.51005951370416,317.23732422839885,-0.7272647146946838,True,CORREGIBLE,0.092891696810264,70.63605035451639,"[CORREGIBLE] O2: succión de la bomba bifásica bajo el peor caso de T_amb (riesgo de cavitación) (medido=317.23732422839885, esperado=<= 316.510 K). Causa probable: subenfriamiento insuficiente a la salida del condensador bajo el peor caso ambiental. Sugerencia: aumentar eps_cond o el margen de suben"
400.0,300.032917,4000.0,1840.0,0.85,1.0,0.85,0.75,0.8,0.8,0.8,325.9616294864498,326.4189214546224,-0.4572919681725693,True,CORREGIBLE,0.0735685843153978,55.92631018538769,"[CORREGIBLE] O2: succión de la bomba bifásica bajo el peor caso de T_amb (riesgo de cavitación) (medido=326.41892145462236, esperado=<= 325.962 K). Causa probable: subenfriamiento insuficiente a la salida del condensador bajo el peor caso ambiental. Sugerencia: aumentar eps_cond o el margen de suben"
400.0,300.032917,4500.0,1620.0,0.85,1.0,0.85,0.75,0.8,0.8,0.8,320.9738355573346,321.4896203963777,-0.5157848390430786,True,CORREGIBLE,0.0919971126143301,65.89098783276843,"[CORREGIBLE] O2: succión de la bomba bifásica bajo el peor caso de T_amb (riesgo de cavitación) (medido=321.4896203963777, esperado=<= 320.974 K). Causa probable: subenfriamiento insuficiente a la salida del condensador bajo el peor caso ambiental. Sugerencia: aumentar eps_cond o el margen de subenf"
400.0,300.032917,4500.0,1170.0,0.85,1.0,0.85,0.75,0.8,0.8,0.8,308.9707923796871,309.8079643103658,-0.8371719306786645,True,CORREGIBLE,0.1147516587674249,82.13698015855654,"[CORREGIBLE] O2: succión de la bomba bifásica bajo el peor caso de T_amb (riesgo de cavitación) (medido=309.8079643103658, esperado=<= 308.971 K). Causa probable: subenfriamiento insuficiente a la salida del condensador bajo el peor caso ambiental. Sugerencia: aumentar eps_cond o el margen de subenf"
400.0,300.032917,4500.0,2070.0,0.85,1.0,0.85,0.75,0.8,0.8,0.8,330.73239165919875,330.9489993913369,-0.2166077321381294,True,CORREGIBLE,0.0719331028785696,51.46883884591022,"[CORREGIBLE] O2: succión de la bomba bifásica bajo el peor caso de T_amb (riesgo de cavitación) (medido=330.9489993913369, esperado=<= 330.732 K). Causa probable: subenfriamiento insuficiente a la salida del condensador bajo el peor caso ambiental. Sugerencia: aumentar eps_cond o el margen de subenf"
420.0,300.032917,2800.0,730.0,0.7,1.0,0.85,0.75,0.8,0.8,0.8,301.5075142610947,307.9285383094118,-6.421024048317122,True,CORREGIBLE,0.1057855635572988,90.19720220215936,"[CORREGIBLE] O2: succión de la bomba bifásica bajo el peor caso de T_amb (riesgo de cavitación) (medido=307.9285383094118, esperado=<= 301.508 K). Causa probable: subenfriamiento insuficiente a la salida del condensador bajo el peor caso ambiental. Sugerencia: aumentar eps_cond o el margen de subenf"
420.0,300.032917,3200.0,830.0,0.7,1.0,0.85,0.75,0.8,0.8,0.8,305.77666471317,309.1470749399508,-3.3704102267807343,True,CORREGIBLE,0.1089060635974132,86.42021587927148,"[CORREGIBLE] O2: succión de la bomba bifásica bajo el peor caso de T_amb (riesgo de cavitación) (medido=309.14707493995076, esperado=<= 305.777 K). Causa probable: subenfriamiento insuficiente a la salida del condensador bajo el peor caso ambiental. Sugerencia: aumentar eps_cond o el margen de suben"
420.0,300.032917,2800.0,1290.0,0.7,1.0,0.85,0.75,0.8,0.8,0.8,321.5889322204312,323.9227107099448,-2.3337784895136338,True,CORREGIBLE,0.0680625033026455,58.15223390411191,"[CORREGIBLE] O2: succión de la bomba bifásica bajo el peor caso de T_amb (riesgo de cavitación) (medido=323.9227107099448, esperado=<= 321.589 K). Causa probable: subenfriamiento insuficiente a la salida del condensador bajo el peor caso ambiental. Sugerencia: aumentar eps_cond o el margen de subenf"
420.0,300.032917,2800.0,1010.0,0.7,1.0,0.85,0.75,0.8,0.8,0.8,312.58505752224363,315.74200425642624,-3.156946734182611,True,CORREGIBLE,0.0854847529014592,73.01689495824982,"[CORREGIBLE] O2: succión de la bomba bifásica bajo el peor caso de T_amb (riesgo de cavitación) (medido=315.74200425642624, esperado=<= 312.585 K). Causa probable: subenfriamiento insuficiente a la salida del condensador bajo el peor caso ambiental. Sugerencia: aumentar eps_cond o el margen de suben"
420.0,300.032917,3200.0,1150.0,0.7,1.0,0.85,0.75,0.8,0.8,0.8,317.28699026962204,319.62654774385084,-2.3395574742287977,True,CORREGIBLE,0.0877214251800691,69.68022040469448,"[CORREGIBLE] O2: succión de la bomba bifásica bajo el peor caso de T_amb (riesgo de cavitación) (medido=319.62654774385084, esperado=<= 317.287 K). Causa probable: subenfriamiento insuficiente a la salida del condensador bajo el peor caso ambiental. Sugerencia: aumentar eps_cond o el margen de suben"
420.0,300.032917,3200.0,1470.0,0.7,1.0,0.85,0.75,0.8,0.8,0.8,326.6500927539884,328.12573577577746,-1.4756430217890966,True,CORREGIBLE,0.0694106861341806,55.114838001692426,"[CORREGIBLE] O2: succión de la bomba bifásica bajo el peor caso de T_amb (riesgo de cavitación) (medido=328.12573577577746, esperado=<= 326.650 K). Causa probable: subenfriamiento insuficiente a la salida del condensador bajo el peor caso ambiental. Sugerencia: aumentar eps_cond o el margen de suben"
420.0,300.032917,3600.0,935.0,0.7,1.0,0.85,0.75,0.8,0.8,0.8,309.8666446026718,312.5513397349025,-2.684695132230729,True,CORREGIBLE,0.1100965670748213,81.62846602819766,"[CORREGIBLE] O2: succión de la bomba bifásica bajo el peor caso de T_amb (riesgo de cavitación) (medido=312.5513397349025, esperado=<= 309.867 K). Causa probable: subenfriamiento insuficiente a la salida del condensador bajo el peor caso ambiental. Sugerencia: aumentar eps_cond o el margen de subenf"
420.0,300.032917,3600.0,1295.0,0.7,1.0,0.85,0.75,0.8,0.8,0.8,321.736182249446,323.3512445250363,-1.6150622755903328,True,CORREGIBLE,0.0880825936757913,65.32405729775658,"[CORREGIBLE] O2: succión de la bomba bifásica bajo el peor caso de T_amb (riesgo de cavitación) (medido=323.3512445250363, esperado=<= 321.736 K). Causa probable: subenfriamiento insuficiente a la salida del condensador bajo el peor caso ambiental. Sugerencia: aumentar eps_cond o el margen de subenf"
420.0,300.032917,4000.0,1040.0,0.7,1.0,0.85,0.75,0.8,0.8,0.8,313.63097657165366,315.7046847040297,-2.073708132376055,True,CORREGIBLE,0.1099926537240807,76.27849340252243,"[CORREGIBLE] O2: succión de la bomba bifásica bajo el peor caso de T_amb (riesgo de cavitación) (medido=315.7046847040297, esperado=<= 313.631 K). Causa probable: subenfriamiento insuficiente a la salida del condensador bajo el peor caso ambiental. Sugerencia: aumentar eps_cond o el margen de subenf"
420.0,300.032917,3600.0,1655.0,0.7,1.0,0.85,0.75,0.8,0.8,0.8,331.40837480943134,332.1205426285558,-0.7121678191244882,True,CORREGIBLE,0.0689134657281009,51.05595539914593,"[CORREGIBLE] O2: succión de la bomba bifásica bajo el peor caso de T_amb (riesgo de cavitación) (medido=332.1205426285558, esperado=<= 331.408 K). Causa probable: subenfriamiento insuficiente a la salida del condensador bajo el peor caso ambiental. Sugerencia: aumentar eps_cond o el margen de subenf"
420.0,300.032917,4000.0,1440.0,0.7,1.0,0.85,0.75,0.8,0.8,0.8,325.8387335973935,326.804060288516,-0.9653266911224704,True,CORREGIBLE,0.0871213187817634,60.39007783278211,"[CORREGIBLE] O2: succión de la bomba bifásica bajo el peor caso de T_amb (riesgo de cavitación) (medido=326.804060288516, esperado=<= 325.839 K). Causa probable: subenfriamiento insuficiente a la salida del condensador bajo el peor caso ambiental. Sugerencia: aumentar eps_cond o el margen de subenfr"
420.0,300.032917,4000.0,1840.0,0.7,1.0,0.85,0.75,0.8,0.8,0.8,335.80255931962864,335.8252637721621,-0.0227044525334463,True,CORREGIBLE,0.0671369999207562,46.46355760736675,"[CORREGIBLE] O2: succión de la bomba bifásica bajo el peor caso de T_amb (riesgo de cavitación) (medido=335.8252637721621, esperado=<= 335.803 K). Causa probable: subenfriamiento insuficiente a la salida del condensador bajo el peor caso ambiental. Sugerencia: aumentar eps_cond o el margen de subenf"
420.0,300.032917,4500.0,1170.0,0.7,1.0,0.85,0.75,0.8,0.8,0.8,317.924031559729,319.31115044287054,-1.387118883141568,True,CORREGIBLE,0.1082658646088533,68.93905890177558,"[CORREGIBLE] O2: succión de la bomba bifásica bajo el peor caso de T_amb (riesgo de cavitación) (medido=319.31115044287054, esperado=<= 317.924 K). Causa probable: subenfriamiento insuficiente a la salida del condensador bajo el peor caso ambiental. Sugerencia: aumentar eps_cond o el margen de suben"
420.0,300.032917,4500.0,1620.0,0.7,1.0,0.85,0.75,0.8,0.8,0.8,330.53832954259616,330.76785826398964,-0.2295287213934784,True,CORREGIBLE,0.0842446636900713,53.57261034729926,"[CORREGIBLE] O2: succión de la bomba bifásica bajo el peor caso de T_amb (riesgo de cavitación) (medido=330.76785826398964, esperado=<= 330.538 K). Causa probable: subenfriamiento insuficiente a la salida del condensador bajo el peor caso ambiental. Sugerencia: aumentar eps_cond o el margen de suben"
420.0,300.032917,2800.0,730.0,0.75,1.0,0.85,0.75,0.8,0.8,0.8,298.14776374991334,308.29686520081344,-10.149101450900105,True,CORREGIBLE,0.0950530104363824,78.3457747376359,"[CORREGIBLE] O2: succión de la bomba bifásica bajo el peor caso de T_amb (riesgo de cavitación) (medido=308.29686520081344, esperado=<= 298.148 K). Causa probable: subenfriamiento insuficiente a la salida del condensador bajo el peor caso ambiental. Sugerencia: aumentar eps_cond o el margen de suben"
420.0,300.032917,4500.0,2070.0,0.7,1.0,0.85,0.75,0.8,0.8,0.8,340.8513886755629,333.4254551568356,7.425933518727277,True,KALINA,0.0643177584987916,40.8319697231274,"KALINA: régimen Kalina genuino y admisible, sin fallas."
420.0,300.032917,2800.0,1010.0,0.75,1.0,0.85,0.75,0.8,0.8,0.8,309.06336371906934,311.9059689422302,-2.842605223160831,True,CORREGIBLE,0.0861023977526724,79.79123258256789,"[CORREGIBLE] O2: succión de la bomba bifásica bajo el peor caso de T_amb (riesgo de cavitación) (medido=311.9059689422302, esperado=<= 309.063 K). Causa probable: subenfriamiento insuficiente a la salida del condensador bajo el peor caso ambiental. Sugerencia: aumentar eps_cond o el margen de subenf"
420.0,300.032917,2800.0,1290.0,0.75,1.0,0.85,0.75,0.8,0.8,0.8,317.9248767563488,320.2009751927419,-2.276098436393113,True,CORREGIBLE,0.0685940512112638,63.62146339272097,"[CORREGIBLE] O2: succión de la bomba bifásica bajo el peor caso de T_amb (riesgo de cavitación) (medido=320.2009751927419, esperado=<= 317.925 K). Causa probable: subenfriamiento insuficiente a la salida del condensador bajo el peor caso ambiental. Sugerencia: aumentar eps_cond o el margen de subenf"
420.0,300.032917,3200.0,1150.0,0.75,1.0,0.85,0.75,0.8,0.8,0.8,313.69223714197034,315.9441369919596,-2.251899849989286,True,CORREGIBLE,0.08930899783714,77.70065456132996,"[CORREGIBLE] O2: succión de la bomba bifásica bajo el peor caso de T_amb (riesgo de cavitación) (medido=315.9441369919596, esperado=<= 313.692 K). Causa probable: subenfriamiento insuficiente a la salida del condensador bajo el peor caso ambiental. Sugerencia: aumentar eps_cond o el margen de subenf"
420.0,300.032917,3200.0,830.0,0.75,1.0,0.85,0.75,0.8,0.8,0.8,302.3561132887016,306.7276184194185,-4.371505130716912,True,CORREGIBLE,0.1106457696026005,96.08988345103252,"[CORREGIBLE] O2: succión de la bomba bifásica bajo el peor caso de T_amb (riesgo de cavitación) (medido=306.7276184194185, esperado=<= 302.356 K). Causa probable: subenfriamiento insuficiente a la salida del condensador bajo el peor caso ambiental. Sugerencia: aumentar eps_cond o el margen de subenf"
420.0,300.032917,3600.0,935.0,0.75,1.0,0.85,0.75,0.8,0.8,0.8,306.3859725913226,308.8563708088687,-2.4703982175460624,True,CORREGIBLE,0.1127131703286379,92.41368653178203,"[CORREGIBLE] O2: succión de la bomba bifásica bajo el peor caso de T_amb (riesgo de cavitación) (medido=308.8563708088687, esperado=<= 306.386 K). Causa probable: subenfriamiento insuficiente a la salida del condensador bajo el peor caso ambiental. Sugerencia: aumentar eps_cond o el margen de subenf"
420.0,300.032917,3200.0,1470.0,0.75,1.0,0.85,0.75,0.8,0.8,0.8,322.90131224184825,324.55412334792425,-1.6528111060760011,True,CORREGIBLE,0.0710262745129795,61.80811843955641,"[CORREGIBLE] O2: succión de la bomba bifásica bajo el peor caso de T_amb (riesgo de cavitación) (medido=324.55412334792425, esperado=<= 322.901 K). Causa probable: subenfriamiento insuficiente a la salida del condensador bajo el peor caso ambiental. Sugerencia: aumentar eps_cond o el margen de suben"
420.0,300.032917,3600.0,1295.0,0.75,1.0,0.85,0.75,0.8,0.8,0.8,318.0697114378951,319.8013650572272,-1.7316536193321213,True,CORREGIBLE,0.0906870362769383,74.43451624724182,"[CORREGIBLE] O2: succión de la bomba bifásica bajo el peor caso de T_amb (riesgo de cavitación) (medido=319.8013650572272, esperado=<= 318.070 K). Causa probable: subenfriamiento insuficiente a la salida del condensador bajo el peor caso ambiental. Sugerencia: aumentar eps_cond o el margen de subenf"
420.0,300.032917,3600.0,1655.0,0.75,1.0,0.85,0.75,0.8,0.8,0.8,327.576601627842,328.67695599492026,-1.100354367078296,True,CORREGIBLE,0.0716872033658935,58.816082202440604,"[CORREGIBLE] O2: succión de la bomba bifásica bajo el peor caso de T_amb (riesgo de cavitación) (medido=328.67695599492026, esperado=<= 327.577 K). Causa probable: subenfriamiento insuficiente a la salida del condensador bajo el peor caso ambiental. Sugerencia: aumentar eps_cond o el margen de suben"
420.0,300.032917,4000.0,1040.0,0.75,1.0,0.85,0.75,0.8,0.8,0.8,310.09326561447136,312.1299139650951,-2.03664835062375,True,CORREGIBLE,0.1135785793993848,88.11201951086424,"[CORREGIBLE] O2: succión de la bomba bifásica bajo el peor caso de T_amb (riesgo de cavitación) (medido=312.1299139650951, esperado=<= 310.093 K). Causa probable: subenfriamiento insuficiente a la salida del condensador bajo el peor caso ambiental. Sugerencia: aumentar eps_cond o el margen de subenf"
420.0,300.032917,4000.0,1440.0,0.75,1.0,0.85,0.75,0.8,0.8,0.8,322.10377608185905,323.36996834632043,-1.266192264461381,True,CORREGIBLE,0.0908607170152984,70.51460943000446,"[CORREGIBLE] O2: succión de la bomba bifásica bajo el peor caso de T_amb (riesgo de cavitación) (medido=323.36996834632043, esperado=<= 322.104 K). Causa probable: subenfriamiento insuficiente a la salida del condensador bajo el peor caso ambiental. Sugerencia: aumentar eps_cond o el margen de suben"
420.0,300.032917,4500.0,1170.0,0.75,1.0,0.85,0.75,0.8,0.8,0.8,314.3191676752517,315.8697441386326,-1.550576463380878,True,CORREGIBLE,0.1132983944834119,82.04586524990997,"[CORREGIBLE] O2: succión de la bomba bifásica bajo el peor caso de T_amb (riesgo de cavitación) (medido=315.8697441386326, esperado=<= 314.319 K). Causa probable: subenfriamiento insuficiente a la salida del condensador bajo el peor caso ambiental. Sugerencia: aumentar eps_cond o el margen de subenf"
420.0,300.032917,4000.0,1840.0,0.75,1.0,0.85,0.75,0.8,0.8,0.8,331.8910994483421,332.492697711114,-0.6015982627718586,True,CORREGIBLE,0.0711398226953475,55.15468053352724,"[CORREGIBLE] O2: succión de la bomba bifásica bajo el peor caso de T_amb (riesgo de cavitación) (medido=332.492697711114, esperado=<= 331.891 K). Causa probable: subenfriamiento insuficiente a la salida del condensador bajo el peor caso ambiental. Sugerencia: aumentar eps_cond o el margen de subenfr"
420.0,300.032917,2800.0,730.0,0.8,1.0,0.85,0.75,0.8,0.8,0.8,,,,False,NO_CONVERGIO,,,"T_from_Ph(P, h, x): el motor teqp no cubre el estado pedido (ver TASK_CONTEXT 2026-09-18-validar-teqp-nh3h2o). Detalle: equilibrio no resoluble en T=307.05 K, P=7.3e+05 Pa, x=0.4326"
420.0,300.032917,4500.0,1620.0,0.75,1.0,0.85,0.75,0.8,0.8,0.8,326.72198212257393,327.4611516458286,-0.7391695232546454,True,CORREGIBLE,0.0896785912018447,64.91198549472105,"[CORREGIBLE] O2: succión de la bomba bifásica bajo el peor caso de T_amb (riesgo de cavitación) (medido=327.4611516458286, esperado=<= 326.722 K). Causa probable: subenfriamiento insuficiente a la salida del condensador bajo el peor caso ambiental. Sugerencia: aumentar eps_cond o el margen de subenf"
420.0,300.032917,4500.0,2070.0,0.75,1.0,0.85,0.75,0.8,0.8,0.8,336.8445519685802,336.87566455522057,-0.0311125866403472,True,CORREGIBLE,0.0690832968631091,49.92097070197155,"[CORREGIBLE] O2: succión de la bomba bifásica bajo el peor caso de T_amb (riesgo de cavitación) (medido=336.87566455522057, esperado=<= 336.845 K). Causa probable: subenfriamiento insuficiente a la salida del condensador bajo el peor caso ambiental. Sugerencia: aumentar eps_cond o el margen de suben"
420.0,300.032917,2800.0,1010.0,0.8,1.0,0.85,0.75,0.8,0.8,0.8,306.214959307915,308.4939260915206,-2.278966783605597,True,CORREGIBLE,0.0869097285361072,86.24572120527115,"[CORREGIBLE] O2: succión de la bomba bifásica bajo el peor caso de T_amb (riesgo de cavitación) (medido=308.4939260915206, esperado=<= 306.215 K). Causa probable: subenfriamiento insuficiente a la salida del condensador bajo el peor caso ambiental. Sugerencia: aumentar eps_cond o el margen de subenf"
420.0,300.032917,2800.0,1290.0,0.8,1.0,0.85,0.75,0.8,0.8,0.8,314.9410474164186,316.8678927477611,-1.92684533134252,True,CORREGIBLE,0.0690144212485102,68.59498155744657,"[CORREGIBLE] O2: succión de la bomba bifásica bajo el peor caso de T_amb (riesgo de cavitación) (medido=316.8678927477611, esperado=<= 314.941 K). Causa probable: subenfriamiento insuficiente a la salida del condensador bajo el peor caso ambiental. Sugerencia: aumentar eps_cond o el margen de subenf"
420.0,300.032917,3200.0,830.0,0.8,1.0,0.85,0.75,0.8,0.8,0.8,299.6033388434543,306.89627847495524,-7.292939631500928,True,CORREGIBLE,0.1079640511219556,97.44239249716676,"[CORREGIBLE] O2: succión de la bomba bifásica bajo el peor caso de T_amb (riesgo de cavitación) (medido=306.89627847495524, esperado=<= 299.603 K). Causa probable: subenfriamiento insuficiente a la salida del condensador bajo el peor caso ambiental. Sugerencia: aumentar eps_cond o el margen de suben"
420.0,300.032917,3200.0,1150.0,0.8,1.0,0.85,0.75,0.8,0.8,0.8,310.7744555748154,312.66599149736743,-1.8915359225520088,True,CORREGIBLE,0.0904946545921124,85.10039029932359,"[CORREGIBLE] O2: succión de la bomba bifásica bajo el peor caso de T_amb (riesgo de cavitación) (medido=312.66599149736743, esperado=<= 310.774 K). Causa probable: subenfriamiento insuficiente a la salida del condensador bajo el peor caso ambiental. Sugerencia: aumentar eps_cond o el margen de suben"
420.0,300.032917,3600.0,935.0,0.8,1.0,0.85,0.75,0.8,0.8,0.8,303.5764110980361,305.586770306207,-2.0103592081708825,True,CORREGIBLE,0.114903095834899,102.59858826841808,"[CORREGIBLE] O2: succión de la bomba bifásica bajo el peor caso de T_amb (riesgo de cavitación) (medido=305.586770306207, esperado=<= 303.576 K). Causa probable: subenfriamiento insuficiente a la salida del condensador bajo el peor caso ambiental. Sugerencia: aumentar eps_cond o el margen de subenfr"
420.0,300.032917,3200.0,1470.0,0.8,1.0,0.85,0.75,0.8,0.8,0.8,319.8364203419658,321.3478358985951,-1.5114155566293448,True,CORREGIBLE,0.0720097217849116,67.76703486057676,"[CORREGIBLE] O2: succión de la bomba bifásica bajo el peor caso de T_amb (riesgo de cavitación) (medido=321.3478358985951, esperado=<= 319.836 K). Causa probable: subenfriamiento insuficiente a la salida del condensador bajo el peor caso ambiental. Sugerencia: aumentar eps_cond o el margen de subenf"
420.0,300.032917,3600.0,1295.0,0.8,1.0,0.85,0.75,0.8,0.8,0.8,315.0835759763687,316.6287189993445,-1.5451430229758216,True,CORREGIBLE,0.0925646098561687,82.79862166402258,"[CORREGIBLE] O2: succión de la bomba bifásica bajo el peor caso de T_amb (riesgo de cavitación) (medido=316.6287189993445, esperado=<= 315.084 K). Causa probable: subenfriamiento insuficiente a la salida del condensador bajo el peor caso ambiental. Sugerencia: aumentar eps_cond o el margen de subenf"
420.0,300.032917,3600.0,1655.0,0.8,1.0,0.85,0.75,0.8,0.8,0.8,324.43197075402685,325.5698194714992,-1.137848717472366,True,CORREGIBLE,0.0734792891659784,65.73522046135126,"[CORREGIBLE] O2: succión de la bomba bifásica bajo el peor caso de T_amb (riesgo de cavitación) (medido=325.5698194714992, esperado=<= 324.432 K). Causa probable: subenfriamiento insuficiente a la salida del condensador bajo el peor caso ambiental. Sugerencia: aumentar eps_cond o el margen de subenf"
420.0,300.032917,4000.0,1040.0,0.8,1.0,0.85,0.75,0.8,0.8,0.8,307.22967307736644,308.9562055079113,-1.7265324305448644,True,CORREGIBLE,0.1163799547528146,99.21049471147688,"[CORREGIBLE] O2: succión de la bomba bifásica bajo el peor caso de T_amb (riesgo de cavitación) (medido=308.9562055079113, esperado=<= 307.230 K). Causa probable: subenfriamiento insuficiente a la salida del condensador bajo el peor caso ambiental. Sugerencia: aumentar eps_cond o el margen de subenf"
420.0,300.032917,4000.0,1440.0,0.8,1.0,0.85,0.75,0.8,0.8,0.8,319.05213334480845,320.28674412672905,-1.234610781920594,True,CORREGIBLE,0.0934856495833321,79.78106802732762,"[CORREGIBLE] O2: succión de la bomba bifásica bajo el peor caso de T_amb (riesgo de cavitación) (medido=320.28674412672905, esperado=<= 319.052 K). Causa probable: subenfriamiento insuficiente a la salida del condensador bajo el peor caso ambiental. Sugerencia: aumentar eps_cond o el margen de suben"
420.0,300.032917,4000.0,1840.0,0.8,1.0,0.85,0.75,0.8,0.8,0.8,328.6696025318722,329.4688074973708,-0.7992049654985749,True,CORREGIBLE,0.0738132421099656,62.964402698068966,"[CORREGIBLE] O2: succión de la bomba bifásica bajo el peor caso de T_amb (riesgo de cavitación) (medido=329.4688074973708, esperado=<= 328.670 K). Causa probable: subenfriamiento insuficiente a la salida del condensador bajo el peor caso ambiental. Sugerencia: aumentar eps_cond o el margen de subenf"
420.0,300.032917,4500.0,1170.0,0.8,1.0,0.85,0.75,0.8,0.8,0.8,311.3917644025093,312.79971844309483,-1.4079540405855369,True,CORREGIBLE,0.11699130950432,94.2715793035504,"[CORREGIBLE] O2: succión de la bomba bifásica bajo el peor caso de T_amb (riesgo de cavitación) (medido=312.79971844309483, esperado=<= 311.392 K). Causa probable: subenfriamiento insuficiente a la salida del condensador bajo el peor caso ambiental. Sugerencia: aumentar eps_cond o el margen de suben"
420.0,300.032917,4500.0,1620.0,0.8,1.0,0.85,0.75,0.8,0.8,0.8,323.59219692832164,324.4737416534742,-0.881544725152537,True,CORREGIBLE,0.0933857078032737,75.27265290201322,"[CORREGIBLE] O2: succión de la bomba bifásica bajo el peor caso de T_amb (riesgo de cavitación) (medido=324.4737416534742, esperado=<= 323.592 K). Causa probable: subenfriamiento insuficiente a la salida del condensador bajo el peor caso ambiental. Sugerencia: aumentar eps_cond o el margen de subenf"
420.0,300.032917,4500.0,2070.0,0.8,1.0,0.85,0.75,0.8,0.8,0.8,333.53067697421005,333.9402374472321,-0.4095604730220543,True,CORREGIBLE,0.0729701287905495,58.75071181296819,"[CORREGIBLE] O2: succión de la bomba bifásica bajo el peor caso de T_amb (riesgo de cavitación) (medido=333.9402374472321, esperado=<= 333.531 K). Causa probable: subenfriamiento insuficiente a la salida del condensador bajo el peor caso ambiental. Sugerencia: aumentar eps_cond o el margen de subenf"
420.0,300.032917,2800.0,730.0,0.85,1.0,0.85,0.75,0.8,0.8,0.8,293.2563533755708,309.8533402540052,-16.59698687843445,True,CORREGIBLE,0.0417708824917831,25.087342587284525,"[CORREGIBLE] O2: succión de la bomba bifásica bajo el peor caso de T_amb (riesgo de cavitación) (medido=309.8533402540052, esperado=<= 293.256 K). Causa probable: subenfriamiento insuficiente a la salida del condensador bajo el peor caso ambiental. Sugerencia: aumentar eps_cond o el margen de subenf"
420.0,300.032917,2800.0,1010.0,0.85,1.0,0.85,0.75,0.8,0.8,0.8,303.8708266625146,305.52559301440954,-1.6547663518949207,True,CORREGIBLE,0.0883011167324451,93.05850128274176,"[CORREGIBLE] O2: succión de la bomba bifásica bajo el peor caso de T_amb (riesgo de cavitación) (medido=305.52559301440954, esperado=<= 303.871 K). Causa probable: subenfriamiento insuficiente a la salida del condensador bajo el peor caso ambiental. Sugerencia: aumentar eps_cond o el margen de suben"
420.0,300.032917,2800.0,1290.0,0.85,1.0,0.85,0.75,0.8,0.8,0.8,312.4651082228493,313.9262612209116,-1.461152998062289,True,CORREGIBLE,0.0698765551191906,73.78062580202618,"[CORREGIBLE] O2: succión de la bomba bifásica bajo el peor caso de T_amb (riesgo de cavitación) (medido=313.9262612209116, esperado=<= 312.465 K). Causa probable: subenfriamiento insuficiente a la salida del condensador bajo el peor caso ambiental. Sugerencia: aumentar eps_cond o el margen de subenf"
420.0,300.032917,3200.0,830.0,0.85,1.0,0.85,0.75,0.8,0.8,0.8,297.35200143838733,307.4238653854857,-10.071863947098391,True,CORREGIBLE,0.0810359152893891,59.259053838847024,"[CORREGIBLE] O2: succión de la bomba bifásica bajo el peor caso de T_amb (riesgo de cavitación) (medido=307.4238653854857, esperado=<= 297.352 K). Causa probable: subenfriamiento insuficiente a la salida del condensador bajo el peor caso ambiental. Sugerencia: aumentar eps_cond o el margen de subenf"
420.0,300.032917,3600.0,935.0,0.85,1.0,0.85,0.75,0.8,0.8,0.8,,,,False,NO_CONVERGIO,,,"T_from_Ph(P, h, x): el motor teqp no cubre el estado pedido (ver TASK_CONTEXT 2026-09-18-validar-teqp-nh3h2o). Detalle: equilibrio no resoluble en T=479.79 K, P=3.6e+06 Pa, x=0.8570"
420.0,300.032917,3600.0,1295.0,0.85,1.0,0.85,0.75,0.8,0.8,0.8,,,,False,NO_CONVERGIO,,,"T_from_Ph(P, h, x): el motor teqp no cubre el estado pedido (ver TASK_CONTEXT 2026-09-18-validar-teqp-nh3h2o). Detalle: equilibrio no resoluble en T=479.74 K, P=3.6e+06 Pa, x=0.8570"
420.0,300.032917,3200.0,1150.0,0.85,1.0,0.85,0.75,0.8,0.8,0.8,308.3628498542931,309.7873990057131,-1.424549151420024,True,CORREGIBLE,0.0915409793556303,92.0878189762539,"[CORREGIBLE] O2: succión de la bomba bifásica bajo el peor caso de T_amb (riesgo de cavitación) (medido=309.7873990057131, esperado=<= 308.363 K). Causa probable: subenfriamiento insuficiente a la salida del condensador bajo el peor caso ambiental. Sugerencia: aumentar eps_cond o el margen de subenf"
420.0,300.032917,3600.0,1655.0,0.85,1.0,0.85,0.75,0.8,0.8,0.8,,,,False,NO_CONVERGIO,,,"T_from_Ph(P, h, x): el motor teqp no cubre el estado pedido (ver TASK_CONTEXT 2026-09-18-validar-teqp-nh3h2o). Detalle: equilibrio no resoluble en T=479.73 K, P=3.6e+06 Pa, x=0.8570"
420.0,300.032917,3200.0,1470.0,0.85,1.0,0.85,0.75,0.8,0.8,0.8,317.2814172234588,318.4901369606781,-1.208719737219326,True,CORREGIBLE,0.0726672869709237,73.18972019712842,"[CORREGIBLE] O2: succión de la bomba bifásica bajo el peor caso de T_amb (riesgo de cavitación) (medido=318.4901369606781, esperado=<= 317.281 K). Causa probable: subenfriamiento insuficiente a la salida del condensador bajo el peor caso ambiental. Sugerencia: aumentar eps_cond o el margen de subenf"
420.0,300.032917,4000.0,1040.0,0.85,1.0,0.85,0.75,0.8,0.8,0.8,304.8707795324198,306.1768532724002,-1.306073739980377,True,CORREGIBLE,0.1187643979475673,109.74848852491856,"[CORREGIBLE] O2: succión de la bomba bifásica bajo el peor caso de T_amb (riesgo de cavitación) (medido=306.1768532724002, esperado=<= 304.871 K). Causa probable: subenfriamiento insuficiente a la salida del condensador bajo el peor caso ambiental. Sugerencia: aumentar eps_cond o el margen de subenf"
420.0,300.032917,4000.0,1440.0,0.85,1.0,0.85,0.75,0.8,0.8,0.8,316.51005951370416,317.5334012926676,-1.0233417789634132,True,CORREGIBLE,0.0954613483038472,88.3644799241679,"[CORREGIBLE] O2: succión de la bomba bifásica bajo el peor caso de T_amb (riesgo de cavitación) (medido=317.5334012926676, esperado=<= 316.510 K). Causa probable: subenfriamiento insuficiente a la salida del condensador bajo el peor caso ambiental. Sugerencia: aumentar eps_cond o el margen de subenf"
420.0,300.032917,4500.0,1170.0,0.85,1.0,0.85,0.75,0.8,0.8,0.8,308.9707923796871,310.0863337419562,-1.1155413622690844,True,CORREGIBLE,0.1199008768147593,105.77352304579738,"[CORREGIBLE] O2: succión de la bomba bifásica bajo el peor caso de T_amb (riesgo de cavitación) (medido=310.0863337419562, esperado=<= 308.971 K). Causa probable: subenfriamiento insuficiente a la salida del condensador bajo el peor caso ambiental. Sugerencia: aumentar eps_cond o el margen de subenf"
420.0,300.032917,4000.0,1840.0,0.85,1.0,0.85,0.75,0.8,0.8,0.8,325.9616294864498,326.7246646234154,-0.7630351369655841,True,CORREGIBLE,0.0756348531461581,70.0138359094082,"[CORREGIBLE] O2: succión de la bomba bifásica bajo el peor caso de T_amb (riesgo de cavitación) (medido=326.7246646234154, esperado=<= 325.962 K). Causa probable: subenfriamiento insuficiente a la salida del condensador bajo el peor caso ambiental. Sugerencia: aumentar eps_cond o el margen de subenf"
420.0,300.032917,4500.0,1620.0,0.85,1.0,0.85,0.75,0.8,0.8,0.8,320.9738355573346,321.7791051530505,-0.8052695957159131,True,CORREGIBLE,0.0960515570486117,84.81430379956365,"[CORREGIBLE] O2: succión de la bomba bifásica bajo el peor caso de T_amb (riesgo de cavitación) (medido=321.7791051530505, esperado=<= 320.974 K). Causa probable: subenfriamiento insuficiente a la salida del condensador bajo el peor caso ambiental. Sugerencia: aumentar eps_cond o el margen de subenf"
420.0,300.032917,4500.0,2070.0,0.85,1.0,0.85,0.75,0.8,0.8,0.8,330.73239165919875,331.2484875240583,-0.5160958648595511,True,CORREGIBLE,0.0756431169986065,66.75233426914178,"[CORREGIBLE] O2: succión de la bomba bifásica bajo el peor caso de T_amb (riesgo de cavitación) (medido=331.2484875240583, esperado=<= 330.732 K). Causa probable: subenfriamiento insuficiente a la salida del condensador bajo el peor caso ambiental. Sugerencia: aumentar eps_cond o el margen de subenf"
440.0,300.032917,2800.0,730.0,0.7,1.0,0.85,0.75,0.8,0.8,0.8,301.5075142610947,310.1653004470138,-8.657786185919122,True,CORREGIBLE,0.1014601630678824,115.57312974728724,"[CORREGIBLE] O2: succión de la bomba bifásica bajo el peor caso de T_amb (riesgo de cavitación) (medido=310.1653004470138, esperado=<= 301.508 K). Causa probable: subenfriamiento insuficiente a la salida del condensador bajo el peor caso ambiental. Sugerencia: aumentar eps_cond o el margen de subenf"
440.0,300.032917,2800.0,1010.0,0.7,1.0,0.85,0.75,0.8,0.8,0.8,312.58505752224363,317.5704568777911,-4.985399355547486,True,CORREGIBLE,0.0811465087864153,92.67740427233711,"[CORREGIBLE] O2: succión de la bomba bifásica bajo el peor caso de T_amb (riesgo de cavitación) (medido=317.5704568777911, esperado=<= 312.585 K). Causa probable: subenfriamiento insuficiente a la salida del condensador bajo el peor caso ambiental. Sugerencia: aumentar eps_cond o el margen de subenf"
440.0,300.032917,2800.0,1290.0,0.7,1.0,0.85,0.75,0.8,0.8,0.8,321.5889322204312,325.72648212973576,-4.137549909304596,True,CORREGIBLE,0.0642469880852547,73.44869530950662,"[CORREGIBLE] O2: succión de la bomba bifásica bajo el peor caso de T_amb (riesgo de cavitación) (medido=325.72648212973576, esperado=<= 321.589 K). Causa probable: subenfriamiento insuficiente a la salida del condensador bajo el peor caso ambiental. Sugerencia: aumentar eps_cond o el margen de suben"
440.0,300.032917,3200.0,830.0,0.7,1.0,0.85,0.75,0.8,0.8,0.8,305.77666471317,310.6938856490026,-4.917220935832575,True,CORREGIBLE,0.1063758398295016,111.78172104616289,"[CORREGIBLE] O2: succión de la bomba bifásica bajo el peor caso de T_amb (riesgo de cavitación) (medido=310.6938856490026, esperado=<= 305.777 K). Causa probable: subenfriamiento insuficiente a la salida del condensador bajo el peor caso ambiental. Sugerencia: aumentar eps_cond o el margen de subenf"
440.0,300.032917,3200.0,1150.0,0.7,1.0,0.85,0.75,0.8,0.8,0.8,317.28699026962204,321.14596215051097,-3.85897188088893,True,CORREGIBLE,0.0853250766833546,89.80133424653485,"[CORREGIBLE] O2: succión de la bomba bifásica bajo el peor caso de T_amb (riesgo de cavitación) (medido=321.14596215051097, esperado=<= 317.287 K). Causa probable: subenfriamiento insuficiente a la salida del condensador bajo el peor caso ambiental. Sugerencia: aumentar eps_cond o el margen de suben"
440.0,300.032917,3200.0,1470.0,0.7,1.0,0.85,0.75,0.8,0.8,0.8,326.6500927539884,329.62180628281993,-2.971713528831572,True,CORREGIBLE,0.0676585579093799,71.22367105937226,"[CORREGIBLE] O2: succión de la bomba bifásica bajo el peor caso de T_amb (riesgo de cavitación) (medido=329.62180628281993, esperado=<= 326.650 K). Causa probable: subenfriamiento insuficiente a la salida del condensador bajo el peor caso ambiental. Sugerencia: aumentar eps_cond o el margen de suben"
440.0,300.032917,3600.0,935.0,0.7,1.0,0.85,0.75,0.8,0.8,0.8,309.8666446026718,313.8930513810937,-4.026406778421915,True,CORREGIBLE,0.1084921326030162,106.1346960931926,"[CORREGIBLE] O2: succión de la bomba bifásica bajo el peor caso de T_amb (riesgo de cavitación) (medido=313.8930513810937, esperado=<= 309.867 K). Causa probable: subenfriamiento insuficiente a la salida del condensador bajo el peor caso ambiental. Sugerencia: aumentar eps_cond o el margen de subenf"
440.0,300.032917,3600.0,1295.0,0.7,1.0,0.85,0.75,0.8,0.8,0.8,321.736182249446,324.6665959009047,-2.930413651458764,True,CORREGIBLE,0.0870777936196304,85.28306411767429,"[CORREGIBLE] O2: succión de la bomba bifásica bajo el peor caso de T_amb (riesgo de cavitación) (medido=324.6665959009047, esperado=<= 321.736 K). Causa probable: subenfriamiento insuficiente a la salida del condensador bajo el peor caso ambiental. Sugerencia: aumentar eps_cond o el margen de subenf"
440.0,300.032917,3600.0,1655.0,0.7,1.0,0.85,0.75,0.8,0.8,0.8,331.40837480943134,333.4134876345344,-2.0051128251030264,True,CORREGIBLE,0.0692527177987344,67.82681905798975,"[CORREGIBLE] O2: succión de la bomba bifásica bajo el peor caso de T_amb (riesgo de cavitación) (medido=333.41348763453436, esperado=<= 331.408 K). Causa probable: subenfriamiento insuficiente a la salida del condensador bajo el peor caso ambiental. Sugerencia: aumentar eps_cond o el margen de suben"
440.0,300.032917,4000.0,1040.0,0.7,1.0,0.85,0.75,0.8,0.8,0.8,313.63097657165366,316.90471073848886,-3.2737341668351974,True,CORREGIBLE,0.1113055860416953,102.2395760472122,"[CORREGIBLE] O2: succión de la bomba bifásica bajo el peor caso de T_amb (riesgo de cavitación) (medido=316.90471073848886, esperado=<= 313.631 K). Causa probable: subenfriamiento insuficiente a la salida del condensador bajo el peor caso ambiental. Sugerencia: aumentar eps_cond o el margen de suben"
440.0,300.032917,4000.0,1440.0,0.7,1.0,0.85,0.75,0.8,0.8,0.8,325.8387335973935,327.98045244587604,-2.141718848482526,True,CORREGIBLE,0.0887230475605865,81.51142404654793,"[CORREGIBLE] O2: succión de la bomba bifásica bajo el peor caso de T_amb (riesgo de cavitación) (medido=327.98045244587604, esperado=<= 325.839 K). Causa probable: subenfriamiento insuficiente a la salida del condensador bajo el peor caso ambiental. Sugerencia: aumentar eps_cond o el margen de suben"
440.0,300.032917,4500.0,1170.0,0.7,1.0,0.85,0.75,0.8,0.8,0.8,317.924031559729,320.39767612900164,-2.4736445692726647,True,CORREGIBLE,0.1121442221079049,95.70349899972732,"[CORREGIBLE] O2: succión de la bomba bifásica bajo el peor caso de T_amb (riesgo de cavitación) (medido=320.39767612900164, esperado=<= 317.924 K). Causa probable: subenfriamiento insuficiente a la salida del condensador bajo el peor caso ambiental. Sugerencia: aumentar eps_cond o el margen de suben"
440.0,300.032917,4500.0,1620.0,0.7,1.0,0.85,0.75,0.8,0.8,0.8,330.53832954259616,331.83218836536105,-1.2938588227648893,True,CORREGIBLE,0.08859701670632,75.56274769332259,"[CORREGIBLE] O2: succión de la bomba bifásica bajo el peor caso de T_amb (riesgo de cavitación) (medido=331.83218836536105, esperado=<= 330.538 K). Causa probable: subenfriamiento insuficiente a la salida del condensador bajo el peor caso ambiental. Sugerencia: aumentar eps_cond o el margen de suben"
440.0,300.032917,4000.0,1840.0,0.7,1.0,0.85,0.75,0.8,0.8,0.8,335.80255931962864,336.98266619165474,-1.1801068720261014,True,CORREGIBLE,0.069545562491592,63.83129752825411,"[CORREGIBLE] O2: succión de la bomba bifásica bajo el peor caso de T_amb (riesgo de cavitación) (medido=336.98266619165474, esperado=<= 335.803 K). Causa probable: subenfriamiento insuficiente a la salida del condensador bajo el peor caso ambiental. Sugerencia: aumentar eps_cond o el margen de suben"
440.0,300.032917,4500.0,2070.0,0.7,1.0,0.85,0.75,0.8,0.8,0.8,340.8513886755629,341.1345347412328,-0.2831460656698823,True,CORREGIBLE,0.0684675787126594,58.29893892505648,"[CORREGIBLE] O2: succión de la bomba bifásica bajo el peor caso de T_amb (riesgo de cavitación) (medido=341.13453474123276, esperado=<= 340.851 K). Causa probable: subenfriamiento insuficiente a la salida del condensador bajo el peor caso ambiental. Sugerencia: aumentar eps_cond o el margen de suben"
440.0,300.032917,2800.0,730.0,0.75,1.0,0.85,0.75,0.8,0.8,0.8,298.14776374991334,311.0344302289078,-12.88666647899447,True,CORREGIBLE,0.0934236510834712,103.81922647795663,"[CORREGIBLE] O2: succión de la bomba bifásica bajo el peor caso de T_amb (riesgo de cavitación) (medido=311.0344302289078, esperado=<= 298.148 K). Causa probable: subenfriamiento insuficiente a la salida del condensador bajo el peor caso ambiental. Sugerencia: aumentar eps_cond o el margen de subenf"
440.0,300.032917,2800.0,1010.0,0.75,1.0,0.85,0.75,0.8,0.8,0.8,309.06336371906934,313.3446980559353,-4.281334336865939,True,CORREGIBLE,0.0815221803258429,99.22682714188588,"[CORREGIBLE] O2: succión de la bomba bifásica bajo el peor caso de T_amb (riesgo de cavitación) (medido=313.3446980559353, esperado=<= 309.063 K). Causa probable: subenfriamiento insuficiente a la salida del condensador bajo el peor caso ambiental. Sugerencia: aumentar eps_cond o el margen de subenf"
440.0,300.032917,2800.0,1290.0,0.75,1.0,0.85,0.75,0.8,0.8,0.8,317.9248767563488,321.6274250582608,-3.702548301911975,True,CORREGIBLE,0.0643692919985766,78.46730714554906,"[CORREGIBLE] O2: succión de la bomba bifásica bajo el peor caso de T_amb (riesgo de cavitación) (medido=321.62742505826077, esperado=<= 317.925 K). Causa probable: subenfriamiento insuficiente a la salida del condensador bajo el peor caso ambiental. Sugerencia: aumentar eps_cond o el margen de suben"
440.0,300.032917,3200.0,830.0,0.75,1.0,0.85,0.75,0.8,0.8,0.8,302.3561132887016,308.1761352972662,-5.820022008564649,True,CORREGIBLE,0.1070346231809886,120.67755027006922,"[CORREGIBLE] O2: succión de la bomba bifásica bajo el peor caso de T_amb (riesgo de cavitación) (medido=308.1761352972662, esperado=<= 302.356 K). Causa probable: subenfriamiento insuficiente a la salida del condensador bajo el peor caso ambiental. Sugerencia: aumentar eps_cond o el margen de subenf"
440.0,300.032917,3200.0,1150.0,0.75,1.0,0.85,0.75,0.8,0.8,0.8,313.69223714197034,317.13942684575966,-3.44718970378932,True,CORREGIBLE,0.085686483535866,96.83081475169276,"[CORREGIBLE] O2: succión de la bomba bifásica bajo el peor caso de T_amb (riesgo de cavitación) (medido=317.13942684575966, esperado=<= 313.692 K). Causa probable: subenfriamiento insuficiente a la salida del condensador bajo el peor caso ambiental. Sugerencia: aumentar eps_cond o el margen de suben"
440.0,300.032917,3200.0,1470.0,0.75,1.0,0.85,0.75,0.8,0.8,0.8,322.90131224184825,325.73832562860275,-2.8370133867545064,True,CORREGIBLE,0.067887429187616,76.7762378385258,"[CORREGIBLE] O2: succión de la bomba bifásica bajo el peor caso de T_amb (riesgo de cavitación) (medido=325.73832562860275, esperado=<= 322.901 K). Causa probable: subenfriamiento insuficiente a la salida del condensador bajo el peor caso ambiental. Sugerencia: aumentar eps_cond o el margen de suben"
440.0,300.032917,3600.0,935.0,0.75,1.0,0.85,0.75,0.8,0.8,0.8,306.3859725913226,309.891288630592,-3.505316039269303,True,CORREGIBLE,0.110985206031753,117.30571001154442,"[CORREGIBLE] O2: succión de la bomba bifásica bajo el peor caso de T_amb (riesgo de cavitación) (medido=309.89128863059193, esperado=<= 306.386 K). Causa probable: subenfriamiento insuficiente a la salida del condensador bajo el peor caso ambiental. Sugerencia: aumentar eps_cond o el margen de suben"
440.0,300.032917,3600.0,1295.0,0.75,1.0,0.85,0.75,0.8,0.8,0.8,318.0697114378951,320.8243434757003,-2.7546320378052087,True,CORREGIBLE,0.0889308921399479,94.14498772530298,"[CORREGIBLE] O2: succión de la bomba bifásica bajo el peor caso de T_amb (riesgo de cavitación) (medido=320.8243434757003, esperado=<= 318.070 K). Causa probable: subenfriamiento insuficiente a la salida del condensador bajo el peor caso ambiental. Sugerencia: aumentar eps_cond o el margen de subenf"
440.0,300.032917,4000.0,1040.0,0.75,1.0,0.85,0.75,0.8,0.8,0.8,310.09326561447136,313.047593078889,-2.954327464417645,True,CORREGIBLE,0.1135827495070911,113.39842891863776,"[CORREGIBLE] O2: succión de la bomba bifásica bajo el peor caso de T_amb (riesgo de cavitación) (medido=313.047593078889, esperado=<= 310.093 K). Causa probable: subenfriamiento insuficiente a la salida del condensador bajo el peor caso ambiental. Sugerencia: aumentar eps_cond o el margen de subenfr"
440.0,300.032917,4000.0,1440.0,0.75,1.0,0.85,0.75,0.8,0.8,0.8,322.10377608185905,324.2777179814258,-2.173941899566728,True,CORREGIBLE,0.0908475904725681,90.7841475948218,"[CORREGIBLE] O2: succión de la bomba bifásica bajo el peor caso de T_amb (riesgo de cavitación) (medido=324.2777179814258, esperado=<= 322.104 K). Causa probable: subenfriamiento insuficiente a la salida del condensador bajo el peor caso ambiental. Sugerencia: aumentar eps_cond o el margen de subenf"
440.0,300.032917,3600.0,1655.0,0.75,1.0,0.85,0.75,0.8,0.8,0.8,327.576601627842,329.6912798383349,-2.114678210492912,True,CORREGIBLE,0.0704408370218219,74.583297505138,"[CORREGIBLE] O2: succión de la bomba bifásica bajo el peor caso de T_amb (riesgo de cavitación) (medido=329.6912798383349, esperado=<= 327.577 K). Causa probable: subenfriamiento insuficiente a la salida del condensador bajo el peor caso ambiental. Sugerencia: aumentar eps_cond o el margen de subenf"
440.0,300.032917,4000.0,1840.0,0.75,1.0,0.85,0.75,0.8,0.8,0.8,331.8910994483421,333.39371843491267,-1.5026189865705533,True,CORREGIBLE,0.0716892355401618,71.61043239026876,"[CORREGIBLE] O2: succión de la bomba bifásica bajo el peor caso de T_amb (riesgo de cavitación) (medido=333.39371843491267, esperado=<= 331.891 K). Causa probable: subenfriamiento insuficiente a la salida del condensador bajo el peor caso ambiental. Sugerencia: aumentar eps_cond o el margen de suben"
440.0,300.032917,4500.0,1170.0,0.75,1.0,0.85,0.75,0.8,0.8,0.8,314.3191676752517,316.69112878048605,-2.371961105234334,True,CORREGIBLE,0.1154173828718067,108.03261789943294,"[CORREGIBLE] O2: succión de la bomba bifásica bajo el peor caso de T_amb (riesgo de cavitación) (medido=316.69112878048605, esperado=<= 314.319 K). Causa probable: subenfriamiento insuficiente a la salida del condensador bajo el peor caso ambiental. Sugerencia: aumentar eps_cond o el margen de suben"
440.0,300.032917,4500.0,1620.0,0.75,1.0,0.85,0.75,0.8,0.8,0.8,326.72198212257393,328.2745307429871,-1.5525486204131766,True,CORREGIBLE,0.0918433731058138,85.97981827071241,"[CORREGIBLE] O2: succión de la bomba bifásica bajo el peor caso de T_amb (riesgo de cavitación) (medido=328.2745307429871, esperado=<= 326.722 K). Causa probable: subenfriamiento insuficiente a la salida del condensador bajo el peor caso ambiental. Sugerencia: aumentar eps_cond o el margen de subenf"
440.0,300.032917,4500.0,2070.0,0.75,1.0,0.85,0.75,0.8,0.8,0.8,336.8445519685802,337.68430095766536,-0.8397489890851375,True,CORREGIBLE,0.0718615882625992,67.20194962363803,"[CORREGIBLE] O2: succión de la bomba bifásica bajo el peor caso de T_amb (riesgo de cavitación) (medido=337.68430095766536, esperado=<= 336.845 K). Causa probable: subenfriamiento insuficiente a la salida del condensador bajo el peor caso ambiental. Sugerencia: aumentar eps_cond o el margen de suben"
440.0,300.032917,2800.0,895.0,0.8,1.0,0.85,0.75,0.8,0.8,0.8,302.10417627873977,307.4155608629108,-5.311384584171037,True,CORREGIBLE,0.0921231055081507,110.0346048727594,"[CORREGIBLE] O2: succión de la bomba bifásica bajo el peor caso de T_amb (riesgo de cavitación) (medido=307.4155608629108, esperado=<= 302.104 K). Causa probable: subenfriamiento insuficiente a la salida del condensador bajo el peor caso ambiental. Sugerencia: aumentar eps_cond o el margen de subenf"
440.0,300.032917,2800.0,1400.0,0.8,1.0,0.85,0.75,0.8,0.8,0.8,317.98766947119924,320.4928466672379,-2.5051771960386877,True,CORREGIBLE,0.059957048275584,71.85760498798075,"[CORREGIBLE] O2: succión de la bomba bifásica bajo el peor caso de T_amb (riesgo de cavitación) (medido=320.4928466672379, esperado=<= 317.988 K). Causa probable: subenfriamiento insuficiente a la salida del condensador bajo el peor caso ambiental. Sugerencia: aumentar eps_cond o el margen de subenf"
440.0,300.032917,3200.0,1025.0,0.8,1.0,0.85,0.75,0.8,0.8,0.8,306.7250699062719,309.6020908251894,-2.8770209189174807,True,CORREGIBLE,0.0947292004900243,112.49615166583052,"[CORREGIBLE] O2: succión de la bomba bifásica bajo el peor caso de T_amb (riesgo de cavitación) (medido=309.6020908251894, esperado=<= 306.725 K). Causa probable: subenfriamiento insuficiente a la salida del condensador bajo el peor caso ambiental. Sugerencia: aumentar eps_cond o el margen de subenf"
440.0,300.032917,3600.0,935.0,0.8,1.0,0.85,0.75,0.8,0.8,0.8,,,,False,NO_CONVERGIO,,,"T_from_Ph(P, h, x): el motor teqp no cubre el estado pedido (ver TASK_CONTEXT 2026-09-18-validar-teqp-nh3h2o). Detalle: equilibrio no resoluble en T=495.47 K, P=3.6e+06 Pa, x=0.8088"
440.0,300.032917,3600.0,1295.0,0.8,1.0,0.85,0.75,0.8,0.8,0.8,,,,False,NO_CONVERGIO,,,"T_from_Ph(P, h, x): el motor teqp no cubre el estado pedido (ver TASK_CONTEXT 2026-09-18-validar-teqp-nh3h2o). Detalle: equilibrio no resoluble en T=495.47 K, P=3.6e+06 Pa, x=0.8088"
440.0,300.032917,3600.0,1655.0,0.8,1.0,0.85,0.75,0.8,0.8,0.8,,,,False,NO_CONVERGIO,,,"T_from_Ph(P, h, x): el motor teqp no cubre el estado pedido (ver TASK_CONTEXT 2026-09-18-validar-teqp-nh3h2o). Detalle: equilibrio no resoluble en T=495.47 K, P=3.6e+06 Pa, x=0.8088"
440.0,300.032917,2800.0,1960.0,0.8,1.0,0.85,0.75,0.8,0.8,0.8,331.2568511341135,333.17062412878965,-1.913772994676151,True,CORREGIBLE,0.0325347423177219,39.01520028786472,"[CORREGIBLE] O2: succión de la bomba bifásica bajo el peor caso de T_amb (riesgo de cavitación) (medido=333.17062412878965, esperado=<= 331.257 K). Causa probable: subenfriamiento insuficiente a la salida del condensador bajo el peor caso ambiental. Sugerencia: aumentar eps_cond o el margen de suben"
440.0,300.032917,3200.0,2240.0,0.8,1.0,0.85,0.75,0.8,0.8,0.8,,,,False,NO_CONVERGIO,,,"h(P, s, x): el motor teqp no cubre el estado pedido (ver TASK_CONTEXT 2026-09-18-validar-teqp-nh3h2o). Detalle: equilibrio no resoluble en T=470.90 K, P=2.24e+06 Pa, x=0.8834"
440.0,300.032917,3200.0,1600.0,0.8,1.0,0.85,0.75,0.8,0.8,0.8,323.10641393162086,325.30406447130025,-2.197650539679387,True,CORREGIBLE,0.0618456633330031,73.62602771575528,"[CORREGIBLE] O2: succión de la bomba bifásica bajo el peor caso de T_amb (riesgo de cavitación) (medido=325.30406447130025, esperado=<= 323.106 K). Causa probable: subenfriamiento insuficiente a la salida del condensador bajo el peor caso ambiental. Sugerencia: aumentar eps_cond o el margen de suben"
440.0,300.032917,4000.0,1040.0,0.8,1.0,0.85,0.75,0.8,0.8,0.8,307.22967307736644,309.6111686776881,-2.3814956003216707,True,CORREGIBLE,0.115640587015211,124.06947326708224,"[CORREGIBLE] O2: succión de la bomba bifásica bajo el peor caso de T_amb (riesgo de cavitación) (medido=309.6111686776881, esperado=<= 307.230 K). Causa probable: subenfriamiento insuficiente a la salida del condensador bajo el peor caso ambiental. Sugerencia: aumentar eps_cond o el margen de subenf"
440.0,300.032917,4000.0,1440.0,0.8,1.0,0.85,0.75,0.8,0.8,0.8,319.05213334480845,320.9463677082539,-1.8942343634454344,True,CORREGIBLE,0.0924889854655811,99.3845619388632,"[CORREGIBLE] O2: succión de la bomba bifásica bajo el peor caso de T_amb (riesgo de cavitación) (medido=320.9463677082539, esperado=<= 319.052 K). Causa probable: subenfriamiento insuficiente a la salida del condensador bajo el peor caso ambiental. Sugerencia: aumentar eps_cond o el margen de subenf"
440.0,300.032917,4500.0,1170.0,0.8,1.0,0.85,0.75,0.8,0.8,0.8,311.3917644025093,313.38174856254864,-1.9899841600393413,True,CORREGIBLE,0.1181918619685913,119.7472241958592,"[CORREGIBLE] O2: succión de la bomba bifásica bajo el peor caso de T_amb (riesgo de cavitación) (medido=313.38174856254864, esperado=<= 311.392 K). Causa probable: subenfriamiento insuficiente a la salida del condensador bajo el peor caso ambiental. Sugerencia: aumentar eps_cond o el margen de suben"
440.0,300.032917,4000.0,1840.0,0.8,1.0,0.85,0.75,0.8,0.8,0.8,328.6696025318722,330.1354411943309,-1.4658386624586797,True,CORREGIBLE,0.0716745334791428,76.93906768401408,"[CORREGIBLE] O2: succión de la bomba bifásica bajo el peor caso de T_amb (riesgo de cavitación) (medido=330.1354411943309, esperado=<= 328.670 K). Causa probable: subenfriamiento insuficiente a la salida del condensador bajo el peor caso ambiental. Sugerencia: aumentar eps_cond o el margen de subenf"
440.0,300.032917,4500.0,1620.0,0.8,1.0,0.85,0.75,0.8,0.8,0.8,323.59219692832164,325.0615675219366,-1.46937059361494,True,CORREGIBLE,0.0943036193870761,95.62052536104348,"[CORREGIBLE] O2: succión de la bomba bifásica bajo el peor caso de T_amb (riesgo de cavitación) (medido=325.0615675219366, esperado=<= 323.592 K). Causa probable: subenfriamiento insuficiente a la salida del condensador bajo el peor caso ambiental. Sugerencia: aumentar eps_cond o el margen de subenf"
440.0,300.032917,4500.0,2070.0,0.8,1.0,0.85,0.75,0.8,0.8,0.8,333.53067697421005,334.5344694016594,-1.0037924274493548,True,CORREGIBLE,0.074232311445765,75.22619837963774,"[CORREGIBLE] O2: succión de la bomba bifásica bajo el peor caso de T_amb (riesgo de cavitación) (medido=334.5344694016594, esperado=<= 333.531 K). Causa probable: subenfriamiento insuficiente a la salida del condensador bajo el peor caso ambiental. Sugerencia: aumentar eps_cond o el margen de subenf"
440.0,300.032917,2800.0,895.0,0.85,1.0,0.85,0.75,0.8,0.8,0.8,299.818412005247,307.2395239439024,-7.421111938655372,True,CORREGIBLE,0.0934019464325017,104.03432740708456,"[CORREGIBLE] O2: succión de la bomba bifásica bajo el peor caso de T_amb (riesgo de cavitación) (medido=307.2395239439024, esperado=<= 299.818 K). Causa probable: subenfriamiento insuficiente a la salida del condensador bajo el peor caso ambiental. Sugerencia: aumentar eps_cond o el margen de subenf"
440.0,300.032917,2800.0,1400.0,0.85,1.0,0.85,0.75,0.8,0.8,0.8,315.4629813535824,317.05965203394703,-1.5966706803646389,True,CORREGIBLE,0.0622245590015504,71.46240298350995,"[CORREGIBLE] O2: succión de la bomba bifásica bajo el peor caso de T_amb (riesgo de cavitación) (medido=317.05965203394703, esperado=<= 315.463 K). Causa probable: subenfriamiento insuficiente a la salida del condensador bajo el peor caso ambiental. Sugerencia: aumentar eps_cond o el margen de suben"
440.0,300.032917,2800.0,1960.0,0.85,1.0,0.85,0.75,0.8,0.8,0.8,328.5013783215091,329.758339728429,-1.256961406919913,True,CORREGIBLE,0.0337546011036422,38.79463217769239,"[CORREGIBLE] O2: succión de la bomba bifásica bajo el peor caso de T_amb (riesgo de cavitación) (medido=329.758339728429, esperado=<= 328.501 K). Causa probable: subenfriamiento insuficiente a la salida del condensador bajo el peor caso ambiental. Sugerencia: aumentar eps_cond o el margen de subenfr"
440.0,300.032917,3200.0,1025.0,0.85,1.0,0.85,0.75,0.8,0.8,0.8,304.37353445802484,306.16964696542874,-1.7961125074039046,True,CORREGIBLE,0.0982157743759892,111.82966371279169,"[CORREGIBLE] O2: succión de la bomba bifásica bajo el peor caso de T_amb (riesgo de cavitación) (medido=306.16964696542874, esperado=<= 304.374 K). Causa probable: subenfriamiento insuficiente a la salida del condensador bajo el peor caso ambiental. Sugerencia: aumentar eps_cond o el margen de suben"
440.0,300.032917,3200.0,1600.0,0.85,1.0,0.85,0.75,0.8,0.8,0.8,320.49638432361223,321.9164383203767,-1.420053996764466,True,CORREGIBLE,0.0641076543215875,73.19414351189207,"[CORREGIBLE] O2: succión de la bomba bifásica bajo el peor caso de T_amb (riesgo de cavitación) (medido=321.9164383203767, esperado=<= 320.496 K). Causa probable: subenfriamiento insuficiente a la salida del condensador bajo el peor caso ambiental. Sugerencia: aumentar eps_cond o el margen de subenf"
440.0,300.032917,3200.0,2240.0,0.85,1.0,0.85,0.75,0.8,0.8,0.8,334.0177799132004,335.0566046281762,-1.0388247149758172,True,CORREGIBLE,0.0348156993409733,39.74631092380982,"[CORREGIBLE] O2: succión de la bomba bifásica bajo el peor caso de T_amb (riesgo de cavitación) (medido=335.0566046281762, esperado=<= 334.018 K). Causa probable: subenfriamiento insuficiente a la salida del condensador bajo el peor caso ambiental. Sugerencia: aumentar eps_cond o el margen de subenf"
440.0,300.032917,3600.0,1150.0,0.85,1.0,0.85,0.75,0.8,0.8,0.8,308.3628498542931,310.0267863040456,-1.663936449752498,True,CORREGIBLE,0.1009463470497681,114.33196917899966,"[CORREGIBLE] O2: succión de la bomba bifásica bajo el peor caso de T_amb (riesgo de cavitación) (medido=310.0267863040456, esperado=<= 308.363 K). Causa probable: subenfriamiento insuficiente a la salida del condensador bajo el peor caso ambiental. Sugerencia: aumentar eps_cond o el margen de subenf"
440.0,300.032917,4000.0,2000.0,0.85,1.0,0.85,0.75,0.8,0.8,0.8,,,,False,NO_CONVERGIO,,,"T_from_Ph(P, h, x): el motor teqp no cubre el estado pedido (ver TASK_CONTEXT 2026-09-18-validar-teqp-nh3h2o). Detalle: equilibrio no resoluble en T=479.37 K, P=2e+06 Pa, x=0.8570"
440.0,300.032917,4000.0,2800.0,0.85,1.0,0.85,0.75,0.8,0.8,0.8,,,,False,NO_CONVERGIO,,,"h(P, s, x): el motor teqp no cubre el estado pedido (ver TASK_CONTEXT 2026-09-18-validar-teqp-nh3h2o). Detalle: equilibrio no resoluble en T=447.38 K, P=2.8e+06 Pa, x=0.9350"
440.0,300.032917,3600.0,1800.0,0.85,1.0,0.85,0.75,0.8,0.8,0.8,325.0883577736552,326.33877672825537,-1.2504189546002067,True,CORREGIBLE,0.0658535814837674,74.7255564073906,"[CORREGIBLE] O2: succión de la bomba bifásica bajo el peor caso de T_amb (riesgo de cavitación) (medido=326.33877672825537, esperado=<= 325.088 K). Causa probable: subenfriamiento insuficiente a la salida del condensador bajo el peor caso ambiental. Sugerencia: aumentar eps_cond o el margen de suben"
440.0,300.032917,3600.0,2520.0,0.85,1.0,0.85,0.75,0.8,0.8,0.8,339.0585992091692,339.8842408359696,-0.8256416268004614,True,CORREGIBLE,0.0358025748818408,40.58878480581144,"[CORREGIBLE] O2: succión de la bomba bifásica bajo el peor caso de T_amb (riesgo de cavitación) (medido=339.8842408359696, esperado=<= 339.059 K). Causa probable: subenfriamiento insuficiente a la salida del condensador bajo el peor caso ambiental. Sugerencia: aumentar eps_cond o el margen de subenf"
440.0,300.032917,4000.0,1280.0,0.85,1.0,0.85,0.75,0.8,0.8,0.8,312.18333661124166,313.7134432920062,-1.5301066807645611,True,CORREGIBLE,0.1031326680722813,115.93866168466536,"[CORREGIBLE] O2: succión de la bomba bifásica bajo el peor caso de T_amb (riesgo de cavitación) (medido=313.7134432920062, esperado=<= 312.183 K). Causa probable: subenfriamiento insuficiente a la salida del condensador bajo el peor caso ambiental. Sugerencia: aumentar eps_cond o el margen de subenf"
440.0,300.032917,4500.0,1170.0,0.85,1.0,0.85,0.75,0.8,0.8,0.8,308.9707923796871,310.46911059271343,-1.498318213026323,True,CORREGIBLE,0.1207463789748411,131.06230055218478,"[CORREGIBLE] O2: succión de la bomba bifásica bajo el peor caso de T_amb (riesgo de cavitación) (medido=310.46911059271343, esperado=<= 308.971 K). Causa probable: subenfriamiento insuficiente a la salida del condensador bajo el peor caso ambiental. Sugerencia: aumentar eps_cond o el margen de suben"
440.0,300.032917,4500.0,2070.0,0.85,1.0,0.85,0.75,0.8,0.8,0.8,,,,False,NO_CONVERGIO,,,"T_from_Ph(P, h, x): el motor teqp no cubre el estado pedido (ver TASK_CONTEXT 2026-09-18-validar-teqp-nh3h2o). Detalle: equilibrio no resoluble en T=480.77 K, P=2.07e+06 Pa, x=0.8570"
440.0,300.032917,4500.0,1620.0,0.85,1.0,0.85,0.75,0.8,0.8,0.8,320.9738355573346,322.1763018385145,-1.202466281179909,True,CORREGIBLE,0.0963193569361846,104.68687355708435,"[CORREGIBLE] O2: succión de la bomba bifásica bajo el peor caso de T_amb (riesgo de cavitación) (medido=322.1763018385145, esperado=<= 320.974 K). Causa probable: subenfriamiento insuficiente a la salida del condensador bajo el peor caso ambiental. Sugerencia: aumentar eps_cond o el margen de subenf"
460.0,300.032917,2800.0,895.0,0.7,1.0,0.85,0.75,0.8,0.8,0.8,308.35062924037453,315.1412040838267,-6.790574843452191,True,CORREGIBLE,0.0860162160001306,114.69210121593687,"[CORREGIBLE] O2: succión de la bomba bifásica bajo el peor caso de T_amb (riesgo de cavitación) (medido=315.1412040838267, esperado=<= 308.351 K). Causa probable: subenfriamiento insuficiente a la salida del condensador bajo el peor caso ambiental. Sugerencia: aumentar eps_cond o el margen de subenf"
460.0,300.032917,2800.0,1400.0,0.7,1.0,0.85,0.75,0.8,0.8,0.8,324.7378431118839,329.9551299346027,-5.217286822718847,True,CORREGIBLE,0.0558697155976144,74.67579025763395,"[CORREGIBLE] O2: succión de la bomba bifásica bajo el peor caso de T_amb (riesgo de cavitación) (medido=329.9551299346027, esperado=<= 324.738 K). Causa probable: subenfriamiento insuficiente a la salida del condensador bajo el peor caso ambiental. Sugerencia: aumentar eps_cond o el margen de subenf"
460.0,300.032917,2800.0,1960.0,0.7,1.0,0.85,0.75,0.8,0.8,0.8,338.4886179670887,342.31100938266536,-3.8223914155766474,True,CORREGIBLE,0.0302774974155538,40.473045284873,"[CORREGIBLE] O2: succión de la bomba bifásica bajo el peor caso de T_amb (riesgo de cavitación) (medido=342.31100938266536, esperado=<= 338.489 K). Causa probable: subenfriamiento insuficiente a la salida del condensador bajo el peor caso ambiental. Sugerencia: aumentar eps_cond o el margen de suben"
460.0,300.032917,3200.0,1025.0,0.7,1.0,0.85,0.75,0.8,0.8,0.8,313.11082082230485,319.26493822872885,-6.154117406424007,True,CORREGIBLE,0.0884124787096051,117.2031925472858,"[CORREGIBLE] O2: succión de la bomba bifásica bajo el peor caso de T_amb (riesgo de cavitación) (medido=319.26493822872885, esperado=<= 313.111 K). Causa probable: subenfriamiento insuficiente a la salida del condensador bajo el peor caso ambiental. Sugerencia: aumentar eps_cond o el margen de suben"
460.0,300.032917,3200.0,1600.0,0.7,1.0,0.85,0.75,0.8,0.8,0.8,330.0351462380388,334.5390903034684,-4.50394406542955,True,CORREGIBLE,0.0576088473211503,76.49038624747101,"[CORREGIBLE] O2: succión de la bomba bifásica bajo el peor caso de T_amb (riesgo de cavitación) (medido=334.53909030346836, esperado=<= 330.035 K). Causa probable: subenfriamiento insuficiente a la salida del condensador bajo el peor caso ambiental. Sugerencia: aumentar eps_cond o el margen de suben"
460.0,300.032917,3200.0,2240.0,0.7,1.0,0.85,0.75,0.8,0.8,0.8,344.33651399250044,347.356622534696,-3.020108542195544,True,CORREGIBLE,0.0312610815336186,41.48017841325319,"[CORREGIBLE] O2: succión de la bomba bifásica bajo el peor caso de T_amb (riesgo de cavitación) (medido=347.356622534696, esperado=<= 344.337 K). Causa probable: subenfriamiento insuficiente a la salida del condensador bajo el peor caso ambiental. Sugerencia: aumentar eps_cond o el margen de subenfr"
460.0,300.032917,3600.0,1150.0,0.7,1.0,0.85,0.75,0.8,0.8,0.8,317.28699026962204,322.8648876575566,-5.57789738793457,True,CORREGIBLE,0.0909910214650931,119.79782473998324,"[CORREGIBLE] O2: succión de la bomba bifásica bajo el peor caso de T_amb (riesgo de cavitación) (medido=322.8648876575566, esperado=<= 317.287 K). Causa probable: subenfriamiento insuficiente a la salida del condensador bajo el peor caso ambiental. Sugerencia: aumentar eps_cond o el margen de subenf"
460.0,300.032917,3600.0,1800.0,0.7,1.0,0.85,0.75,0.8,0.8,0.8,334.87986218058387,338.71618881942214,-3.8363266388382726,True,CORREGIBLE,0.0592590367109901,78.0785706809401,"[CORREGIBLE] O2: succión de la bomba bifásica bajo el peor caso de T_amb (riesgo de cavitación) (medido=338.71618881942214, esperado=<= 334.880 K). Causa probable: subenfriamiento insuficiente a la salida del condensador bajo el peor caso ambiental. Sugerencia: aumentar eps_cond o el margen de suben"
460.0,300.032917,3600.0,2520.0,0.7,1.0,0.85,0.75,0.8,0.8,0.8,349.69765671177777,351.9627686206952,-2.265111908917447,True,CORREGIBLE,0.0321879329066907,42.35772110155461,"[CORREGIBLE] O2: succión de la bomba bifásica bajo el peor caso de T_amb (riesgo de cavitación) (medido=351.9627686206952, esperado=<= 349.698 K). Causa probable: subenfriamiento insuficiente a la salida del condensador bajo el peor caso ambiental. Sugerencia: aumentar eps_cond o el margen de subenf"
460.0,300.032917,4000.0,1040.0,0.7,1.0,0.85,0.75,0.8,0.8,0.8,313.63097657165366,318.9618333347452,-5.330856763091504,True,CORREGIBLE,0.1074133960587077,133.70166586404738,"[CORREGIBLE] O2: succión de la bomba bifásica bajo el peor caso de T_amb (riesgo de cavitación) (medido=318.96183333474517, esperado=<= 313.631 K). Causa probable: subenfriamiento insuficiente a la salida del condensador bajo el peor caso ambiental. Sugerencia: aumentar eps_cond o el margen de suben"
460.0,300.032917,4000.0,1440.0,0.7,1.0,0.85,0.75,0.8,0.8,0.8,325.8387335973935,329.9977941974081,-4.159060600014584,True,CORREGIBLE,0.0856413296338409,106.70936878841512,"[CORREGIBLE] O2: succión de la bomba bifásica bajo el peor caso de T_amb (riesgo de cavitación) (medido=329.9977941974081, esperado=<= 325.839 K). Causa probable: subenfriamiento insuficiente a la salida del condensador bajo el peor caso ambiental. Sugerencia: aumentar eps_cond o el margen de subenf"
460.0,300.032917,4000.0,1840.0,0.7,1.0,0.85,0.75,0.8,0.8,0.8,335.80255931962864,338.9666375418223,-3.164078222193666,True,CORREGIBLE,0.0675927697475373,84.20820197002938,"[CORREGIBLE] O2: succión de la bomba bifásica bajo el peor caso de T_amb (riesgo de cavitación) (medido=338.9666375418223, esperado=<= 335.803 K). Causa probable: subenfriamiento insuficiente a la salida del condensador bajo el peor caso ambiental. Sugerencia: aumentar eps_cond o el margen de subenf"
460.0,300.032917,4500.0,1170.0,0.7,1.0,0.85,0.75,0.8,0.8,0.8,317.924031559729,322.10706232064064,-4.183030760911663,True,CORREGIBLE,0.1105344220981078,126.65888543006074,"[CORREGIBLE] O2: succión de la bomba bifásica bajo el peor caso de T_amb (riesgo de cavitación) (medido=322.10706232064064, esperado=<= 317.924 K). Causa probable: subenfriamiento insuficiente a la salida del condensador bajo el peor caso ambiental. Sugerencia: aumentar eps_cond o el margen de suben"
460.0,300.032917,2800.0,895.0,0.75,1.0,0.85,0.75,0.8,0.8,0.8,,,,False,NO_CONVERGIO,,,"T_from_Ph(P, h, x): el motor teqp no cubre el estado pedido (ver TASK_CONTEXT 2026-09-18-validar-teqp-nh3h2o). Detalle: h=47053.1 fuera de dominio a P=8.95e+05 Pa, x=0.7604"
460.0,300.032917,2800.0,1960.0,0.75,1.0,0.85,0.75,0.8,0.8,0.8,,,,False,NO_CONVERGIO,,,"h(P, s, x): el motor teqp no cubre el estado pedido (ver TASK_CONTEXT 2026-09-18-validar-teqp-nh3h2o). Detalle: equilibrio no resoluble en T=483.18 K, P=1.96e+06 Pa, x=0.8487"
460.0,300.032917,4500.0,1620.0,0.7,1.0,0.85,0.75,0.8,0.8,0.8,330.53832954259616,333.50606983597515,-2.967740293378995,True,CORREGIBLE,0.0878964779458978,100.74315073403731,"[CORREGIBLE] O2: succión de la bomba bifásica bajo el peor caso de T_amb (riesgo de cavitación) (medido=333.50606983597515, esperado=<= 330.538 K). Causa probable: subenfriamiento insuficiente a la salida del condensador bajo el peor caso ambiental. Sugerencia: aumentar eps_cond o el margen de suben"
460.0,300.032917,2800.0,1400.0,0.75,1.0,0.85,0.75,0.8,0.8,0.8,,,,False,NO_CONVERGIO,,,"T_from_Ph(P, h, x): el motor teqp no cubre el estado pedido (ver TASK_CONTEXT 2026-09-18-validar-teqp-nh3h2o). Detalle: h=48626 fuera de dominio a P=1.4e+06 Pa, x=0.7604"
460.0,300.032917,4500.0,2070.0,0.7,1.0,0.85,0.75,0.8,0.8,0.8,340.8513886755629,342.7797143055254,-1.928325629962501,True,CORREGIBLE,0.0690166369718953,79.03956427791582,"[CORREGIBLE] O2: succión de la bomba bifásica bajo el peor caso de T_amb (riesgo de cavitación) (medido=342.7797143055254, esperado=<= 340.851 K). Causa probable: subenfriamiento insuficiente a la salida del condensador bajo el peor caso ambiental. Sugerencia: aumentar eps_cond o el margen de subenf"
460.0,300.032917,3200.0,1025.0,0.75,1.0,0.85,0.75,0.8,0.8,0.8,309.5810919742199,314.081120636034,-4.500028661814099,True,CORREGIBLE,0.0908454086227862,116.13200213042734,"[CORREGIBLE] O2: succión de la bomba bifásica bajo el peor caso de T_amb (riesgo de cavitación) (medido=314.081120636034, esperado=<= 309.581 K). Causa probable: subenfriamiento insuficiente a la salida del condensador bajo el peor caso ambiental. Sugerencia: aumentar eps_cond o el margen de subenfr"
460.0,300.032917,3200.0,1600.0,0.75,1.0,0.85,0.75,0.8,0.8,0.8,326.22766827244675,329.61295064581907,-3.38528237337232,True,CORREGIBLE,0.059212833975933,75.85886431145629,"[CORREGIBLE] O2: succión de la bomba bifásica bajo el peor caso de T_amb (riesgo de cavitación) (medido=329.61295064581907, esperado=<= 326.228 K). Causa probable: subenfriamiento insuficiente a la salida del condensador bajo el peor caso ambiental. Sugerencia: aumentar eps_cond o el margen de suben"
460.0,300.032917,3200.0,2240.0,0.75,1.0,0.85,0.75,0.8,0.8,0.8,340.26133616403416,342.628736802922,-2.3674006388878297,True,CORREGIBLE,0.0321352791587634,41.156933839608094,"[CORREGIBLE] O2: succión de la bomba bifásica bajo el peor caso de T_amb (riesgo de cavitación) (medido=342.628736802922, esperado=<= 340.261 K). Causa probable: subenfriamiento insuficiente a la salida del condensador bajo el peor caso ambiental. Sugerencia: aumentar eps_cond o el margen de subenfr"
460.0,300.032917,3600.0,1150.0,0.75,1.0,0.85,0.75,0.8,0.8,0.8,313.69223714197034,317.80460403592866,-4.112366893958324,True,CORREGIBLE,0.0934693260355288,118.83915219933655,"[CORREGIBLE] O2: succión de la bomba bifásica bajo el peor caso de T_amb (riesgo de cavitación) (medido=317.80460403592866, esperado=<= 313.692 K). Causa probable: subenfriamiento insuficiente a la salida del condensador bajo el peor caso ambiental. Sugerencia: aumentar eps_cond o el margen de suben"
460.0,300.032917,3600.0,2520.0,0.75,1.0,0.85,0.75,0.8,0.8,0.8,345.51314482603925,347.3562949417078,-1.84315011566855,True,CORREGIBLE,0.0330869957127512,42.0816669026299,"[CORREGIBLE] O2: succión de la bomba bifásica bajo el peor caso de T_amb (riesgo de cavitación) (medido=347.3562949417078, esperado=<= 345.513 K). Causa probable: subenfriamiento insuficiente a la salida del condensador bajo el peor caso ambiental. Sugerencia: aumentar eps_cond o el margen de subenf"
460.0,300.032917,3600.0,1800.0,0.75,1.0,0.85,0.75,0.8,0.8,0.8,330.9853856386293,333.9160538466775,-2.930668208048246,True,CORREGIBLE,0.0608985482219282,77.5302489825744,"[CORREGIBLE] O2: succión de la bomba bifásica bajo el peor caso de T_amb (riesgo de cavitación) (medido=333.9160538466775, esperado=<= 330.985 K). Causa probable: subenfriamiento insuficiente a la salida del condensador bajo el peor caso ambiental. Sugerencia: aumentar eps_cond o el margen de subenf"
460.0,300.032917,4500.0,1170.0,0.75,1.0,0.85,0.75,0.8,0.8,0.8,,,,False,NO_CONVERGIO,,,"T_from_Ph(P, h, x): el motor teqp no cubre el estado pedido (ver TASK_CONTEXT 2026-09-18-validar-teqp-nh3h2o). Detalle: equilibrio no resoluble en T=507.83 K, P=4.5e+06 Pa, x=0.7604"
460.0,300.032917,4500.0,1620.0,0.75,1.0,0.85,0.75,0.8,0.8,0.8,,,,False,NO_CONVERGIO,,,"T_from_Ph(P, h, x): el motor teqp no cubre el estado pedido (ver TASK_CONTEXT 2026-09-18-validar-teqp-nh3h2o). Detalle: equilibrio no resoluble en T=507.83 K, P=4.5e+06 Pa, x=0.7604"
460.0,300.032917,4500.0,2070.0,0.75,1.0,0.85,0.75,0.8,0.8,0.8,,,,False,NO_CONVERGIO,,,"T_from_Ph(P, h, x): el motor teqp no cubre el estado pedido (ver TASK_CONTEXT 2026-09-18-validar-teqp-nh3h2o). Detalle: equilibrio no resoluble en T=507.83 K, P=4.5e+06 Pa, x=0.7604"
460.0,300.032917,4000.0,1280.0,0.75,1.0,0.85,0.75,0.8,0.8,0.8,317.6339774881109,321.3628126901789,-3.728835202068012,True,CORREGIBLE,0.0956046714951907,120.62190520440166,"[CORREGIBLE] O2: succión de la bomba bifásica bajo el peor caso de T_amb (riesgo de cavitación) (medido=321.3628126901789, esperado=<= 317.634 K). Causa probable: subenfriamiento insuficiente a la salida del condensador bajo el peor caso ambiental. Sugerencia: aumentar eps_cond o el margen de subenf"
460.0,300.032917,2800.0,895.0,0.8,1.0,0.85,0.75,0.8,0.8,0.8,,,,False,NO_CONVERGIO,,,"T_from_Ph(P, h, x): el motor teqp no cubre el estado pedido (ver TASK_CONTEXT 2026-09-18-validar-teqp-nh3h2o). Detalle: h=50461.2 fuera de dominio a P=8.95e+05 Pa, x=0.8088"
460.0,300.032917,2800.0,1400.0,0.8,1.0,0.85,0.75,0.8,0.8,0.8,,,,False,NO_CONVERGIO,,,"T_from_Ph(P, h, x): el motor teqp no cubre el estado pedido (ver TASK_CONTEXT 2026-09-18-validar-teqp-nh3h2o). Detalle: h=52162 fuera de dominio a P=1.4e+06 Pa, x=0.8088"
460.0,300.032917,2800.0,1960.0,0.8,1.0,0.85,0.75,0.8,0.8,0.8,,,,False,NO_CONVERGIO,,,"T_from_Ph(P, h, x): el motor teqp no cubre el estado pedido (ver TASK_CONTEXT 2026-09-18-validar-teqp-nh3h2o). Detalle: h=53494.1 fuera de dominio a P=1.96e+06 Pa, x=0.8088"
460.0,300.032917,3200.0,1600.0,0.8,1.0,0.85,0.75,0.8,0.8,0.8,,,,False,NO_CONVERGIO,,,"T_from_Ph(P, h, x): el motor teqp no cubre el estado pedido (ver TASK_CONTEXT 2026-09-18-validar-teqp-nh3h2o). Detalle: h=46516.1 fuera de dominio a P=1.6e+06 Pa, x=0.8088"
460.0,300.032917,3200.0,2240.0,0.8,1.0,0.85,0.75,0.8,0.8,0.8,,,,False,NO_CONVERGIO,,,"h(P, s, x): el motor teqp no cubre el estado pedido (ver TASK_CONTEXT 2026-09-18-validar-teqp-nh3h2o). Detalle: equilibrio no resoluble en T=468.55 K, P=2.24e+06 Pa, x=0.8882"
460.0,300.032917,4000.0,2000.0,0.75,1.0,0.85,0.75,0.8,0.8,0.8,335.38009435635547,337.87154939326206,-2.4914550369065864,True,CORREGIBLE,0.062355138323439,78.71325660413929,"[CORREGIBLE] O2: succión de la bomba bifásica bajo el peor caso de T_amb (riesgo de cavitación) (medido=337.87154939326206, esperado=<= 335.380 K). Causa probable: subenfriamiento insuficiente a la salida del condensador bajo el peor caso ambiental. Sugerencia: aumentar eps_cond o el margen de suben"
460.0,300.032917,3200.0,1025.0,0.8,1.0,0.85,0.75,0.8,0.8,0.8,306.7250699062719,309.75562028641235,-3.0305503801404257,True,CORREGIBLE,0.093955094118572,115.51044162254334,"[CORREGIBLE] O2: succión de la bomba bifásica bajo el peor caso de T_amb (riesgo de cavitación) (medido=309.75562028641235, esperado=<= 306.725 K). Causa probable: subenfriamiento insuficiente a la salida del condensador bajo el peor caso ambiental. Sugerencia: aumentar eps_cond o el margen de suben"
460.0,300.032917,4000.0,2800.0,0.75,1.0,0.85,0.75,0.8,0.8,0.8,350.3741977982431,351.7069132633558,-1.332715465112699,True,CORREGIBLE,0.0338232475629811,42.62875997839125,"[CORREGIBLE] O2: succión de la bomba bifásica bajo el peor caso de T_amb (riesgo de cavitación) (medido=351.7069132633558, esperado=<= 350.374 K). Causa probable: subenfriamiento insuficiente a la salida del condensador bajo el peor caso ambiental. Sugerencia: aumentar eps_cond o el margen de subenf"
460.0,300.032917,3600.0,1150.0,0.8,1.0,0.85,0.75,0.8,0.8,0.8,310.7744555748154,313.5674797754436,-2.7930242006281105,True,CORREGIBLE,0.0966374862533595,118.25113180765814,"[CORREGIBLE] O2: succión de la bomba bifásica bajo el peor caso de T_amb (riesgo de cavitación) (medido=313.56747977544353, esperado=<= 310.774 K). Causa probable: subenfriamiento insuficiente a la salida del condensador bajo el peor caso ambiental. Sugerencia: aumentar eps_cond o el margen de suben"
460.0,300.032917,3600.0,1800.0,0.8,1.0,0.85,0.75,0.8,0.8,0.8,327.7802952913757,329.84467757392423,-2.064382282548536,True,CORREGIBLE,0.0629382087145909,77.15025329915304,"[CORREGIBLE] O2: succión de la bomba bifásica bajo el peor caso de T_amb (riesgo de cavitación) (medido=329.84467757392423, esperado=<= 327.780 K). Causa probable: subenfriamiento insuficiente a la salida del condensador bajo el peor caso ambiental. Sugerencia: aumentar eps_cond o el margen de suben"
460.0,300.032917,4000.0,2800.0,0.8,1.0,0.85,0.75,0.8,0.8,0.8,,,,False,NO_CONVERGIO,,,"T_from_Ph(P, h, x): el motor teqp no cubre el estado pedido (ver TASK_CONTEXT 2026-09-18-validar-teqp-nh3h2o). Detalle: equilibrio no resoluble en T=494.78 K, P=2.8e+06 Pa, x=0.8088"
460.0,300.032917,3600.0,2520.0,0.8,1.0,0.85,0.75,0.8,0.8,0.8,342.0261550971422,343.3902624512507,-1.364107354108512,True,CORREGIBLE,0.0341820956117099,41.865930634338575,"[CORREGIBLE] O2: succión de la bomba bifásica bajo el peor caso de T_amb (riesgo de cavitación) (medido=343.3902624512507, esperado=<= 342.026 K). Causa probable: subenfriamiento insuficiente a la salida del condensador bajo el peor caso ambiental. Sugerencia: aumentar eps_cond o el margen de subenf"
460.0,300.032917,4000.0,1280.0,0.8,1.0,0.85,0.75,0.8,0.8,0.8,314.65477058699355,317.2136098754034,-2.5588392884098425,True,CORREGIBLE,0.0988324255410478,120.18392793752972,"[CORREGIBLE] O2: succión de la bomba bifásica bajo el peor caso de T_amb (riesgo de cavitación) (medido=317.2136098754034, esperado=<= 314.655 K). Causa probable: subenfriamiento insuficiente a la salida del condensador bajo el peor caso ambiental. Sugerencia: aumentar eps_cond o el margen de subenf"
460.0,300.032917,4000.0,2000.0,0.8,1.0,0.85,0.75,0.8,0.8,0.8,332.09400538530747,333.87934736170035,-1.7853419763928855,True,CORREGIBLE,0.0644763629688919,78.47346187226823,"[CORREGIBLE] O2: succión de la bomba bifásica bajo el peor caso de T_amb (riesgo de cavitación) (medido=333.87934736170035, esperado=<= 332.094 K). Causa probable: subenfriamiento insuficiente a la salida del condensador bajo el peor caso ambiental. Sugerencia: aumentar eps_cond o el margen de suben"
460.0,300.032917,2800.0,895.0,0.85,1.0,0.85,0.75,0.8,0.8,0.8,,,,False,NO_CONVERGIO,,,"T_from_Ph(P, h, x): el motor teqp no cubre el estado pedido (ver TASK_CONTEXT 2026-09-18-validar-teqp-nh3h2o). Detalle: h=53872.4 fuera de dominio a P=8.95e+05 Pa, x=0.8570"
460.0,300.032917,4500.0,3150.0,0.8,1.0,0.85,0.75,0.8,0.8,0.8,,,,False,NO_CONVERGIO,,,"T_from_Ph(P, h, x): el motor teqp no cubre el estado pedido (ver TASK_CONTEXT 2026-09-18-validar-teqp-nh3h2o). Detalle: equilibrio no resoluble en T=494.10 K, P=3.15e+06 Pa, x=0.8088"
460.0,300.032917,2800.0,1400.0,0.85,1.0,0.85,0.75,0.8,0.8,0.8,,,,False,NO_CONVERGIO,,,"T_from_Ph(P, h, x): el motor teqp no cubre el estado pedido (ver TASK_CONTEXT 2026-09-18-validar-teqp-nh3h2o). Detalle: h=55713.2 fuera de dominio a P=1.4e+06 Pa, x=0.8570"
460.0,300.032917,3200.0,1025.0,0.85,1.0,0.85,0.75,0.8,0.8,0.8,,,,False,NO_CONVERGIO,,,"T_from_Ph(P, h, x): el motor teqp no cubre el estado pedido (ver TASK_CONTEXT 2026-09-18-validar-teqp-nh3h2o). Detalle: h=48112.7 fuera de dominio a P=1.025e+06 Pa, x=0.8570"
460.0,300.032917,2800.0,1960.0,0.85,1.0,0.85,0.75,0.8,0.8,0.8,,,,False,NO_CONVERGIO,,,"T_from_Ph(P, h, x): el motor teqp no cubre el estado pedido (ver TASK_CONTEXT 2026-09-18-validar-teqp-nh3h2o). Detalle: h=57145 fuera de dominio a P=1.96e+06 Pa, x=0.8570"
460.0,300.032917,3200.0,1600.0,0.85,1.0,0.85,0.75,0.8,0.8,0.8,,,,False,NO_CONVERGIO,,,"T_from_Ph(P, h, x): el motor teqp no cubre el estado pedido (ver TASK_CONTEXT 2026-09-18-validar-teqp-nh3h2o). Detalle: h=49756.3 fuera de dominio a P=1.6e+06 Pa, x=0.8570"
460.0,300.032917,3200.0,2240.0,0.85,1.0,0.85,0.75,0.8,0.8,0.8,,,,False,NO_CONVERGIO,,,"T_from_Ph(P, h, x): el motor teqp no cubre el estado pedido (ver TASK_CONTEXT 2026-09-18-validar-teqp-nh3h2o). Detalle: h=51048.4 fuera de dominio a P=2.24e+06 Pa, x=0.8570"
460.0,300.032917,4500.0,1440.0,0.8,1.0,0.85,0.75,0.8,0.8,0.8,319.05213334480845,321.33619242398174,-2.2840590791732893,True,CORREGIBLE,0.1006054627959009,121.15145383239673,"[CORREGIBLE] O2: succión de la bomba bifásica bajo el peor caso de T_amb (riesgo de cavitación) (medido=321.33619242398174, esperado=<= 319.052 K). Causa probable: subenfriamiento insuficiente a la salida del condensador bajo el peor caso ambiental. Sugerencia: aumentar eps_cond o el margen de suben"
460.0,300.032917,3600.0,1800.0,0.85,1.0,0.85,0.75,0.8,0.8,0.8,,,,False,NO_CONVERGIO,,,"T_from_Ph(P, h, x): el motor teqp no cubre el estado pedido (ver TASK_CONTEXT 2026-09-18-validar-teqp-nh3h2o). Detalle: h=45690.6 fuera de dominio a P=1.8e+06 Pa, x=0.8570"
460.0,300.032917,4500.0,2250.0,0.8,1.0,0.85,0.75,0.8,0.8,0.8,337.072398158429,338.5221086379084,-1.449710479479393,True,CORREGIBLE,0.0657194378838724,79.16650595961086,"[CORREGIBLE] O2: succión de la bomba bifásica bajo el peor caso de T_amb (riesgo de cavitación) (medido=338.5221086379084, esperado=<= 337.072 K). Causa probable: subenfriamiento insuficiente a la salida del condensador bajo el peor caso ambiental. Sugerencia: aumentar eps_cond o el margen de subenf"
460.0,300.032917,3600.0,2520.0,0.85,1.0,0.85,0.75,0.8,0.8,0.8,,,,False,NO_CONVERGIO,,,"T_from_Ph(P, h, x): el motor teqp no cubre el estado pedido (ver TASK_CONTEXT 2026-09-18-validar-teqp-nh3h2o). Detalle: h=46879.5 fuera de dominio a P=2.52e+06 Pa, x=0.8570"
460.0,300.032917,4000.0,2800.0,0.85,1.0,0.85,0.75,0.8,0.8,0.8,,,,False,NO_CONVERGIO,,,"h(P, s, x): el motor teqp no cubre el estado pedido (ver TASK_CONTEXT 2026-09-18-validar-teqp-nh3h2o). Detalle: equilibrio no resoluble en T=453.85 K, P=2.8e+06 Pa, x=0.9248"
460.0,300.032917,3600.0,1150.0,0.85,1.0,0.85,0.75,0.8,0.8,0.8,308.3628498542931,310.11902460774235,-1.7561747534492724,True,CORREGIBLE,0.1002185040216398,117.69323138317696,"[CORREGIBLE] O2: succión de la bomba bifásica bajo el peor caso de T_amb (riesgo de cavitación) (medido=310.11902460774235, esperado=<= 308.363 K). Causa probable: subenfriamiento insuficiente a la salida del condensador bajo el peor caso ambiental. Sugerencia: aumentar eps_cond o el margen de suben"
460.0,300.032917,4500.0,2250.0,0.85,1.0,0.85,0.75,0.8,0.8,0.8,,,,False,NO_CONVERGIO,,,"T_from_Ph(P, h, x): el motor teqp no cubre el estado pedido (ver TASK_CONTEXT 2026-09-18-validar-teqp-nh3h2o). Detalle: equilibrio no resoluble en T=480.95 K, P=2.25e+06 Pa, x=0.8570"
460.0,300.032917,4500.0,1440.0,0.85,1.0,0.85,0.75,0.8,0.8,0.8,316.51005951370416,317.9805082782012,-1.4704487644970072,True,CORREGIBLE,0.1046162858242531,121.25039764813856,"[CORREGIBLE] O2: succión de la bomba bifásica bajo el peor caso de T_amb (riesgo de cavitación) (medido=317.98050827820117, esperado=<= 316.510 K). Causa probable: subenfriamiento insuficiente a la salida del condensador bajo el peor caso ambiental. Sugerencia: aumentar eps_cond o el margen de suben"
460.0,300.032917,4000.0,1280.0,0.85,1.0,0.85,0.75,0.8,0.8,0.8,312.18333661124166,313.8095764384761,-1.6262398272344285,True,CORREGIBLE,0.1024019882248108,119.64532891972856,"[CORREGIBLE] O2: succión de la bomba bifásica bajo el peor caso de T_amb (riesgo de cavitación) (medido=313.8095764384761, esperado=<= 312.183 K). Causa probable: subenfriamiento insuficiente a la salida del condensador bajo el peor caso ambiental. Sugerencia: aumentar eps_cond o el margen de subenf"
460.0,300.032917,4000.0,2000.0,0.85,1.0,0.85,0.75,0.8,0.8,0.8,329.32288800869225,330.5049857965225,-1.18209778783023,True,CORREGIBLE,0.0667865374553631,78.11759593924914,"[CORREGIBLE] O2: succión de la bomba bifásica bajo el peor caso de T_amb (riesgo de cavitación) (medido=330.5049857965225, esperado=<= 329.323 K). Causa probable: subenfriamiento insuficiente a la salida del condensador bajo el peor caso ambiental. Sugerencia: aumentar eps_cond o el margen de subenf"
470.0,300.032917,2800.0,895.0,0.7,1.0,0.85,0.75,0.8,0.8,0.8,,,,False,NO_CONVERGIO,,,"T_from_Ph(P, h, x): el motor teqp no cubre el estado pedido (ver TASK_CONTEXT 2026-09-18-validar-teqp-nh3h2o). Detalle: h=56215.2 fuera de dominio a P=8.95e+05 Pa, x=0.7117"
470.0,300.032917,2800.0,1400.0,0.7,1.0,0.85,0.75,0.8,0.8,0.8,,,,False,NO_CONVERGIO,,,"T_from_Ph(P, h, x): el motor teqp no cubre el estado pedido (ver TASK_CONTEXT 2026-09-18-validar-teqp-nh3h2o). Detalle: h=58069.2 fuera de dominio a P=1.4e+06 Pa, x=0.7117"
470.0,300.032917,2800.0,1960.0,0.7,1.0,0.85,0.75,0.8,0.8,0.8,,,,False,NO_CONVERGIO,,,"T_from_Ph(P, h, x): el motor teqp no cubre el estado pedido (ver TASK_CONTEXT 2026-09-18-validar-teqp-nh3h2o). Detalle: h=59520.2 fuera de dominio a P=1.96e+06 Pa, x=0.7117"
470.0,300.032917,3200.0,1025.0,0.7,1.0,0.85,0.75,0.8,0.8,0.8,,,,False,NO_CONVERGIO,,,"T_from_Ph(P, h, x): el motor teqp no cubre el estado pedido (ver TASK_CONTEXT 2026-09-18-validar-teqp-nh3h2o). Detalle: h=48008.7 fuera de dominio a P=1.025e+06 Pa, x=0.7117"
470.0,300.032917,3200.0,1600.0,0.7,1.0,0.85,0.75,0.8,0.8,0.8,,,,False,NO_CONVERGIO,,,"T_from_Ph(P, h, x): el motor teqp no cubre el estado pedido (ver TASK_CONTEXT 2026-09-18-validar-teqp-nh3h2o). Detalle: h=49595.5 fuera de dominio a P=1.6e+06 Pa, x=0.7117"
470.0,300.032917,3200.0,2240.0,0.7,1.0,0.85,0.75,0.8,0.8,0.8,,,,False,NO_CONVERGIO,,,"T_from_Ph(P, h, x): el motor teqp no cubre el estado pedido (ver TASK_CONTEXT 2026-09-18-validar-teqp-nh3h2o). Detalle: h=50842.3 fuera de dominio a P=2.24e+06 Pa, x=0.7117"
460.0,300.032917,4500.0,3150.0,0.85,1.0,0.85,0.75,0.8,0.8,0.8,349.0906897553133,349.5462929523749,-0.4556031970616345,True,CORREGIBLE,0.0366855958734272,42.44385834094468,"[CORREGIBLE] O2: succión de la bomba bifásica bajo el peor caso de T_amb (riesgo de cavitación) (medido=349.5462929523749, esperado=<= 349.091 K). Causa probable: subenfriamiento insuficiente a la salida del condensador bajo el peor caso ambiental. Sugerencia: aumentar eps_cond o el margen de subenf"
470.0,300.032917,4000.0,1280.0,0.7,1.0,0.85,0.75,0.8,0.8,0.8,,,,False,NO_CONVERGIO,,,"T_from_Ph(P, h, x): el motor teqp no cubre el estado pedido (ver TASK_CONTEXT 2026-09-18-validar-teqp-nh3h2o). Detalle: equilibrio no resoluble en T=516.61 K, P=4e+06 Pa, x=0.7117"
470.0,300.032917,4000.0,2000.0,0.7,1.0,0.85,0.75,0.8,0.8,0.8,,,,False,NO_CONVERGIO,,,"T_from_Ph(P, h, x): el motor teqp no cubre el estado pedido (ver TASK_CONTEXT 2026-09-18-validar-teqp-nh3h2o). Detalle: equilibrio no resoluble en T=516.61 K, P=4e+06 Pa, x=0.7117"
470.0,300.032917,3600.0,1150.0,0.7,1.0,0.85,0.75,0.8,0.8,0.8,317.28699026962204,323.03395608640045,-5.746965816778413,True,CORREGIBLE,0.0905988181954739,121.35832416423456,"[CORREGIBLE] O2: succión de la bomba bifásica bajo el peor caso de T_amb (riesgo de cavitación) (medido=323.03395608640045, esperado=<= 317.287 K). Causa probable: subenfriamiento insuficiente a la salida del condensador bajo el peor caso ambiental. Sugerencia: aumentar eps_cond o el margen de suben"
470.0,300.032917,3600.0,1800.0,0.7,1.0,0.85,0.75,0.8,0.8,0.8,334.87986218058387,338.88084379918064,-4.000981618596768,True,CORREGIBLE,0.0589618098879729,79.04618269996959,"[CORREGIBLE] O2: succión de la bomba bifásica bajo el peor caso de T_amb (riesgo de cavitación) (medido=338.88084379918064, esperado=<= 334.880 K). Causa probable: subenfriamiento insuficiente a la salida del condensador bajo el peor caso ambiental. Sugerencia: aumentar eps_cond o el margen de suben"
470.0,300.032917,3600.0,2520.0,0.7,1.0,0.85,0.75,0.8,0.8,0.8,349.69765671177777,352.12350305707355,-2.425846345295781,True,CORREGIBLE,0.0320111094819661,42.86557769751119,"[CORREGIBLE] O2: succión de la bomba bifásica bajo el peor caso de T_amb (riesgo de cavitación) (medido=352.12350305707355, esperado=<= 349.698 K). Causa probable: subenfriamiento insuficiente a la salida del condensador bajo el peor caso ambiental. Sugerencia: aumentar eps_cond o el margen de suben"
470.0,300.032917,2800.0,895.0,0.75,1.0,0.85,0.75,0.8,0.8,0.8,,,,False,NO_CONVERGIO,,,"T_from_Ph(P, h, x): el motor teqp no cubre el estado pedido (ver TASK_CONTEXT 2026-09-18-validar-teqp-nh3h2o). Detalle: h=60464.4 fuera de dominio a P=8.95e+05 Pa, x=0.7604"
470.0,300.032917,2800.0,1400.0,0.75,1.0,0.85,0.75,0.8,0.8,0.8,,,,False,NO_CONVERGIO,,,"T_from_Ph(P, h, x): el motor teqp no cubre el estado pedido (ver TASK_CONTEXT 2026-09-18-validar-teqp-nh3h2o). Detalle: h=62472 fuera de dominio a P=1.4e+06 Pa, x=0.7604"
470.0,300.032917,2800.0,1960.0,0.75,1.0,0.85,0.75,0.8,0.8,0.8,,,,False,NO_CONVERGIO,,,"T_from_Ph(P, h, x): el motor teqp no cubre el estado pedido (ver TASK_CONTEXT 2026-09-18-validar-teqp-nh3h2o). Detalle: h=64043.7 fuera de dominio a P=1.96e+06 Pa, x=0.7604"
470.0,300.032917,4500.0,1440.0,0.7,1.0,0.85,0.75,0.8,0.8,0.8,325.8387335973935,330.37803814634907,-4.539304548955556,True,CORREGIBLE,0.0944487361837365,124.18573045424024,"[CORREGIBLE] O2: succión de la bomba bifásica bajo el peor caso de T_amb (riesgo de cavitación) (medido=330.37803814634907, esperado=<= 325.839 K). Causa probable: subenfriamiento insuficiente a la salida del condensador bajo el peor caso ambiental. Sugerencia: aumentar eps_cond o el margen de suben"
470.0,300.032917,3200.0,1025.0,0.75,1.0,0.85,0.75,0.8,0.8,0.8,,,,False,NO_CONVERGIO,,,"T_from_Ph(P, h, x): el motor teqp no cubre el estado pedido (ver TASK_CONTEXT 2026-09-18-validar-teqp-nh3h2o). Detalle: h=51692.3 fuera de dominio a P=1.025e+06 Pa, x=0.7604"
470.0,300.032917,3200.0,1600.0,0.75,1.0,0.85,0.75,0.8,0.8,0.8,,,,False,NO_CONVERGIO,,,"T_from_Ph(P, h, x): el motor teqp no cubre el estado pedido (ver TASK_CONTEXT 2026-09-18-validar-teqp-nh3h2o). Detalle: h=53418.3 fuera de dominio a P=1.6e+06 Pa, x=0.7604"
470.0,300.032917,3200.0,2240.0,0.75,1.0,0.85,0.75,0.8,0.8,0.8,,,,False,NO_CONVERGIO,,,"T_from_Ph(P, h, x): el motor teqp no cubre el estado pedido (ver TASK_CONTEXT 2026-09-18-validar-teqp-nh3h2o). Detalle: h=54774.6 fuera de dominio a P=2.24e+06 Pa, x=0.7604"
470.0,300.032917,3600.0,1800.0,0.75,1.0,0.85,0.75,0.8,0.8,0.8,,,,False,NO_CONVERGIO,,,"T_from_Ph(P, h, x): el motor teqp no cubre el estado pedido (ver TASK_CONTEXT 2026-09-18-validar-teqp-nh3h2o). Detalle: h=47654.4 fuera de dominio a P=1.8e+06 Pa, x=0.7604"
470.0,300.032917,4500.0,2250.0,0.7,1.0,0.85,0.75,0.8,0.8,0.8,344.53572092951043,347.1590528054234,-2.6233318759129816,True,CORREGIBLE,0.0612667864087444,80.5044144799198,"[CORREGIBLE] O2: succión de la bomba bifásica bajo el peor caso de T_amb (riesgo de cavitación) (medido=347.1590528054234, esperado=<= 344.536 K). Causa probable: subenfriamiento insuficiente a la salida del condensador bajo el peor caso ambiental. Sugerencia: aumentar eps_cond o el margen de subenf"
470.0,300.032917,3600.0,2520.0,0.75,1.0,0.85,0.75,0.8,0.8,0.8,,,,False,NO_CONVERGIO,,,"T_from_Ph(P, h, x): el motor teqp no cubre el estado pedido (ver TASK_CONTEXT 2026-09-18-validar-teqp-nh3h2o). Detalle: h=48862.5 fuera de dominio a P=2.52e+06 Pa, x=0.7604"
470.0,300.032917,4500.0,3150.0,0.7,1.0,0.85,0.75,0.8,0.8,0.8,360.42127735999793,361.26892367655887,-0.8476463165609402,True,CORREGIBLE,0.0328235317187871,43.02527422029512,"[CORREGIBLE] O2: succión de la bomba bifásica bajo el peor caso de T_amb (riesgo de cavitación) (medido=361.26892367655887, esperado=<= 360.421 K). Causa probable: subenfriamiento insuficiente a la salida del condensador bajo el peor caso ambiental. Sugerencia: aumentar eps_cond o el margen de suben"
470.0,300.032917,3600.0,1150.0,0.75,1.0,0.85,0.75,0.8,0.8,0.8,313.69223714197034,317.922358120414,-4.230120978443665,True,CORREGIBLE,0.0930739607212242,120.35620256945484,"[CORREGIBLE] O2: succión de la bomba bifásica bajo el peor caso de T_amb (riesgo de cavitación) (medido=317.922358120414, esperado=<= 313.692 K). Causa probable: subenfriamiento insuficiente a la salida del condensador bajo el peor caso ambiental. Sugerencia: aumentar eps_cond o el margen de subenfr"
470.0,300.032917,4000.0,1280.0,0.75,1.0,0.85,0.75,0.8,0.8,0.8,317.6339774881109,321.4848719743279,-3.850894486217044,True,CORREGIBLE,0.0951932975031985,122.30844223892376,"[CORREGIBLE] O2: succión de la bomba bifásica bajo el peor caso de T_amb (riesgo de cavitación) (medido=321.4848719743279, esperado=<= 317.634 K). Causa probable: subenfriamiento insuficiente a la salida del condensador bajo el peor caso ambiental. Sugerencia: aumentar eps_cond o el margen de subenf"
470.0,300.032917,4000.0,2000.0,0.75,1.0,0.85,0.75,0.8,0.8,0.8,335.38009435635547,337.9913824627238,-2.611288106368306,True,CORREGIBLE,0.0620606401787173,79.7877082801632,"[CORREGIBLE] O2: succión de la bomba bifásica bajo el peor caso de T_amb (riesgo de cavitación) (medido=337.9913824627238, esperado=<= 335.380 K). Causa probable: subenfriamiento insuficiente a la salida del condensador bajo el peor caso ambiental. Sugerencia: aumentar eps_cond o el margen de subenf"
470.0,300.032917,2800.0,895.0,0.8,1.0,0.85,0.75,0.8,0.8,0.8,,,,False,NO_CONVERGIO,,,"T_from_Ph(P, h, x): el motor teqp no cubre el estado pedido (ver TASK_CONTEXT 2026-09-18-validar-teqp-nh3h2o). Detalle: h=64732.6 fuera de dominio a P=8.95e+05 Pa, x=0.8088"
470.0,300.032917,4500.0,1440.0,0.75,1.0,0.85,0.75,0.8,0.8,0.8,322.10377608185905,325.5142488004517,-3.4104727185927004,True,CORREGIBLE,0.0973084754634693,123.85042933648108,"[CORREGIBLE] O2: succión de la bomba bifásica bajo el peor caso de T_amb (riesgo de cavitación) (medido=325.51424880045175, esperado=<= 322.104 K). Causa probable: subenfriamiento insuficiente a la salida del condensador bajo el peor caso ambiental. Sugerencia: aumentar eps_cond o el margen de suben"
470.0,300.032917,2800.0,1400.0,0.8,1.0,0.85,0.75,0.8,0.8,0.8,,,,False,NO_CONVERGIO,,,"T_from_Ph(P, h, x): el motor teqp no cubre el estado pedido (ver TASK_CONTEXT 2026-09-18-validar-teqp-nh3h2o). Detalle: h=66892.2 fuera de dominio a P=1.4e+06 Pa, x=0.8088"
470.0,300.032917,2800.0,1960.0,0.8,1.0,0.85,0.75,0.8,0.8,0.8,,,,False,NO_CONVERGIO,,,"T_from_Ph(P, h, x): el motor teqp no cubre el estado pedido (ver TASK_CONTEXT 2026-09-18-validar-teqp-nh3h2o). Detalle: h=68583.5 fuera de dominio a P=1.96e+06 Pa, x=0.8088"
470.0,300.032917,3200.0,1025.0,0.8,1.0,0.85,0.75,0.8,0.8,0.8,,,,False,NO_CONVERGIO,,,"T_from_Ph(P, h, x): el motor teqp no cubre el estado pedido (ver TASK_CONTEXT 2026-09-18-validar-teqp-nh3h2o). Detalle: h=55400 fuera de dominio a P=1.025e+06 Pa, x=0.8088"
470.0,300.032917,3200.0,2240.0,0.8,1.0,0.85,0.75,0.8,0.8,0.8,,,,False,NO_CONVERGIO,,,"h(P, s, x): el motor teqp no cubre el estado pedido (ver TASK_CONTEXT 2026-09-18-validar-teqp-nh3h2o). Detalle: equilibrio no resoluble en T=471.25 K, P=2.24e+06 Pa, x=0.8826"
470.0,300.032917,4500.0,2250.0,0.75,1.0,0.85,0.75,0.8,0.8,0.8,340.456572923492,342.5520110271429,-2.095438103650963,True,CORREGIBLE,0.0632508903180964,80.48562843156797,"[CORREGIBLE] O2: succión de la bomba bifásica bajo el peor caso de T_amb (riesgo de cavitación) (medido=342.55201102714295, esperado=<= 340.457 K). Causa probable: subenfriamiento insuficiente a la salida del condensador bajo el peor caso ambiental. Sugerencia: aumentar eps_cond o el margen de suben"
470.0,300.032917,3200.0,1600.0,0.8,1.0,0.85,0.75,0.8,0.8,0.8,,,,False,NO_CONVERGIO,,,"T_from_Ph(P, h, x): el motor teqp no cubre el estado pedido (ver TASK_CONTEXT 2026-09-18-validar-teqp-nh3h2o). Detalle: h=57264.1 fuera de dominio a P=1.6e+06 Pa, x=0.8088"
470.0,300.032917,3600.0,1150.0,0.8,1.0,0.85,0.75,0.8,0.8,0.8,,,,False,NO_CONVERGIO,,,"T_from_Ph(P, h, x): el motor teqp no cubre el estado pedido (ver TASK_CONTEXT 2026-09-18-validar-teqp-nh3h2o). Detalle: h=49420.2 fuera de dominio a P=1.15e+06 Pa, x=0.8088"
470.0,300.032917,3600.0,1800.0,0.8,1.0,0.85,0.75,0.8,0.8,0.8,,,,False,NO_CONVERGIO,,,"T_from_Ph(P, h, x): el motor teqp no cubre el estado pedido (ver TASK_CONTEXT 2026-09-18-validar-teqp-nh3h2o). Detalle: h=51120 fuera de dominio a P=1.8e+06 Pa, x=0.8088"
470.0,300.032917,3600.0,2520.0,0.8,1.0,0.85,0.75,0.8,0.8,0.8,,,,False,NO_CONVERGIO,,,"T_from_Ph(P, h, x): el motor teqp no cubre el estado pedido (ver TASK_CONTEXT 2026-09-18-validar-teqp-nh3h2o). Detalle: h=52430 fuera de dominio a P=2.52e+06 Pa, x=0.8088"
470.0,300.032917,4000.0,2000.0,0.8,1.0,0.85,0.75,0.8,0.8,0.8,,,,False,NO_CONVERGIO,,,"T_from_Ph(P, h, x): el motor teqp no cubre el estado pedido (ver TASK_CONTEXT 2026-09-18-validar-teqp-nh3h2o). Detalle: h=46929.4 fuera de dominio a P=2e+06 Pa, x=0.8088"
470.0,300.032917,4500.0,3150.0,0.75,1.0,0.85,0.75,0.8,0.8,0.8,356.0016755872272,356.8441630685141,-0.8424874812869234,True,CORREGIBLE,0.0340369030159138,43.21560535232093,"[CORREGIBLE] O2: succión de la bomba bifásica bajo el peor caso de T_amb (riesgo de cavitación) (medido=356.84416306851415, esperado=<= 356.002 K). Causa probable: subenfriamiento insuficiente a la salida del condensador bajo el peor caso ambiental. Sugerencia: aumentar eps_cond o el margen de suben"
470.0,300.032917,4000.0,1280.0,0.8,1.0,0.85,0.75,0.8,0.8,0.8,314.65477058699355,317.2928892397146,-2.6381186527210616,True,CORREGIBLE,0.0984057631517403,121.84966647363828,"[CORREGIBLE] O2: succión de la bomba bifásica bajo el peor caso de T_amb (riesgo de cavitación) (medido=317.2928892397146, esperado=<= 314.655 K). Causa probable: subenfriamiento insuficiente a la salida del condensador bajo el peor caso ambiental. Sugerencia: aumentar eps_cond o el margen de subenf"
470.0,300.032917,4500.0,1440.0,0.8,1.0,0.85,0.75,0.8,0.8,0.8,319.05213334480845,321.4170785453059,-2.364945200497459,True,CORREGIBLE,0.1006496376943955,123.61209957339685,"[CORREGIBLE] O2: succión de la bomba bifásica bajo el peor caso de T_amb (riesgo de cavitación) (medido=321.4170785453059, esperado=<= 319.052 K). Causa probable: subenfriamiento insuficiente a la salida del condensador bajo el peor caso ambiental. Sugerencia: aumentar eps_cond o el margen de subenf"
470.0,300.032917,2800.0,895.0,0.85,1.0,0.85,0.75,0.8,0.8,0.8,,,,False,NO_CONVERGIO,,,"T_from_Ph(P, h, x): el motor teqp no cubre el estado pedido (ver TASK_CONTEXT 2026-09-18-validar-teqp-nh3h2o). Detalle: h=68987.7 fuera de dominio a P=8.95e+05 Pa, x=0.8570"
470.0,300.032917,2800.0,1400.0,0.85,1.0,0.85,0.75,0.8,0.8,0.8,,,,False,NO_CONVERGIO,,,"T_from_Ph(P, h, x): el motor teqp no cubre el estado pedido (ver TASK_CONTEXT 2026-09-18-validar-teqp-nh3h2o). Detalle: h=71320.3 fuera de dominio a P=1.4e+06 Pa, x=0.8570"
470.0,300.032917,4500.0,2250.0,0.8,1.0,0.85,0.75,0.8,0.8,0.8,337.072398158429,338.6044054706239,-1.532007312194878,True,CORREGIBLE,0.0654696408591691,80.41249186309835,"[CORREGIBLE] O2: succión de la bomba bifásica bajo el peor caso de T_amb (riesgo de cavitación) (medido=338.6044054706239, esperado=<= 337.072 K). Causa probable: subenfriamiento insuficiente a la salida del condensador bajo el peor caso ambiental. Sugerencia: aumentar eps_cond o el margen de subenf"
470.0,300.032917,2800.0,1960.0,0.85,1.0,0.85,0.75,0.8,0.8,0.8,,,,False,NO_CONVERGIO,,,"T_from_Ph(P, h, x): el motor teqp no cubre el estado pedido (ver TASK_CONTEXT 2026-09-18-validar-teqp-nh3h2o). Detalle: h=73130.3 fuera de dominio a P=1.96e+06 Pa, x=0.8570"
470.0,300.032917,3200.0,1025.0,0.85,1.0,0.85,0.75,0.8,0.8,0.8,,,,False,NO_CONVERGIO,,,"T_from_Ph(P, h, x): el motor teqp no cubre el estado pedido (ver TASK_CONTEXT 2026-09-18-validar-teqp-nh3h2o). Detalle: h=59123.2 fuera de dominio a P=1.025e+06 Pa, x=0.8570"
470.0,300.032917,3200.0,1600.0,0.85,1.0,0.85,0.75,0.8,0.8,0.8,,,,False,NO_CONVERGIO,,,"T_from_Ph(P, h, x): el motor teqp no cubre el estado pedido (ver TASK_CONTEXT 2026-09-18-validar-teqp-nh3h2o). Detalle: h=61124.3 fuera de dominio a P=1.6e+06 Pa, x=0.8570"
470.0,300.032917,3600.0,1150.0,0.85,1.0,0.85,0.75,0.8,0.8,0.8,,,,False,NO_CONVERGIO,,,"T_from_Ph(P, h, x): el motor teqp no cubre el estado pedido (ver TASK_CONTEXT 2026-09-18-validar-teqp-nh3h2o). Detalle: equilibrio no resoluble en T=480.89 K, P=3.6e+06 Pa, x=0.8570"
470.0,300.032917,3200.0,2240.0,0.85,1.0,0.85,0.75,0.8,0.8,0.8,,,,False,NO_CONVERGIO,,,"T_from_Ph(P, h, x): el motor teqp no cubre el estado pedido (ver TASK_CONTEXT 2026-09-18-validar-teqp-nh3h2o). Detalle: h=62697.4 fuera de dominio a P=2.24e+06 Pa, x=0.8570"
470.0,300.032917,3600.0,2520.0,0.85,1.0,0.85,0.75,0.8,0.8,0.8,,,,False,NO_CONVERGIO,,,"h(P, s, x): el motor teqp no cubre el estado pedido (ver TASK_CONTEXT 2026-09-18-validar-teqp-nh3h2o). Detalle: equilibrio no resoluble en T=454.86 K, P=2.52e+06 Pa, x=0.9185"
470.0,300.032917,3600.0,1800.0,0.85,1.0,0.85,0.75,0.8,0.8,0.8,,,,False,NO_CONVERGIO,,,"T_from_Ph(P, h, x): el motor teqp no cubre el estado pedido (ver TASK_CONTEXT 2026-09-18-validar-teqp-nh3h2o). Detalle: equilibrio no resoluble en T=480.89 K, P=3.6e+06 Pa, x=0.8570"
470.0,300.032917,4500.0,3150.0,0.8,1.0,0.85,0.75,0.8,0.8,0.8,352.283812921493,352.9821691273549,-0.6983562058618986,True,CORREGIBLE,0.0353077077693495,43.27628786453136,"[CORREGIBLE] O2: succión de la bomba bifásica bajo el peor caso de T_amb (riesgo de cavitación) (medido=352.9821691273549, esperado=<= 352.284 K). Causa probable: subenfriamiento insuficiente a la salida del condensador bajo el peor caso ambiental. Sugerencia: aumentar eps_cond o el margen de subenf"
470.0,300.032917,4000.0,1280.0,0.85,1.0,0.85,0.75,0.8,0.8,0.8,,,,False,NO_CONVERGIO,,,"T_from_Ph(P, h, x): el motor teqp no cubre el estado pedido (ver TASK_CONTEXT 2026-09-18-validar-teqp-nh3h2o). Detalle: equilibrio no resoluble en T=480.07 K, P=4e+06 Pa, x=0.8570"
470.0,300.032917,4000.0,2000.0,0.85,1.0,0.85,0.75,0.8,0.8,0.8,,,,False,NO_CONVERGIO,,,"T_from_Ph(P, h, x): el motor teqp no cubre el estado pedido (ver TASK_CONTEXT 2026-09-18-validar-teqp-nh3h2o). Detalle: equilibrio no resoluble en T=480.07 K, P=4e+06 Pa, x=0.8570"
470.0,300.032917,4500.0,1440.0,0.85,1.0,0.85,0.75,0.8,0.8,0.8,,,,False,NO_CONVERGIO,,,"T_from_Ph(P, h, x): el motor teqp no cubre el estado pedido (ver TASK_CONTEXT 2026-09-18-validar-teqp-nh3h2o). Detalle: equilibrio no resoluble en T=479.01 K, P=4.5e+06 Pa, x=0.8570"
470.0,300.032917,4500.0,2250.0,0.85,1.0,0.85,0.75,0.8,0.8,0.8,,,,False,NO_CONVERGIO,,,"T_from_Ph(P, h, x): el motor teqp no cubre el estado pedido (ver TASK_CONTEXT 2026-09-18-validar-teqp-nh3h2o). Detalle: equilibrio no resoluble en T=479.01 K, P=4.5e+06 Pa, x=0.8570"
470.0,300.032917,4500.0,3150.0,0.85,1.0,0.85,0.75,0.8,0.8,0.8,,,,False,NO_CONVERGIO,,,"T_from_Ph(P, h, x): el motor teqp no cubre el estado pedido (ver TASK_CONTEXT 2026-09-18-validar-teqp-nh3h2o). Detalle: equilibrio no resoluble en T=479.01 K, P=4.5e+06 Pa, x=0.8570"
480.0,300.032917,2800.0,895.0,0.7,1.0,0.85,0.75,0.8,0.8,0.8,,,,False,NO_CONVERGIO,,,"T_from_Ph(P, h, x): el motor teqp no cubre el estado pedido (ver TASK_CONTEXT 2026-09-18-validar-teqp-nh3h2o). Detalle: h=79204.9 fuera de dominio a P=8.95e+05 Pa, x=0.7117"
480.0,300.032917,2800.0,1400.0,0.7,1.0,0.85,0.75,0.8,0.8,0.8,,,,False,NO_CONVERGIO,,,"T_from_Ph(P, h, x): el motor teqp no cubre el estado pedido (ver TASK_CONTEXT 2026-09-18-validar-teqp-nh3h2o). Detalle: h=81803.2 fuera de dominio a P=1.4e+06 Pa, x=0.7117"
480.0,300.032917,2800.0,1960.0,0.7,1.0,0.85,0.75,0.8,0.8,0.8,,,,False,NO_CONVERGIO,,,"T_from_Ph(P, h, x): el motor teqp no cubre el estado pedido (ver TASK_CONTEXT 2026-09-18-validar-teqp-nh3h2o). Detalle: h=83836.1 fuera de dominio a P=1.96e+06 Pa, x=0.7117"
480.0,300.032917,3200.0,1025.0,0.7,1.0,0.85,0.75,0.8,0.8,0.8,,,,False,NO_CONVERGIO,,,"T_from_Ph(P, h, x): el motor teqp no cubre el estado pedido (ver TASK_CONTEXT 2026-09-18-validar-teqp-nh3h2o). Detalle: h=62997.7 fuera de dominio a P=1.025e+06 Pa, x=0.7117"
480.0,300.032917,3200.0,1600.0,0.7,1.0,0.85,0.75,0.8,0.8,0.8,,,,False,NO_CONVERGIO,,,"T_from_Ph(P, h, x): el motor teqp no cubre el estado pedido (ver TASK_CONTEXT 2026-09-18-validar-teqp-nh3h2o). Detalle: h=65076.4 fuera de dominio a P=1.6e+06 Pa, x=0.7117"
480.0,300.032917,3200.0,2240.0,0.7,1.0,0.85,0.75,0.8,0.8,0.8,,,,False,NO_CONVERGIO,,,"T_from_Ph(P, h, x): el motor teqp no cubre el estado pedido (ver TASK_CONTEXT 2026-09-18-validar-teqp-nh3h2o). Detalle: h=66708.8 fuera de dominio a P=2.24e+06 Pa, x=0.7117"
480.0,300.032917,3600.0,1150.0,0.7,1.0,0.85,0.75,0.8,0.8,0.8,,,,False,NO_CONVERGIO,,,"T_from_Ph(P, h, x): el motor teqp no cubre el estado pedido (ver TASK_CONTEXT 2026-09-18-validar-teqp-nh3h2o). Detalle: h=53841.7 fuera de dominio a P=1.15e+06 Pa, x=0.7117"
480.0,300.032917,3600.0,1800.0,0.7,1.0,0.85,0.75,0.8,0.8,0.8,,,,False,NO_CONVERGIO,,,"T_from_Ph(P, h, x): el motor teqp no cubre el estado pedido (ver TASK_CONTEXT 2026-09-18-validar-teqp-nh3h2o). Detalle: h=55644 fuera de dominio a P=1.8e+06 Pa, x=0.7117"
480.0,300.032917,4000.0,1280.0,0.7,1.0,0.85,0.75,0.8,0.8,0.8,,,,False,NO_CONVERGIO,,,"T_from_Ph(P, h, x): el motor teqp no cubre el estado pedido (ver TASK_CONTEXT 2026-09-18-validar-teqp-nh3h2o). Detalle: h=47927.2 fuera de dominio a P=1.28e+06 Pa, x=0.7117"
480.0,300.032917,3600.0,2520.0,0.7,1.0,0.85,0.75,0.8,0.8,0.8,,,,False,NO_CONVERGIO,,,"T_from_Ph(P, h, x): el motor teqp no cubre el estado pedido (ver TASK_CONTEXT 2026-09-18-validar-teqp-nh3h2o). Detalle: h=57031.6 fuera de dominio a P=2.52e+06 Pa, x=0.7117"
480.0,300.032917,4500.0,1440.0,0.7,1.0,0.85,0.75,0.8,0.8,0.8,,,,False,NO_CONVERGIO,,,"T_from_Ph(P, h, x): el motor teqp no cubre el estado pedido (ver TASK_CONTEXT 2026-09-18-validar-teqp-nh3h2o). Detalle: equilibrio no resoluble en T=518.99 K, P=4.5e+06 Pa, x=0.7117"
480.0,300.032917,4500.0,2250.0,0.7,1.0,0.85,0.75,0.8,0.8,0.8,,,,False,NO_CONVERGIO,,,"T_from_Ph(P, h, x): el motor teqp no cubre el estado pedido (ver TASK_CONTEXT 2026-09-18-validar-teqp-nh3h2o). Detalle: equilibrio no resoluble en T=518.99 K, P=4.5e+06 Pa, x=0.7117"
480.0,300.032917,4500.0,3150.0,0.7,1.0,0.85,0.75,0.8,0.8,0.8,,,,False,NO_CONVERGIO,,,"T_from_Ph(P, h, x): el motor teqp no cubre el estado pedido (ver TASK_CONTEXT 2026-09-18-validar-teqp-nh3h2o). Detalle: equilibrio no resoluble en T=518.99 K, P=4.5e+06 Pa, x=0.7117"
480.0,300.032917,4000.0,2000.0,0.7,1.0,0.85,0.75,0.8,0.8,0.8,,,,False,NO_CONVERGIO,,,"T_from_Ph(P, h, x): el motor teqp no cubre el estado pedido (ver TASK_CONTEXT 2026-09-18-validar-teqp-nh3h2o). Detalle: h=49520.5 fuera de dominio a P=2e+06 Pa, x=0.7117"
480.0,300.032917,2800.0,895.0,0.75,1.0,0.85,0.75,0.8,0.8,0.8,,,,False,NO_CONVERGIO,,,"T_from_Ph(P, h, x): el motor teqp no cubre el estado pedido (ver TASK_CONTEXT 2026-09-18-validar-teqp-nh3h2o). Detalle: h=85113.3 fuera de dominio a P=8.95e+05 Pa, x=0.7604"
480.0,300.032917,2800.0,1400.0,0.75,1.0,0.85,0.75,0.8,0.8,0.8,,,,False,NO_CONVERGIO,,,"T_from_Ph(P, h, x): el motor teqp no cubre el estado pedido (ver TASK_CONTEXT 2026-09-18-validar-teqp-nh3h2o). Detalle: h=87912.6 fuera de dominio a P=1.4e+06 Pa, x=0.7604"
480.0,300.032917,4000.0,2800.0,0.7,1.0,0.85,0.75,0.8,0.8,0.8,,,,False,NO_CONVERGIO,,,"T_from_Ph(P, h, x): el motor teqp no cubre el estado pedido (ver TASK_CONTEXT 2026-09-18-validar-teqp-nh3h2o). Detalle: h=50753.8 fuera de dominio a P=2.8e+06 Pa, x=0.7117"
480.0,300.032917,3200.0,1025.0,0.75,1.0,0.85,0.75,0.8,0.8,0.8,,,,False,NO_CONVERGIO,,,"T_from_Ph(P, h, x): el motor teqp no cubre el estado pedido (ver TASK_CONTEXT 2026-09-18-validar-teqp-nh3h2o). Detalle: h=67732.7 fuera de dominio a P=1.025e+06 Pa, x=0.7604"
480.0,300.032917,2800.0,1960.0,0.75,1.0,0.85,0.75,0.8,0.8,0.8,,,,False,NO_CONVERGIO,,,"T_from_Ph(P, h, x): el motor teqp no cubre el estado pedido (ver TASK_CONTEXT 2026-09-18-validar-teqp-nh3h2o). Detalle: h=90103.9 fuera de dominio a P=1.96e+06 Pa, x=0.7604"
480.0,300.032917,3200.0,1600.0,0.75,1.0,0.85,0.75,0.8,0.8,0.8,,,,False,NO_CONVERGIO,,,"T_from_Ph(P, h, x): el motor teqp no cubre el estado pedido (ver TASK_CONTEXT 2026-09-18-validar-teqp-nh3h2o). Detalle: h=69981 fuera de dominio a P=1.6e+06 Pa, x=0.7604"
480.0,300.032917,3200.0,2240.0,0.75,1.0,0.85,0.75,0.8,0.8,0.8,,,,False,NO_CONVERGIO,,,"T_from_Ph(P, h, x): el motor teqp no cubre el estado pedido (ver TASK_CONTEXT 2026-09-18-validar-teqp-nh3h2o). Detalle: h=71747.1 fuera de dominio a P=2.24e+06 Pa, x=0.7604"
480.0,300.032917,3600.0,1800.0,0.75,1.0,0.85,0.75,0.8,0.8,0.8,,,,False,NO_CONVERGIO,,,"T_from_Ph(P, h, x): el motor teqp no cubre el estado pedido (ver TASK_CONTEXT 2026-09-18-validar-teqp-nh3h2o). Detalle: h=59826.3 fuera de dominio a P=1.8e+06 Pa, x=0.7604"
480.0,300.032917,3600.0,1150.0,0.75,1.0,0.85,0.75,0.8,0.8,0.8,,,,False,NO_CONVERGIO,,,"T_from_Ph(P, h, x): el motor teqp no cubre el estado pedido (ver TASK_CONTEXT 2026-09-18-validar-teqp-nh3h2o). Detalle: h=57862.3 fuera de dominio a P=1.15e+06 Pa, x=0.7604"
480.0,300.032917,3600.0,2520.0,0.75,1.0,0.85,0.75,0.8,0.8,0.8,,,,False,NO_CONVERGIO,,,"T_from_Ph(P, h, x): el motor teqp no cubre el estado pedido (ver TASK_CONTEXT 2026-09-18-validar-teqp-nh3h2o). Detalle: h=61335 fuera de dominio a P=2.52e+06 Pa, x=0.7604"
480.0,300.032917,4000.0,2000.0,0.75,1.0,0.85,0.75,0.8,0.8,0.8,,,,False,NO_CONVERGIO,,,"h(P, s, x): el motor teqp no cubre el estado pedido (ver TASK_CONTEXT 2026-09-18-validar-teqp-nh3h2o). Detalle: equilibrio no resoluble en T=484.56 K, P=2e+06 Pa, x=0.8435"
480.0,300.032917,4000.0,1280.0,0.75,1.0,0.85,0.75,0.8,0.8,0.8,,,,False,NO_CONVERGIO,,,"T_from_Ph(P, h, x): el motor teqp no cubre el estado pedido (ver TASK_CONTEXT 2026-09-18-validar-teqp-nh3h2o). Detalle: h=51609.6 fuera de dominio a P=1.28e+06 Pa, x=0.7604"
480.0,300.032917,4000.0,2800.0,0.75,1.0,0.85,0.75,0.8,0.8,0.8,,,,False,NO_CONVERGIO,,,"T_from_Ph(P, h, x): el motor teqp no cubre el estado pedido (ver TASK_CONTEXT 2026-09-18-validar-teqp-nh3h2o). Detalle: h=54694.6 fuera de dominio a P=2.8e+06 Pa, x=0.7604"
480.0,300.032917,4500.0,2250.0,0.75,1.0,0.85,0.75,0.8,0.8,0.8,,,,False,NO_CONVERGIO,,,"T_from_Ph(P, h, x): el motor teqp no cubre el estado pedido (ver TASK_CONTEXT 2026-09-18-validar-teqp-nh3h2o). Detalle: h=47768.5 fuera de dominio a P=2.25e+06 Pa, x=0.7604"
480.0,300.032917,4500.0,3150.0,0.75,1.0,0.85,0.75,0.8,0.8,0.8,,,,False,NO_CONVERGIO,,,"T_from_Ph(P, h, x): el motor teqp no cubre el estado pedido (ver TASK_CONTEXT 2026-09-18-validar-teqp-nh3h2o). Detalle: h=48970.4 fuera de dominio a P=3.15e+06 Pa, x=0.7604"
480.0,300.032917,2800.0,895.0,0.8,1.0,0.85,0.75,0.8,0.8,0.8,,,,False,NO_CONVERGIO,,,"T_from_Ph(P, h, x): el motor teqp no cubre el estado pedido (ver TASK_CONTEXT 2026-09-18-validar-teqp-nh3h2o). Detalle: h=91029.3 fuera de dominio a P=8.95e+05 Pa, x=0.8088"
480.0,300.032917,2800.0,1400.0,0.8,1.0,0.85,0.75,0.8,0.8,0.8,,,,False,NO_CONVERGIO,,,"T_from_Ph(P, h, x): el motor teqp no cubre el estado pedido (ver TASK_CONTEXT 2026-09-18-validar-teqp-nh3h2o). Detalle: h=94027.2 fuera de dominio a P=1.4e+06 Pa, x=0.8088"
480.0,300.032917,2800.0,1960.0,0.8,1.0,0.85,0.75,0.8,0.8,0.8,,,,False,NO_CONVERGIO,,,"T_from_Ph(P, h, x): el motor teqp no cubre el estado pedido (ver TASK_CONTEXT 2026-09-18-validar-teqp-nh3h2o). Detalle: h=96375.3 fuera de dominio a P=1.96e+06 Pa, x=0.8088"
480.0,300.032917,3200.0,2240.0,0.8,1.0,0.85,0.75,0.8,0.8,0.8,,,,False,NO_CONVERGIO,,,"h(P, s, x): el motor teqp no cubre el estado pedido (ver TASK_CONTEXT 2026-09-18-validar-teqp-nh3h2o). Detalle: equilibrio no resoluble en T=473.84 K, P=2.24e+06 Pa, x=0.8770"
480.0,300.032917,3200.0,1025.0,0.8,1.0,0.85,0.75,0.8,0.8,0.8,,,,False,NO_CONVERGIO,,,"T_from_Ph(P, h, x): el motor teqp no cubre el estado pedido (ver TASK_CONTEXT 2026-09-18-validar-teqp-nh3h2o). Detalle: h=72484.9 fuera de dominio a P=1.025e+06 Pa, x=0.8088"
480.0,300.032917,3200.0,1600.0,0.8,1.0,0.85,0.75,0.8,0.8,0.8,,,,False,NO_CONVERGIO,,,"T_from_Ph(P, h, x): el motor teqp no cubre el estado pedido (ver TASK_CONTEXT 2026-09-18-validar-teqp-nh3h2o). Detalle: h=74901 fuera de dominio a P=1.6e+06 Pa, x=0.8088"
480.0,300.032917,3600.0,1150.0,0.8,1.0,0.85,0.75,0.8,0.8,0.8,,,,False,NO_CONVERGIO,,,"T_from_Ph(P, h, x): el motor teqp no cubre el estado pedido (ver TASK_CONTEXT 2026-09-18-validar-teqp-nh3h2o). Detalle: h=61941.2 fuera de dominio a P=1.15e+06 Pa, x=0.8088"
480.0,300.032917,3600.0,1800.0,0.8,1.0,0.85,0.75,0.8,0.8,0.8,,,,False,NO_CONVERGIO,,,"T_from_Ph(P, h, x): el motor teqp no cubre el estado pedido (ver TASK_CONTEXT 2026-09-18-validar-teqp-nh3h2o). Detalle: h=64043.7 fuera de dominio a P=1.8e+06 Pa, x=0.8088"
480.0,300.032917,3600.0,2520.0,0.8,1.0,0.85,0.75,0.8,0.8,0.8,,,,False,NO_CONVERGIO,,,"T_from_Ph(P, h, x): el motor teqp no cubre el estado pedido (ver TASK_CONTEXT 2026-09-18-validar-teqp-nh3h2o). Detalle: h=65684.5 fuera de dominio a P=2.52e+06 Pa, x=0.8088"
480.0,300.032917,4000.0,1280.0,0.8,1.0,0.85,0.75,0.8,0.8,0.8,,,,False,NO_CONVERGIO,,,"T_from_Ph(P, h, x): el motor teqp no cubre el estado pedido (ver TASK_CONTEXT 2026-09-18-validar-teqp-nh3h2o). Detalle: h=55305.9 fuera de dominio a P=1.28e+06 Pa, x=0.8088"
480.0,300.032917,4000.0,2000.0,0.8,1.0,0.85,0.75,0.8,0.8,0.8,,,,False,NO_CONVERGIO,,,"T_from_Ph(P, h, x): el motor teqp no cubre el estado pedido (ver TASK_CONTEXT 2026-09-18-validar-teqp-nh3h2o). Detalle: h=57194.2 fuera de dominio a P=2e+06 Pa, x=0.8088"
480.0,300.032917,4000.0,2800.0,0.8,1.0,0.85,0.75,0.8,0.8,0.8,,,,False,NO_CONVERGIO,,,"T_from_Ph(P, h, x): el motor teqp no cubre el estado pedido (ver TASK_CONTEXT 2026-09-18-validar-teqp-nh3h2o). Detalle: h=58648.7 fuera de dominio a P=2.8e+06 Pa, x=0.8088"
480.0,300.032917,4500.0,1440.0,0.8,1.0,0.85,0.75,0.8,0.8,0.8,,,,False,NO_CONVERGIO,,,"T_from_Ph(P, h, x): el motor teqp no cubre el estado pedido (ver TASK_CONTEXT 2026-09-18-validar-teqp-nh3h2o). Detalle: h=49641.4 fuera de dominio a P=1.44e+06 Pa, x=0.8088"
480.0,300.032917,2800.0,895.0,0.85,1.0,0.85,0.75,0.8,0.8,0.8,,,,False,NO_CONVERGIO,,,"h(P, T, x): el motor teqp no cubre el estado pedido (ver TASK_CONTEXT 2026-09-18-validar-teqp-nh3h2o). Detalle: equilibrio no resoluble en T=480.00 K, P=2.8e+06 Pa, x=0.8570"
480.0,300.032917,2800.0,1400.0,0.85,1.0,0.85,0.75,0.8,0.8,0.8,,,,False,NO_CONVERGIO,,,"h(P, T, x): el motor teqp no cubre el estado pedido (ver TASK_CONTEXT 2026-09-18-validar-teqp-nh3h2o). Detalle: equilibrio no resoluble en T=480.00 K, P=2.8e+06 Pa, x=0.8570"
480.0,300.032917,2800.0,1960.0,0.85,1.0,0.85,0.75,0.8,0.8,0.8,,,,False,NO_CONVERGIO,,,"h(P, T, x): el motor teqp no cubre el estado pedido (ver TASK_CONTEXT 2026-09-18-validar-teqp-nh3h2o). Detalle: equilibrio no resoluble en T=480.00 K, P=2.8e+06 Pa, x=0.8570"
480.0,300.032917,3200.0,1025.0,0.85,1.0,0.85,0.75,0.8,0.8,0.8,,,,False,NO_CONVERGIO,,,"h(P, T, x): el motor teqp no cubre el estado pedido (ver TASK_CONTEXT 2026-09-18-validar-teqp-nh3h2o). Detalle: equilibrio no resoluble en T=480.00 K, P=3.2e+06 Pa, x=0.8570"
480.0,300.032917,3200.0,1600.0,0.85,1.0,0.85,0.75,0.8,0.8,0.8,,,,False,NO_CONVERGIO,,,"h(P, T, x): el motor teqp no cubre el estado pedido (ver TASK_CONTEXT 2026-09-18-validar-teqp-nh3h2o). Detalle: equilibrio no resoluble en T=480.00 K, P=3.2e+06 Pa, x=0.8570"
480.0,300.032917,3200.0,2240.0,0.85,1.0,0.85,0.75,0.8,0.8,0.8,,,,False,NO_CONVERGIO,,,"h(P, T, x): el motor teqp no cubre el estado pedido (ver TASK_CONTEXT 2026-09-18-validar-teqp-nh3h2o). Detalle: equilibrio no resoluble en T=480.00 K, P=3.2e+06 Pa, x=0.8570"
480.0,300.032917,3600.0,1150.0,0.85,1.0,0.85,0.75,0.8,0.8,0.8,,,,False,NO_CONVERGIO,,,"h(P, T, x): el motor teqp no cubre el estado pedido (ver TASK_CONTEXT 2026-09-18-validar-teqp-nh3h2o). Detalle: equilibrio no resoluble en T=480.00 K, P=3.6e+06 Pa, x=0.8570"
480.0,300.032917,3600.0,1800.0,0.85,1.0,0.85,0.75,0.8,0.8,0.8,,,,False,NO_CONVERGIO,,,"h(P, T, x): el motor teqp no cubre el estado pedido (ver TASK_CONTEXT 2026-09-18-validar-teqp-nh3h2o). Detalle: equilibrio no resoluble en T=480.00 K, P=3.6e+06 Pa, x=0.8570"
480.0,300.032917,3600.0,2520.0,0.85,1.0,0.85,0.75,0.8,0.8,0.8,,,,False,NO_CONVERGIO,,,"h(P, T, x): el motor teqp no cubre el estado pedido (ver TASK_CONTEXT 2026-09-18-validar-teqp-nh3h2o). Detalle: equilibrio no resoluble en T=480.00 K, P=3.6e+06 Pa, x=0.8570"
480.0,300.032917,4000.0,1280.0,0.85,1.0,0.85,0.75,0.8,0.8,0.8,,,,False,NO_CONVERGIO,,,"h(P, T, x): el motor teqp no cubre el estado pedido (ver TASK_CONTEXT 2026-09-18-validar-teqp-nh3h2o). Detalle: equilibrio no resoluble en T=480.00 K, P=4e+06 Pa, x=0.8570"
480.0,300.032917,4000.0,2000.0,0.85,1.0,0.85,0.75,0.8,0.8,0.8,,,,False,NO_CONVERGIO,,,"h(P, T, x): el motor teqp no cubre el estado pedido (ver TASK_CONTEXT 2026-09-18-validar-teqp-nh3h2o). Detalle: equilibrio no resoluble en T=480.00 K, P=4e+06 Pa, x=0.8570"
480.0,300.032917,4000.0,2800.0,0.85,1.0,0.85,0.75,0.8,0.8,0.8,,,,False,NO_CONVERGIO,,,"h(P, T, x): el motor teqp no cubre el estado pedido (ver TASK_CONTEXT 2026-09-18-validar-teqp-nh3h2o). Detalle: equilibrio no resoluble en T=480.00 K, P=4e+06 Pa, x=0.8570"
480.0,300.032917,4500.0,1440.0,0.85,1.0,0.85,0.75,0.8,0.8,0.8,,,,False,NO_CONVERGIO,,,"h(P, T, x): el motor teqp no cubre el estado pedido (ver TASK_CONTEXT 2026-09-18-validar-teqp-nh3h2o). Detalle: equilibrio no resoluble en T=480.00 K, P=4.5e+06 Pa, x=0.8570"
480.0,300.032917,4500.0,2250.0,0.85,1.0,0.85,0.75,0.8,0.8,0.8,,,,False,NO_CONVERGIO,,,"h(P, T, x): el motor teqp no cubre el estado pedido (ver TASK_CONTEXT 2026-09-18-validar-teqp-nh3h2o). Detalle: equilibrio no resoluble en T=480.00 K, P=4.5e+06 Pa, x=0.8570"
480.0,300.032917,4500.0,3150.0,0.85,1.0,0.85,0.75,0.8,0.8,0.8,,,,False,NO_CONVERGIO,,,"h(P, T, x): el motor teqp no cubre el estado pedido (ver TASK_CONTEXT 2026-09-18-validar-teqp-nh3h2o). Detalle: equilibrio no resoluble en T=480.00 K, P=4.5e+06 Pa, x=0.8570"
480.0,300.032917,4500.0,1440.0,0.75,1.0,0.85,0.75,0.8,0.8,0.8,322.10377608185905,325.6372488512475,-3.5334727693884247,True,CORREGIBLE,0.0969407608857358,125.69338064200042,"[CORREGIBLE] O2: succión de la bomba bifásica bajo el peor caso de T_amb (riesgo de cavitación) (medido=325.6372488512475, esperado=<= 322.104 K). Causa probable: subenfriamiento insuficiente a la salida del condensador bajo el peor caso ambiental. Sugerencia: aumentar eps_cond o el margen de subenf"
480.0,300.032917,4500.0,3150.0,0.8,1.0,0.85,0.75,0.8,0.8,0.8,,,,False,NO_CONVERGIO,,,"T_from_Ph(P, h, x): el motor teqp no cubre el estado pedido (ver TASK_CONTEXT 2026-09-18-validar-teqp-nh3h2o). Detalle: h=52638.2 fuera de dominio a P=3.15e+06 Pa, x=0.8088"
480.0,300.032917,4500.0,2250.0,0.8,1.0,0.85,0.75,0.8,0.8,0.8,,,,False,NO_CONVERGIO,,,"T_from_Ph(P, h, x): el motor teqp no cubre el estado pedido (ver TASK_CONTEXT 2026-09-18-validar-teqp-nh3h2o). Detalle: h=51324.8 fuera de dominio a P=2.25e+06 Pa, x=0.8088"
500.0,300.032917,2800.0,895.0,0.7,1.0,0.85,0.75,0.8,0.8,0.8,,,,False,NO_CONVERGIO,,,"T_from_Ph(P, h, x): el motor teqp no cubre el estado pedido (ver TASK_CONTEXT 2026-09-18-validar-teqp-nh3h2o). Detalle: h=522915 fuera de dominio a P=8.95e+05 Pa, x=0.7117"
500.0,300.032917,2800.0,1400.0,0.7,1.0,0.85,0.75,0.8,0.8,0.8,,,,False,NO_CONVERGIO,,,"T_from_Ph(P, h, x): el motor teqp no cubre el estado pedido (ver TASK_CONTEXT 2026-09-18-validar-teqp-nh3h2o). Detalle: h=539815 fuera de dominio a P=1.4e+06 Pa, x=0.7117"
500.0,300.032917,2800.0,1960.0,0.7,1.0,0.85,0.75,0.8,0.8,0.8,,,,False,NO_CONVERGIO,,,"T_from_Ph(P, h, x): el motor teqp no cubre el estado pedido (ver TASK_CONTEXT 2026-09-18-validar-teqp-nh3h2o). Detalle: h=553036 fuera de dominio a P=1.96e+06 Pa, x=0.7117"
500.0,300.032917,3200.0,1025.0,0.7,1.0,0.85,0.75,0.8,0.8,0.8,,,,False,NO_CONVERGIO,,,"T_from_Ph(P, h, x): el motor teqp no cubre el estado pedido (ver TASK_CONTEXT 2026-09-18-validar-teqp-nh3h2o). Detalle: h=173846 fuera de dominio a P=1.025e+06 Pa, x=0.7117"
500.0,300.032917,3200.0,1600.0,0.7,1.0,0.85,0.75,0.8,0.8,0.8,,,,False,NO_CONVERGIO,,,"T_from_Ph(P, h, x): el motor teqp no cubre el estado pedido (ver TASK_CONTEXT 2026-09-18-validar-teqp-nh3h2o). Detalle: h=179529 fuera de dominio a P=1.6e+06 Pa, x=0.7117"
500.0,300.032917,3200.0,2240.0,0.7,1.0,0.85,0.75,0.8,0.8,0.8,,,,False,NO_CONVERGIO,,,"T_from_Ph(P, h, x): el motor teqp no cubre el estado pedido (ver TASK_CONTEXT 2026-09-18-validar-teqp-nh3h2o). Detalle: h=183990 fuera de dominio a P=2.24e+06 Pa, x=0.7117"
500.0,300.032917,3600.0,1150.0,0.7,1.0,0.85,0.75,0.8,0.8,0.8,,,,False,NO_CONVERGIO,,,"T_from_Ph(P, h, x): el motor teqp no cubre el estado pedido (ver TASK_CONTEXT 2026-09-18-validar-teqp-nh3h2o). Detalle: h=112373 fuera de dominio a P=1.15e+06 Pa, x=0.7117"
500.0,300.032917,3600.0,1800.0,0.7,1.0,0.85,0.75,0.8,0.8,0.8,,,,False,NO_CONVERGIO,,,"T_from_Ph(P, h, x): el motor teqp no cubre el estado pedido (ver TASK_CONTEXT 2026-09-18-validar-teqp-nh3h2o). Detalle: h=116140 fuera de dominio a P=1.8e+06 Pa, x=0.7117"
500.0,300.032917,3600.0,2520.0,0.7,1.0,0.85,0.75,0.8,0.8,0.8,,,,False,NO_CONVERGIO,,,"T_from_Ph(P, h, x): el motor teqp no cubre el estado pedido (ver TASK_CONTEXT 2026-09-18-validar-teqp-nh3h2o). Detalle: h=119005 fuera de dominio a P=2.52e+06 Pa, x=0.7117"
500.0,300.032917,4000.0,1280.0,0.7,1.0,0.85,0.75,0.8,0.8,0.8,,,,False,NO_CONVERGIO,,,"T_from_Ph(P, h, x): el motor teqp no cubre el estado pedido (ver TASK_CONTEXT 2026-09-18-validar-teqp-nh3h2o). Detalle: h=86999.8 fuera de dominio a P=1.28e+06 Pa, x=0.7117"
500.0,300.032917,4000.0,2000.0,0.7,1.0,0.85,0.75,0.8,0.8,0.8,,,,False,NO_CONVERGIO,,,"T_from_Ph(P, h, x): el motor teqp no cubre el estado pedido (ver TASK_CONTEXT 2026-09-18-validar-teqp-nh3h2o). Detalle: h=89891.6 fuera de dominio a P=2e+06 Pa, x=0.7117"
500.0,300.032917,4000.0,2800.0,0.7,1.0,0.85,0.75,0.8,0.8,0.8,,,,False,NO_CONVERGIO,,,"T_from_Ph(P, h, x): el motor teqp no cubre el estado pedido (ver TASK_CONTEXT 2026-09-18-validar-teqp-nh3h2o). Detalle: h=92102.1 fuera de dominio a P=2.8e+06 Pa, x=0.7117"
500.0,300.032917,4500.0,1440.0,0.7,1.0,0.85,0.75,0.8,0.8,0.8,,,,False,NO_CONVERGIO,,,"T_from_Ph(P, h, x): el motor teqp no cubre el estado pedido (ver TASK_CONTEXT 2026-09-18-validar-teqp-nh3h2o). Detalle: h=70241.4 fuera de dominio a P=1.44e+06 Pa, x=0.7117"
500.0,300.032917,4500.0,2250.0,0.7,1.0,0.85,0.75,0.8,0.8,0.8,,,,False,NO_CONVERGIO,,,"T_from_Ph(P, h, x): el motor teqp no cubre el estado pedido (ver TASK_CONTEXT 2026-09-18-validar-teqp-nh3h2o). Detalle: h=72566.3 fuera de dominio a P=2.25e+06 Pa, x=0.7117"
500.0,300.032917,2800.0,895.0,0.75,1.0,0.85,0.75,0.8,0.8,0.8,,,,False,NO_CONVERGIO,,,"T_from_Ph(P, h, x): el motor teqp no cubre el estado pedido (ver TASK_CONTEXT 2026-09-18-validar-teqp-nh3h2o). Detalle: h=562401 fuera de dominio a P=8.95e+05 Pa, x=0.7604"
500.0,300.032917,2800.0,1400.0,0.75,1.0,0.85,0.75,0.8,0.8,0.8,,,,False,NO_CONVERGIO,,,"T_from_Ph(P, h, x): el motor teqp no cubre el estado pedido (ver TASK_CONTEXT 2026-09-18-validar-teqp-nh3h2o). Detalle: h=580468 fuera de dominio a P=1.4e+06 Pa, x=0.7604"
500.0,300.032917,4500.0,3150.0,0.7,1.0,0.85,0.75,0.8,0.8,0.8,,,,False,NO_CONVERGIO,,,"T_from_Ph(P, h, x): el motor teqp no cubre el estado pedido (ver TASK_CONTEXT 2026-09-18-validar-teqp-nh3h2o). Detalle: h=74345.5 fuera de dominio a P=3.15e+06 Pa, x=0.7117"
500.0,300.032917,3200.0,1025.0,0.75,1.0,0.85,0.75,0.8,0.8,0.8,,,,False,NO_CONVERGIO,,,"T_from_Ph(P, h, x): el motor teqp no cubre el estado pedido (ver TASK_CONTEXT 2026-09-18-validar-teqp-nh3h2o). Detalle: equilibrio no resoluble en T=507.76 K, P=3.2e+06 Pa, x=0.7604"
500.0,300.032917,2800.0,1960.0,0.75,1.0,0.85,0.75,0.8,0.8,0.8,,,,False,NO_CONVERGIO,,,"T_from_Ph(P, h, x): el motor teqp no cubre el estado pedido (ver TASK_CONTEXT 2026-09-18-validar-teqp-nh3h2o). Detalle: h=594616 fuera de dominio a P=1.96e+06 Pa, x=0.7604"
500.0,300.032917,3200.0,1600.0,0.75,1.0,0.85,0.75,0.8,0.8,0.8,,,,False,NO_CONVERGIO,,,"T_from_Ph(P, h, x): el motor teqp no cubre el estado pedido (ver TASK_CONTEXT 2026-09-18-validar-teqp-nh3h2o). Detalle: equilibrio no resoluble en T=507.76 K, P=3.2e+06 Pa, x=0.7604"
500.0,300.032917,3200.0,2240.0,0.75,1.0,0.85,0.75,0.8,0.8,0.8,,,,False,NO_CONVERGIO,,,"T_from_Ph(P, h, x): el motor teqp no cubre el estado pedido (ver TASK_CONTEXT 2026-09-18-validar-teqp-nh3h2o). Detalle: equilibrio no resoluble en T=507.76 K, P=3.2e+06 Pa, x=0.7604"
500.0,300.032917,3600.0,1150.0,0.75,1.0,0.85,0.75,0.8,0.8,0.8,,,,False,NO_CONVERGIO,,,"T_from_Ph(P, h, x): el motor teqp no cubre el estado pedido (ver TASK_CONTEXT 2026-09-18-validar-teqp-nh3h2o). Detalle: equilibrio no resoluble en T=507.15 K, P=3.6e+06 Pa, x=0.7604"
500.0,300.032917,3600.0,2520.0,0.75,1.0,0.85,0.75,0.8,0.8,0.8,,,,False,NO_CONVERGIO,,,"T_from_Ph(P, h, x): el motor teqp no cubre el estado pedido (ver TASK_CONTEXT 2026-09-18-validar-teqp-nh3h2o). Detalle: equilibrio no resoluble en T=507.15 K, P=3.6e+06 Pa, x=0.7604"
500.0,300.032917,3600.0,1800.0,0.75,1.0,0.85,0.75,0.8,0.8,0.8,,,,False,NO_CONVERGIO,,,"T_from_Ph(P, h, x): el motor teqp no cubre el estado pedido (ver TASK_CONTEXT 2026-09-18-validar-teqp-nh3h2o). Detalle: equilibrio no resoluble en T=507.15 K, P=3.6e+06 Pa, x=0.7604"
500.0,300.032917,4000.0,1280.0,0.75,1.0,0.85,0.75,0.8,0.8,0.8,,,,False,NO_CONVERGIO,,,"T_from_Ph(P, h, x): el motor teqp no cubre el estado pedido (ver TASK_CONTEXT 2026-09-18-validar-teqp-nh3h2o). Detalle: equilibrio no resoluble en T=506.53 K, P=4e+06 Pa, x=0.7604"
500.0,300.032917,4000.0,2000.0,0.75,1.0,0.85,0.75,0.8,0.8,0.8,,,,False,NO_CONVERGIO,,,"T_from_Ph(P, h, x): el motor teqp no cubre el estado pedido (ver TASK_CONTEXT 2026-09-18-validar-teqp-nh3h2o). Detalle: equilibrio no resoluble en T=506.53 K, P=4e+06 Pa, x=0.7604"
500.0,300.032917,4000.0,2800.0,0.75,1.0,0.85,0.75,0.8,0.8,0.8,,,,False,NO_CONVERGIO,,,"T_from_Ph(P, h, x): el motor teqp no cubre el estado pedido (ver TASK_CONTEXT 2026-09-18-validar-teqp-nh3h2o). Detalle: equilibrio no resoluble en T=506.53 K, P=4e+06 Pa, x=0.7604"
500.0,300.032917,4500.0,1440.0,0.75,1.0,0.85,0.75,0.8,0.8,0.8,,,,False,NO_CONVERGIO,,,"T_from_Ph(P, h, x): el motor teqp no cubre el estado pedido (ver TASK_CONTEXT 2026-09-18-validar-teqp-nh3h2o). Detalle: equilibrio no resoluble en T=505.72 K, P=4.5e+06 Pa, x=0.7604"
500.0,300.032917,4500.0,2250.0,0.75,1.0,0.85,0.75,0.8,0.8,0.8,,,,False,NO_CONVERGIO,,,"T_from_Ph(P, h, x): el motor teqp no cubre el estado pedido (ver TASK_CONTEXT 2026-09-18-validar-teqp-nh3h2o). Detalle: equilibrio no resoluble en T=505.72 K, P=4.5e+06 Pa, x=0.7604"
500.0,300.032917,2800.0,1960.0,0.8,1.0,0.85,0.75,0.8,0.8,0.8,,,,False,NO_CONVERGIO,,,"h(P, s, x): el motor teqp no cubre el estado pedido (ver TASK_CONTEXT 2026-09-18-validar-teqp-nh3h2o). Detalle: equilibrio no resoluble en T=476.86 K, P=1.96e+06 Pa, x=0.8642"
500.0,300.032917,2800.0,895.0,0.8,1.0,0.85,0.75,0.8,0.8,0.8,,,,False,NO_CONVERGIO,,,"T_from_Ph(P, h, x): el motor teqp no cubre el estado pedido (ver TASK_CONTEXT 2026-09-18-validar-teqp-nh3h2o). Detalle: h=601691 fuera de dominio a P=8.95e+05 Pa, x=0.8088"
500.0,300.032917,4500.0,3150.0,0.75,1.0,0.85,0.75,0.8,0.8,0.8,,,,False,NO_CONVERGIO,,,"T_from_Ph(P, h, x): el motor teqp no cubre el estado pedido (ver TASK_CONTEXT 2026-09-18-validar-teqp-nh3h2o). Detalle: equilibrio no resoluble en T=505.72 K, P=4.5e+06 Pa, x=0.7604"
500.0,300.032917,2800.0,1400.0,0.8,1.0,0.85,0.75,0.8,0.8,0.8,,,,False,NO_CONVERGIO,,,"T_from_Ph(P, h, x): el motor teqp no cubre el estado pedido (ver TASK_CONTEXT 2026-09-18-validar-teqp-nh3h2o). Detalle: h=620906 fuera de dominio a P=1.4e+06 Pa, x=0.8088"
500.0,300.032917,3200.0,1025.0,0.8,1.0,0.85,0.75,0.8,0.8,0.8,,,,False,NO_CONVERGIO,,,"T_from_Ph(P, h, x): el motor teqp no cubre el estado pedido (ver TASK_CONTEXT 2026-09-18-validar-teqp-nh3h2o). Detalle: h=199768 fuera de dominio a P=1.025e+06 Pa, x=0.8088"
500.0,300.032917,3200.0,1600.0,0.8,1.0,0.85,0.75,0.8,0.8,0.8,,,,False,NO_CONVERGIO,,,"T_from_Ph(P, h, x): el motor teqp no cubre el estado pedido (ver TASK_CONTEXT 2026-09-18-validar-teqp-nh3h2o). Detalle: h=206264 fuera de dominio a P=1.6e+06 Pa, x=0.8088"
500.0,300.032917,3200.0,2240.0,0.8,1.0,0.85,0.75,0.8,0.8,0.8,,,,False,NO_CONVERGIO,,,"T_from_Ph(P, h, x): el motor teqp no cubre el estado pedido (ver TASK_CONTEXT 2026-09-18-validar-teqp-nh3h2o). Detalle: h=211373 fuera de dominio a P=2.24e+06 Pa, x=0.8088"
500.0,300.032917,3600.0,1150.0,0.8,1.0,0.85,0.75,0.8,0.8,0.8,,,,False,NO_CONVERGIO,,,"T_from_Ph(P, h, x): el motor teqp no cubre el estado pedido (ver TASK_CONTEXT 2026-09-18-validar-teqp-nh3h2o). Detalle: h=128927 fuera de dominio a P=1.15e+06 Pa, x=0.8088"
500.0,300.032917,3600.0,1800.0,0.8,1.0,0.85,0.75,0.8,0.8,0.8,,,,False,NO_CONVERGIO,,,"T_from_Ph(P, h, x): el motor teqp no cubre el estado pedido (ver TASK_CONTEXT 2026-09-18-validar-teqp-nh3h2o). Detalle: h=133219 fuera de dominio a P=1.8e+06 Pa, x=0.8088"
500.0,300.032917,3600.0,2520.0,0.8,1.0,0.85,0.75,0.8,0.8,0.8,,,,False,NO_CONVERGIO,,,"T_from_Ph(P, h, x): el motor teqp no cubre el estado pedido (ver TASK_CONTEXT 2026-09-18-validar-teqp-nh3h2o). Detalle: h=136571 fuera de dominio a P=2.52e+06 Pa, x=0.8088"
500.0,300.032917,4000.0,1280.0,0.8,1.0,0.85,0.75,0.8,0.8,0.8,,,,False,NO_CONVERGIO,,,"T_from_Ph(P, h, x): el motor teqp no cubre el estado pedido (ver TASK_CONTEXT 2026-09-18-validar-teqp-nh3h2o). Detalle: h=99630.4 fuera de dominio a P=1.28e+06 Pa, x=0.8088"
500.0,300.032917,4000.0,2000.0,0.8,1.0,0.85,0.75,0.8,0.8,0.8,,,,False,NO_CONVERGIO,,,"T_from_Ph(P, h, x): el motor teqp no cubre el estado pedido (ver TASK_CONTEXT 2026-09-18-validar-teqp-nh3h2o). Detalle: h=102999 fuera de dominio a P=2e+06 Pa, x=0.8088"
500.0,300.032917,4000.0,2800.0,0.8,1.0,0.85,0.75,0.8,0.8,0.8,,,,False,NO_CONVERGIO,,,"T_from_Ph(P, h, x): el motor teqp no cubre el estado pedido (ver TASK_CONTEXT 2026-09-18-validar-teqp-nh3h2o). Detalle: h=105570 fuera de dominio a P=2.8e+06 Pa, x=0.8088"
500.0,300.032917,4500.0,1440.0,0.8,1.0,0.85,0.75,0.8,0.8,0.8,,,,False,NO_CONVERGIO,,,"T_from_Ph(P, h, x): el motor teqp no cubre el estado pedido (ver TASK_CONTEXT 2026-09-18-validar-teqp-nh3h2o). Detalle: h=80660.2 fuera de dominio a P=1.44e+06 Pa, x=0.8088"
500.0,300.032917,4500.0,2250.0,0.8,1.0,0.85,0.75,0.8,0.8,0.8,,,,False,NO_CONVERGIO,,,"T_from_Ph(P, h, x): el motor teqp no cubre el estado pedido (ver TASK_CONTEXT 2026-09-18-validar-teqp-nh3h2o). Detalle: h=83382.6 fuera de dominio a P=2.25e+06 Pa, x=0.8088"
500.0,300.032917,2800.0,895.0,0.85,1.0,0.85,0.75,0.8,0.8,0.8,,,,False,NO_CONVERGIO,,,"T_from_Ph(P, h, x): el motor teqp no cubre el estado pedido (ver TASK_CONTEXT 2026-09-18-validar-teqp-nh3h2o). Detalle: h=640379 fuera de dominio a P=8.95e+05 Pa, x=0.8570"
500.0,300.032917,4500.0,3150.0,0.8,1.0,0.85,0.75,0.8,0.8,0.8,,,,False,NO_CONVERGIO,,,"T_from_Ph(P, h, x): el motor teqp no cubre el estado pedido (ver TASK_CONTEXT 2026-09-18-validar-teqp-nh3h2o). Detalle: h=85460.2 fuera de dominio a P=3.15e+06 Pa, x=0.8088"
500.0,300.032917,2800.0,1400.0,0.85,1.0,0.85,0.75,0.8,0.8,0.8,,,,False,NO_CONVERGIO,,,"T_from_Ph(P, h, x): el motor teqp no cubre el estado pedido (ver TASK_CONTEXT 2026-09-18-validar-teqp-nh3h2o). Detalle: h=661100 fuera de dominio a P=1.4e+06 Pa, x=0.8570"
500.0,300.032917,3200.0,1025.0,0.85,1.0,0.85,0.75,0.8,0.8,0.8,,,,False,NO_CONVERGIO,,,"T_from_Ph(P, h, x): el motor teqp no cubre el estado pedido (ver TASK_CONTEXT 2026-09-18-validar-teqp-nh3h2o). Detalle: h=212672 fuera de dominio a P=1.025e+06 Pa, x=0.8570"
500.0,300.032917,3200.0,1600.0,0.85,1.0,0.85,0.75,0.8,0.8,0.8,,,,False,NO_CONVERGIO,,,"T_from_Ph(P, h, x): el motor teqp no cubre el estado pedido (ver TASK_CONTEXT 2026-09-18-validar-teqp-nh3h2o). Detalle: h=219568 fuera de dominio a P=1.6e+06 Pa, x=0.8570"
500.0,300.032917,2800.0,1960.0,0.85,1.0,0.85,0.75,0.8,0.8,0.8,,,,False,NO_CONVERGIO,,,"T_from_Ph(P, h, x): el motor teqp no cubre el estado pedido (ver TASK_CONTEXT 2026-09-18-validar-teqp-nh3h2o). Detalle: h=677069 fuera de dominio a P=1.96e+06 Pa, x=0.8570"
500.0,300.032917,3600.0,2520.0,0.85,1.0,0.85,0.75,0.8,0.8,0.8,,,,False,NO_CONVERGIO,,,"h(P, s, x): el motor teqp no cubre el estado pedido (ver TASK_CONTEXT 2026-09-18-validar-teqp-nh3h2o). Detalle: equilibrio no resoluble en T=463.61 K, P=2.52e+06 Pa, x=0.9030"
500.0,300.032917,3200.0,2240.0,0.85,1.0,0.85,0.75,0.8,0.8,0.8,,,,False,NO_CONVERGIO,,,"T_from_Ph(P, h, x): el motor teqp no cubre el estado pedido (ver TASK_CONTEXT 2026-09-18-validar-teqp-nh3h2o). Detalle: h=224996 fuera de dominio a P=2.24e+06 Pa, x=0.8570"
500.0,300.032917,3600.0,1150.0,0.85,1.0,0.85,0.75,0.8,0.8,0.8,,,,False,NO_CONVERGIO,,,"T_from_Ph(P, h, x): el motor teqp no cubre el estado pedido (ver TASK_CONTEXT 2026-09-18-validar-teqp-nh3h2o). Detalle: h=137265 fuera de dominio a P=1.15e+06 Pa, x=0.8570"
500.0,300.032917,3600.0,1800.0,0.85,1.0,0.85,0.75,0.8,0.8,0.8,,,,False,NO_CONVERGIO,,,"T_from_Ph(P, h, x): el motor teqp no cubre el estado pedido (ver TASK_CONTEXT 2026-09-18-validar-teqp-nh3h2o). Detalle: h=141833 fuera de dominio a P=1.8e+06 Pa, x=0.8570"
500.0,300.032917,4000.0,1280.0,0.85,1.0,0.85,0.75,0.8,0.8,0.8,,,,False,NO_CONVERGIO,,,"T_from_Ph(P, h, x): el motor teqp no cubre el estado pedido (ver TASK_CONTEXT 2026-09-18-validar-teqp-nh3h2o). Detalle: h=105991 fuera de dominio a P=1.28e+06 Pa, x=0.8570"
500.0,300.032917,4000.0,2000.0,0.85,1.0,0.85,0.75,0.8,0.8,0.8,,,,False,NO_CONVERGIO,,,"T_from_Ph(P, h, x): el motor teqp no cubre el estado pedido (ver TASK_CONTEXT 2026-09-18-validar-teqp-nh3h2o). Detalle: h=109591 fuera de dominio a P=2e+06 Pa, x=0.8570"
500.0,300.032917,4500.0,1440.0,0.85,1.0,0.85,0.75,0.8,0.8,0.8,,,,False,NO_CONVERGIO,,,"T_from_Ph(P, h, x): el motor teqp no cubre el estado pedido (ver TASK_CONTEXT 2026-09-18-validar-teqp-nh3h2o). Detalle: h=85902 fuera de dominio a P=1.44e+06 Pa, x=0.8570"
500.0,300.032917,4000.0,2800.0,0.85,1.0,0.85,0.75,0.8,0.8,0.8,,,,False,NO_CONVERGIO,,,"T_from_Ph(P, h, x): el motor teqp no cubre el estado pedido (ver TASK_CONTEXT 2026-09-18-validar-teqp-nh3h2o). Detalle: h=112337 fuera de dominio a P=2.8e+06 Pa, x=0.8570"
500.0,300.032917,4500.0,2250.0,0.85,1.0,0.85,0.75,0.8,0.8,0.8,,,,False,NO_CONVERGIO,,,"T_from_Ph(P, h, x): el motor teqp no cubre el estado pedido (ver TASK_CONTEXT 2026-09-18-validar-teqp-nh3h2o). Detalle: h=88773.8 fuera de dominio a P=2.25e+06 Pa, x=0.8570"
500.0,300.032917,4500.0,3150.0,0.85,1.0,0.85,0.75,0.8,0.8,0.8,,,,False,NO_CONVERGIO,,,"T_from_Ph(P, h, x): el motor teqp no cubre el estado pedido (ver TASK_CONTEXT 2026-09-18-validar-teqp-nh3h2o). Detalle: h=91043.7 fuera de dominio a P=3.15e+06 Pa, x=0.8570"
380.0,300.032917,3600.0,1025.0,0.7,1.0,0.85,0.75,0.8,0.8,0.8,313.11082082230485,313.54914304261075,-0.4383222203059063,True,CORREGIBLE,0.0828338735334329,26.43255622033873,"[CORREGIBLE] O2: succión de la bomba bifásica bajo el peor caso de T_amb (riesgo de cavitación) (medido=313.54914304261075, esperado=<= 313.111 K). Causa probable: subenfriamiento insuficiente a la salida del condensador bajo el peor caso ambiental. Sugerencia: aumentar eps_cond o el margen de suben"
380.0,300.032917,3600.0,1169.0,0.7,1.0,0.85,0.75,0.8,0.8,0.8,317.892368337772,317.95208105384955,-0.0597127160775698,True,CORREGIBLE,0.0486027946689871,15.475300460238202,"[CORREGIBLE] O2: succión de la bomba bifásica bajo el peor caso de T_amb (riesgo de cavitación) (medido=317.95208105384955, esperado=<= 317.892 K). Causa probable: subenfriamiento insuficiente a la salida del condensador bajo el peor caso ambiental. Sugerencia: aumentar eps_cond o el margen de suben"
380.0,300.032917,3200.0,1230.0,0.7,1.0,0.85,0.75,0.8,0.8,0.8,319.7888825076527,319.98347657048885,-0.1945940628361313,True,CORREGIBLE,0.0723927482769298,28.72188315271177,"[CORREGIBLE] O2: succión de la bomba bifásica bajo el peor caso de T_amb (riesgo de cavitación) (medido=319.98347657048885, esperado=<= 319.789 K). Causa probable: subenfriamiento insuficiente a la salida del condensador bajo el peor caso ambiental. Sugerencia: aumentar eps_cond o el margen de suben"
380.0,300.032917,3200.0,1358.0,0.7,1.0,0.85,0.75,0.8,0.8,0.8,323.5573086406862,322.04000043913703,1.517308201549156,True,KALINA,0.0650814082153105,25.80913433316504,"KALINA: régimen Kalina genuino y admisible, sin fallas."
380.0,300.032917,4000.0,1140.0,0.7,1.0,0.85,0.75,0.8,0.8,0.8,316.96544300250827,313.92910774404453,3.036335258463737,True,KALINA,0.0615214814340392,13.977323111528555,"KALINA: régimen Kalina genuino y admisible, sin fallas."
380.0,300.032917,4000.0,1300.0,0.7,1.0,0.85,0.75,0.8,0.8,0.8,321.88302225589183,314.0093857047164,7.873636551175423,True,KALINA,0.0546249622748048,12.407813240273736,"KALINA: régimen Kalina genuino y admisible, sin fallas."
380.0,300.032917,3600.0,1385.0,0.75,1.0,0.85,0.75,0.8,0.8,0.8,320.6098653763916,320.7998752916971,-0.1900099153054952,True,CORREGIBLE,0.0745109530190096,32.11020196527819,"[CORREGIBLE] O2: succión de la bomba bifásica bajo el peor caso de T_amb (riesgo de cavitación) (medido=320.7998752916971, esperado=<= 320.610 K). Causa probable: subenfriamiento insuficiente a la salida del condensador bajo el peor caso ambiental. Sugerencia: aumentar eps_cond o el margen de subenf"
380.0,300.032917,3600.0,1529.0,0.75,1.0,0.85,0.75,0.8,0.8,0.8,324.43616481219175,323.5631799319042,0.8729848802875608,True,KALINA,0.0669629593573873,28.84307122716958,"KALINA: régimen Kalina genuino y admisible, sin fallas."
380.0,300.032917,4000.0,1140.0,0.75,1.0,0.85,0.75,0.8,0.8,0.8,313.37577369033926,313.77555600611294,-0.3997823157736775,True,CORREGIBLE,0.086379524506864,30.51400581925749,"[CORREGIBLE] O2: succión de la bomba bifásica bajo el peor caso de T_amb (riesgo de cavitación) (medido=313.77555600611294, esperado=<= 313.376 K). Causa probable: subenfriamiento insuficiente a la salida del condensador bajo el peor caso ambiental. Sugerencia: aumentar eps_cond o el margen de suben"
380.0,300.032917,4000.0,1300.0,0.75,1.0,0.85,0.75,0.8,0.8,0.8,318.21413991795293,318.3102113505587,-0.0960714326057541,True,CORREGIBLE,0.0776803505022593,27.430367534950577,"[CORREGIBLE] O2: succión de la bomba bifásica bajo el peor caso de T_amb (riesgo de cavitación) (medido=318.3102113505587, esperado=<= 318.214 K). Causa probable: subenfriamiento insuficiente a la salida del condensador bajo el peor caso ambiental. Sugerencia: aumentar eps_cond o el margen de subenf"
380.0,300.032917,4000.0,1540.0,0.8,1.0,0.85,0.75,0.8,0.8,0.8,321.6221401844145,321.7966808474782,-0.1745406630637376,True,CORREGIBLE,0.0765602074387088,36.13140082058216,"[CORREGIBLE] O2: succión de la bomba bifásica bajo el peor caso de T_amb (riesgo de cavitación) (medido=321.7966808474782, esperado=<= 321.622 K). Causa probable: subenfriamiento insuficiente a la salida del condensador bajo el peor caso ambiental. Sugerencia: aumentar eps_cond o el margen de subenf"
380.0,300.032917,4500.0,819.0,0.75,1.0,0.85,0.75,0.8,0.8,0.8,301.91237749067614,303.98638844906736,-2.074010958391227,True,CORREGIBLE,0.0786721124975053,17.954273173447767,"[CORREGIBLE] O2: succión de la bomba bifásica bajo el peor caso de T_amb (riesgo de cavitación) (medido=303.98638844906736, esperado=<= 301.912 K). Causa probable: subenfriamiento insuficiente a la salida del condensador bajo el peor caso ambiental. Sugerencia: aumentar eps_cond o el margen de suben"
380.0,300.032917,4000.0,1700.0,0.8,1.0,0.85,0.75,0.8,0.8,0.8,325.4930160641757,325.4070743875456,0.0859416766301137,True,KALINA,0.068783685234201,32.44411119158124,"KALINA: régimen Kalina genuino y admisible, sin fallas."
380.0,300.032917,4500.0,1282.0,0.8,1.0,0.85,0.75,0.8,0.8,0.8,314.7121568394383,314.96510448372027,-0.25294764428196,True,CORREGIBLE,0.0868253183701713,32.147084215607954,"[CORREGIBLE] O2: succión de la bomba bifásica bajo el peor caso de T_amb (riesgo de cavitación) (medido=314.96510448372027, esperado=<= 314.712 K). Causa probable: subenfriamiento insuficiente a la salida del condensador bajo el peor caso ambiental. Sugerencia: aumentar eps_cond o el margen de suben"
380.0,300.032917,4500.0,1462.0,0.8,1.0,0.85,0.75,0.8,0.8,0.8,319.6284257060561,319.6657145281057,-0.0372888220496747,True,CORREGIBLE,0.0778419360617941,28.808707423887867,"[CORREGIBLE] O2: succión de la bomba bifásica bajo el peor caso de T_amb (riesgo de cavitación) (medido=319.66571452810575, esperado=<= 319.628 K). Causa probable: subenfriamiento insuficiente a la salida del condensador bajo el peor caso ambiental. Sugerencia: aumentar eps_cond o el margen de suben"
380.0,300.032917,4500.0,1732.0,0.85,1.0,0.85,0.75,0.8,0.8,0.8,323.5708343152955,323.70885160389844,-0.1380172886029527,True,CORREGIBLE,0.0320333888594731,16.079733863090063,"[CORREGIBLE] O2: succión de la bomba bifásica bajo el peor caso de T_amb (riesgo de cavitación) (medido=323.70885160389844, esperado=<= 323.571 K). Causa probable: subenfriamiento insuficiente a la salida del condensador bajo el peor caso ambiental. Sugerencia: aumentar eps_cond o el margen de suben"
380.0,300.032917,4500.0,1912.0,0.85,1.0,0.85,0.75,0.8,0.8,0.8,327.4993865157317,326.8696215073021,0.6297650084296151,True,KALINA,0.0692815365202957,34.90940715535687,"KALINA: régimen Kalina genuino y admisible, sin fallas."
400.0,300.032917,3600.0,1385.0,0.7,1.0,0.85,0.75,0.8,0.8,0.8,324.3191844010783,324.7568451809843,-0.4376607799060252,True,CORREGIBLE,0.0785981454863533,42.97431664663021,"[CORREGIBLE] O2: succión de la bomba bifásica bajo el peor caso de T_amb (riesgo de cavitación) (medido=324.7568451809843, esperado=<= 324.319 K). Causa probable: subenfriamiento insuficiente a la salida del condensador bajo el peor caso ambiental. Sugerencia: aumentar eps_cond o el margen de subenf"
400.0,300.032917,3600.0,1529.0,0.7,1.0,0.85,0.75,0.8,0.8,0.8,328.2118180460698,328.2925148276062,-0.0806967815364032,True,CORREGIBLE,0.0707238079211862,38.64534718146945,"[CORREGIBLE] O2: succión de la bomba bifásica bajo el peor caso de T_amb (riesgo de cavitación) (medido=328.2925148276062, esperado=<= 328.212 K). Causa probable: subenfriamiento insuficiente a la salida del condensador bajo el peor caso ambiental. Sugerencia: aumentar eps_cond o el margen de subenf"
400.0,300.032917,4000.0,1540.0,0.7,1.0,0.85,0.75,0.8,0.8,0.8,328.49820386809074,326.4516584658503,2.04654540224044,True,KALINA,0.0744629415350663,36.7667775291626,"KALINA: régimen Kalina genuino y admisible, sin fallas."
400.0,300.032917,4500.0,1282.0,0.7,1.0,0.85,0.75,0.8,0.8,0.8,321.3524722141026,321.49562382769005,-0.1431516135874631,True,CORREGIBLE,0.0888748281568353,37.78799582940699,"[CORREGIBLE] O2: succión de la bomba bifásica bajo el peor caso de T_amb (riesgo de cavitación) (medido=321.49562382769005, esperado=<= 321.352 K). Causa probable: subenfriamiento insuficiente a la salida del condensador bajo el peor caso ambiental. Sugerencia: aumentar eps_cond o el margen de suben"
400.0,300.032917,4000.0,1700.0,0.7,1.0,0.85,0.75,0.8,0.8,0.8,332.50801859091257,326.6339971337226,5.874021457189997,True,KALINA,0.0668752952012693,33.00253438977951,"KALINA: régimen Kalina genuino y admisible, sin fallas."
400.0,300.032917,4000.0,1540.0,0.75,1.0,0.85,0.75,0.8,0.8,0.8,324.7175843565779,325.14082984527624,-0.4232454886983419,True,CORREGIBLE,0.0811320252718158,47.73746330646089,"[CORREGIBLE] O2: succión de la bomba bifásica bajo el peor caso de T_amb (riesgo de cavitación) (medido=325.14082984527624, esperado=<= 324.718 K). Causa probable: subenfriamiento insuficiente a la salida del condensador bajo el peor caso ambiental. Sugerencia: aumentar eps_cond o el margen de suben"
400.0,300.032917,4500.0,1462.0,0.7,1.0,0.85,0.75,0.8,0.8,0.8,326.4348990813143,323.0824779391429,3.3524211421714085,True,KALINA,0.0796878646820588,33.86225603961907,"KALINA: régimen Kalina genuino y admisible, sin fallas."
400.0,300.032917,4000.0,1700.0,0.75,1.0,0.85,0.75,0.8,0.8,0.8,328.656584583515,328.8145345123595,-0.1579499288445163,True,CORREGIBLE,0.0730918551969554,42.98041507155824,"[CORREGIBLE] O2: succión de la bomba bifásica bajo el peor caso de T_amb (riesgo de cavitación) (medido=328.8145345123595, esperado=<= 328.657 K). Causa probable: subenfriamiento insuficiente a la salida del condensador bajo el peor caso ambiental. Sugerencia: aumentar eps_cond o el margen de subenf"
400.0,300.032917,4500.0,1732.0,0.8,1.0,0.85,0.75,0.8,0.8,0.8,326.23525980675413,326.5398687821358,-0.3046089753816545,True,CORREGIBLE,0.0828013035839132,51.72144849595974,"[CORREGIBLE] O2: succión de la bomba bifásica bajo el peor caso de T_amb (riesgo de cavitación) (medido=326.5398687821358, esperado=<= 326.235 K). Causa probable: subenfriamiento insuficiente a la salida del condensador bajo el peor caso ambiental. Sugerencia: aumentar eps_cond o el margen de subenf"
400.0,300.032917,4500.0,1732.0,0.75,1.0,0.85,0.75,0.8,0.8,0.8,329.41219711391875,327.89822398297656,1.5139731309421904,True,KALINA,0.0764706034025892,40.33876166849,"KALINA: régimen Kalina genuino y admisible, sin fallas."
400.0,300.032917,4500.0,1912.0,0.75,1.0,0.85,0.75,0.8,0.8,0.8,333.48672437635463,328.0985565240929,5.388167852261745,True,KALINA,0.0686577608640712,36.19672249477666,"KALINA: régimen Kalina genuino y admisible, sin fallas."
400.0,300.032917,4500.0,1912.0,0.8,1.0,0.85,0.75,0.8,0.8,0.8,330.2359643855779,330.3489717877868,-0.1130074022088933,True,CORREGIBLE,0.0745672162442907,46.54792588820979,"[CORREGIBLE] O2: succión de la bomba bifásica bajo el peor caso de T_amb (riesgo de cavitación) (medido=330.3489717877868, esperado=<= 330.236 K). Causa probable: subenfriamiento insuficiente a la salida del condensador bajo el peor caso ambiental. Sugerencia: aumentar eps_cond o el margen de subenf"
420.0,300.032917,4500.0,1732.0,0.7,1.0,0.85,0.75,0.8,0.8,0.8,333.277499149238,332.9836569412599,0.2938422079781162,True,KALINA,0.0788463731695318,50.11649694936729,"KALINA: régimen Kalina genuino y admisible, sin fallas."
420.0,300.032917,4500.0,1912.0,0.7,1.0,0.85,0.75,0.8,0.8,0.8,337.4284423157889,333.227734061942,4.200708253846983,True,KALINA,0.0708108000955943,44.97831922839391,"KALINA: régimen Kalina genuino y admisible, sin fallas."
380.0,300.032917,3200.0,1358.0,0.7,1.0,0.85,0.75,0.8,0.8,0.85,323.5573086406862,316.93340925103274,6.623899389653445,True,KALINA,0.0632984195390024,25.65811943450143,"KALINA: régimen Kalina genuino y admisible, sin fallas."
380.0,300.032917,3200.0,1358.0,0.7,1.0,0.85,0.75,0.8,0.8,0.75,323.5573086406862,323.9382609292354,-0.3809522885492242,True,CORREGIBLE,0.0670619552649686,25.95454674115239,"[CORREGIBLE] O2: succión de la bomba bifásica bajo el peor caso de T_amb (riesgo de cavitación) (medido=323.9382609292354, esperado=<= 323.557 K). Causa probable: subenfriamiento insuficiente a la salida del condensador bajo el peor caso ambiental. Sugerencia: aumentar eps_cond o el margen de subenf"
380.0,300.032917,3200.0,1358.0,0.7,1.0,0.8,0.75,0.8,0.8,0.8,323.5573086406862,322.1210455316792,1.4362631090070297,True,KALINA,0.0607711241578858,24.091567182162056,"KALINA: régimen Kalina genuino y admisible, sin fallas."
380.0,300.032917,3200.0,1358.0,0.7,1.0,0.9,0.75,0.8,0.8,0.8,323.5573086406862,321.9589625773932,1.5983460632929791,True,KALINA,0.0693879170070829,27.526371673013703,"KALINA: régimen Kalina genuino y admisible, sin fallas."
380.0,300.032917,3200.0,1358.0,0.7,1.0,0.85,0.75,0.85,0.85,0.8,323.5573086406862,322.72282393125585,0.8344847094303418,True,KALINA,0.0679160093757621,27.986564962065657,"KALINA: régimen Kalina genuino y admisible, sin fallas."
380.0,300.032917,3200.0,1358.0,0.7,1.0,0.85,0.75,0.75,0.75,0.8,323.5573086406862,321.3124752069534,2.244833433732765,True,KALINA,0.0619054037971866,23.529933087786304,"KALINA: régimen Kalina genuino y admisible, sin fallas."
380.0,300.032917,4000.0,1440.0,0.75,1.0,0.85,0.75,0.8,0.8,0.75,322.10377608185905,322.27899769994013,-0.1752216180810819,True,CORREGIBLE,0.0727188955484216,25.09488179079247,"[CORREGIBLE] O2: succión de la bomba bifásica bajo el peor caso de T_amb (riesgo de cavitación) (medido=322.27899769994013, esperado=<= 322.104 K). Causa probable: subenfriamiento insuficiente a la salida del condensador bajo el peor caso ambiental. Sugerencia: aumentar eps_cond o el margen de suben"
380.0,300.032917,4000.0,1440.0,0.75,1.0,0.85,0.75,0.8,0.8,0.85,322.10377608185905,315.2858286287763,6.817947453082752,True,KALINA,0.0687851854000077,24.77848422325157,"KALINA: régimen Kalina genuino y admisible, sin fallas."
380.0,300.032917,4000.0,1440.0,0.75,1.0,0.9,0.75,0.8,0.8,0.8,322.10377608185905,319.71074344157984,2.393032640279216,True,KALINA,0.0755638183143335,26.68266290115285,"KALINA: régimen Kalina genuino y admisible, sin fallas."
380.0,300.032917,4000.0,1440.0,0.75,1.0,0.8,0.75,0.8,0.8,0.8,322.10377608185905,319.87676228131176,2.2270138005472973,True,KALINA,0.0656866608126364,23.177904612803754,"KALINA: régimen Kalina genuino y admisible, sin fallas."
380.0,300.032917,4000.0,1440.0,0.75,1.0,0.85,0.75,0.85,0.85,0.8,322.10377608185905,320.35883482698495,1.7449412548741066,True,KALINA,0.074872616243143,27.444710624896643,"KALINA: régimen Kalina genuino y admisible, sin fallas."
380.0,300.032917,4000.0,1440.0,0.75,1.0,0.85,0.75,0.75,0.75,0.8,322.10377608185905,319.1931066287982,2.910669453060848,True,KALINA,0.065843015471085,22.29510240399572,"KALINA: régimen Kalina genuino y admisible, sin fallas."
380.0,300.032917,3600.0,1529.0,0.75,1.0,0.85,0.75,0.8,0.8,0.85,324.43616481219175,318.06915725976165,6.367007552430096,True,KALINA,0.065013390517236,28.662492430107665,"KALINA: régimen Kalina genuino y admisible, sin fallas."
380.0,300.032917,3600.0,1529.0,0.75,1.0,0.85,0.75,0.8,0.8,0.75,324.43616481219175,324.7929478799346,-0.3567830677428674,True,CORREGIBLE,0.0690492478063176,28.98154481959478,"[CORREGIBLE] O2: succión de la bomba bifásica bajo el peor caso de T_amb (riesgo de cavitación) (medido=324.7929478799346, esperado=<= 324.436 K). Causa probable: subenfriamiento insuficiente a la salida del condensador bajo el peor caso ambiental. Sugerencia: aumentar eps_cond o el margen de subenf"
380.0,300.032917,3600.0,1529.0,0.75,1.0,0.9,0.75,0.8,0.8,0.8,324.43616481219175,323.47325273107447,0.9629120811172812,True,KALINA,0.0714138162304255,30.77177863735833,"KALINA: régimen Kalina genuino y admisible, sin fallas."
380.0,300.032917,3600.0,1529.0,0.75,1.0,0.8,0.75,0.8,0.8,0.8,324.43616481219175,323.653114920402,0.7830498917897444,True,KALINA,0.0625077841544095,26.913944644055043,"KALINA: régimen Kalina genuino y admisible, sin fallas."
380.0,300.032917,4500.0,1170.0,0.75,1.0,0.85,0.75,0.8,0.8,0.85,,,,False,NO_CONVERGIO,,,"T_from_Ph(P, h, x): el motor teqp no cubre el estado pedido (ver TASK_CONTEXT 2026-09-18-validar-teqp-nh3h2o). Detalle: h=-2.53734e+08 fuera de dominio a P=4.5e+06 Pa, x=0.7604"
380.0,300.032917,3600.0,1529.0,0.75,1.0,0.85,0.75,0.85,0.85,0.8,324.43616481219175,324.388999117853,0.0471656943387301,True,KALINA,0.0696979133808292,31.325471937573795,"KALINA: régimen Kalina genuino y admisible, sin fallas."
380.0,300.032917,3600.0,1529.0,0.75,1.0,0.85,0.75,0.75,0.75,0.8,324.43616481219175,322.6996956852294,1.7364691269623336,True,CORREGIBLE,0.063869758877178,26.263135177180477,"[CORREGIBLE] O1: título de vapor a la salida de la turbina bajo el umbral tecnológico usual (erosión de álabes) (medido=0.0, esperado=>= 0.90). Causa probable: expansión hasta P_baja deja la mezcla demasiado húmeda para ese eta_t y esa composición. Sugerencia: considerar recalentamiento o re"
380.0,300.032917,4500.0,1170.0,0.75,1.0,0.85,0.75,0.8,0.8,0.75,314.3191676752517,314.500249749119,-0.1810820738672873,True,CORREGIBLE,0.0650121064569704,14.582049637113805,"[CORREGIBLE] O2: succión de la bomba bifásica bajo el peor caso de T_amb (riesgo de cavitación) (medido=314.500249749119, esperado=<= 314.319 K). Causa probable: subenfriamiento insuficiente a la salida del condensador bajo el peor caso ambiental. Sugerencia: aumentar eps_cond o el margen de subenfr"
380.0,300.032917,4500.0,1170.0,0.75,1.0,0.9,0.75,0.8,0.8,0.8,314.3191676752517,313.8678983078036,0.4512693674481056,True,KALINA,0.0687367156092,15.697702766641145,"KALINA: régimen Kalina genuino y admisible, sin fallas."
380.0,300.032917,4500.0,1170.0,0.75,1.0,0.85,0.75,0.85,0.85,0.8,314.3191676752517,314.01906388452386,0.3001037907278601,True,KALINA,0.0722578018201646,16.793110576168033,"KALINA: régimen Kalina genuino y admisible, sin fallas."
380.0,300.032917,4500.0,1170.0,0.75,1.0,0.85,0.75,0.75,0.75,0.8,314.3191676752517,313.79023502135084,0.5289326539008812,True,KALINA,0.0536692737239979,11.976005855587267,"KALINA: régimen Kalina genuino y admisible, sin fallas."
380.0,300.032917,4500.0,1170.0,0.75,1.0,0.8,0.75,0.8,0.8,0.8,314.3191676752517,313.9864517511344,0.3327159241173376,True,KALINA,0.0580784215869456,13.255501285035308,"KALINA: régimen Kalina genuino y admisible, sin fallas."
380.0,300.032917,4000.0,1700.0,0.8,1.0,0.85,0.75,0.8,0.8,0.85,325.4930160641757,319.4731865518121,6.0198295123636285,True,KALINA,0.0644715725399033,31.147380186539408,"KALINA: régimen Kalina genuino y admisible, sin fallas."
380.0,300.032917,4000.0,1700.0,0.8,1.0,0.9,0.75,0.8,0.8,0.8,325.4930160641757,325.3069357882906,0.1860802758851036,True,KALINA,0.0733674938407677,34.62062535887082,"KALINA: régimen Kalina genuino y admisible, sin fallas."
380.0,300.032917,4000.0,1700.0,0.8,1.0,0.8,0.75,0.8,0.8,0.8,325.4930160641757,325.493716974575,-0.0007009103993027,True,CORREGIBLE,0.0641949322972803,30.26706119511666,"[CORREGIBLE] O2: succión de la bomba bifásica bajo el peor caso de T_amb (riesgo de cavitación) (medido=325.493716974575, esperado=<= 325.493 K). Causa probable: subenfriamiento insuficiente a la salida del condensador bajo el peor caso ambiental. Sugerencia: aumentar eps_cond o el margen de subenfr"
380.0,300.032917,4000.0,1700.0,0.8,1.0,0.85,0.75,0.8,0.8,0.75,325.4930160641757,325.8132597922757,-0.3202437280999675,True,CORREGIBLE,0.0709438381033939,32.54611122948361,"[CORREGIBLE] O2: succión de la bomba bifásica bajo el peor caso de T_amb (riesgo de cavitación) (medido=325.8132597922757, esperado=<= 325.493 K). Causa probable: subenfriamiento insuficiente a la salida del condensador bajo el peor caso ambiental. Sugerencia: aumentar eps_cond o el margen de subenf"
380.0,300.032917,4500.0,1912.0,0.85,1.0,0.85,0.75,0.8,0.8,0.85,327.4993865157317,320.5583383346504,6.941048181081328,True,KALINA,0.0669947313026949,34.65854758879502,"KALINA: régimen Kalina genuino y admisible, sin fallas."
380.0,300.032917,4000.0,1700.0,0.8,1.0,0.85,0.75,0.85,0.85,0.8,325.4930160641757,325.53800070220035,-0.0449846380246299,True,CORREGIBLE,0.0714016125872092,35.28424953832485,"[CORREGIBLE] O2: succión de la bomba bifásica bajo el peor caso de T_amb (riesgo de cavitación) (medido=325.53800070220035, esperado=<= 325.493 K). Causa probable: subenfriamiento insuficiente a la salida del condensador bajo el peor caso ambiental. Sugerencia: aumentar eps_cond o el margen de suben"
380.0,300.032917,4000.0,1700.0,0.8,1.0,0.85,0.75,0.75,0.75,0.8,325.4930160641757,324.3846170295369,1.1083990346388075,True,KALINA,0.0658010355920829,29.51507929557413,"KALINA: régimen Kalina genuino y admisible, sin fallas."
380.0,300.032917,4500.0,1912.0,0.85,1.0,0.85,0.75,0.8,0.8,0.75,327.4993865157317,327.71323821187605,-0.2138516961443315,True,CORREGIBLE,0.0716427835227828,35.05554192999727,"[CORREGIBLE] O2: succión de la bomba bifásica bajo el peor caso de T_amb (riesgo de cavitación) (medido=327.71323821187605, esperado=<= 327.499 K). Causa probable: subenfriamiento insuficiente a la salida del condensador bajo el peor caso ambiental. Sugerencia: aumentar eps_cond o el margen de suben"
380.0,300.032917,4500.0,1912.0,0.85,1.0,0.9,0.75,0.8,0.8,0.8,327.4993865157317,326.76195431021176,0.7374322055199514,True,KALINA,0.0739477314487022,37.27730857002171,"KALINA: régimen Kalina genuino y admisible, sin fallas."
380.0,300.032917,4500.0,1912.0,0.85,1.0,0.85,0.75,0.85,0.85,0.8,327.4993865157317,327.5167858789193,-0.0173993631875646,True,CORREGIBLE,0.0718931328184106,38.082581098693446,"[CORREGIBLE] O2: succión de la bomba bifásica bajo el peor caso de T_amb (riesgo de cavitación) (medido=327.5167858789193, esperado=<= 327.499 K). Causa probable: subenfriamiento insuficiente a la salida del condensador bajo el peor caso ambiental. Sugerencia: aumentar eps_cond o el margen de subenf"
380.0,300.032917,4500.0,1912.0,0.85,1.0,0.8,0.75,0.8,0.8,0.8,327.4993865157317,326.97729557566447,0.522090940067244,True,KALINA,0.0646098735548069,32.540854101981104,"KALINA: régimen Kalina genuino y admisible, sin fallas."
380.0,300.032917,4500.0,1912.0,0.85,1.0,0.85,0.75,0.75,0.75,0.8,327.4993865157317,325.71149403939256,1.7878924763391524,True,KALINA,0.0662875930698765,31.659581586770837,"KALINA: régimen Kalina genuino y admisible, sin fallas."
400.0,300.032917,4000.0,1540.0,0.7,1.0,0.85,0.75,0.8,0.8,0.85,328.49820386809074,320.18970867823,8.308495189860764,True,KALINA,0.0722282112068453,36.534724478779495,"KALINA: régimen Kalina genuino y admisible, sin fallas."
400.0,300.032917,4000.0,1540.0,0.7,1.0,0.9,0.75,0.8,0.8,0.8,328.49820386809074,326.3386714575224,2.1595324105683744,True,KALINA,0.0793490494632378,39.19628390982135,"KALINA: régimen Kalina genuino y admisible, sin fallas."
400.0,300.032917,4000.0,1540.0,0.7,1.0,0.85,0.75,0.8,0.8,0.75,328.49820386809074,328.9620008031855,-0.4637969350947628,True,CORREGIBLE,0.0769230081043491,36.977325239009375,"[CORREGIBLE] O2: succión de la bomba bifásica bajo el peor caso de T_amb (riesgo de cavitación) (medido=328.9620008031855, esperado=<= 328.498 K). Causa probable: subenfriamiento insuficiente a la salida del condensador bajo el peor caso ambiental. Sugerencia: aumentar eps_cond o el margen de subenf"
400.0,300.032917,4000.0,1540.0,0.7,1.0,0.8,0.75,0.8,0.8,0.8,328.49820386809074,326.56465585390293,1.9335480141878063,True,KALINA,0.0695714241324112,34.33668241674557,"KALINA: régimen Kalina genuino y admisible, sin fallas."
400.0,300.032917,4000.0,1540.0,0.7,1.0,0.85,0.75,0.85,0.85,0.8,328.49820386809074,327.3370662755401,1.1611375925506309,True,KALINA,0.0774421551801786,39.81983486804119,"KALINA: régimen Kalina genuino y admisible, sin fallas."
400.0,300.032917,3600.0,1655.0,0.7,1.0,0.85,0.75,0.8,0.8,0.85,331.40837480943134,322.23567217663765,9.172702632793689,True,KALINA,0.0622629386495367,34.90686931197056,"KALINA: régimen Kalina genuino y admisible, sin fallas."
400.0,300.032917,4000.0,1540.0,0.7,1.0,0.85,0.75,0.75,0.75,0.8,328.49820386809074,325.5194827594314,2.978721108659329,True,KALINA,0.0710854350255243,33.57312340669674,"KALINA: régimen Kalina genuino y admisible, sin fallas."
400.0,300.032917,3600.0,1655.0,0.7,1.0,0.85,0.75,0.8,0.8,0.75,331.40837480943134,331.9424264320466,-0.5340516226152658,True,CORREGIBLE,0.066558133134209,35.310541937177504,"[CORREGIBLE] O2: succión de la bomba bifásica bajo el peor caso de T_amb (riesgo de cavitación) (medido=331.9424264320466, esperado=<= 331.408 K). Causa probable: subenfriamiento insuficiente a la salida del condensador bajo el peor caso ambiental. Sugerencia: aumentar eps_cond o el margen de subenf"
400.0,300.032917,3600.0,1655.0,0.7,1.0,0.9,0.75,0.8,0.8,0.8,331.40837480943134,329.09987656989006,2.3084982395412794,True,KALINA,0.0684714789557835,37.41044389034423,"KALINA: régimen Kalina genuino y admisible, sin fallas."
400.0,300.032917,3600.0,1655.0,0.7,1.0,0.8,0.75,0.8,0.8,0.8,331.40837480943134,329.3096641627602,2.0987106466711225,True,KALINA,0.0601774262755894,32.85302293442945,"KALINA: régimen Kalina genuino y admisible, sin fallas."
400.0,300.032917,3600.0,1655.0,0.7,1.0,0.85,0.75,0.85,0.85,0.8,331.40837480943134,330.2704762215867,1.1378985878446315,True,KALINA,0.0663476187578653,37.80544834676218,"KALINA: régimen Kalina genuino y admisible, sin fallas."
400.0,300.032917,3600.0,1655.0,0.7,1.0,0.85,0.75,0.75,0.75,0.8,331.40837480943134,328.0910412536825,3.31733355574886,True,KALINA,0.0620220925649693,32.34209848360391,"KALINA: régimen Kalina genuino y admisible, sin fallas."
400.0,300.032917,4500.0,1732.0,0.75,1.0,0.85,0.75,0.8,0.8,0.85,329.41219711391875,321.2837843980177,8.12841271590105,True,KALINA,0.0740348077987985,40.06510774547912,"KALINA: régimen Kalina genuino y admisible, sin fallas."
400.0,300.032917,4500.0,1732.0,0.75,1.0,0.85,0.75,0.8,0.8,0.75,329.41219711391875,329.8245054288832,-0.4123083149644344,True,CORREGIBLE,0.0790852233222643,40.55010343674952,"[CORREGIBLE] O2: succión de la bomba bifásica bajo el peor caso de T_amb (riesgo de cavitación) (medido=329.8245054288832, esperado=<= 329.412 K). Causa probable: subenfriamiento insuficiente a la salida del condensador bajo el peor caso ambiental. Sugerencia: aumentar eps_cond o el margen de subenf"
400.0,300.032917,4500.0,1732.0,0.75,1.0,0.9,0.75,0.8,0.8,0.8,329.41219711391875,327.77500602544274,1.6371910884760157,True,KALINA,0.0815204951524104,43.02302430368592,"KALINA: régimen Kalina genuino y admisible, sin fallas."
400.0,300.032917,4500.0,1732.0,0.75,1.0,0.8,0.75,0.8,0.8,0.8,329.41219711391875,328.021452514485,1.3907445994337309,True,KALINA,0.0714145304397643,37.65376068000624,"KALINA: régimen Kalina genuino y admisible, sin fallas."
400.0,300.032917,4500.0,1732.0,0.75,1.0,0.85,0.75,0.85,0.85,0.8,329.41219711391875,328.9298669443224,0.4823301695963664,True,KALINA,0.0794211751679229,43.788965283183565,"KALINA: régimen Kalina genuino y admisible, sin fallas."
400.0,300.032917,4000.0,1840.0,0.75,1.0,0.85,0.75,0.8,0.8,0.85,,,,False,NO_CONVERGIO,,,"T_from_Ph(P, h, x): el motor teqp no cubre el estado pedido (ver TASK_CONTEXT 2026-09-18-validar-teqp-nh3h2o). Detalle: h=-5.83279e+08 fuera de dominio a P=4e+06 Pa, x=0.7604"
400.0,300.032917,4500.0,1732.0,0.75,1.0,0.85,0.75,0.75,0.75,0.8,329.41219711391875,326.82659130772873,2.585605806190017,True,KALINA,0.0731000670497182,36.752264462401264,"KALINA: régimen Kalina genuino y admisible, sin fallas."
400.0,300.032917,4000.0,1840.0,0.75,1.0,0.9,0.75,0.8,0.8,0.8,331.8910994483421,330.8921120502781,0.9989873980640028,True,KALINA,0.0707726242921065,41.611955096875896,"KALINA: régimen Kalina genuino y admisible, sin fallas."
400.0,300.032917,4000.0,1840.0,0.75,1.0,0.8,0.75,0.8,0.8,0.8,331.8910994483421,331.1226266098519,0.7684728384901973,True,KALINA,0.0621773298805037,36.526333524624846,"KALINA: régimen Kalina genuino y admisible, sin fallas."
400.0,300.032917,4000.0,1840.0,0.75,1.0,0.85,0.75,0.8,0.8,0.75,331.8910994483421,332.42718133572805,-0.536081887385933,True,CORREGIBLE,0.0687666187144754,39.178350189397605,"[CORREGIBLE] O2: succión de la bomba bifásica bajo el peor caso de T_amb (riesgo de cavitación) (medido=332.42718133572805, esperado=<= 331.891 K). Causa probable: subenfriamiento insuficiente a la salida del condensador bajo el peor caso ambiental. Sugerencia: aumentar eps_cond o el margen de suben"
400.0,300.032917,4000.0,1840.0,0.75,1.0,0.85,0.75,0.85,0.85,0.8,331.8910994483421,331.91634605039434,-0.0252466020522206,True,CORREGIBLE,0.0684497373850619,42.09845084255247,"[CORREGIBLE] O2: succión de la bomba bifásica bajo el peor caso de T_amb (riesgo de cavitación) (medido=331.91634605039434, esperado=<= 331.891 K). Causa probable: subenfriamiento insuficiente a la salida del condensador bajo el peor caso ambiental. Sugerencia: aumentar eps_cond o el margen de suben"
400.0,300.032917,4500.0,2070.0,0.8,1.0,0.85,0.75,0.8,0.8,0.85,333.53067697421005,324.8199562425649,8.710720731645154,True,KALINA,0.0653084790097339,41.97088271337701,"KALINA: régimen Kalina genuino y admisible, sin fallas."
400.0,300.032917,4500.0,2070.0,0.8,1.0,0.85,0.75,0.8,0.8,0.75,333.53067697421005,333.93606163021514,-0.4053846560050829,True,CORREGIBLE,0.0702613642214912,42.41383273087373,"[CORREGIBLE] O2: succión de la bomba bifásica bajo el peor caso de T_amb (riesgo de cavitación) (medido=333.93606163021514, esperado=<= 333.531 K). Causa probable: subenfriamiento insuficiente a la salida del condensador bajo el peor caso ambiental. Sugerencia: aumentar eps_cond o el margen de suben"
400.0,300.032917,4500.0,2070.0,0.8,1.0,0.9,0.75,0.8,0.8,0.8,333.53067697421005,332.45948623269817,1.0711907415118844,True,KALINA,0.072191891337402,45.06046032966898,"KALINA: régimen Kalina genuino y admisible, sin fallas."
400.0,300.032917,4000.0,1840.0,0.75,1.0,0.85,0.75,0.75,0.75,0.8,331.8910994483421,329.7402415637007,2.150857884641425,True,KALINA,0.0642129256903346,35.923958564326206,"KALINA: régimen Kalina genuino y admisible, sin fallas."
400.0,300.032917,4500.0,2070.0,0.8,1.0,0.8,0.75,0.8,0.8,0.8,333.53067697421005,332.70733353282327,0.8233434413867826,True,KALINA,0.0633634676787585,39.51233237721454,"KALINA: régimen Kalina genuino y admisible, sin fallas."
400.0,300.032917,4500.0,2070.0,0.8,1.0,0.85,0.75,0.85,0.85,0.8,333.53067697421005,333.5536256409118,-0.0229486667017226,True,CORREGIBLE,0.0697979912243626,45.69954649099272,"[CORREGIBLE] O2: succión de la bomba bifásica bajo el peor caso de T_amb (riesgo de cavitación) (medido=333.5536256409118, esperado=<= 333.531 K). Causa probable: subenfriamiento insuficiente a la salida del condensador bajo el peor caso ambiental. Sugerencia: aumentar eps_cond o el margen de subenf"
400.0,300.032917,4500.0,2070.0,0.8,1.0,0.85,0.75,0.75,0.75,0.8,333.53067697421005,331.17209780907297,2.358579165137087,True,KALINA,0.0654598622842642,38.76395923128747,"KALINA: régimen Kalina genuino y admisible, sin fallas."
420.0,300.032917,4500.0,1732.0,0.7,1.0,0.85,0.75,0.8,0.8,0.85,333.277499149238,325.0500267152263,8.227472434011702,True,KALINA,0.076187142626982,49.779927626753285,"KALINA: régimen Kalina genuino y admisible, sin fallas."
420.0,300.032917,4500.0,1732.0,0.7,1.0,0.85,0.75,0.8,0.8,0.75,333.277499149238,334.13782882109007,-0.860329671852071,True,CORREGIBLE,0.081441821898886,50.2021153591256,"[CORREGIBLE] O2: succión de la bomba bifásica bajo el peor caso de T_amb (riesgo de cavitación) (medido=334.13782882109007, esperado=<= 333.277 K). Causa probable: subenfriamiento insuficiente a la salida del condensador bajo el peor caso ambiental. Sugerencia: aumentar eps_cond o el margen de suben"
420.0,300.032917,4500.0,1732.0,0.7,1.0,0.85,0.75,0.85,0.85,0.8,333.277499149238,333.3766150058122,-0.0991158565742011,True,CORREGIBLE,0.0811863109001797,53.94740412651582,"[CORREGIBLE] O2: succión de la bomba bifásica bajo el peor caso de T_amb (riesgo de cavitación) (medido=333.3766150058122, esperado=<= 333.277 K). Causa probable: subenfriamiento insuficiente a la salida del condensador bajo el peor caso ambiental. Sugerencia: aumentar eps_cond o el margen de subenf"
420.0,300.032917,4500.0,1732.0,0.7,1.0,0.9,0.75,0.8,0.8,0.8,333.277499149238,332.8358133211344,0.4416858281036298,True,KALINA,0.0839162885437473,53.36651406387549,"KALINA: régimen Kalina genuino y admisible, sin fallas."
420.0,300.032917,4500.0,1732.0,0.7,1.0,0.8,0.75,0.8,0.8,0.8,333.277499149238,333.13150963454984,0.1459895146881535,True,KALINA,0.0737698471482978,46.86558840406541,"KALINA: régimen Kalina genuino y admisible, sin fallas."
380.0,300.032917,3200.0,1358.0,0.7,1.0,0.9,0.75,0.8,0.8,0.85,323.5573086406862,316.8748287757487,6.682479864937477,True,KALINA,0.0674940863377106,27.365375595909928,"KALINA: régimen Kalina genuino y admisible, sin fallas."
380.0,300.032917,3200.0,1358.0,0.7,1.0,0.9,0.75,0.8,0.8,0.75,323.5573086406862,323.9279003341361,-0.3705916934499669,True,CORREGIBLE,0.0715004009600172,27.685186804726914,"[CORREGIBLE] O2: succión de la bomba bifásica bajo el peor caso de T_amb (riesgo de cavitación) (medido=323.92790033413615, esperado=<= 323.557 K). Causa probable: subenfriamiento insuficiente a la salida del condensador bajo el peor caso ambiental. Sugerencia: aumentar eps_cond o el margen de suben"
380.0,300.032917,3200.0,1358.0,0.7,1.0,0.9,0.75,0.75,0.75,0.8,323.5573086406862,321.2376271092748,2.3196815314113906,True,KALINA,0.0660468514775452,25.112183480223333,"KALINA: régimen Kalina genuino y admisible, sin fallas."
380.0,300.032917,3200.0,1358.0,0.7,1.0,0.9,0.75,0.85,0.85,0.8,323.5573086406862,322.6358764285244,0.9214322121617896,True,KALINA,0.07237045100145,29.83285320752487,"KALINA: régimen Kalina genuino y admisible, sin fallas."
380.0,300.032917,4000.0,1440.0,0.75,1.0,0.9,0.75,0.85,0.85,0.8,322.10377608185905,320.2689250985965,1.8348509832625268,True,KALINA,0.0800284884366018,29.345982518367904,"KALINA: régimen Kalina genuino y admisible, sin fallas."
380.0,300.032917,4000.0,1440.0,0.75,1.0,0.9,0.75,0.8,0.8,0.85,322.10377608185905,315.2259466717998,6.877829410059235,True,KALINA,0.0736010348653917,26.520074537691176,"KALINA: régimen Kalina genuino y admisible, sin fallas."
380.0,300.032917,4000.0,1440.0,0.75,1.0,0.9,0.75,0.75,0.75,0.8,322.10377608185905,319.1173433254405,2.9864327564185373,True,KALINA,0.0705323764448408,23.89113843673631,"KALINA: régimen Kalina genuino y admisible, sin fallas."
380.0,300.032917,4000.0,1440.0,0.75,1.0,0.9,0.75,0.8,0.8,0.75,322.10377608185905,322.27145287957484,-0.1676767977157851,True,CORREGIBLE,0.0777911966647834,26.85857971533692,"[CORREGIBLE] O2: succión de la bomba bifásica bajo el peor caso de T_amb (riesgo de cavitación) (medido=322.27145287957484, esperado=<= 322.104 K). Causa probable: subenfriamiento insuficiente a la salida del condensador bajo el peor caso ambiental. Sugerencia: aumentar eps_cond o el margen de suben"
380.0,300.032917,4000.0,1700.0,0.8,1.0,0.9,0.75,0.75,0.75,0.8,325.4930160641757,324.2919376926154,1.2010783715602995,True,KALINA,0.0702387853211691,31.517778494334884,"KALINA: régimen Kalina genuino y admisible, sin fallas."
380.0,300.032917,4000.0,1700.0,0.8,1.0,0.9,0.75,0.85,0.85,0.8,325.4930160641757,325.5326512288287,-0.0396351646529637,True,CORREGIBLE,0.0761134436642221,37.62948659388898,"[CORREGIBLE] O2: succión de la bomba bifásica bajo el peor caso de T_amb (riesgo de cavitación) (medido=325.5326512288287, esperado=<= 325.493 K). Causa probable: subenfriamiento insuficiente a la salida del condensador bajo el peor caso ambiental. Sugerencia: aumentar eps_cond o el margen de subenf"
380.0,300.032917,4000.0,1700.0,0.8,1.0,0.9,0.75,0.8,0.8,0.85,325.4930160641757,319.4088554924573,6.084160571718428,True,KALINA,0.068090154538132,32.89276979915454,"KALINA: régimen Kalina genuino y admisible, sin fallas."
380.0,300.032917,4000.0,1700.0,0.8,1.0,0.9,0.75,0.8,0.8,0.75,325.4930160641757,325.80634962595025,-0.3133335617745274,True,CORREGIBLE,0.0757005585178379,34.74820824534498,"[CORREGIBLE] O2: succión de la bomba bifásica bajo el peor caso de T_amb (riesgo de cavitación) (medido=325.80634962595025, esperado=<= 325.493 K). Causa probable: subenfriamiento insuficiente a la salida del condensador bajo el peor caso ambiental. Sugerencia: aumentar eps_cond o el margen de suben"
380.0,300.032917,4500.0,1912.0,0.85,1.0,0.9,0.75,0.8,0.8,0.85,327.4993865157317,320.4798461865354,7.019540329196332,True,KALINA,0.0715144388260143,37.00827636823775,"KALINA: régimen Kalina genuino y admisible, sin fallas."
380.0,300.032917,4500.0,1912.0,0.85,1.0,0.9,0.75,0.85,0.85,0.8,327.4993865157317,327.51282653303707,-0.0134400173053563,True,CORREGIBLE,0.0766823292317683,40.639249552858686,"[CORREGIBLE] O2: succión de la bomba bifásica bajo el peor caso de T_amb (riesgo de cavitación) (medido=327.51282653303707, esperado=<= 327.499 K). Causa probable: subenfriamiento insuficiente a la salida del condensador bajo el peor caso ambiental. Sugerencia: aumentar eps_cond o el margen de suben"
380.0,300.032917,4500.0,1912.0,0.85,1.0,0.9,0.75,0.8,0.8,0.75,327.4993865157317,327.70813583328425,-0.208749317552531,True,CORREGIBLE,0.0764941721315683,37.45251110043372,"[CORREGIBLE] O2: succión de la bomba bifásica bajo el peor caso de T_amb (riesgo de cavitación) (medido=327.70813583328425, esperado=<= 327.499 K). Causa probable: subenfriamiento insuficiente a la salida del condensador bajo el peor caso ambiental. Sugerencia: aumentar eps_cond o el margen de suben"
380.0,300.032917,4500.0,1912.0,0.85,1.0,0.9,0.75,0.75,0.75,0.8,327.4993865157317,325.61183985347867,1.887546662253044,True,KALINA,0.0708120423115522,33.83440625849216,"KALINA: régimen Kalina genuino y admisible, sin fallas."
400.0,300.032917,4000.0,1540.0,0.7,1.0,0.9,0.75,0.8,0.8,0.85,328.49820386809074,320.1077181932363,8.39048567485446,True,KALINA,0.076977570915269,38.9488024772828,"KALINA: régimen Kalina genuino y admisible, sin fallas."
400.0,300.032917,4000.0,1540.0,0.7,1.0,0.9,0.75,0.75,0.75,0.8,328.49820386809074,325.414848283041,3.0833555850497305,True,KALINA,0.0757979710462294,35.813220463425594,"KALINA: régimen Kalina genuino y admisible, sin fallas."
400.0,300.032917,4000.0,1540.0,0.7,1.0,0.9,0.75,0.85,0.85,0.8,328.49820386809074,327.2161595575888,1.2820443105019308,True,KALINA,0.0824816102879721,42.43060600350388,"KALINA: régimen Kalina genuino y admisible, sin fallas."
400.0,300.032917,4000.0,1540.0,0.7,1.0,0.9,0.75,0.8,0.8,0.75,328.49820386809074,328.9469118093584,-0.4487079412676849,True,CORREGIBLE,0.081974308960352,39.42873967229991,"[CORREGIBLE] O2: succión de la bomba bifásica bajo el peor caso de T_amb (riesgo de cavitación) (medido=328.9469118093584, esperado=<= 328.498 K). Causa probable: subenfriamiento insuficiente a la salida del condensador bajo el peor caso ambiental. Sugerencia: aumentar eps_cond o el margen de subenf"
400.0,300.032917,4500.0,1732.0,0.75,1.0,0.9,0.75,0.8,0.8,0.85,329.41219711391875,321.1941312101253,8.218065903793445,True,KALINA,0.0789343671438427,42.73069140526147,"KALINA: régimen Kalina genuino y admisible, sin fallas."
400.0,300.032917,4500.0,1732.0,0.75,1.0,0.9,0.75,0.8,0.8,0.75,329.41219711391875,329.81214511460763,-0.3999480006888802,True,CORREGIBLE,0.0843214258192488,43.263039157279536,"[CORREGIBLE] O2: succión de la bomba bifásica bajo el peor caso de T_amb (riesgo de cavitación) (medido=329.81214511460763, esperado=<= 329.412 K). Causa probable: subenfriamiento insuficiente a la salida del condensador bajo el peor caso ambiental. Sugerencia: aumentar eps_cond o el margen de suben"
400.0,300.032917,4500.0,1732.0,0.75,1.0,0.9,0.75,0.75,0.75,0.8,329.41219711391875,326.71245710652494,2.699740007393814,True,KALINA,0.0779813728238045,39.22359268132957,"KALINA: régimen Kalina genuino y admisible, sin fallas."
400.0,300.032917,4500.0,1732.0,0.75,1.0,0.9,0.75,0.85,0.85,0.8,329.41219711391875,328.7980320524732,0.6141650614455898,True,KALINA,0.0846184868932369,46.67833179034894,"KALINA: régimen Kalina genuino y admisible, sin fallas."
400.0,300.032917,4500.0,2070.0,0.8,1.0,0.9,0.75,0.8,0.8,0.85,333.53067697421005,324.72915959256426,8.801517381645795,True,KALINA,0.0695671554602956,44.722528764816175,"KALINA: régimen Kalina genuino y admisible, sin fallas."
400.0,300.032917,4500.0,2070.0,0.8,1.0,0.9,0.75,0.85,0.85,0.8,333.53067697421005,333.5464864498201,-0.0158094756100695,True,CORREGIBLE,0.0743062340971163,48.67635048427368,"[CORREGIBLE] O2: succión de la bomba bifásica bajo el peor caso de T_amb (riesgo de cavitación) (medido=333.5464864498201, esperado=<= 333.531 K). Causa probable: subenfriamiento insuficiente a la salida del condensador bajo el peor caso ambiental. Sugerencia: aumentar eps_cond o el margen de subenf"
400.0,300.032917,4500.0,2070.0,0.8,1.0,0.9,0.75,0.75,0.75,0.8,333.53067697421005,331.05645897446965,2.474217999740404,True,KALINA,0.0697597362475345,41.32828731057275,"KALINA: régimen Kalina genuino y admisible, sin fallas."
400.0,300.032917,4500.0,2070.0,0.8,1.0,0.9,0.75,0.8,0.8,0.75,333.53067697421005,333.9266585170633,-0.3959815428532351,True,CORREGIBLE,0.0748691447696383,45.22513249554047,"[CORREGIBLE] O2: succión de la bomba bifásica bajo el peor caso de T_amb (riesgo de cavitación) (medido=333.9266585170633, esperado=<= 333.531 K). Causa probable: subenfriamiento insuficiente a la salida del condensador bajo el peor caso ambiental. Sugerencia: aumentar eps_cond o el margen de subenf"
380.0,300.032917,3600.0,1251.0,0.7,1.0,0.85,0.75,0.8,0.8,0.8,320.4259850356871,318.23037815610473,2.1956068795823853,True,KALINA,0.0699355881538702,22.30251133678093,"KALINA: régimen Kalina genuino y admisible, sin fallas."
380.0,300.032917,3600.0,1200.0,0.7,1.0,0.85,0.75,0.8,0.8,0.8,318.8649167156344,318.18684847828075,0.6780682373536138,True,KALINA,0.0726712687415111,23.17815556518211,"KALINA: régimen Kalina genuino y admisible, sin fallas."
380.0,300.032917,3200.0,1313.0,0.7,1.0,0.85,0.75,0.8,0.8,0.8,322.2629074784072,321.9913792806277,0.2715281977794461,True,KALINA,0.0675778492120595,26.803350412938077,"KALINA: régimen Kalina genuino y admisible, sin fallas."
380.0,300.032917,3200.0,1262.0,0.7,1.0,0.85,0.75,0.8,0.8,0.8,320.756619956726,320.86550622578284,-0.1088862690568817,True,CORREGIBLE,0.0705026107871522,27.968588406283544,"[CORREGIBLE] O2: succión de la bomba bifásica bajo el peor caso de T_amb (riesgo de cavitación) (medido=320.86550622578284, esperado=<= 320.757 K). Causa probable: subenfriamiento insuficiente a la salida del condensador bajo el peor caso ambiental. Sugerencia: aumentar eps_cond o el margen de suben"
380.0,300.032917,4000.0,1105.0,0.7,1.0,0.85,0.75,0.8,0.8,0.8,315.8235869439098,313.91006647864464,1.913520465265151,True,KALINA,0.0631607579321995,14.350638359834916,"KALINA: régimen Kalina genuino y admisible, sin fallas."
380.0,300.032917,4000.0,1065.0,0.7,1.0,0.85,0.75,0.8,0.8,0.8,314.4858302819485,313.8876167809888,0.5982135009596732,True,KALINA,0.0651012033992125,14.792386731649856,"KALINA: régimen Kalina genuino y admisible, sin fallas."
380.0,300.032917,3600.0,1421.0,0.75,1.0,0.85,0.75,0.8,0.8,0.8,321.5924399573108,321.718805357465,-0.1263654001542136,True,CORREGIBLE,0.0725590034987231,31.264955981929305,"[CORREGIBLE] O2: succión de la bomba bifásica bajo el peor caso de T_amb (riesgo de cavitación) (medido=321.718805357465, esperado=<= 321.592 K). Causa probable: subenfriamiento insuficiente a la salida del condensador bajo el peor caso ambiental. Sugerencia: aumentar eps_cond o el margen de subenfr"
380.0,300.032917,3600.0,1479.0,0.75,1.0,0.85,0.75,0.8,0.8,0.8,323.13827954267504,323.16371949015405,-0.0254399474790147,True,CORREGIBLE,0.069507160571715,29.94391647211165,"[CORREGIBLE] O2: succión de la bomba bifásica bajo el peor caso de T_amb (riesgo de cavitación) (medido=323.16371949015405, esperado=<= 323.138 K). Causa probable: subenfriamiento insuficiente a la salida del condensador bajo el peor caso ambiental. Sugerencia: aumentar eps_cond o el margen de suben"
380.0,300.032917,4000.0,1335.0,0.75,1.0,0.85,0.75,0.8,0.8,0.8,319.2139960643673,319.24629211862907,-0.032296054261792,True,CORREGIBLE,0.0758518754047487,26.782036500941445,"[CORREGIBLE] O2: succión de la bomba bifásica bajo el peor caso de T_amb (riesgo de cavitación) (medido=319.24629211862907, esperado=<= 319.214 K). Causa probable: subenfriamiento insuficiente a la salida del condensador bajo el peor caso ambiental. Sugerencia: aumentar eps_cond o el margen de suben"
380.0,300.032917,4000.0,1391.0,0.75,1.0,0.85,0.75,0.8,0.8,0.8,320.7749017589948,319.7516858276074,1.0232159313874265,True,KALINA,0.0730188687505286,25.77782580114723,"KALINA: régimen Kalina genuino y admisible, sin fallas."
380.0,300.032917,4500.0,907.0,0.75,1.0,0.85,0.75,0.8,0.8,0.8,305.34562522977257,305.86565141188606,-0.5200261821134973,True,CORREGIBLE,0.0754465990284562,17.225642227874907,"[CORREGIBLE] O2: succión de la bomba bifásica bajo el peor caso de T_amb (riesgo de cavitación) (medido=305.86565141188606, esperado=<= 305.346 K). Causa probable: subenfriamiento insuficiente a la salida del condensador bajo el peor caso ambiental. Sugerencia: aumentar eps_cond o el margen de suben"
380.0,300.032917,4500.0,1047.0,0.75,1.0,0.85,0.75,0.8,0.8,0.8,310.3304194197487,310.5505700511689,-0.2201506314202106,True,CORREGIBLE,0.0692188510947318,15.805785062297744,"[CORREGIBLE] O2: succión de la bomba bifásica bajo el peor caso de T_amb (riesgo de cavitación) (medido=310.5505700511689, esperado=<= 310.330 K). Causa probable: subenfriamiento insuficiente a la salida del condensador bajo el peor caso ambiental. Sugerencia: aumentar eps_cond o el margen de subenf"
380.0,300.032917,4000.0,1580.0,0.8,1.0,0.85,0.75,0.8,0.8,0.8,322.61621092531544,322.7454679337695,-0.1292570084540329,True,CORREGIBLE,0.0745591983820292,35.182338743314695,"[CORREGIBLE] O2: succión de la bomba bifásica bajo el peor caso de T_amb (riesgo de cavitación) (medido=322.7454679337695, esperado=<= 322.616 K). Causa probable: subenfriamiento insuficiente a la salida del condensador bajo el peor caso ambiental. Sugerencia: aumentar eps_cond o el margen de subenf"
380.0,300.032917,4000.0,1644.0,0.8,1.0,0.85,0.75,0.8,0.8,0.8,324.16943813910126,324.22708559668774,-0.0576474575864836,True,CORREGIBLE,0.0714301023316788,33.6984965802856,"[CORREGIBLE] O2: succión de la bomba bifásica bajo el peor caso de T_amb (riesgo de cavitación) (medido=324.22708559668774, esperado=<= 324.169 K). Causa probable: subenfriamiento insuficiente a la salida del condensador bajo el peor caso ambiental. Sugerencia: aumentar eps_cond o el margen de suben"
380.0,300.032917,4500.0,1502.0,0.8,1.0,0.85,0.75,0.8,0.8,0.8,320.66025257002065,320.46393236306864,0.1963202069520093,True,KALINA,0.0759503516691565,28.105816828300505,"KALINA: régimen Kalina genuino y admisible, sin fallas."
380.0,300.032917,4500.0,1565.0,0.8,1.0,0.85,0.75,0.8,0.8,0.8,322.2455978927831,320.51727395814163,1.7283239346414805,True,KALINA,0.0730682738628282,27.035221144085888,"KALINA: régimen Kalina genuino y admisible, sin fallas."
380.0,300.032917,4500.0,1777.0,0.85,1.0,0.85,0.75,0.8,0.8,0.8,324.579820543887,324.6513238601014,-0.0715033162143754,True,CORREGIBLE,0.0751651952430218,37.889638249154,"[CORREGIBLE] O2: succión de la bomba bifásica bajo el peor caso de T_amb (riesgo de cavitación) (medido=324.6513238601014, esperado=<= 324.580 K). Causa probable: subenfriamiento insuficiente a la salida del condensador bajo el peor caso ambiental. Sugerencia: aumentar eps_cond o el margen de subenf"
380.0,300.032917,4500.0,1849.0,0.85,1.0,0.85,0.75,0.8,0.8,0.8,326.1562113319434,326.1780037367486,-0.0217924048052395,True,CORREGIBLE,0.0719762369867695,36.27399220813465,"[CORREGIBLE] O2: succión de la bomba bifásica bajo el peor caso de T_amb (riesgo de cavitación) (medido=326.1780037367486, esperado=<= 326.156 K). Causa probable: subenfriamiento insuficiente a la salida del condensador bajo el peor caso ambiental. Sugerencia: aumentar eps_cond o el margen de subenf"
400.0,300.032917,3600.0,1560.0,0.7,1.0,0.85,0.75,0.8,0.8,0.8,329.01518735076536,329.021454328055,-0.0062669772896128,True,CORREGIBLE,0.0691065798696685,37.75680896539632,"[CORREGIBLE] O2: succión de la bomba bifásica bajo el peor caso de T_amb (riesgo de cavitación) (medido=329.021454328055, esperado=<= 329.015 K). Causa probable: subenfriamiento insuficiente a la salida del condensador bajo el peor caso ambiental. Sugerencia: aumentar eps_cond o el margen de subenfr"
400.0,300.032917,3600.0,1611.0,0.7,1.0,0.85,0.75,0.8,0.8,0.8,330.3124471406127,329.14739832712803,1.1650488134846455,True,KALINA,0.0665084656517192,36.32986433344181,"KALINA: régimen Kalina genuino y admisible, sin fallas."
400.0,300.032917,4000.0,1465.0,0.7,1.0,0.85,0.75,0.8,0.8,0.8,326.51569530604684,326.36030095871365,0.1553943473331855,True,KALINA,0.0782717030193197,38.65801061605588,"KALINA: régimen Kalina genuino y admisible, sin fallas."
400.0,300.032917,4000.0,1505.0,0.7,1.0,0.85,0.75,0.8,0.8,0.8,327.58183022132374,326.4095288675455,1.1723013537782665,True,KALINA,0.0762188020358203,37.638504142303226,"KALINA: régimen Kalina genuino y admisible, sin fallas."
400.0,300.032917,4500.0,1327.0,0.7,1.0,0.85,0.75,0.8,0.8,0.8,322.66899167305667,322.69433866208374,-0.0253469890270707,True,CORREGIBLE,0.08647183467898,36.760652110339294,"[CORREGIBLE] O2: succión de la bomba bifásica bajo el peor caso de T_amb (riesgo de cavitación) (medido=322.69433866208374, esperado=<= 322.669 K). Causa probable: subenfriamiento insuficiente a la salida del condensador bajo el peor caso ambiental. Sugerencia: aumentar eps_cond o el margen de suben"
400.0,300.032917,4500.0,1399.0,0.7,1.0,0.85,0.75,0.8,0.8,0.8,324.7100331166753,323.0178053618344,1.6922277548408715,True,KALINA,0.0827784555855413,35.18233413356184,"KALINA: régimen Kalina genuino y admisible, sin fallas."
400.0,300.032917,4000.0,1735.0,0.75,1.0,0.85,0.75,0.8,0.8,0.8,329.4825229828337,329.5839754404451,-0.1014524576114013,True,CORREGIBLE,0.0713931154157987,41.97555221511905,"[CORREGIBLE] O2: succión de la bomba bifásica bajo el peor caso de T_amb (riesgo de cavitación) (medido=329.5839754404451, esperado=<= 329.483 K). Causa probable: subenfriamiento insuficiente a la salida del condensador bajo el peor caso ambiental. Sugerencia: aumentar eps_cond o el margen de subenf"
400.0,300.032917,4000.0,1791.0,0.75,1.0,0.85,0.75,0.8,0.8,0.8,330.7796292137518,330.7916860900608,-0.0120568763090318,True,CORREGIBLE,0.0687387207916346,40.4060036130812,"[CORREGIBLE] O2: succión de la bomba bifásica bajo el peor caso de T_amb (riesgo de cavitación) (medido=330.7916860900608, esperado=<= 330.780 K). Causa probable: subenfriamiento insuficiente a la salida del condensador bajo el peor caso ambiental. Sugerencia: aumentar eps_cond o el margen de subenf"
400.0,300.032917,4500.0,1648.0,0.75,1.0,0.85,0.75,0.8,0.8,0.8,327.4067211965881,327.4346458697826,-0.0279246731945477,True,CORREGIBLE,0.0803756325955885,42.41104968805537,"[CORREGIBLE] O2: succión de la bomba bifásica bajo el peor caso de T_amb (riesgo de cavitación) (medido=327.4346458697826, esperado=<= 327.407 K). Causa probable: subenfriamiento insuficiente a la salida del condensador bajo el peor caso ambiental. Sugerencia: aumentar eps_cond o el margen de subenf"
400.0,300.032917,4500.0,1693.0,0.75,1.0,0.85,0.75,0.8,0.8,0.8,328.4899414932356,327.85239986821495,0.6375416250206172,True,KALINA,0.0782615715821869,41.289009878058174,"KALINA: régimen Kalina genuino y admisible, sin fallas."
400.0,300.032917,4500.0,1952.0,0.8,1.0,0.85,0.75,0.8,0.8,0.8,331.0879563142492,331.1591568750527,-0.0712005608035042,True,CORREGIBLE,0.0728019623572261,45.43907822744547,"[CORREGIBLE] O2: succión de la bomba bifásica bajo el peor caso de T_amb (riesgo de cavitación) (medido=331.1591568750527, esperado=<= 331.088 K). Causa probable: subenfriamiento insuficiente a la salida del condensador bajo el peor caso ambiental. Sugerencia: aumentar eps_cond o el margen de subenf"
400.0,300.032917,4500.0,2015.0,0.8,1.0,0.85,0.75,0.8,0.8,0.8,332.404851700536,332.41068641918633,-0.0058347186503624,True,CORREGIBLE,0.0700874571173217,43.73467698611449,"[CORREGIBLE] O2: succión de la bomba bifásica bajo el peor caso de T_amb (riesgo de cavitación) (medido=332.41068641918633, esperado=<= 332.405 K). Causa probable: subenfriamiento insuficiente a la salida del condensador bajo el peor caso ambiental. Sugerencia: aumentar eps_cond o el margen de suben"
420.0,300.032917,4500.0,1648.0,0.7,1.0,0.85,0.75,0.8,0.8,0.8,331.2354187956005,331.39929009748903,-0.1638713018885482,True,CORREGIBLE,0.082863702291089,52.68815488509875,"[CORREGIBLE] O2: succión de la bomba bifásica bajo el peor caso de T_amb (riesgo de cavitación) (medido=331.39929009748903, esperado=<= 331.235 K). Causa probable: subenfriamiento insuficiente a la salida del condensador bajo el peor caso ambiental. Sugerencia: aumentar eps_cond o el margen de suben"
420.0,300.032917,4500.0,1693.0,0.7,1.0,0.85,0.75,0.8,0.8,0.8,332.3383294856614,332.3978700225558,-0.059540536894417,True,CORREGIBLE,0.0806887564316944,51.2956437569355,"[CORREGIBLE] O2: succión de la bomba bifásica bajo el peor caso de T_amb (riesgo de cavitación) (medido=332.3978700225558, esperado=<= 332.338 K). Causa probable: subenfriamiento insuficiente a la salida del condensador bajo el peor caso ambiental. Sugerencia: aumentar eps_cond o el margen de subenf"
380.0,300.032917,3200.0,951.0,0.7,1.0,0.85,0.75,0.8,0.8,0.85,310.45967832019494,310.99797281925,-0.5382944990550413,True,CORREGIBLE,0.0883951685380846,35.866563268046576,"[CORREGIBLE] O2: succión de la bomba bifásica bajo el peor caso de T_amb (riesgo de cavitación) (medido=310.99797281925, esperado=<= 310.460 K). Causa probable: subenfriamiento insuficiente a la salida del condensador bajo el peor caso ambiental. Sugerencia: aumentar eps_cond o el margen de subenfri"
380.0,300.032917,3200.0,951.0,0.7,1.0,0.8,0.75,0.8,0.8,0.8,310.45967832019494,311.4782848473186,-1.0186065271236655,True,CORREGIBLE,0.0834793627932373,33.123093672680206,"[CORREGIBLE] O2: succión de la bomba bifásica bajo el peor caso de T_amb (riesgo de cavitación) (medido=311.4782848473186, esperado=<= 310.460 K). Causa probable: subenfriamiento insuficiente a la salida del condensador bajo el peor caso ambiental. Sugerencia: aumentar eps_cond o el margen de subenf"
380.0,300.032917,3200.0,951.0,0.7,1.0,0.9,0.75,0.8,0.8,0.8,310.45967832019494,311.4564705342496,-0.9967922140546648,True,CORREGIBLE,0.0954191149076689,37.89766864667894,"[CORREGIBLE] O2: succión de la bomba bifásica bajo el peor caso de T_amb (riesgo de cavitación) (medido=311.4564705342496, esperado=<= 310.460 K). Causa probable: subenfriamiento insuficiente a la salida del condensador bajo el peor caso ambiental. Sugerencia: aumentar eps_cond o el margen de subenf"
380.0,300.032917,3200.0,951.0,0.7,1.0,0.85,0.75,0.85,0.85,0.8,310.45967832019494,311.5304088444413,-1.0707305242463576,True,CORREGIBLE,0.0931396655656847,38.42155525576104,"[CORREGIBLE] O2: succión de la bomba bifásica bajo el peor caso de T_amb (riesgo de cavitación) (medido=311.5304088444413, esperado=<= 310.460 K). Causa probable: subenfriamiento insuficiente a la salida del condensador bajo el peor caso ambiental. Sugerencia: aumentar eps_cond o el margen de subenf"
380.0,300.032917,3200.0,951.0,0.7,1.0,0.85,0.75,0.75,0.75,0.8,310.45967832019494,311.4006947299365,-0.9410164097415644,True,CORREGIBLE,0.0853183678290734,32.46110196340579,"[CORREGIBLE] O2: succión de la bomba bifásica bajo el peor caso de T_amb (riesgo de cavitación) (medido=311.4006947299365, esperado=<= 310.460 K). Causa probable: subenfriamiento insuficiente a la salida del condensador bajo el peor caso ambiental. Sugerencia: aumentar eps_cond o el margen de subenf"
380.0,300.032917,4000.0,1008.0,0.75,1.0,0.85,0.75,0.8,0.8,0.85,308.9939056902606,309.3687336816514,-0.3748279913908163,True,CORREGIBLE,0.0923896868858727,33.306126378516545,"[CORREGIBLE] O2: succión de la bomba bifásica bajo el peor caso de T_amb (riesgo de cavitación) (medido=309.3687336816514, esperado=<= 308.994 K). Causa probable: subenfriamiento insuficiente a la salida del condensador bajo el peor caso ambiental. Sugerencia: aumentar eps_cond o el margen de subenf"
380.0,300.032917,4000.0,1008.0,0.75,1.0,0.9,0.75,0.8,0.8,0.8,308.9939056902606,309.6553318430809,-0.6614261528202974,True,CORREGIBLE,0.1000253503388736,35.352130903727705,"[CORREGIBLE] O2: succión de la bomba bifásica bajo el peor caso de T_amb (riesgo de cavitación) (medido=309.6553318430809, esperado=<= 308.994 K). Causa probable: subenfriamiento insuficiente a la salida del condensador bajo el peor caso ambiental. Sugerencia: aumentar eps_cond o el margen de subenf"
380.0,300.032917,4000.0,1008.0,0.75,1.0,0.8,0.75,0.8,0.8,0.8,308.9939056902606,309.6704208560545,-0.6765151657938873,True,CORREGIBLE,0.0869523746210086,30.701014294210523,"[CORREGIBLE] O2: succión de la bomba bifásica bajo el peor caso de T_amb (riesgo de cavitación) (medido=309.6704208560545, esperado=<= 308.994 K). Causa probable: subenfriamiento insuficiente a la salida del condensador bajo el peor caso ambiental. Sugerencia: aumentar eps_cond o el margen de subenf"
