T_fuente,P_alta,P_baja,x_b,eta_t,eta_p,eps_hrvg,eps_reg,eps_cond,T_bub,T_dew,estado_filtro,q2,q4,T2,T_sat_L,T9_amb,margen_O1,margen_O2,margen_S5,margen_O5,criterio_ligante,margen_ligante,al_filo_O1,convergio,clasificacion,eta,mensaje
380.0,2800.0,1010.0,0.7,0.85,0.75,0.8,0.8,0.8,354.6647884153868,448.1303898383306,CUBIERTO,0.3347227701135685,0.9662101377611672,372.3218708981869,312.58505752224363,313.7391052932799,0.0662101377611672,-1.1540477710362893,7.678129101813113,0.3337227701135685,O2,-1.1540477710362893,False,True,CORREGIBLE,0.0814512962424788,"[CORREGIBLE] O2: succión de la bomba bifásica bajo el peor caso de T_amb (riesgo de cavitación) (medido=313.7391052932799, esperado=<= 312.585 K). Causa probable: subenfriamiento insuficiente a la salida del condensador bajo el peor caso ambiental. Sugerencia: aumentar eps_cond o el margen de subenf"
380.0,3200.0,830.0,0.7,0.85,0.75,0.8,0.8,0.8,361.20798629900673,453.64135365794095,CUBIERTO,0.2769553054675318,0.956350769101842,374.2506654073219,305.77666471317,307.18554934803035,0.0563507691018421,-1.4088846348603283,5.74933459267811,0.2759553054675318,O2,-1.4088846348603283,False,True,CORREGIBLE,0.0968534414880279,"[CORREGIBLE] O2: succión de la bomba bifásica bajo el peor caso de T_amb (riesgo de cavitación) (medido=307.18554934803035, esperado=<= 305.777 K). Causa probable: subenfriamiento insuficiente a la salida del condensador bajo el peor caso ambiental. Sugerencia: aumentar eps_cond o el margen de suben"
380.0,2800.0,730.0,0.7,0.85,0.75,0.8,0.8,0.8,354.6647884153868,448.1303898383306,CUBIERTO,0.334803741258097,0.9590461261526674,372.3294285843001,301.5075142610947,305.4723639632279,0.0590461261526673,-3.964849702133222,7.670571415699896,0.333803741258097,O2,-3.964849702133222,False,True,CORREGIBLE,0.0996517731645101,"[CORREGIBLE] O2: succión de la bomba bifásica bajo el peor caso de T_amb (riesgo de cavitación) (medido=305.4723639632279, esperado=<= 301.508 K). Causa probable: subenfriamiento insuficiente a la salida del condensador bajo el peor caso ambiental. Sugerencia: aumentar eps_cond o el margen de subenf"
380.0,2800.0,1290.0,0.7,0.85,0.75,0.8,0.8,0.8,354.6647884153868,448.1303898383306,CUBIERTO,0.3347708170805757,0.972109467178042,372.32635522353496,321.5889322204312,321.9489877665883,0.072109467178042,-0.3600555461571275,7.673644776465039,0.3337708170805757,O2,-0.3600555461571275,False,True,CORREGIBLE,0.0639688303270411,"[CORREGIBLE] O2: succión de la bomba bifásica bajo el peor caso de T_amb (riesgo de cavitación) (medido=321.9489877665883, esperado=<= 321.589 K). Causa probable: subenfriamiento insuficiente a la salida del condensador bajo el peor caso ambiental. Sugerencia: aumentar eps_cond o el margen de subenf"
380.0,3200.0,1150.0,0.7,0.85,0.75,0.8,0.8,0.8,361.20798629900673,453.64135365794095,CUBIERTO,0.2769549919825716,0.964541551153871,374.2506419312389,317.28699026962204,317.7017891665782,0.0645415511538709,-0.4147988969561424,5.749358068761069,0.2759549919825716,O2,-0.4147988969561424,False,True,CORREGIBLE,0.0772497004050737,"[CORREGIBLE] O2: succión de la bomba bifásica bajo el peor caso de T_amb (riesgo de cavitación) (medido=317.7017891665782, esperado=<= 317.287 K). Causa probable: subenfriamiento insuficiente a la salida del condensador bajo el peor caso ambiental. Sugerencia: aumentar eps_cond o el margen de subenf"
380.0,3200.0,1470.0,0.7,0.85,0.75,0.8,0.8,0.8,361.20798629900673,453.64135365794095,CUBIERTO,0.277033704717911,0.9708362270377352,374.25653740468016,326.6500927539884,322.15508274951543,0.0708362270377351,4.495010004472931,5.743462595319841,0.276033704717911,O1,0.0708362270377351,False,True,KALINA,0.0591805835288585,"KALINA: régimen Kalina genuino y admisible, sin fallas."
380.0,3600.0,935.0,0.7,0.85,0.75,0.8,0.8,0.8,367.2254131627747,458.5906186014388,CUBIERTO,0.2110509906172038,0.9524099605045528,376.0576725597835,309.8666446026718,310.5829241459947,0.0524099605045527,-0.7162795433229121,3.942327440216502,0.2100509906172038,O2,-0.7162795433229121,False,True,CORREGIBLE,0.0881060760848307,"[CORREGIBLE] O2: succión de la bomba bifásica bajo el peor caso de T_amb (riesgo de cavitación) (medido=310.5829241459947, esperado=<= 309.867 K). Causa probable: subenfriamiento insuficiente a la salida del condensador bajo el peor caso ambiental. Sugerencia: aumentar eps_cond o el margen de subenf"
380.0,3600.0,1295.0,0.7,0.85,0.75,0.8,0.8,0.8,367.2254131627747,458.5906186014388,CUBIERTO,0.2111022796416127,0.9620821497334536,376.0606952738923,321.736182249446,318.26665325537925,0.0620821497334536,3.4695289940667067,3.939304726107707,0.2101022796416127,O1,0.0620821497334536,False,True,KALINA,0.0676582996955386,"KALINA: régimen Kalina genuino y admisible, sin fallas."
380.0,3600.0,1655.0,0.7,0.85,0.75,0.8,0.8,0.8,367.2254131627747,458.5906186014388,CUBIERTO,0.2111499915263795,0.9690828856928744,376.0635076730184,331.40837480943134,318.5271251742274,0.0690828856928744,12.881249635203917,3.936492326981579,0.2101499915263795,O1,0.0690828856928744,False,True,KALINA,0.0513819494424451,"KALINA: régimen Kalina genuino y admisible, sin fallas."
380.0,4000.0,1040.0,0.7,0.85,0.75,0.8,0.8,0.8,372.817451678411,463.084453687918,CUBIERTO,0.1322363875952092,0.946958958118826,377.69436591529,313.63097657165366,313.6520625420811,0.046958958118826,-0.0210859704274639,2.30563408471005,0.1312363875952092,O2,-0.0210859704274639,True,True,CORREGIBLE,0.0663509818243436,"[CORREGIBLE] O2: succión de la bomba bifásica bajo el peor caso de T_amb (riesgo de cavitación) (medido=313.6520625420811, esperado=<= 313.631 K). Causa probable: subenfriamiento insuficiente a la salida del condensador bajo el peor caso ambiental. Sugerencia: aumentar eps_cond o el margen de subenf"
380.0,4500.0,1620.0,0.7,0.85,0.75,0.8,0.8,0.8,379.3194291407349,468.1771159152317,CUBIERTO,,,,,,,,,,,,,False,NO_CONVERGIO,,"T_from_Ph(P, h, x): el motor teqp no cubre el estado pedido (ver TASK_CONTEXT 2026-09-18-validar-teqp-nh3h2o). Detalle: h=-11213.6 fuera de dominio a P=1.62e+06 Pa, x=0.7117"
380.0,4500.0,1170.0,0.7,0.85,0.75,0.8,0.8,0.8,379.3194291407349,468.1771159152317,CUBIERTO,,,,,,,,,,,,,False,NO_CONVERGIO,,"T_from_Ph(P, h, x): el motor teqp no cubre el estado pedido (ver TASK_CONTEXT 2026-09-18-validar-teqp-nh3h2o). Detalle: h=-9663.8 fuera de dominio a P=1.17e+06 Pa, x=0.7117"
380.0,4500.0,2070.0,0.7,0.85,0.75,0.8,0.8,0.8,379.3194291407349,468.1771159152317,CUBIERTO,,,,,,,,,,,,,False,NO_CONVERGIO,,"T_from_Ph(P, h, x): el motor teqp no cubre el estado pedido (ver TASK_CONTEXT 2026-09-18-validar-teqp-nh3h2o). Detalle: h=-11218.7 fuera de dominio a P=2.07e+06 Pa, x=0.7117"
380.0,4000.0,1840.0,0.7,0.85,0.75,0.8,0.8,0.8,372.817451678411,463.084453687918,CUBIERTO,0.1322748496494104,0.9665995878860484,377.69610616589296,335.80255931962864,314.2221469519153,0.0665995878860484,21.580412367713336,2.3038938341070434,0.1312748496494103,O1,0.0665995878860484,False,True,KALINA,0.0365838197867394,"KALINA: régimen Kalina genuino y admisible, sin fallas."
380.0,2800.0,730.0,0.75,0.85,0.75,0.8,0.8,0.8,350.3741977982431,441.58606773383633,CUBIERTO,0.4413889481671608,0.9594205831936568,371.231530159865,298.14776374991334,305.71593190595854,0.0594205831936567,-7.568168156045203,8.768469840135026,0.4403889481671608,O2,-7.568168156045203,False,True,CORREGIBLE,0.0802775647889994,"[CORREGIBLE] O2: succión de la bomba bifásica bajo el peor caso de T_amb (riesgo de cavitación) (medido=305.71593190595854, esperado=<= 298.148 K). Causa probable: subenfriamiento insuficiente a la salida del condensador bajo el peor caso ambiental. Sugerencia: aumentar eps_cond o el margen de suben"
380.0,4000.0,1440.0,0.7,0.85,0.75,0.8,0.8,0.8,372.817451678411,463.084453687918,CUBIERTO,0.1322616454195459,0.9585117534269032,377.69550870324514,325.8387335973935,314.0720256278291,0.058511753426903,11.766707969564436,2.304491296754861,0.1312616454195459,O1,0.058511753426903,False,True,KALINA,0.0492741163348953,"KALINA: régimen Kalina genuino y admisible, sin fallas."
380.0,2800.0,1010.0,0.75,0.85,0.75,0.8,0.8,0.8,350.3741977982431,441.58606773383633,CUBIERTO,0.4300094346841682,0.9671910900127092,370.0760541930695,309.06336371906934,310.4355084636275,0.0671910900127092,-1.3721447445581705,9.923945806930533,0.4290094346841682,O2,-1.3721447445581705,False,True,CORREGIBLE,0.0845657637851049,"[CORREGIBLE] O2: succión de la bomba bifásica bajo el peor caso de T_amb (riesgo de cavitación) (medido=310.4355084636275, esperado=<= 309.063 K). Causa probable: subenfriamiento insuficiente a la salida del condensador bajo el peor caso ambiental. Sugerencia: aumentar eps_cond o el margen de subenf"
380.0,3200.0,1150.0,0.75,0.85,0.75,0.8,0.8,0.8,356.7702276350995,446.90617115218015,CUBIERTO,0.3783837473280209,0.9650611493919086,372.17276651861687,313.69223714197034,314.5510497682647,0.0650611493919085,-0.858812626294366,7.827233481383132,0.3773837473280209,O2,-0.858812626294366,False,True,CORREGIBLE,0.0837402189399979,"[CORREGIBLE] O2: succión de la bomba bifásica bajo el peor caso de T_amb (riesgo de cavitación) (medido=314.5510497682647, esperado=<= 313.692 K). Causa probable: subenfriamiento insuficiente a la salida del condensador bajo el peor caso ambiental. Sugerencia: aumentar eps_cond o el margen de subenf"
380.0,3200.0,830.0,0.75,0.85,0.75,0.8,0.8,0.8,356.7702276350995,446.90617115218015,CUBIERTO,0.3784819044653932,0.9561547392145644,372.18050980060553,302.3561132887016,305.0535540502762,0.0561547392145642,-2.697440761574626,7.819490199394465,0.3774819044653932,O2,-2.697440761574626,False,True,CORREGIBLE,0.1027538064579405,"[CORREGIBLE] O2: succión de la bomba bifásica bajo el peor caso de T_amb (riesgo de cavitación) (medido=305.0535540502762, esperado=<= 302.356 K). Causa probable: subenfriamiento insuficiente a la salida del condensador bajo el peor caso ambiental. Sugerencia: aumentar eps_cond o el margen de subenf"
380.0,2800.0,1290.0,0.75,0.85,0.75,0.8,0.8,0.8,350.3741977982431,441.58606773383633,CUBIERTO,0.4299941582338853,0.9730227741591614,370.0745411993698,317.9248767563488,318.74152436532137,0.0730227741591613,-0.8166476089725734,9.925458800630167,0.4289941582338853,O2,-0.8166476089725734,False,True,CORREGIBLE,0.0677259566398374,"[CORREGIBLE] O2: succión de la bomba bifásica bajo el peor caso de T_amb (riesgo de cavitación) (medido=318.74152436532137, esperado=<= 317.925 K). Causa probable: subenfriamiento insuficiente a la salida del condensador bajo el peor caso ambiental. Sugerencia: aumentar eps_cond o el margen de suben"
380.0,3200.0,1470.0,0.75,0.85,0.75,0.8,0.8,0.8,356.7702276350995,446.90617115218015,CUBIERTO,0.3784429728321489,0.9715010367776606,372.1774382215189,322.90131224184825,323.1709229446438,0.0715010367776606,-0.2696107027955463,7.822561778481088,0.3774429728321489,O2,-0.2696107027955463,False,True,CORREGIBLE,0.0657052794569762,"[CORREGIBLE] O2: succión de la bomba bifásica bajo el peor caso de T_amb (riesgo de cavitación) (medido=323.1709229446438, esperado=<= 322.901 K). Causa probable: subenfriamiento insuficiente a la salida del condensador bajo el peor caso ambiental. Sugerencia: aumentar eps_cond o el margen de subenf"
380.0,3600.0,935.0,0.75,0.85,0.75,0.8,0.8,0.8,362.64443365008384,451.6777869460888,CUBIERTO,0.3199976530744806,0.9513520212310606,374.1973272925956,306.3859725913226,307.4634047201795,0.0513520212310605,-1.0774321288568558,5.802672707404383,0.3189976530744806,O2,-1.0774321288568558,False,True,CORREGIBLE,0.0996897874975146,"[CORREGIBLE] O2: succión de la bomba bifásica bajo el peor caso de T_amb (riesgo de cavitación) (medido=307.4634047201795, esperado=<= 306.386 K). Causa probable: subenfriamiento insuficiente a la salida del condensador bajo el peor caso ambiental. Sugerencia: aumentar eps_cond o el margen de subenf"
380.0,3600.0,1295.0,0.75,0.85,0.75,0.8,0.8,0.8,362.64443365008384,451.6777869460888,CUBIERTO,0.3199910893463341,0.9620209305038488,374.1969216447839,318.0697114378951,318.422633185606,0.0620209305038487,-0.3529217477109228,5.803078355216144,0.3189910893463341,O2,-0.3529217477109228,False,True,CORREGIBLE,0.0794701257862723,"[CORREGIBLE] O2: succión de la bomba bifásica bajo el peor caso de T_amb (riesgo de cavitación) (medido=318.422633185606, esperado=<= 318.070 K). Causa probable: subenfriamiento insuficiente a la salida del condensador bajo el peor caso ambiental. Sugerencia: aumentar eps_cond o el margen de subenfr"
380.0,3600.0,1655.0,0.75,0.85,0.75,0.8,0.8,0.8,362.64443365008384,451.6777869460888,CUBIERTO,0.3200888261935024,0.969401336831662,374.2029630582921,327.576601627842,323.6918947170317,0.0694013368316619,3.88470691081028,5.797036941707916,0.3190888261935024,O1,0.0694013368316619,False,True,KALINA,0.0608756391528971,"KALINA: régimen Kalina genuino y admisible, sin fallas."
380.0,4000.0,1040.0,0.75,0.85,0.75,0.8,0.8,0.8,368.0962542003624,456.00457985041066,CUBIERTO,0.2506209368692968,0.9451938155773554,376.0746309764989,310.09326561447136,310.6951666445253,0.0451938155773553,-0.6019010300539094,3.925369023501105,0.2496209368692968,O2,-0.6019010300539094,True,True,CORREGIBLE,0.0917832212599366,"[CORREGIBLE] O2: succión de la bomba bifásica bajo el peor caso de T_amb (riesgo de cavitación) (medido=310.6951666445253, esperado=<= 310.093 K). Causa probable: subenfriamiento insuficiente a la salida del condensador bajo el peor caso ambiental. Sugerencia: aumentar eps_cond o el margen de subenf"
380.0,4000.0,1440.0,0.75,0.85,0.75,0.8,0.8,0.8,368.0962542003624,456.00457985041066,CUBIERTO,0.2506803759124515,0.9578217368853188,376.07745014336,322.10377608185905,319.79374809492407,0.0578217368853188,2.310027986934984,3.922549856640046,0.2496803759124515,O1,0.0578217368853188,False,True,KALINA,0.0706276209158895,"KALINA: régimen Kalina genuino y admisible, sin fallas."
380.0,4000.0,1840.0,0.75,0.85,0.75,0.8,0.8,0.8,368.0962542003624,456.00457985041066,CUBIERTO,0.2507434037072272,0.9664971497350834,376.080440212867,331.8910994483421,320.0950081046568,0.0664971497350833,11.796091343685362,3.9195597871329824,0.2497434037072272,O1,0.0664971497350833,False,True,KALINA,0.053600514210337,"KALINA: régimen Kalina genuino y admisible, sin fallas."
380.0,4500.0,1170.0,0.75,0.85,0.75,0.8,0.8,0.8,374.42618824616216,460.90047392253706,CUBIERTO,0.138204071184014,0.935512590925788,378.1265720781064,314.3191676752517,313.927170069543,0.0355125909257879,0.3919976057086956,1.873427921893665,0.137204071184014,O1,0.0355125909257879,True,True,KALINA,0.0634098466565338,"KALINA: régimen Kalina genuino y admisible, sin fallas."
380.0,4500.0,1620.0,0.75,0.85,0.75,0.8,0.8,0.8,374.42618824616216,460.90047392253706,CUBIERTO,0.1382265745525841,0.9505799192722146,378.1273083606664,326.72198212257393,314.1268969214503,0.0505799192722146,12.595085201123652,1.8726916393335955,0.1372265745525841,O1,0.0505799192722146,False,True,KALINA,0.0465178153568364,"KALINA: régimen Kalina genuino y admisible, sin fallas."
380.0,4500.0,2070.0,0.75,0.85,0.75,0.8,0.8,0.8,374.42618824616216,460.90047392253706,CUBIERTO,0.1382351733867155,0.9613389401992072,378.1275897178762,336.8445519685802,314.2763299559357,0.0613389401992071,22.56822201264453,1.8724102821237807,0.1372351733867155,O1,0.0613389401992071,False,True,KALINA,0.0341518616253843,"KALINA: régimen Kalina genuino y admisible, sin fallas."
380.0,2800.0,730.0,0.8,0.85,0.75,0.8,0.8,0.8,346.7832686112316,434.039563029884,CUBIERTO,0.5680236418575023,0.9590751569513578,372.2528472884544,295.4522575063449,305.7316698108159,0.0590751569513577,-10.279412304470952,7.747152711545596,0.4309763581424977,O2,-10.279412304470952,False,True,CORREGIBLE,0.034425025645375,"[CORREGIBLE] O2: succión de la bomba bifásica bajo el peor caso de T_amb (riesgo de cavitación) (medido=305.7316698108159, esperado=<= 295.452 K). Causa probable: subenfriamiento insuficiente a la salida del condensador bajo el peor caso ambiental. Sugerencia: aumentar eps_cond o el margen de subenf"
380.0,2800.0,1010.0,0.8,0.85,0.75,0.8,0.8,0.8,346.7832686112316,434.039563029884,CUBIERTO,0.5275037632584427,0.9680662184564592,367.47641648513707,306.214959307915,307.4921774097013,0.0680662184564593,-1.277218101786275,12.523583514862937,0.4714962367415573,O2,-1.277218101786275,False,True,CORREGIBLE,0.0859978604111129,"[CORREGIBLE] O2: succión de la bomba bifásica bajo el peor caso de T_amb (riesgo de cavitación) (medido=307.4921774097013, esperado=<= 306.215 K). Causa probable: subenfriamiento insuficiente a la salida del condensador bajo el peor caso ambiental. Sugerencia: aumentar eps_cond o el margen de subenf"
380.0,3200.0,1150.0,0.8,0.85,0.75,0.8,0.8,0.8,353.0344579348834,439.14784741926906,CUBIERTO,0.4822117323914135,0.9652482756857984,369.7575946288966,310.7744555748154,311.7210057218492,0.0652482756857982,-0.9465501470337472,10.242405371103416,0.4812117323914135,O2,-0.9465501470337472,False,True,CORREGIBLE,0.0869636805703876,"[CORREGIBLE] O2: succión de la bomba bifásica bajo el peor caso de T_amb (riesgo de cavitación) (medido=311.72100572184917, esperado=<= 310.774 K). Causa probable: subenfriamiento insuficiente a la salida del condensador bajo el peor caso ambiental. Sugerencia: aumentar eps_cond o el margen de suben"
380.0,2800.0,1290.0,0.8,0.85,0.75,0.8,0.8,0.8,346.7832686112316,434.039563029884,CUBIERTO,0.5274158144679564,0.9739848532115124,367.46707199694765,314.9410474164186,315.8588888818595,0.0739848532115124,-0.9178414654409152,12.532928003052348,0.4715841855320436,O2,-0.9178414654409152,False,True,CORREGIBLE,0.0693654634728021,"[CORREGIBLE] O2: succión de la bomba bifásica bajo el peor caso de T_amb (riesgo de cavitación) (medido=315.8588888818595, esperado=<= 314.941 K). Causa probable: subenfriamiento insuficiente a la salida del condensador bajo el peor caso ambiental. Sugerencia: aumentar eps_cond o el margen de subenf"
380.0,3200.0,830.0,0.8,0.85,0.75,0.8,0.8,0.8,353.0344579348834,439.14784741926906,CUBIERTO,0.4867050116230473,0.9553505840297656,370.1379214814148,299.6033388434543,305.01815194245194,0.0553505840297654,-5.414813098997627,9.862078518585236,0.4857050116230473,O2,-5.414813098997627,False,True,CORREGIBLE,0.100643559636686,"[CORREGIBLE] O2: succión de la bomba bifásica bajo el peor caso de T_amb (riesgo de cavitación) (medido=305.01815194245194, esperado=<= 299.603 K). Causa probable: subenfriamiento insuficiente a la salida del condensador bajo el peor caso ambiental. Sugerencia: aumentar eps_cond o el margen de suben"
380.0,3600.0,935.0,0.8,0.85,0.75,0.8,0.8,0.8,358.76708273068,443.7226986067959,CUBIERTO,,,,,,,,,,,,,False,NO_CONVERGIO,,"T_from_Ph(P, h, x): el motor teqp no cubre el estado pedido (ver TASK_CONTEXT 2026-09-18-validar-teqp-nh3h2o). Detalle: h=-2.0981e+08 fuera de dominio a P=3.6e+06 Pa, x=0.8088"
380.0,3600.0,1295.0,0.8,0.85,0.75,0.8,0.8,0.8,358.76708273068,443.7226986067959,CUBIERTO,,,,,,,,,,,,,False,NO_CONVERGIO,,"T_from_Ph(P, h, x): el motor teqp no cubre el estado pedido (ver TASK_CONTEXT 2026-09-18-validar-teqp-nh3h2o). Detalle: h=-2.12141e+08 fuera de dominio a P=3.6e+06 Pa, x=0.8088"
380.0,3600.0,1655.0,0.8,0.85,0.75,0.8,0.8,0.8,358.76708273068,443.7226986067959,CUBIERTO,,,,,,,,,,,,,False,NO_CONVERGIO,,"T_from_Ph(P, h, x): el motor teqp no cubre el estado pedido (ver TASK_CONTEXT 2026-09-18-validar-teqp-nh3h2o). Detalle: h=-2.11259e+08 fuera de dominio a P=3.6e+06 Pa, x=0.8088"
380.0,3200.0,1470.0,0.8,0.85,0.75,0.8,0.8,0.8,353.0344579348834,439.14784741926906,CUBIERTO,0.4822039728314303,0.9720885542875756,369.7569453324609,319.8364203419658,320.3953872836331,0.0720885542875755,-0.558966941667336,10.24305466753907,0.4812039728314303,O2,-0.558966941667336,False,True,CORREGIBLE,0.0694227103995409,"[CORREGIBLE] O2: succión de la bomba bifásica bajo el peor caso de T_amb (riesgo de cavitación) (medido=320.3953872836331, esperado=<= 319.836 K). Causa probable: subenfriamiento insuficiente a la salida del condensador bajo el peor caso ambiental. Sugerencia: aumentar eps_cond o el margen de subenf"
380.0,4000.0,1440.0,0.8,0.85,0.75,0.8,0.8,0.8,364.07978778800566,447.86482690007824,CUBIERTO,0.3718745579406655,0.9564716035616292,374.17086281678826,319.05213334480845,319.3419258540166,0.0564716035616292,-0.289792509208155,5.829137183211742,0.3708745579406655,O2,-0.289792509208155,False,True,CORREGIBLE,0.0816165148619428,"[CORREGIBLE] O2: succión de la bomba bifásica bajo el peor caso de T_amb (riesgo de cavitación) (medido=319.3419258540166, esperado=<= 319.052 K). Causa probable: subenfriamiento insuficiente a la salida del condensador bajo el peor caso ambiental. Sugerencia: aumentar eps_cond o el margen de subenf"
380.0,4000.0,1040.0,0.8,0.85,0.75,0.8,0.8,0.8,364.07978778800566,447.86482690007824,CUBIERTO,0.3718875064882603,0.9425142373200472,374.17150953004943,307.22967307736644,308.02020932588954,0.0425142373200472,-0.7905362485230967,5.828490469950566,0.3708875064882603,O2,-0.7905362485230967,True,True,CORREGIBLE,0.1025580434302167,"[CORREGIBLE] O2: succión de la bomba bifásica bajo el peor caso de T_amb (riesgo de cavitación) (medido=308.02020932588954, esperado=<= 307.230 K). Causa probable: subenfriamiento insuficiente a la salida del condensador bajo el peor caso ambiental. Sugerencia: aumentar eps_cond o el margen de suben"
380.0,4500.0,1170.0,0.8,0.85,0.75,0.8,0.8,0.8,370.2384882926314,452.54363984909634,CUBIERTO,0.2764571692519556,0.932451451972102,376.58816046316105,311.3917644025093,311.7855953744136,0.0324514519721019,-0.3938309719042649,3.4118395368389542,0.2754571692519556,O2,-0.3938309719042649,True,True,CORREGIBLE,0.0924538206522038,"[CORREGIBLE] O2: succión de la bomba bifásica bajo el peor caso de T_amb (riesgo de cavitación) (medido=311.78559537441356, esperado=<= 311.392 K). Causa probable: subenfriamiento insuficiente a la salida del condensador bajo el peor caso ambiental. Sugerencia: aumentar eps_cond o el margen de suben"
380.0,4000.0,1840.0,0.8,0.85,0.75,0.8,0.8,0.8,364.07978778800566,447.86482690007824,CUBIERTO,0.3719967336780633,0.9660446370751646,374.1769663124806,328.6696025318722,325.5523247829642,0.0660446370751646,3.117277748908009,5.823033687519398,0.3709967336780633,O1,0.0660446370751646,False,True,KALINA,0.0625074006089193,"KALINA: régimen Kalina genuino y admisible, sin fallas."
380.0,4500.0,2070.0,0.8,0.85,0.75,0.8,0.8,0.8,370.2384882926314,452.54363984909634,CUBIERTO,0.276603613077629,0.96020074828991,376.5932443758786,333.53067697421005,320.88449375755386,0.0602007482899099,12.646183216656198,3.406755624121331,0.275603613077629,O1,0.0602007482899099,False,True,KALINA,0.0534045542393837,"KALINA: régimen Kalina genuino y admisible, sin fallas."
380.0,4500.0,1620.0,0.8,0.85,0.75,0.8,0.8,0.8,370.2384882926314,452.54363984909634,CUBIERTO,0.2765325112984241,0.9485104123677736,376.590775682089,323.59219692832164,320.5622304941833,0.0485104123677735,3.0299664341383163,3.4092243179109687,0.2755325112984241,O1,0.0485104123677735,True,True,KALINA,0.070643173045714,"KALINA: régimen Kalina genuino y admisible, sin fallas."
380.0,2800.0,730.0,0.85,0.85,0.75,0.8,0.8,0.8,343.7141213217532,424.97760265795154,CUBIERTO,0.6933170884599446,0.958499715338988,373.6192493828124,293.2563533755708,305.7590625213918,0.0584997153389879,-12.50270914582103,6.380750617187573,0.3056829115400554,O3,,False,True,INVIABLE,-0.0471406071514916,"[INVIABLE] O3: potencia neta no positiva: el ciclo no genera trabajo útil (medido=-12.888744870174023, esperado=> 0 kW). Causa probable: Wt <= Wp para esos parámetros. Sugerencia: revisar P_alta/P_baja, eta_t/eta_p o m_b
  - [CORREGIBLE] O2: succión de la bomba bifásica bajo el peor caso de T_amb (r"
380.0,3200.0,830.0,0.85,0.85,0.75,0.8,0.8,0.8,349.82385502689,429.84284081630335,CUBIERTO,0.63216598606827,0.9558691421340654,371.2472123103301,297.35200143838733,305.12282275031976,0.0558691421340653,-7.770821311932423,8.752787689669901,0.36683401393173,O2,-7.770821311932423,False,True,CORREGIBLE,0.0476724483919742,"[CORREGIBLE] O2: succión de la bomba bifásica bajo el peor caso de T_amb (riesgo de cavitación) (medido=305.12282275031976, esperado=<= 297.352 K). Causa probable: subenfriamiento insuficiente a la salida del condensador bajo el peor caso ambiental. Sugerencia: aumentar eps_cond o el margen de suben"
380.0,2800.0,1010.0,0.85,0.85,0.75,0.8,0.8,0.8,343.7141213217532,424.97760265795154,CUBIERTO,0.6277171855358941,0.9685164163273458,364.3220290606459,303.8708266625146,304.8953436403627,0.0685164163273457,-1.0245169778480658,15.677970939354111,0.3712828144641059,O2,-1.0245169778480658,False,True,CORREGIBLE,0.0865406353391333,"[CORREGIBLE] O2: succión de la bomba bifásica bajo el peor caso de T_amb (riesgo de cavitación) (medido=304.8953436403627, esperado=<= 303.871 K). Causa probable: subenfriamiento insuficiente a la salida del condensador bajo el peor caso ambiental. Sugerencia: aumentar eps_cond o el margen de subenf"
380.0,2800.0,1290.0,0.85,0.85,0.75,0.8,0.8,0.8,343.7141213217532,424.97760265795154,CUBIERTO,0.6274970301250918,0.9748964787270498,364.2966027848887,312.4651082228493,313.27942194716934,0.0748964787270497,-0.8143137243200158,15.703397215111297,0.3715029698749081,O2,-0.8143137243200158,False,True,CORREGIBLE,0.0698024899379003,"[CORREGIBLE] O2: succión de la bomba bifásica bajo el peor caso de T_amb (riesgo de cavitación) (medido=313.27942194716934, esperado=<= 312.465 K). Causa probable: subenfriamiento insuficiente a la salida del condensador bajo el peor caso ambiental. Sugerencia: aumentar eps_cond o el margen de suben"
380.0,3200.0,1150.0,0.85,0.85,0.75,0.8,0.8,0.8,349.82385502689,429.84284081630335,CUBIERTO,0.588984896110418,0.9646015609620436,366.8166082824745,308.3628498542931,309.19299475542914,0.0646015609620437,-0.830144901136066,13.183391717525524,0.4100151038895819,O2,-0.830144901136066,False,True,CORREGIBLE,0.088569393938111,"[CORREGIBLE] O2: succión de la bomba bifásica bajo el peor caso de T_amb (riesgo de cavitación) (medido=309.19299475542914, esperado=<= 308.363 K). Causa probable: subenfriamiento insuficiente a la salida del condensador bajo el peor caso ambiental. Sugerencia: aumentar eps_cond o el margen de suben"
380.0,3600.0,1295.0,0.85,0.85,0.75,0.8,0.8,0.8,355.4183811277106,434.1924660878364,CUBIERTO,,,,,,,,,,,,,False,NO_CONVERGIO,,"T_from_Ph(P, h, x): el motor teqp no cubre el estado pedido (ver TASK_CONTEXT 2026-09-18-validar-teqp-nh3h2o). Detalle: h=-2.33971e+07 fuera de dominio a P=3.6e+06 Pa, x=0.8570"
380.0,3600.0,935.0,0.85,0.85,0.75,0.8,0.8,0.8,355.4183811277106,434.1924660878364,CUBIERTO,0.5463449376492859,0.9457722669537152,369.3688621149768,301.2700021176965,304.5153374587593,0.0457722669537152,-3.2453353410627983,10.63113788502318,0.452655062350714,O2,-3.2453353410627983,True,True,CORREGIBLE,0.1089183088447569,"[CORREGIBLE] O2: succión de la bomba bifásica bajo el peor caso de T_amb (riesgo de cavitación) (medido=304.5153374587593, esperado=<= 301.270 K). Causa probable: subenfriamiento insuficiente a la salida del condensador bajo el peor caso ambiental. Sugerencia: aumentar eps_cond o el margen de subenf"
380.0,3600.0,1655.0,0.85,0.85,0.75,0.8,0.8,0.8,355.4183811277106,434.1924660878364,CUBIERTO,,,,,,,,,,,,,False,NO_CONVERGIO,,"T_from_Ph(P, h, x): el motor teqp no cubre el estado pedido (ver TASK_CONTEXT 2026-09-18-validar-teqp-nh3h2o). Detalle: h=-2.35123e+07 fuera de dominio a P=3.6e+06 Pa, x=0.8570"
380.0,3200.0,1470.0,0.85,0.85,0.75,0.8,0.8,0.8,349.82385502689,429.84284081630335,CUBIERTO,0.5888999547007935,0.972369873672978,366.80901458645735,317.2814172234588,317.8786401923662,0.072369873672978,-0.5972229689074311,13.190985413542649,0.4101000452992065,O2,-0.5972229689074311,False,True,CORREGIBLE,0.0711439288670729,"[CORREGIBLE] O2: succión de la bomba bifásica bajo el peor caso de T_amb (riesgo de cavitación) (medido=317.8786401923662, esperado=<= 317.281 K). Causa probable: subenfriamiento insuficiente a la salida del condensador bajo el peor caso ambiental. Sugerencia: aumentar eps_cond o el margen de subenf"
380.0,4000.0,1440.0,0.85,0.85,0.75,0.8,0.8,0.8,360.59559259133135,438.1237063362424,CUBIERTO,0.4965033001872639,0.953895947390708,371.8166607060018,316.51005951370416,316.9498361989129,0.053895947390708,-0.4397766852087557,8.183339293998188,0.4955033001872639,O2,-0.4397766852087557,False,True,CORREGIBLE,0.0873354718422267,"[CORREGIBLE] O2: succión de la bomba bifásica bajo el peor caso de T_amb (riesgo de cavitación) (medido=316.9498361989129, esperado=<= 316.510 K). Causa probable: subenfriamiento insuficiente a la salida del condensador bajo el peor caso ambiental. Sugerencia: aumentar eps_cond o el margen de subenf"
380.0,4000.0,1040.0,0.85,0.85,0.75,0.8,0.8,0.8,360.59559259133135,438.1237063362424,CUBIERTO,0.4966343265283838,0.9383653616766374,371.8235700745144,304.8707795324198,305.61373977615096,0.0383653616766374,-0.7429602437311473,8.17642992548565,0.4956343265283838,O2,-0.7429602437311473,True,True,CORREGIBLE,0.1082366946585492,"[CORREGIBLE] O2: succión de la bomba bifásica bajo el peor caso de T_amb (riesgo de cavitación) (medido=305.61373977615096, esperado=<= 304.871 K). Causa probable: subenfriamiento insuficiente a la salida del condensador bajo el peor caso ambiental. Sugerencia: aumentar eps_cond o el margen de suben"
380.0,4000.0,1840.0,0.85,0.85,0.75,0.8,0.8,0.8,360.59559259133135,438.1237063362424,CUBIERTO,0.496593746315808,0.9648368899634522,371.8214296710047,325.9616294864498,326.12257028141795,0.0648368899634521,-0.1609407949681554,8.178570328995306,0.495593746315808,O2,-0.1609407949681554,False,True,CORREGIBLE,0.0683314306258104,"[CORREGIBLE] O2: succión de la bomba bifásica bajo el peor caso de T_amb (riesgo de cavitación) (medido=326.12257028141795, esperado=<= 325.962 K). Causa probable: subenfriamiento insuficiente a la salida del condensador bajo el peor caso ambiental. Sugerencia: aumentar eps_cond o el margen de suben"
380.0,4500.0,1170.0,0.85,0.85,0.75,0.8,0.8,0.8,366.58781362269167,442.5552243518963,CUBIERTO,0.4186555073364436,0.9281032829957938,374.65992389291057,308.9707923796871,309.4851334420833,0.0281032829957937,-0.51434106239617,5.340076107089431,0.4176555073364436,O2,-0.51434106239617,True,True,CORREGIBLE,0.1043398068519347,"[CORREGIBLE] O2: succión de la bomba bifásica bajo el peor caso de T_amb (riesgo de cavitación) (medido=309.4851334420833, esperado=<= 308.971 K). Causa probable: subenfriamiento insuficiente a la salida del condensador bajo el peor caso ambiental. Sugerencia: aumentar eps_cond o el margen de subenf"
380.0,4500.0,2070.0,0.85,0.85,0.75,0.8,0.8,0.8,366.58781362269167,442.5552243518963,CUBIERTO,0.4188118671589388,0.958172737633726,374.6657061961277,330.73239165919875,327.0288610732008,0.0581727376337259,3.703530585997953,5.334293803872356,0.4178118671589388,O1,0.0581727376337259,False,True,KALINA,0.0628800987180169,"KALINA: régimen Kalina genuino y admisible, sin fallas."
380.0,4500.0,1620.0,0.85,0.85,0.75,0.8,0.8,0.8,366.58781362269167,442.5552243518963,CUBIERTO,0.418659437165963,0.9452441363565768,374.66006917301786,320.9738355573346,321.15523864135395,0.0452441363565767,-0.1814030840193368,5.33993082698214,0.417659437165963,O2,-0.1814030840193368,True,True,CORREGIBLE,0.082414562480854,"[CORREGIBLE] O2: succión de la bomba bifásica bajo el peor caso de T_amb (riesgo de cavitación) (medido=321.15523864135395, esperado=<= 320.974 K). Causa probable: subenfriamiento insuficiente a la salida del condensador bajo el peor caso ambiental. Sugerencia: aumentar eps_cond o el margen de suben"
400.0,2800.0,730.0,0.7,0.85,0.75,0.8,0.8,0.8,354.6647884153868,448.1303898383306,CUBIERTO,0.463429685450821,0.9498880648536644,387.4528418084549,301.5075142610947,306.58287761606147,0.0498880648536642,-5.075363354966783,12.547158191545066,0.462429685450821,O2,-5.075363354966783,True,True,CORREGIBLE,0.1052388771274258,"[CORREGIBLE] O2: succión de la bomba bifásica bajo el peor caso de T_amb (riesgo de cavitación) (medido=306.58287761606147, esperado=<= 301.508 K). Causa probable: subenfriamiento insuficiente a la salida del condensador bajo el peor caso ambiental. Sugerencia: aumentar eps_cond o el margen de suben"
400.0,2800.0,1010.0,0.7,0.85,0.75,0.8,0.8,0.8,354.6647884153868,448.1303898383306,CUBIERTO,0.4633032811581126,0.9584431129482855,387.43504783241474,312.58505752224363,314.6445124932858,0.0584431129482855,-2.059454971042157,12.56495216758526,0.4623032811581126,O2,-2.059454971042157,False,True,CORREGIBLE,0.085643570401317,"[CORREGIBLE] O2: succión de la bomba bifásica bajo el peor caso de T_amb (riesgo de cavitación) (medido=314.6445124932858, esperado=<= 312.585 K). Causa probable: subenfriamiento insuficiente a la salida del condensador bajo el peor caso ambiental. Sugerencia: aumentar eps_cond o el margen de subenf"
400.0,3200.0,830.0,0.7,0.85,0.75,0.8,0.8,0.8,361.20798629900673,453.64135365794095,CUBIERTO,0.4232972870893395,0.9494260246752476,388.7356473209636,305.77666471317,308.1302932800188,0.0494260246752474,-2.3536285668487835,11.264352679036447,0.4222972870893395,O2,-2.3536285668487835,True,True,CORREGIBLE,0.1063834776598166,"[CORREGIBLE] O2: succión de la bomba bifásica bajo el peor caso de T_amb (riesgo de cavitación) (medido=308.1302932800188, esperado=<= 305.777 K). Causa probable: subenfriamiento insuficiente a la salida del condensador bajo el peor caso ambiental. Sugerencia: aumentar eps_cond o el margen de subenf"
400.0,2800.0,1290.0,0.7,0.85,0.75,0.8,0.8,0.8,354.6647884153868,448.1303898383306,CUBIERTO,0.4633163213692966,0.9660226266806088,387.4368832848914,321.5889322204312,322.8409136963232,0.0660226266806086,-1.2519814758920234,12.563116715108606,0.4623163213692966,O2,-1.2519814758920234,False,True,CORREGIBLE,0.0681016972022272,"[CORREGIBLE] O2: succión de la bomba bifásica bajo el peor caso de T_amb (riesgo de cavitación) (medido=322.8409136963232, esperado=<= 321.589 K). Causa probable: subenfriamiento insuficiente a la salida del condensador bajo el peor caso ambiental. Sugerencia: aumentar eps_cond o el margen de subenf"
400.0,3200.0,1150.0,0.7,0.85,0.75,0.8,0.8,0.8,361.20798629900673,453.64135365794095,CUBIERTO,0.4232458429911678,0.9577224148674136,388.7292277370016,317.28699026962204,318.62767757942095,0.0577224148674135,-1.3406873097989092,11.270772262998378,0.4222458429911678,O2,-1.3406873097989092,False,True,CORREGIBLE,0.0858031371869513,"[CORREGIBLE] O2: succión de la bomba bifásica bajo el peor caso de T_amb (riesgo de cavitación) (medido=318.62767757942095, esperado=<= 317.287 K). Causa probable: subenfriamiento insuficiente a la salida del condensador bajo el peor caso ambiental. Sugerencia: aumentar eps_cond o el margen de suben"
400.0,3200.0,1470.0,0.7,0.85,0.75,0.8,0.8,0.8,361.20798629900673,453.64135365794095,CUBIERTO,0.4233224786386338,0.9651646566792764,388.7387912451345,326.6500927539884,327.1419110144927,0.0651646566792764,-0.4918182605043171,11.26120875486555,0.4223224786386338,O2,-0.4918182605043171,False,True,CORREGIBLE,0.0671946381067284,"[CORREGIBLE] O2: succión de la bomba bifásica bajo el peor caso de T_amb (riesgo de cavitación) (medido=327.1419110144927, esperado=<= 326.650 K). Causa probable: subenfriamiento insuficiente a la salida del condensador bajo el peor caso ambiental. Sugerencia: aumentar eps_cond o el margen de subenf"
400.0,3600.0,935.0,0.7,0.85,0.75,0.8,0.8,0.8,367.2254131627747,458.5906186014388,CUBIERTO,0.3829596792378489,0.9485757523341594,390.14826202924615,309.8666446026718,311.58977867430906,0.0485757523341593,-1.7231340716372756,9.851737970753843,0.3819596792378489,O2,-1.7231340716372756,True,True,CORREGIBLE,0.1053249528552415,"[CORREGIBLE] O2: succión de la bomba bifásica bajo el peor caso de T_amb (riesgo de cavitación) (medido=311.58977867430906, esperado=<= 309.867 K). Causa probable: subenfriamiento insuficiente a la salida del condensador bajo el peor caso ambiental. Sugerencia: aumentar eps_cond o el margen de suben"
400.0,3600.0,1295.0,0.7,0.85,0.75,0.8,0.8,0.8,367.2254131627747,458.5906186014388,CUBIERTO,0.3829824753364488,0.956771122156872,390.15074678703365,321.736182249446,322.4078018646031,0.056771122156872,-0.6716196151571125,9.849253212966346,0.3819824753364488,O2,-0.6716196151571125,False,True,CORREGIBLE,0.083700597289688,"[CORREGIBLE] O2: succión de la bomba bifásica bajo el peor caso de T_amb (riesgo de cavitación) (medido=322.4078018646031, esperado=<= 321.736 K). Causa probable: subenfriamiento insuficiente a la salida del condensador bajo el peor caso ambiental. Sugerencia: aumentar eps_cond o el margen de subenf"
400.0,3600.0,1655.0,0.7,0.85,0.75,0.8,0.8,0.8,367.2254131627747,458.5906186014388,CUBIERTO,0.3831046177411826,0.964159514072271,390.1640632476493,331.40837480943134,329.204767079246,0.0641595140722709,2.203607730185354,9.835936752350676,0.3821046177411826,O1,0.0641595140722709,False,True,KALINA,0.0643265100485184,"KALINA: régimen Kalina genuino y admisible, sin fallas."
400.0,4000.0,1040.0,0.7,0.85,0.75,0.8,0.8,0.8,372.817451678411,463.084453687918,CUBIERTO,0.3411159943339833,0.9471587420690544,391.6198074841438,313.63097657165366,314.7677544749119,0.0471587420690542,-1.1367779032582348,8.380192515856209,0.3401159943339833,O2,-1.1367779032582348,True,True,CORREGIBLE,0.102314786669074,"[CORREGIBLE] O2: succión de la bomba bifásica bajo el peor caso de T_amb (riesgo de cavitación) (medido=314.7677544749119, esperado=<= 313.631 K). Causa probable: subenfriamiento insuficiente a la salida del condensador bajo el peor caso ambiental. Sugerencia: aumentar eps_cond o el margen de subenf"
400.0,4000.0,1440.0,0.7,0.85,0.75,0.8,0.8,0.8,372.817451678411,463.084453687918,CUBIERTO,0.3412057713060416,0.9554355525987076,391.6282566016334,325.8387335973935,325.885694164456,0.0554355525987075,-0.0469605670624559,8.371743398366618,0.3402057713060416,O2,-0.0469605670624559,False,True,CORREGIBLE,0.0795808243327078,"[CORREGIBLE] O2: succión de la bomba bifásica bajo el peor caso de T_amb (riesgo de cavitación) (medido=325.88569416445597, esperado=<= 325.839 K). Causa probable: subenfriamiento insuficiente a la salida del condensador bajo el peor caso ambiental. Sugerencia: aumentar eps_cond o el margen de suben"
400.0,4000.0,1840.0,0.7,0.85,0.75,0.8,0.8,0.8,372.817451678411,463.084453687918,CUBIERTO,0.3413162270587142,0.9628701727926472,391.63865532845546,335.80255931962864,326.7813331510321,0.0628701727926472,9.02122616859657,8.361344671544543,0.3403162270587142,O1,0.0628701727926472,False,True,KALINA,0.0607596915638825,"KALINA: régimen Kalina genuino y admisible, sin fallas."
400.0,4500.0,1170.0,0.7,0.85,0.75,0.8,0.8,0.8,379.3194291407349,468.1771159152317,CUBIERTO,0.2847933707517654,0.9445253165102876,393.4689376382343,317.924031559729,318.37125568538266,0.0445253165102876,-0.4472241256536904,6.531062361765692,0.2837933707517654,O2,-0.4472241256536904,True,True,CORREGIBLE,0.0951181574544821,"[CORREGIBLE] O2: succión de la bomba bifásica bajo el peor caso de T_amb (riesgo de cavitación) (medido=318.37125568538266, esperado=<= 317.924 K). Causa probable: subenfriamiento insuficiente a la salida del condensador bajo el peor caso ambiental. Sugerencia: aumentar eps_cond o el margen de suben"
400.0,4500.0,1620.0,0.7,0.85,0.75,0.8,0.8,0.8,379.3194291407349,468.1771159152317,CUBIERTO,0.284902371530003,0.9531707966029898,393.4773510155541,330.53832954259616,323.2342552576037,0.0531707966029897,7.304074284992453,6.52264898444588,0.283902371530003,O1,0.0531707966029897,False,True,KALINA,0.072449891362478,"KALINA: régimen Kalina genuino y admisible, sin fallas."
400.0,4500.0,2070.0,0.7,0.85,0.75,0.8,0.8,0.8,379.3194291407349,468.1771159152317,CUBIERTO,0.2849809014587989,0.960808177550204,393.4834143971909,340.8513886755629,323.60254448096435,0.060808177550204,17.24884419459852,6.516585602809073,0.2839809014587989,O1,0.060808177550204,False,True,KALINA,0.0549930553201351,"KALINA: régimen Kalina genuino y admisible, sin fallas."
400.0,2800.0,730.0,0.75,0.85,0.75,0.8,0.8,0.8,350.3741977982431,441.58606773383633,CUBIERTO,0.561619278309697,0.9501569379504672,387.0302612478987,298.14776374991334,306.8132874405408,0.050156937950467,-8.66552369062748,12.969738752101309,0.4373807216903029,O2,-8.66552369062748,False,True,CORREGIBLE,0.0910236203834088,"[CORREGIBLE] O2: succión de la bomba bifásica bajo el peor caso de T_amb (riesgo de cavitación) (medido=306.8132874405408, esperado=<= 298.148 K). Causa probable: subenfriamiento insuficiente a la salida del condensador bajo el peor caso ambiental. Sugerencia: aumentar eps_cond o el margen de subenf"
400.0,2800.0,1010.0,0.75,0.85,0.75,0.8,0.8,0.8,350.3741977982431,441.58606773383633,CUBIERTO,0.5497927339194597,0.959525035661028,385.2081827955621,309.06336371906934,311.0794263316581,0.059525035661028,-2.016062612588769,14.791817204437962,0.4492072660805403,O2,-2.016062612588769,False,True,CORREGIBLE,0.0870309753212127,"[CORREGIBLE] O2: succión de la bomba bifásica bajo el peor caso de T_amb (riesgo de cavitación) (medido=311.0794263316581, esperado=<= 309.063 K). Causa probable: subenfriamiento insuficiente a la salida del condensador bajo el peor caso ambiental. Sugerencia: aumentar eps_cond o el margen de subenf"
400.0,2800.0,1290.0,0.75,0.85,0.75,0.8,0.8,0.8,350.3741977982431,441.58606773383633,CUBIERTO,0.5497829544752327,0.9668309988430568,385.20669522019176,317.9248767563488,319.37953266309574,0.0668309988430567,-1.4546559067469502,14.793304779808238,0.4492170455247672,O2,-1.4546559067469502,False,True,CORREGIBLE,0.0697230718346746,"[CORREGIBLE] O2: succión de la bomba bifásica bajo el peor caso de T_amb (riesgo de cavitación) (medido=319.37953266309574, esperado=<= 317.925 K). Causa probable: subenfriamiento insuficiente a la salida del condensador bajo el peor caso ambiental. Sugerencia: aumentar eps_cond o el margen de suben"
400.0,3200.0,830.0,0.75,0.85,0.75,0.8,0.8,0.8,356.7702276350995,446.90617115218015,CUBIERTO,0.5133609276396435,0.9508971322021968,386.4340986598231,302.3561132887016,305.8324075375847,0.0508971322021967,-3.4762942488831072,13.565901340176936,0.4856390723603565,O2,-3.4762942488831072,False,True,CORREGIBLE,0.1089976822506887,"[CORREGIBLE] O2: succión de la bomba bifásica bajo el peor caso de T_amb (riesgo de cavitación) (medido=305.8324075375847, esperado=<= 302.356 K). Causa probable: subenfriamiento insuficiente a la salida del condensador bajo el peor caso ambiental. Sugerencia: aumentar eps_cond o el margen de subenf"
400.0,3200.0,1150.0,0.75,0.85,0.75,0.8,0.8,0.8,356.7702276350995,446.90617115218015,CUBIERTO,0.5132143453707972,0.9588850564064484,386.41441558936816,313.69223714197034,315.2002658557336,0.0588850564064483,-1.508028713763224,13.58558441063184,0.4857856546292027,O2,-1.508028713763224,False,True,CORREGIBLE,0.0885959911952958,"[CORREGIBLE] O2: succión de la bomba bifásica bajo el peor caso de T_amb (riesgo de cavitación) (medido=315.20026585573356, esperado=<= 313.692 K). Causa probable: subenfriamiento insuficiente a la salida del condensador bajo el peor caso ambiental. Sugerencia: aumentar eps_cond o el margen de suben"
400.0,3600.0,1295.0,0.75,0.85,0.75,0.8,0.8,0.8,362.64443365008384,451.6777869460888,CUBIERTO,0.4766722627131496,0.9579118097901932,387.8182734194288,318.0697114378951,319.10627961834155,0.0579118097901931,-1.0365681804464657,12.181726580571194,0.4756722627131496,O2,-1.0365681804464657,False,True,CORREGIBLE,0.0882080843688053,"[CORREGIBLE] O2: succión de la bomba bifásica bajo el peor caso de T_amb (riesgo de cavitación) (medido=319.10627961834155, esperado=<= 318.070 K). Causa probable: subenfriamiento insuficiente a la salida del condensador bajo el peor caso ambiental. Sugerencia: aumentar eps_cond o el margen de suben"
400.0,3600.0,935.0,0.75,0.85,0.75,0.8,0.8,0.8,362.64443365008384,451.6777869460888,CUBIERTO,0.476739328395024,0.9499279879719056,387.8260904849458,306.3859725913226,308.1547873458327,0.0499279879719054,-1.7688147545100603,12.17390951505422,0.475739328395024,O2,-1.7688147545100603,True,True,CORREGIBLE,0.1094120071891256,"[CORREGIBLE] O2: succión de la bomba bifásica bajo el peor caso de T_amb (riesgo de cavitación) (medido=308.1547873458327, esperado=<= 306.386 K). Causa probable: subenfriamiento insuficiente a la salida del condensador bajo el peor caso ambiental. Sugerencia: aumentar eps_cond o el margen de subenf"
400.0,3200.0,1470.0,0.75,0.85,0.75,0.8,0.8,0.8,356.7702276350995,446.90617115218015,CUBIERTO,0.5132325215254379,0.9660503057512662,386.4168558070013,322.90131224184825,323.81557342554555,0.0660503057512661,-0.914261183697306,13.583144192998702,0.4857674784745621,O2,-0.914261183697306,False,True,CORREGIBLE,0.0703802179851305,"[CORREGIBLE] O2: succión de la bomba bifásica bajo el peor caso de T_amb (riesgo de cavitación) (medido=323.81557342554555, esperado=<= 322.901 K). Causa probable: subenfriamiento insuficiente a la salida del condensador bajo el peor caso ambiental. Sugerencia: aumentar eps_cond o el margen de suben"
400.0,3600.0,1655.0,0.75,0.85,0.75,0.8,0.8,0.8,362.64443365008384,451.6777869460888,CUBIERTO,0.4767584255461877,0.965051472021936,387.8283167536517,327.576601627842,327.9863085485479,0.0650514720219359,-0.4097069207059576,12.171683246348266,0.4757584255461877,O2,-0.4097069207059576,False,True,CORREGIBLE,0.0691252524639264,"[CORREGIBLE] O2: succión de la bomba bifásica bajo el peor caso de T_amb (riesgo de cavitación) (medido=327.9863085485479, esperado=<= 327.577 K). Causa probable: subenfriamiento insuficiente a la salida del condensador bajo el peor caso ambiental. Sugerencia: aumentar eps_cond o el margen de subenf"
400.0,4000.0,1440.0,0.75,0.85,0.75,0.8,0.8,0.8,368.0962542003624,456.00457985041066,CUBIERTO,0.4389812144776653,0.9564584130603913,389.3356952109507,322.10377608185905,322.6996399830171,0.0564584130603911,-0.5958639011580544,10.66430478904931,0.4379812144776653,O2,-0.5958639011580544,False,True,CORREGIBLE,0.086316458104635,"[CORREGIBLE] O2: succión de la bomba bifásica bajo el peor caso de T_amb (riesgo de cavitación) (medido=322.6996399830171, esperado=<= 322.104 K). Causa probable: subenfriamiento insuficiente a la salida del condensador bajo el peor caso ambiental. Sugerencia: aumentar eps_cond o el margen de subenf"
400.0,4000.0,1040.0,0.75,0.85,0.75,0.8,0.8,0.8,368.0962542003624,456.00457985041066,CUBIERTO,0.4389700723554377,0.9482458809058132,389.3345812533004,310.09326561447136,311.4534786322841,0.0482458809058131,-1.3602130178127254,10.665418746699572,0.4379700723554377,O2,-1.3602130178127254,True,True,CORREGIBLE,0.1083997080722839,"[CORREGIBLE] O2: succión de la bomba bifásica bajo el peor caso de T_amb (riesgo de cavitación) (medido=311.4534786322841, esperado=<= 310.093 K). Causa probable: subenfriamiento insuficiente a la salida del condensador bajo el peor caso ambiental. Sugerencia: aumentar eps_cond o el margen de subenf"
400.0,4000.0,1840.0,0.75,0.85,0.75,0.8,0.8,0.8,368.0962542003624,456.00457985041066,CUBIERTO,0.4391235894144541,0.9637028679106056,389.34993357353954,331.8910994483421,331.0073663786932,0.0637028679106055,0.8837330696489403,10.650066426460455,0.4381235894144541,O1,0.0637028679106055,False,True,KALINA,0.0664773547927604,"KALINA: régimen Kalina genuino y admisible, sin fallas."
400.0,4500.0,1170.0,0.75,0.85,0.75,0.8,0.8,0.8,374.42618824616216,460.90047392253706,CUBIERTO,0.3884284534118118,0.945105065010055,391.2897749197795,314.3191676752517,315.19892376219275,0.0451050650100549,-0.879756086941029,8.710225080220482,0.3874284534118118,O2,-0.879756086941029,True,True,CORREGIBLE,0.1050207689356937,"[CORREGIBLE] O2: succión de la bomba bifásica bajo el peor caso de T_amb (riesgo de cavitación) (medido=315.19892376219275, esperado=<= 314.319 K). Causa probable: subenfriamiento insuficiente a la salida del condensador bajo el peor caso ambiental. Sugerencia: aumentar eps_cond o el margen de suben"
400.0,2800.0,730.0,0.8,0.85,0.75,0.8,0.8,0.8,346.7832686112316,434.039563029884,CUBIERTO,0.6727341668482524,0.94905278842644,388.78713608012646,295.4522575063449,307.01049713853484,0.0490527884264399,-11.558239632189895,11.21286391987354,0.3262658331517476,O2,-11.558239632189895,True,True,CORREGIBLE,0.0604624508067712,"[CORREGIBLE] O2: succión de la bomba bifásica bajo el peor caso de T_amb (riesgo de cavitación) (medido=307.01049713853484, esperado=<= 295.452 K). Causa probable: subenfriamiento insuficiente a la salida del condensador bajo el peor caso ambiental. Sugerencia: aumentar eps_cond o el margen de suben"
400.0,4500.0,1620.0,0.75,0.85,0.75,0.8,0.8,0.8,374.42618824616216,460.90047392253706,CUBIERTO,0.3885323676946438,0.953920589077958,391.2982341257261,326.72198212257393,326.796117817978,0.053920589077958,-0.0741356954040384,8.70176587427386,0.3875323676946438,O2,-0.0741356954040384,False,True,CORREGIBLE,0.0817178240859722,"[CORREGIBLE] O2: succión de la bomba bifásica bajo el peor caso de T_amb (riesgo de cavitación) (medido=326.796117817978, esperado=<= 326.722 K). Causa probable: subenfriamiento insuficiente a la salida del condensador bajo el peor caso ambiental. Sugerencia: aumentar eps_cond o el margen de subenfr"
400.0,4500.0,2070.0,0.75,0.85,0.75,0.8,0.8,0.8,374.42618824616216,460.90047392253706,CUBIERTO,0.3886688238540859,0.9614828366081096,391.3093475606376,336.8445519685802,328.26103100571925,0.0614828366081097,8.583520962860973,8.690652439362395,0.3876688238540859,O1,0.0614828366081097,False,True,KALINA,0.062343427961724,"KALINA: régimen Kalina genuino y admisible, sin fallas."
400.0,2800.0,1010.0,0.8,0.85,0.75,0.8,0.8,0.8,346.7832686112316,434.039563029884,CUBIERTO,0.638098047313807,0.9607659281739104,382.76752581171854,306.214959307915,307.9176683757362,0.0607659281739104,-1.7027090678211607,17.232474188281458,0.3609019526861929,O2,-1.7027090678211607,False,True,CORREGIBLE,0.0879401069131282,"[CORREGIBLE] O2: succión de la bomba bifásica bajo el peor caso de T_amb (riesgo de cavitación) (medido=307.9176683757362, esperado=<= 306.215 K). Causa probable: subenfriamiento insuficiente a la salida del condensador bajo el peor caso ambiental. Sugerencia: aumentar eps_cond o el margen de subenf"
400.0,2800.0,1290.0,0.8,0.85,0.75,0.8,0.8,0.8,346.7832686112316,434.039563029884,CUBIERTO,0.6379855843725843,0.9677706954729626,382.7486329015788,314.9410474164186,316.2874958683024,0.0677706954729625,-1.3464484518837594,17.251367098421213,0.3610144156274156,O2,-1.3464484518837594,False,True,CORREGIBLE,0.0704930925417988,"[CORREGIBLE] O2: succión de la bomba bifásica bajo el peor caso de T_amb (riesgo de cavitación) (medido=316.28749586830236, esperado=<= 314.941 K). Causa probable: subenfriamiento insuficiente a la salida del condensador bajo el peor caso ambiental. Sugerencia: aumentar eps_cond o el margen de suben"
400.0,3200.0,1150.0,0.8,0.85,0.75,0.8,0.8,0.8,353.0344579348834,439.14784741926906,CUBIERTO,0.6051920010892475,0.9602088069294972,383.8296812904345,310.7744555748154,312.1467852214073,0.060208806929497,-1.3723296465918793,16.170318709565493,0.3938079989107524,O2,-1.3723296465918793,False,True,CORREGIBLE,0.090289366774125,"[CORREGIBLE] O2: succión de la bomba bifásica bajo el peor caso de T_amb (riesgo de cavitación) (medido=312.1467852214073, esperado=<= 310.774 K). Causa probable: subenfriamiento insuficiente a la salida del condensador bajo el peor caso ambiental. Sugerencia: aumentar eps_cond o el margen de subenf"
400.0,3200.0,830.0,0.8,0.85,0.75,0.8,0.8,0.8,353.0344579348834,439.14784741926906,CUBIERTO,0.609463054445765,0.9521340985458178,384.4638079249912,299.6033388434543,305.86089743773186,0.0521340985458177,-6.257558594277555,15.536192075008785,0.389536945554235,O2,-6.257558594277555,False,True,CORREGIBLE,0.1059447911529012,"[CORREGIBLE] O2: succión de la bomba bifásica bajo el peor caso de T_amb (riesgo de cavitación) (medido=305.86089743773186, esperado=<= 299.603 K). Causa probable: subenfriamiento insuficiente a la salida del condensador bajo el peor caso ambiental. Sugerencia: aumentar eps_cond o el margen de suben"
400.0,3200.0,1470.0,0.8,0.85,0.75,0.8,0.8,0.8,353.0344579348834,439.14784741926906,CUBIERTO,0.6051479977606719,0.9670772116847132,383.8231960286548,319.8364203419658,320.8247111359656,0.0670772116847132,-0.9882907939997948,16.17680397134518,0.3938520022393281,O2,-0.9882907939997948,False,True,CORREGIBLE,0.0721559072379883,"[CORREGIBLE] O2: succión de la bomba bifásica bajo el peor caso de T_amb (riesgo de cavitación) (medido=320.8247111359656, esperado=<= 319.836 K). Causa probable: subenfriamiento insuficiente a la salida del condensador bajo el peor caso ambiental. Sugerencia: aumentar eps_cond o el margen de subenf"
400.0,3600.0,1295.0,0.8,0.85,0.75,0.8,0.8,0.8,358.76708273068,443.7226986067959,CUBIERTO,0.5726176238103728,0.9591666197078264,385.19072942891097,315.0835759763687,316.1470968596476,0.0591666197078263,-1.0635208832788976,14.80927057108903,0.4263823761896271,O2,-1.0635208832788976,False,True,CORREGIBLE,0.0909368395052982,"[CORREGIBLE] O2: succión de la bomba bifásica bajo el peor caso de T_amb (riesgo de cavitación) (medido=316.1470968596476, esperado=<= 315.084 K). Causa probable: subenfriamiento insuficiente a la salida del condensador bajo el peor caso ambiental. Sugerencia: aumentar eps_cond o el margen de subenf"
400.0,3600.0,935.0,0.8,0.85,0.75,0.8,0.8,0.8,358.76708273068,443.7226986067959,CUBIERTO,0.5727812160290692,0.9512930966846064,385.21148763782537,303.5764110980361,305.1095480909827,0.0512930966846064,-1.533136992946595,14.788512362174629,0.4262187839709308,O2,-1.533136992946595,False,True,CORREGIBLE,0.1121336274575285,"[CORREGIBLE] O2: succión de la bomba bifásica bajo el peor caso de T_amb (riesgo de cavitación) (medido=305.1095480909827, esperado=<= 303.576 K). Causa probable: subenfriamiento insuficiente a la salida del condensador bajo el peor caso ambiental. Sugerencia: aumentar eps_cond o el margen de subenf"
400.0,3600.0,1655.0,0.8,0.85,0.75,0.8,0.8,0.8,358.76708273068,443.7226986067959,CUBIERTO,0.5726442165511704,0.966067579519206,385.19410283911344,324.43197075402685,325.0836477727521,0.066067579519206,-0.6516770187252519,14.80589716088656,0.4263557834488296,O2,-0.6516770187252519,False,True,CORREGIBLE,0.0721296550911071,"[CORREGIBLE] O2: succión de la bomba bifásica bajo el peor caso de T_amb (riesgo de cavitación) (medido=325.0836477727521, esperado=<= 324.432 K). Causa probable: subenfriamiento insuficiente a la salida del condensador bajo el peor caso ambiental. Sugerencia: aumentar eps_cond o el margen de subenf"
400.0,4000.0,1040.0,0.8,0.85,0.75,0.8,0.8,0.8,364.07978778800566,447.86482690007824,CUBIERTO,0.539320634833034,0.9491749901031552,386.74556178017934,307.22967307736644,308.4996274456531,0.0491749901031551,-1.269954368286676,13.254438219820656,0.4596793651669659,O2,-1.269954368286676,True,True,CORREGIBLE,0.1122641375912437,"[CORREGIBLE] O2: succión de la bomba bifásica bajo el peor caso de T_amb (riesgo de cavitación) (medido=308.4996274456531, esperado=<= 307.230 K). Causa probable: subenfriamiento insuficiente a la salida del condensador bajo el peor caso ambiental. Sugerencia: aumentar eps_cond o el margen de subenf"
400.0,4000.0,1440.0,0.8,0.85,0.75,0.8,0.8,0.8,364.07978778800566,447.86482690007824,CUBIERTO,0.5392376914189401,0.9575108566048184,386.7366180400926,319.05213334480845,319.8253040733433,0.0575108566048183,-0.7731707285348648,13.263381959907406,0.4597623085810599,O2,-0.7731707285348648,False,True,CORREGIBLE,0.0903839502312447,"[CORREGIBLE] O2: succión de la bomba bifásica bajo el peor caso de T_amb (riesgo de cavitación) (medido=319.8253040733433, esperado=<= 319.052 K). Causa probable: subenfriamiento insuficiente a la salida del condensador bajo el peor caso ambiental. Sugerencia: aumentar eps_cond o el margen de subenf"
400.0,4500.0,1170.0,0.8,0.85,0.75,0.8,0.8,0.8,370.2384882926314,452.54363984909634,CUBIERTO,0.4948455673621524,0.945274965509662,388.8059523648752,311.3917644025093,312.3508949258003,0.0452749655096619,-0.9591305232909804,11.194047635124775,0.4938455673621524,O2,-0.9591305232909804,True,True,CORREGIBLE,0.1109237552465948,"[CORREGIBLE] O2: succión de la bomba bifásica bajo el peor caso de T_amb (riesgo de cavitación) (medido=312.3508949258003, esperado=<= 311.392 K). Causa probable: subenfriamiento insuficiente a la salida del condensador bajo el peor caso ambiental. Sugerencia: aumentar eps_cond o el margen de subenf"
400.0,4000.0,1840.0,0.8,0.85,0.75,0.8,0.8,0.8,364.07978778800566,447.86482690007824,CUBIERTO,0.539335322997226,0.9646183386597194,386.7471459357526,328.6696025318722,329.0022284197029,0.0646183386597193,-0.3326258878306589,13.2528540642474,0.459664677002774,O2,-0.3326258878306589,False,True,CORREGIBLE,0.0708620992510593,"[CORREGIBLE] O2: succión de la bomba bifásica bajo el peor caso de T_amb (riesgo de cavitación) (medido=329.0022284197029, esperado=<= 328.670 K). Causa probable: subenfriamiento insuficiente a la salida del condensador bajo el peor caso ambiental. Sugerencia: aumentar eps_cond o el margen de subenf"
400.0,4500.0,1620.0,0.8,0.85,0.75,0.8,0.8,0.8,370.2384882926314,452.54363984909634,CUBIERTO,0.4948647529068352,0.9545542353872982,388.8076193707398,323.59219692832164,324.0194563942293,0.0545542353872982,-0.4272594659076389,11.192380629260184,0.4938647529068352,O2,-0.4272594659076389,False,True,CORREGIBLE,0.0880992715542857,"[CORREGIBLE] O2: succión de la bomba bifásica bajo el peor caso de T_amb (riesgo de cavitación) (medido=324.0194563942293, esperado=<= 323.592 K). Causa probable: subenfriamiento insuficiente a la salida del condensador bajo el peor caso ambiental. Sugerencia: aumentar eps_cond o el margen de subenf"
400.0,2800.0,730.0,0.85,0.85,0.75,0.8,0.8,0.8,343.7141213217532,424.97760265795154,CUBIERTO,0.7826265567435258,0.9478384038760796,390.7971113870412,293.2563533755708,307.32975806351743,0.0478384038760796,-14.073404687946663,9.202888612958816,0.2163734432564742,O2,-14.073404687946663,True,True,CORREGIBLE,0.0127839506529362,"[CORREGIBLE] O2: succión de la bomba bifásica bajo el peor caso de T_amb (riesgo de cavitación) (medido=307.32975806351743, esperado=<= 293.256 K). Causa probable: subenfriamiento insuficiente a la salida del condensador bajo el peor caso ambiental. Sugerencia: aumentar eps_cond o el margen de suben"
400.0,4500.0,2070.0,0.8,0.85,0.75,0.8,0.8,0.8,370.2384882926314,452.54363984909634,CUBIERTO,0.4950391153636985,0.9621553572894616,388.8227760394634,333.53067697421005,332.58340779087604,0.0621553572894616,0.947269183334015,11.177223960536594,0.4940391153636985,O1,0.0621553572894616,False,True,KALINA,0.0677803740126545,"KALINA: régimen Kalina genuino y admisible, sin fallas."
400.0,2800.0,1010.0,0.85,0.85,0.75,0.8,0.8,0.8,343.7141213217532,424.97760265795154,CUBIERTO,0.7284003839759262,0.962243174650408,379.9654733678939,303.8708266625146,305.1554932083503,0.0622431746504078,-1.2846665458357052,20.03452663210612,0.2705996160240738,O2,-1.2846665458357052,False,True,CORREGIBLE,0.0885016760992252,"[CORREGIBLE] O2: succión de la bomba bifásica bajo el peor caso de T_amb (riesgo de cavitación) (medido=305.1554932083503, esperado=<= 303.871 K). Causa probable: subenfriamiento insuficiente a la salida del condensador bajo el peor caso ambiental. Sugerencia: aumentar eps_cond o el margen de subenf"
400.0,3200.0,830.0,0.85,0.85,0.75,0.8,0.8,0.8,349.82385502689,429.84284081630335,CUBIERTO,0.7346184931565618,0.9505136384807628,387.0356638630263,297.35200143838733,306.06350606170787,0.0505136384807627,-8.711504623320536,12.964336136973714,0.2643815068434382,O2,-8.711504623320536,False,True,CORREGIBLE,0.0697462832865858,"[CORREGIBLE] O2: succión de la bomba bifásica bajo el peor caso de T_amb (riesgo de cavitación) (medido=306.06350606170787, esperado=<= 297.352 K). Causa probable: subenfriamiento insuficiente a la salida del condensador bajo el peor caso ambiental. Sugerencia: aumentar eps_cond o el margen de suben"
400.0,3600.0,935.0,0.85,0.85,0.75,0.8,0.8,0.8,355.4183811277106,434.1924660878364,CUBIERTO,,,,,,,,,,,,,False,NO_CONVERGIO,,"T_from_Ph(P, h, x): el motor teqp no cubre el estado pedido (ver TASK_CONTEXT 2026-09-18-validar-teqp-nh3h2o). Detalle: equilibrio no resoluble en T=479.29 K, P=3.6e+06 Pa, x=0.8570"
400.0,2800.0,1290.0,0.85,0.85,0.75,0.8,0.8,0.8,343.7141213217532,424.97760265795154,CUBIERTO,0.7282310210566741,0.9689029083660208,379.9330083698196,312.4651082228493,313.54605885444505,0.0689029083660207,-1.0809506315957265,20.066991630180382,0.2707689789433258,O2,-1.0809506315957265,False,True,CORREGIBLE,0.0707973024083127,"[CORREGIBLE] O2: succión de la bomba bifásica bajo el peor caso de T_amb (riesgo de cavitación) (medido=313.54605885444505, esperado=<= 312.465 K). Causa probable: subenfriamiento insuficiente a la salida del condensador bajo el peor caso ambiental. Sugerencia: aumentar eps_cond o el margen de suben"
400.0,3600.0,1295.0,0.85,0.85,0.75,0.8,0.8,0.8,355.4183811277106,434.1924660878364,CUBIERTO,,,,,,,,,,,,,False,NO_CONVERGIO,,"T_from_Ph(P, h, x): el motor teqp no cubre el estado pedido (ver TASK_CONTEXT 2026-09-18-validar-teqp-nh3h2o). Detalle: equilibrio no resoluble en T=479.29 K, P=3.6e+06 Pa, x=0.8570"
400.0,3600.0,1655.0,0.85,0.85,0.75,0.8,0.8,0.8,355.4183811277106,434.1924660878364,CUBIERTO,,,,,,,,,,,,,False,NO_CONVERGIO,,"T_from_Ph(P, h, x): el motor teqp no cubre el estado pedido (ver TASK_CONTEXT 2026-09-18-validar-teqp-nh3h2o). Detalle: equilibrio no resoluble en T=479.29 K, P=3.6e+06 Pa, x=0.8570"
400.0,3200.0,1150.0,0.85,0.85,0.75,0.8,0.8,0.8,349.82385502689,429.84284081630335,CUBIERTO,0.6995992852279174,0.961736087626039,380.8212270407327,308.3628498542931,309.4511413209416,0.0617360876260389,-1.0882914666484569,19.17877295926729,0.2994007147720826,O2,-1.0882914666484569,False,True,CORREGIBLE,0.0913539327660402,"[CORREGIBLE] O2: succión de la bomba bifásica bajo el peor caso de T_amb (riesgo de cavitación) (medido=309.45114132094153, esperado=<= 308.363 K). Causa probable: subenfriamiento insuficiente a la salida del condensador bajo el peor caso ambiental. Sugerencia: aumentar eps_cond o el margen de suben"
400.0,4000.0,1040.0,0.85,0.85,0.75,0.8,0.8,0.8,360.59559259133135,438.1237063362424,CUBIERTO,0.6427633004619977,0.9496104054634528,383.6800014553322,304.8707795324198,305.89164516722246,0.0496104054634528,-1.0208656348026466,16.319998544667783,0.3562366995380023,O2,-1.0208656348026466,True,True,CORREGIBLE,0.1148961258516353,"[CORREGIBLE] O2: succión de la bomba bifásica bajo el peor caso de T_amb (riesgo de cavitación) (medido=305.89164516722246, esperado=<= 304.871 K). Causa probable: subenfriamiento insuficiente a la salida del condensador bajo el peor caso ambiental. Sugerencia: aumentar eps_cond o el margen de suben"
400.0,3200.0,1470.0,0.85,0.85,0.75,0.8,0.8,0.8,349.82385502689,429.84284081630335,CUBIERTO,0.6994943981998609,0.968301390804401,380.803727757044,317.2814172234588,318.1442341770901,0.068301390804401,-0.8628169536312953,19.196272242956013,0.2995056018001391,O2,-0.8628169536312953,False,True,CORREGIBLE,0.0731042572228275,"[CORREGIBLE] O2: succión de la bomba bifásica bajo el peor caso de T_amb (riesgo de cavitación) (medido=318.1442341770901, esperado=<= 317.281 K). Causa probable: subenfriamiento insuficiente a la salida del condensador bajo el peor caso ambiental. Sugerencia: aumentar eps_cond o el margen de subenf"
400.0,4000.0,1440.0,0.85,0.85,0.75,0.8,0.8,0.8,360.59559259133135,438.1237063362424,CUBIERTO,0.6425815325402127,0.9584764301976644,383.6583900887868,316.51005951370416,317.23732422839885,0.0584764301976643,-0.7272647146946838,16.341609911213197,0.3564184674597873,O2,-0.7272647146946838,False,True,CORREGIBLE,0.092891696810264,"[CORREGIBLE] O2: succión de la bomba bifásica bajo el peor caso de T_amb (riesgo de cavitación) (medido=317.23732422839885, esperado=<= 316.510 K). Causa probable: subenfriamiento insuficiente a la salida del condensador bajo el peor caso ambiental. Sugerencia: aumentar eps_cond o el margen de suben"
400.0,4000.0,1840.0,0.85,0.85,0.75,0.8,0.8,0.8,360.59559259133135,438.1237063362424,CUBIERTO,0.6426169052363345,0.9655915771819564,383.6625940892227,325.9616294864498,326.4189214546224,0.0655915771819563,-0.4572919681725693,16.337405910777306,0.3563830947636655,O2,-0.4572919681725693,False,True,CORREGIBLE,0.0735685843153978,"[CORREGIBLE] O2: succión de la bomba bifásica bajo el peor caso de T_amb (riesgo de cavitación) (medido=326.41892145462236, esperado=<= 325.962 K). Causa probable: subenfriamiento insuficiente a la salida del condensador bajo el peor caso ambiental. Sugerencia: aumentar eps_cond o el margen de suben"
400.0,4500.0,1620.0,0.85,0.85,0.75,0.8,0.8,0.8,366.58781362269167,442.5552243518963,CUBIERTO,0.6046485229192454,0.9548101788706448,385.8375958861653,320.9738355573346,321.4896203963777,0.0548101788706446,-0.5157848390430786,14.162404113834668,0.3943514770807546,O2,-0.5157848390430786,False,True,CORREGIBLE,0.0919971126143301,"[CORREGIBLE] O2: succión de la bomba bifásica bajo el peor caso de T_amb (riesgo de cavitación) (medido=321.4896203963777, esperado=<= 320.974 K). Causa probable: subenfriamiento insuficiente a la salida del condensador bajo el peor caso ambiental. Sugerencia: aumentar eps_cond o el margen de subenf"
400.0,4500.0,1170.0,0.85,0.85,0.75,0.8,0.8,0.8,366.58781362269167,442.5552243518963,CUBIERTO,0.6047285559644727,0.0,385.8451434693306,308.9707923796871,309.8079643103658,-0.9,-0.8371719306786645,14.154856530669406,0.3942714440355273,O2,-0.8371719306786645,False,True,CORREGIBLE,0.1147516587674249,"[CORREGIBLE] O2: succión de la bomba bifásica bajo el peor caso de T_amb (riesgo de cavitación) (medido=309.8079643103658, esperado=<= 308.971 K). Causa probable: subenfriamiento insuficiente a la salida del condensador bajo el peor caso ambiental. Sugerencia: aumentar eps_cond o el margen de subenf"
400.0,4500.0,2070.0,0.85,0.85,0.75,0.8,0.8,0.8,366.58781362269167,442.5552243518963,CUBIERTO,0.6047768233260473,0.96271646973225,385.8496969476833,330.73239165919875,330.9489993913369,0.06271646973225,-0.2166077321381294,14.1503030523167,0.3942231766739527,O2,-0.2166077321381294,False,True,CORREGIBLE,0.0719331028785696,"[CORREGIBLE] O2: succión de la bomba bifásica bajo el peor caso de T_amb (riesgo de cavitación) (medido=330.9489993913369, esperado=<= 330.732 K). Causa probable: subenfriamiento insuficiente a la salida del condensador bajo el peor caso ambiental. Sugerencia: aumentar eps_cond o el margen de subenf"
420.0,2800.0,730.0,0.7,0.85,0.75,0.8,0.8,0.8,354.6647884153868,448.1303898383306,CUBIERTO,0.5838464614369788,0.9407164800329308,405.5980486373719,301.5075142610947,307.9285383094118,0.0407164800329307,-6.421024048317122,14.401951362628154,0.4151535385630212,O2,-6.421024048317122,True,True,CORREGIBLE,0.1057855635572988,"[CORREGIBLE] O2: succión de la bomba bifásica bajo el peor caso de T_amb (riesgo de cavitación) (medido=307.9285383094118, esperado=<= 301.508 K). Causa probable: subenfriamiento insuficiente a la salida del condensador bajo el peor caso ambiental. Sugerencia: aumentar eps_cond o el margen de subenf"
420.0,3200.0,830.0,0.7,0.85,0.75,0.8,0.8,0.8,361.20798629900673,453.64135365794095,CUBIERTO,0.5448441843544024,0.9400397446062586,405.8170541625025,305.77666471317,309.1470749399508,0.0400397446062585,-3.3704102267807343,14.182945837497527,0.4541558156455976,O2,-3.3704102267807343,True,True,CORREGIBLE,0.1089060635974132,"[CORREGIBLE] O2: succión de la bomba bifásica bajo el peor caso de T_amb (riesgo de cavitación) (medido=309.14707493995076, esperado=<= 305.777 K). Causa probable: subenfriamiento insuficiente a la salida del condensador bajo el peor caso ambiental. Sugerencia: aumentar eps_cond o el margen de suben"
420.0,2800.0,1290.0,0.7,0.85,0.75,0.8,0.8,0.8,354.6647884153868,448.1303898383306,CUBIERTO,0.5836339259838641,0.9609842508466928,405.5658498095656,321.5889322204312,323.9227107099448,0.0609842508466927,-2.3337784895136338,14.434150190434366,0.4153660740161359,O2,-2.3337784895136338,False,True,CORREGIBLE,0.0680625033026455,"[CORREGIBLE] O2: succión de la bomba bifásica bajo el peor caso de T_amb (riesgo de cavitación) (medido=323.9227107099448, esperado=<= 321.589 K). Causa probable: subenfriamiento insuficiente a la salida del condensador bajo el peor caso ambiental. Sugerencia: aumentar eps_cond o el margen de subenf"
420.0,2800.0,1010.0,0.7,0.85,0.75,0.8,0.8,0.8,354.6647884153868,448.1303898383306,CUBIERTO,0.583663453040726,0.951671787781754,405.5703234757795,312.58505752224363,315.74200425642624,0.051671787781754,-3.156946734182611,14.429676524220495,0.415336546959274,O2,-3.156946734182611,False,True,CORREGIBLE,0.0854847529014592,"[CORREGIBLE] O2: succión de la bomba bifásica bajo el peor caso de T_amb (riesgo de cavitación) (medido=315.74200425642624, esperado=<= 312.585 K). Causa probable: subenfriamiento insuficiente a la salida del condensador bajo el peor caso ambiental. Sugerencia: aumentar eps_cond o el margen de suben"
420.0,3200.0,1150.0,0.7,0.85,0.75,0.8,0.8,0.8,361.20798629900673,453.64135365794095,CUBIERTO,0.5447422117455712,0.9507333891808806,405.8018467292708,317.28699026962204,319.62654774385084,0.0507333891808805,-2.3395574742287977,14.198153270729222,0.4542577882544287,O2,-2.3395574742287977,False,True,CORREGIBLE,0.0877214251800691,"[CORREGIBLE] O2: succión de la bomba bifásica bajo el peor caso de T_amb (riesgo de cavitación) (medido=319.62654774385084, esperado=<= 317.287 K). Causa probable: subenfriamiento insuficiente a la salida del condensador bajo el peor caso ambiental. Sugerencia: aumentar eps_cond o el margen de suben"
420.0,3200.0,1470.0,0.7,0.85,0.75,0.8,0.8,0.8,361.20798629900673,453.64135365794095,CUBIERTO,0.5447796385902494,0.9599549453394088,405.8074282845994,326.6500927539884,328.12573577577746,0.0599549453394087,-1.4756430217890966,14.19257171540056,0.4542203614097506,O2,-1.4756430217890966,False,True,CORREGIBLE,0.0694106861341806,"[CORREGIBLE] O2: succión de la bomba bifásica bajo el peor caso de T_amb (riesgo de cavitación) (medido=328.12573577577746, esperado=<= 326.650 K). Causa probable: subenfriamiento insuficiente a la salida del condensador bajo el peor caso ambiental. Sugerencia: aumentar eps_cond o el margen de suben"
420.0,3600.0,935.0,0.7,0.85,0.75,0.8,0.8,0.8,367.2254131627747,458.5906186014388,CUBIERTO,0.5094088184670097,0.9393742984676678,406.3480225562856,309.8666446026718,312.5513397349025,0.0393742984676678,-2.684695132230729,13.65197744371443,0.4895911815329903,O2,-2.684695132230729,True,True,CORREGIBLE,0.1100965670748213,"[CORREGIBLE] O2: succión de la bomba bifásica bajo el peor caso de T_amb (riesgo de cavitación) (medido=312.5513397349025, esperado=<= 309.867 K). Causa probable: subenfriamiento insuficiente a la salida del condensador bajo el peor caso ambiental. Sugerencia: aumentar eps_cond o el margen de subenf"
420.0,3600.0,1295.0,0.7,0.85,0.75,0.8,0.8,0.8,367.2254131627747,458.5906186014388,CUBIERTO,0.5093826507315263,0.9497984579315716,406.3442961403634,321.736182249446,323.3512445250363,0.0497984579315715,-1.6150622755903328,13.65570385963656,0.4896173492684736,O2,-1.6150622755903328,True,True,CORREGIBLE,0.0880825936757913,"[CORREGIBLE] O2: succión de la bomba bifásica bajo el peor caso de T_amb (riesgo de cavitación) (medido=323.3512445250363, esperado=<= 321.736 K). Causa probable: subenfriamiento insuficiente a la salida del condensador bajo el peor caso ambiental. Sugerencia: aumentar eps_cond o el margen de subenf"
420.0,4000.0,1040.0,0.7,0.85,0.75,0.8,0.8,0.8,372.817451678411,463.084453687918,CUBIERTO,0.4758433189727543,0.9384758878134968,407.1021731414798,313.63097657165366,315.7046847040297,0.0384758878134968,-2.073708132376055,12.897826858520204,0.4748433189727543,O2,-2.073708132376055,True,True,CORREGIBLE,0.1099926537240807,"[CORREGIBLE] O2: succión de la bomba bifásica bajo el peor caso de T_amb (riesgo de cavitación) (medido=315.7046847040297, esperado=<= 313.631 K). Causa probable: subenfriamiento insuficiente a la salida del condensador bajo el peor caso ambiental. Sugerencia: aumentar eps_cond o el margen de subenf"
420.0,3600.0,1655.0,0.7,0.85,0.75,0.8,0.8,0.8,367.2254131627747,458.5906186014388,CUBIERTO,0.5094827252045981,0.9589289304251968,406.3585476749535,331.40837480943134,332.1205426285558,0.0589289304251968,-0.7121678191244882,13.641452325046489,0.4895172747954018,O2,-0.7121678191244882,False,True,CORREGIBLE,0.0689134657281009,"[CORREGIBLE] O2: succión de la bomba bifásica bajo el peor caso de T_amb (riesgo de cavitación) (medido=332.1205426285558, esperado=<= 331.408 K). Causa probable: subenfriamiento insuficiente a la salida del condensador bajo el peor caso ambiental. Sugerencia: aumentar eps_cond o el margen de subenf"
420.0,4000.0,1440.0,0.7,0.85,0.75,0.8,0.8,0.8,372.817451678411,463.084453687918,CUBIERTO,0.475887534687959,0.9486719241454812,407.10806068717017,325.8387335973935,326.804060288516,0.0486719241454811,-0.9653266911224704,12.891939312829834,0.474887534687959,O2,-0.9653266911224704,True,True,CORREGIBLE,0.0871213187817634,"[CORREGIBLE] O2: succión de la bomba bifásica bajo el peor caso de T_amb (riesgo de cavitación) (medido=326.804060288516, esperado=<= 325.839 K). Causa probable: subenfriamiento insuficiente a la salida del condensador bajo el peor caso ambiental. Sugerencia: aumentar eps_cond o el margen de subenfr"
420.0,4000.0,1840.0,0.7,0.85,0.75,0.8,0.8,0.8,372.817451678411,463.084453687918,CUBIERTO,0.476042147141038,0.9577384253303012,407.1286511277266,335.80255931962864,335.8252637721621,0.057738425330301,-0.0227044525334463,12.87134887227336,0.475042147141038,O2,-0.0227044525334463,False,True,CORREGIBLE,0.0671369999207562,"[CORREGIBLE] O2: succión de la bomba bifásica bajo el peor caso de T_amb (riesgo de cavitación) (medido=335.8252637721621, esperado=<= 335.803 K). Causa probable: subenfriamiento insuficiente a la salida del condensador bajo el peor caso ambiental. Sugerencia: aumentar eps_cond o el margen de subenf"
420.0,4500.0,1170.0,0.7,0.85,0.75,0.8,0.8,0.8,379.3194291407349,468.1771159152317,CUBIERTO,0.4348476720360753,0.9369612359779316,408.2605031732211,317.924031559729,319.31115044287054,0.0369612359779314,-1.387118883141568,11.739496826778918,0.4338476720360752,O2,-1.387118883141568,True,True,CORREGIBLE,0.1082658646088533,"[CORREGIBLE] O2: succión de la bomba bifásica bajo el peor caso de T_amb (riesgo de cavitación) (medido=319.31115044287054, esperado=<= 317.924 K). Causa probable: subenfriamiento insuficiente a la salida del condensador bajo el peor caso ambiental. Sugerencia: aumentar eps_cond o el margen de suben"
420.0,4500.0,1620.0,0.7,0.85,0.75,0.8,0.8,0.8,379.3194291407349,468.1771159152317,CUBIERTO,0.4349743537565217,0.9469452654432056,408.27569222187446,330.53832954259616,330.76785826398964,0.0469452654432054,-0.2295287213934784,11.724307778125535,0.4339743537565217,O2,-0.2295287213934784,True,True,CORREGIBLE,0.0842446636900713,"[CORREGIBLE] O2: succión de la bomba bifásica bajo el peor caso de T_amb (riesgo de cavitación) (medido=330.76785826398964, esperado=<= 330.538 K). Causa probable: subenfriamiento insuficiente a la salida del condensador bajo el peor caso ambiental. Sugerencia: aumentar eps_cond o el margen de suben"
420.0,2800.0,730.0,0.75,0.85,0.75,0.8,0.8,0.8,350.3741977982431,441.58606773383633,CUBIERTO,0.679126114964383,0.9405398866239456,406.0642379885699,298.14776374991334,308.29686520081344,0.0405398866239457,-10.149101450900105,13.935762011430086,0.319873885035617,O2,-10.149101450900105,True,True,CORREGIBLE,0.0950530104363824,"[CORREGIBLE] O2: succión de la bomba bifásica bajo el peor caso de T_amb (riesgo de cavitación) (medido=308.29686520081344, esperado=<= 298.148 K). Causa probable: subenfriamiento insuficiente a la salida del condensador bajo el peor caso ambiental. Sugerencia: aumentar eps_cond o el margen de suben"
420.0,4500.0,2070.0,0.7,0.85,0.75,0.8,0.8,0.8,379.3194291407349,468.1771159152317,CUBIERTO,0.4351355789500521,0.9559785202835074,408.295028832312,340.8513886755629,333.4254551568356,0.0559785202835073,7.425933518727277,11.704971167687972,0.4341355789500521,O1,0.0559785202835073,False,True,KALINA,0.0643177584987916,"KALINA: régimen Kalina genuino y admisible, sin fallas."
420.0,2800.0,1010.0,0.75,0.85,0.75,0.8,0.8,0.8,350.3741977982431,441.58606773383633,CUBIERTO,0.6669372039674113,0.9520888362674929,404.13313221414046,309.06336371906934,311.9059689422302,0.0520888362674927,-2.842605223160831,15.86686778585954,0.3320627960325887,O2,-2.842605223160831,False,True,CORREGIBLE,0.0861023977526724,"[CORREGIBLE] O2: succión de la bomba bifásica bajo el peor caso de T_amb (riesgo de cavitación) (medido=311.9059689422302, esperado=<= 309.063 K). Causa probable: subenfriamiento insuficiente a la salida del condensador bajo el peor caso ambiental. Sugerencia: aumentar eps_cond o el margen de subenf"
420.0,2800.0,1290.0,0.75,0.85,0.75,0.8,0.8,0.8,350.3741977982431,441.58606773383633,CUBIERTO,0.6668412256655545,0.9613002362208376,404.1177995397978,317.9248767563488,320.2009751927419,0.0613002362208374,-2.276098436393113,15.882200460202228,0.3321587743344455,O2,-2.276098436393113,False,True,CORREGIBLE,0.0685940512112638,"[CORREGIBLE] O2: succión de la bomba bifásica bajo el peor caso de T_amb (riesgo de cavitación) (medido=320.2009751927419, esperado=<= 317.925 K). Causa probable: subenfriamiento insuficiente a la salida del condensador bajo el peor caso ambiental. Sugerencia: aumentar eps_cond o el margen de subenf"
420.0,3200.0,1150.0,0.75,0.85,0.75,0.8,0.8,0.8,356.7702276350995,446.90617115218015,CUBIERTO,0.6300504786282333,0.9513021498268256,404.07836793410416,313.69223714197034,315.9441369919596,0.0513021498268254,-2.251899849989286,15.921632065895835,0.3689495213717667,O2,-2.251899849989286,False,True,CORREGIBLE,0.08930899783714,"[CORREGIBLE] O2: succión de la bomba bifásica bajo el peor caso de T_amb (riesgo de cavitación) (medido=315.9441369919596, esperado=<= 313.692 K). Causa probable: subenfriamiento insuficiente a la salida del condensador bajo el peor caso ambiental. Sugerencia: aumentar eps_cond o el margen de subenf"
420.0,3200.0,830.0,0.75,0.85,0.75,0.8,0.8,0.8,356.7702276350995,446.90617115218015,CUBIERTO,0.6302458426860806,0.9408019071867574,404.1094198959611,302.3561132887016,306.7276184194185,0.0408019071867573,-4.371505130716912,15.890580104038918,0.3687541573139193,O2,-4.371505130716912,True,True,CORREGIBLE,0.1106457696026005,"[CORREGIBLE] O2: succión de la bomba bifásica bajo el peor caso de T_amb (riesgo de cavitación) (medido=306.7276184194185, esperado=<= 302.356 K). Causa probable: subenfriamiento insuficiente a la salida del condensador bajo el peor caso ambiental. Sugerencia: aumentar eps_cond o el margen de subenf"
420.0,3600.0,935.0,0.75,0.85,0.75,0.8,0.8,0.8,362.64443365008384,451.6777869460888,CUBIERTO,0.597145013796356,0.9403231822128748,404.4165667484576,306.3859725913226,308.8563708088687,0.0403231822128747,-2.4703982175460624,15.583433251542374,0.401854986203644,O2,-2.4703982175460624,True,True,CORREGIBLE,0.1127131703286379,"[CORREGIBLE] O2: succión de la bomba bifásica bajo el peor caso de T_amb (riesgo de cavitación) (medido=308.8563708088687, esperado=<= 306.386 K). Causa probable: subenfriamiento insuficiente a la salida del condensador bajo el peor caso ambiental. Sugerencia: aumentar eps_cond o el margen de subenf"
420.0,3200.0,1470.0,0.75,0.85,0.75,0.8,0.8,0.8,356.7702276350995,446.90617115218015,CUBIERTO,0.6300263546800701,0.9603822316508064,404.0745334642119,322.90131224184825,324.55412334792425,0.0603822316508063,-1.6528111060760011,15.925466535788075,0.3689736453199299,O2,-1.6528111060760011,False,True,CORREGIBLE,0.0710262745129795,"[CORREGIBLE] O2: succión de la bomba bifásica bajo el peor caso de T_amb (riesgo de cavitación) (medido=324.55412334792425, esperado=<= 322.901 K). Causa probable: subenfriamiento insuficiente a la salida del condensador bajo el peor caso ambiental. Sugerencia: aumentar eps_cond o el margen de suben"
420.0,3600.0,1295.0,0.75,0.85,0.75,0.8,0.8,0.8,362.64443365008384,451.6777869460888,CUBIERTO,0.5970299828576435,0.9505040892711352,404.3990085168055,318.0697114378951,319.8013650572272,0.0505040892711352,-1.7316536193321213,15.600991483194548,0.4019700171423565,O2,-1.7316536193321213,False,True,CORREGIBLE,0.0906870362769383,"[CORREGIBLE] O2: succión de la bomba bifásica bajo el peor caso de T_amb (riesgo de cavitación) (medido=319.8013650572272, esperado=<= 318.070 K). Causa probable: subenfriamiento insuficiente a la salida del condensador bajo el peor caso ambiental. Sugerencia: aumentar eps_cond o el margen de subenf"
420.0,3600.0,1655.0,0.75,0.85,0.75,0.8,0.8,0.8,362.64443365008384,451.6777869460888,CUBIERTO,0.5970729835816307,0.9594563357815604,404.405571955801,327.576601627842,328.67695599492026,0.0594563357815605,-1.100354367078296,15.594428044198992,0.4019270164183692,O2,-1.100354367078296,False,True,CORREGIBLE,0.0716872033658935,"[CORREGIBLE] O2: succión de la bomba bifásica bajo el peor caso de T_amb (riesgo de cavitación) (medido=328.67695599492026, esperado=<= 327.577 K). Causa probable: subenfriamiento insuficiente a la salida del condensador bajo el peor caso ambiental. Sugerencia: aumentar eps_cond o el margen de suben"
420.0,4000.0,1040.0,0.75,0.85,0.75,0.8,0.8,0.8,368.0962542003624,456.00457985041066,CUBIERTO,0.5661412217803115,0.9395713047686562,405.0068299761867,310.09326561447136,312.1299139650951,0.0395713047686562,-2.03664835062375,14.99317002381332,0.4328587782196885,O2,-2.03664835062375,True,True,CORREGIBLE,0.1135785793993848,"[CORREGIBLE] O2: succión de la bomba bifásica bajo el peor caso de T_amb (riesgo de cavitación) (medido=312.1299139650951, esperado=<= 310.093 K). Causa probable: subenfriamiento insuficiente a la salida del condensador bajo el peor caso ambiental. Sugerencia: aumentar eps_cond o el margen de subenf"
420.0,4000.0,1440.0,0.75,0.85,0.75,0.8,0.8,0.8,368.0962542003624,456.00457985041066,CUBIERTO,0.5661008787988726,0.949488402679588,405.0010616617503,322.10377608185905,323.36996834632043,0.0494884026795878,-1.266192264461381,14.998938338249673,0.4328991212011274,O2,-1.266192264461381,True,True,CORREGIBLE,0.0908607170152984,"[CORREGIBLE] O2: succión de la bomba bifásica bajo el peor caso de T_amb (riesgo de cavitación) (medido=323.36996834632043, esperado=<= 322.104 K). Causa probable: subenfriamiento insuficiente a la salida del condensador bajo el peor caso ambiental. Sugerencia: aumentar eps_cond o el margen de suben"
420.0,4500.0,1170.0,0.75,0.85,0.75,0.8,0.8,0.8,374.42618824616216,460.90047392253706,CUBIERTO,0.5286292986790996,0.9381623110555604,406.0335478147492,314.3191676752517,315.8697441386326,0.0381623110555603,-1.550576463380878,13.966452185250771,0.4703707013209004,O2,-1.550576463380878,True,True,CORREGIBLE,0.1132983944834119,"[CORREGIBLE] O2: succión de la bomba bifásica bajo el peor caso de T_amb (riesgo de cavitación) (medido=315.8697441386326, esperado=<= 314.319 K). Causa probable: subenfriamiento insuficiente a la salida del condensador bajo el peor caso ambiental. Sugerencia: aumentar eps_cond o el margen de subenf"
420.0,4000.0,1840.0,0.75,0.85,0.75,0.8,0.8,0.8,368.0962542003624,456.00457985041066,CUBIERTO,0.566207298808857,0.95834724618796,405.0162785255272,331.8910994483421,332.492697711114,0.0583472461879599,-0.6015982627718586,14.98372147447276,0.432792701191143,O2,-0.6015982627718586,False,True,CORREGIBLE,0.0711398226953475,"[CORREGIBLE] O2: succión de la bomba bifásica bajo el peor caso de T_amb (riesgo de cavitación) (medido=332.492697711114, esperado=<= 331.891 K). Causa probable: subenfriamiento insuficiente a la salida del condensador bajo el peor caso ambiental. Sugerencia: aumentar eps_cond o el margen de subenfr"
420.0,2800.0,730.0,0.8,0.85,0.75,0.8,0.8,0.8,346.7832686112316,434.039563029884,CUBIERTO,,,,,,,,,,,,,False,NO_CONVERGIO,,"T_from_Ph(P, h, x): el motor teqp no cubre el estado pedido (ver TASK_CONTEXT 2026-09-18-validar-teqp-nh3h2o). Detalle: equilibrio no resoluble en T=307.05 K, P=7.3e+05 Pa, x=0.4326"
420.0,4500.0,1620.0,0.75,0.85,0.75,0.8,0.8,0.8,374.42618824616216,460.90047392253706,CUBIERTO,0.5286778328795362,0.947850375569202,406.0397874585313,326.72198212257393,327.4611516458286,0.047850375569202,-0.7391695232546454,13.960212541468708,0.4703221671204638,O2,-0.7391695232546454,True,True,CORREGIBLE,0.0896785912018447,"[CORREGIBLE] O2: succión de la bomba bifásica bajo el peor caso de T_amb (riesgo de cavitación) (medido=327.4611516458286, esperado=<= 326.722 K). Causa probable: subenfriamiento insuficiente a la salida del condensador bajo el peor caso ambiental. Sugerencia: aumentar eps_cond o el margen de subenf"
420.0,4500.0,2070.0,0.75,0.85,0.75,0.8,0.8,0.8,374.42618824616216,460.90047392253706,CUBIERTO,0.5288566700241552,0.956652189562631,406.0627848987925,336.8445519685802,336.87566455522057,0.0566521895626309,-0.0311125866403472,13.937215101207528,0.4701433299758448,O2,-0.0311125866403472,False,True,CORREGIBLE,0.0690832968631091,"[CORREGIBLE] O2: succión de la bomba bifásica bajo el peor caso de T_amb (riesgo de cavitación) (medido=336.87566455522057, esperado=<= 336.845 K). Causa probable: subenfriamiento insuficiente a la salida del condensador bajo el peor caso ambiental. Sugerencia: aumentar eps_cond o el margen de suben"
420.0,2800.0,1010.0,0.8,0.85,0.75,0.8,0.8,0.8,346.7832686112316,434.039563029884,CUBIERTO,0.7514044717938251,0.9525100643044748,402.738637810386,306.214959307915,308.4939260915206,0.0525100643044746,-2.278966783605597,17.261362189614033,0.2475955282061749,O2,-2.278966783605597,False,True,CORREGIBLE,0.0869097285361072,"[CORREGIBLE] O2: succión de la bomba bifásica bajo el peor caso de T_amb (riesgo de cavitación) (medido=308.4939260915206, esperado=<= 306.215 K). Causa probable: subenfriamiento insuficiente a la salida del condensador bajo el peor caso ambiental. Sugerencia: aumentar eps_cond o el margen de subenf"
420.0,2800.0,1290.0,0.8,0.85,0.75,0.8,0.8,0.8,346.7832686112316,434.039563029884,CUBIERTO,0.751222300141668,0.9616199066766464,402.7076262443606,314.9410474164186,316.8678927477611,0.0616199066766464,-1.92684533134252,17.292373755639403,0.2477776998583319,O2,-1.92684533134252,False,True,CORREGIBLE,0.0690144212485102,"[CORREGIBLE] O2: succión de la bomba bifásica bajo el peor caso de T_amb (riesgo de cavitación) (medido=316.8678927477611, esperado=<= 314.941 K). Causa probable: subenfriamiento insuficiente a la salida del condensador bajo el peor caso ambiental. Sugerencia: aumentar eps_cond o el margen de subenf"
420.0,3200.0,830.0,0.8,0.85,0.75,0.8,0.8,0.8,353.0344579348834,439.14784741926906,CUBIERTO,0.7211718588563543,0.941273336319688,403.09494954454,299.6033388434543,306.89627847495524,0.0412733363196881,-7.292939631500928,16.905050455460014,0.2778281411436457,O2,-7.292939631500928,True,True,CORREGIBLE,0.1079640511219556,"[CORREGIBLE] O2: succión de la bomba bifásica bajo el peor caso de T_amb (riesgo de cavitación) (medido=306.89627847495524, esperado=<= 299.603 K). Causa probable: subenfriamiento insuficiente a la salida del condensador bajo el peor caso ambiental. Sugerencia: aumentar eps_cond o el margen de suben"
420.0,3200.0,1150.0,0.8,0.85,0.75,0.8,0.8,0.8,353.0344579348834,439.14784741926906,CUBIERTO,0.7166040967683681,0.9519153069947136,402.3105317852906,310.7744555748154,312.66599149736743,0.0519153069947134,-1.8915359225520088,17.689468214709393,0.2823959032316319,O2,-1.8915359225520088,False,True,CORREGIBLE,0.0904946545921124,"[CORREGIBLE] O2: succión de la bomba bifásica bajo el peor caso de T_amb (riesgo de cavitación) (medido=312.66599149736743, esperado=<= 310.774 K). Causa probable: subenfriamiento insuficiente a la salida del condensador bajo el peor caso ambiental. Sugerencia: aumentar eps_cond o el margen de suben"
420.0,3600.0,935.0,0.8,0.85,0.75,0.8,0.8,0.8,358.76708273068,443.7226986067959,CUBIERTO,0.6863929141144368,0.9413722721683024,402.3906328182948,303.5764110980361,305.586770306207,0.0413722721683024,-2.0103592081708825,17.60936718170518,0.3126070858855632,O2,-2.0103592081708825,True,True,CORREGIBLE,0.114903095834899,"[CORREGIBLE] O2: succión de la bomba bifásica bajo el peor caso de T_amb (riesgo de cavitación) (medido=305.586770306207, esperado=<= 303.576 K). Causa probable: subenfriamiento insuficiente a la salida del condensador bajo el peor caso ambiental. Sugerencia: aumentar eps_cond o el margen de subenfr"
420.0,3200.0,1470.0,0.8,0.85,0.75,0.8,0.8,0.8,353.0344579348834,439.14784741926906,CUBIERTO,0.716520660103306,0.9608422216858924,402.2961786981279,319.8364203419658,321.3478358985951,0.0608422216858922,-1.5114155566293448,17.703821301872097,0.282479339896694,O2,-1.5114155566293448,False,True,CORREGIBLE,0.0720097217849116,"[CORREGIBLE] O2: succión de la bomba bifásica bajo el peor caso de T_amb (riesgo de cavitación) (medido=321.3478358985951, esperado=<= 319.836 K). Causa probable: subenfriamiento insuficiente a la salida del condensador bajo el peor caso ambiental. Sugerencia: aumentar eps_cond o el margen de subenf"
420.0,3600.0,1295.0,0.8,0.85,0.75,0.8,0.8,0.8,358.76708273068,443.7226986067959,CUBIERTO,0.6861927827948665,0.95128550010223,402.3572821517563,315.0835759763687,316.6287189993445,0.0512855001022298,-1.5451430229758216,17.642717848243706,0.3128072172051335,O2,-1.5451430229758216,False,True,CORREGIBLE,0.0925646098561687,"[CORREGIBLE] O2: succión de la bomba bifásica bajo el peor caso de T_amb (riesgo de cavitación) (medido=316.6287189993445, esperado=<= 315.084 K). Causa probable: subenfriamiento insuficiente a la salida del condensador bajo el peor caso ambiental. Sugerencia: aumentar eps_cond o el margen de subenf"
420.0,3600.0,1655.0,0.8,0.85,0.75,0.8,0.8,0.8,358.76708273068,443.7226986067959,CUBIERTO,0.6861784324882134,0.9600401470940676,402.3548908670296,324.43197075402685,325.5698194714992,0.0600401470940674,-1.137848717472366,17.64510913297039,0.3128215675117866,O2,-1.137848717472366,False,True,CORREGIBLE,0.0734792891659784,"[CORREGIBLE] O2: succión de la bomba bifásica bajo el peor caso de T_amb (riesgo de cavitación) (medido=325.5698194714992, esperado=<= 324.432 K). Causa probable: subenfriamiento insuficiente a la salida del condensador bajo el peor caso ambiental. Sugerencia: aumentar eps_cond o el margen de subenf"
420.0,4000.0,1040.0,0.8,0.85,0.75,0.8,0.8,0.8,364.07978778800566,447.86482690007824,CUBIERTO,0.658228569890207,0.9407952022314796,402.7709571607752,307.22967307736644,308.9562055079113,0.0407952022314797,-1.7265324305448644,17.22904283922486,0.340771430109793,O2,-1.7265324305448644,True,True,CORREGIBLE,0.1163799547528146,"[CORREGIBLE] O2: succión de la bomba bifásica bajo el peor caso de T_amb (riesgo de cavitación) (medido=308.9562055079113, esperado=<= 307.230 K). Causa probable: subenfriamiento insuficiente a la salida del condensador bajo el peor caso ambiental. Sugerencia: aumentar eps_cond o el margen de subenf"
420.0,4000.0,1440.0,0.8,0.85,0.75,0.8,0.8,0.8,364.07978778800566,447.86482690007824,CUBIERTO,0.6581038613312364,0.9504062240245548,402.7514204175991,319.05213334480845,320.28674412672905,0.0504062240245547,-1.234610781920594,17.248579582400907,0.3408961386687635,O2,-1.234610781920594,False,True,CORREGIBLE,0.0934856495833321,"[CORREGIBLE] O2: succión de la bomba bifásica bajo el peor caso de T_amb (riesgo de cavitación) (medido=320.28674412672905, esperado=<= 319.052 K). Causa probable: subenfriamiento insuficiente a la salida del condensador bajo el peor caso ambiental. Sugerencia: aumentar eps_cond o el margen de suben"
420.0,4000.0,1840.0,0.8,0.85,0.75,0.8,0.8,0.8,364.07978778800566,447.86482690007824,CUBIERTO,0.6581547875160559,0.959032934987848,402.75939805985246,328.6696025318722,329.4688074973708,0.0590329349878481,-0.7992049654985749,17.240601940147542,0.340845212483944,O2,-0.7992049654985749,False,True,CORREGIBLE,0.0738132421099656,"[CORREGIBLE] O2: succión de la bomba bifásica bajo el peor caso de T_amb (riesgo de cavitación) (medido=329.4688074973708, esperado=<= 328.670 K). Causa probable: subenfriamiento insuficiente a la salida del condensador bajo el peor caso ambiental. Sugerencia: aumentar eps_cond o el margen de subenf"
420.0,4500.0,1170.0,0.8,0.85,0.75,0.8,0.8,0.8,370.2384882926314,452.54363984909634,CUBIERTO,0.6245448859141286,0.9394965599942724,403.61976027898896,311.3917644025093,312.79971844309483,0.0394965599942724,-1.4079540405855369,16.380239721011037,0.3744551140858714,O2,-1.4079540405855369,True,True,CORREGIBLE,0.11699130950432,"[CORREGIBLE] O2: succión de la bomba bifásica bajo el peor caso de T_amb (riesgo de cavitación) (medido=312.79971844309483, esperado=<= 311.392 K). Causa probable: subenfriamiento insuficiente a la salida del condensador bajo el peor caso ambiental. Sugerencia: aumentar eps_cond o el margen de suben"
420.0,4500.0,1620.0,0.8,0.85,0.75,0.8,0.8,0.8,370.2384882926314,452.54363984909634,CUBIERTO,0.6245102720991573,0.9488713627490364,403.6148888633001,323.59219692832164,324.4737416534742,0.0488713627490362,-0.881544725152537,16.38511113669989,0.3744897279008427,O2,-0.881544725152537,True,True,CORREGIBLE,0.0933857078032737,"[CORREGIBLE] O2: succión de la bomba bifásica bajo el peor caso de T_amb (riesgo de cavitación) (medido=324.4737416534742, esperado=<= 323.592 K). Causa probable: subenfriamiento insuficiente a la salida del condensador bajo el peor caso ambiental. Sugerencia: aumentar eps_cond o el margen de subenf"
420.0,4500.0,2070.0,0.8,0.85,0.75,0.8,0.8,0.8,370.2384882926314,452.54363984909634,CUBIERTO,0.6246407273267082,0.9574189615337364,403.6332507348537,333.53067697421005,333.9402374472321,0.0574189615337364,-0.4095604730220543,16.366749265146325,0.3743592726732918,O2,-0.4095604730220543,False,True,CORREGIBLE,0.0729701287905495,"[CORREGIBLE] O2: succión de la bomba bifásica bajo el peor caso de T_amb (riesgo de cavitación) (medido=333.9402374472321, esperado=<= 333.531 K). Causa probable: subenfriamiento insuficiente a la salida del condensador bajo el peor caso ambiental. Sugerencia: aumentar eps_cond o el margen de subenf"
420.0,2800.0,730.0,0.85,0.85,0.75,0.8,0.8,0.8,343.7141213217532,424.97760265795154,CUBIERTO,0.8883668883790166,0.939092522223142,410.1450002995808,293.2563533755708,309.8533402540052,0.0390925222231419,-16.59698687843445,9.854999700419173,0.1106331116209834,O2,-16.59698687843445,True,True,CORREGIBLE,0.0417708824917831,"[CORREGIBLE] O2: succión de la bomba bifásica bajo el peor caso de T_amb (riesgo de cavitación) (medido=309.8533402540052, esperado=<= 293.256 K). Causa probable: subenfriamiento insuficiente a la salida del condensador bajo el peor caso ambiental. Sugerencia: aumentar eps_cond o el margen de subenf"
420.0,2800.0,1010.0,0.85,0.85,0.75,0.8,0.8,0.8,343.7141213217532,424.97760265795154,CUBIERTO,0.8367749772462905,0.952955385113726,401.3229268048016,303.8708266625146,305.52559301440954,0.0529553851137258,-1.6547663518949207,18.67707319519843,0.1622250227537095,O2,-1.6547663518949207,False,True,CORREGIBLE,0.0883011167324451,"[CORREGIBLE] O2: succión de la bomba bifásica bajo el peor caso de T_amb (riesgo de cavitación) (medido=305.52559301440954, esperado=<= 303.871 K). Causa probable: subenfriamiento insuficiente a la salida del condensador bajo el peor caso ambiental. Sugerencia: aumentar eps_cond o el margen de suben"
420.0,2800.0,1290.0,0.85,0.85,0.75,0.8,0.8,0.8,343.7141213217532,424.97760265795154,CUBIERTO,0.8365489007765081,0.9619559620410246,401.2813617976073,312.4651082228493,313.9262612209116,0.0619559620410246,-1.461152998062289,18.718638202392757,0.1624510992234918,O2,-1.461152998062289,False,True,CORREGIBLE,0.0698765551191906,"[CORREGIBLE] O2: succión de la bomba bifásica bajo el peor caso de T_amb (riesgo de cavitación) (medido=313.9262612209116, esperado=<= 312.465 K). Causa probable: subenfriamiento insuficiente a la salida del condensador bajo el peor caso ambiental. Sugerencia: aumentar eps_cond o el margen de subenf"
420.0,3200.0,830.0,0.85,0.85,0.75,0.8,0.8,0.8,349.82385502689,429.84284081630335,CUBIERTO,0.8363381201093717,0.9398075874409028,406.35495666947344,297.35200143838733,307.4238653854857,0.0398075874409028,-10.071863947098391,13.645043330526562,0.1626618798906283,O2,-10.071863947098391,True,True,CORREGIBLE,0.0810359152893891,"[CORREGIBLE] O2: succión de la bomba bifásica bajo el peor caso de T_amb (riesgo de cavitación) (medido=307.4238653854857, esperado=<= 297.352 K). Causa probable: subenfriamiento insuficiente a la salida del condensador bajo el peor caso ambiental. Sugerencia: aumentar eps_cond o el margen de subenf"
420.0,3600.0,935.0,0.85,0.85,0.75,0.8,0.8,0.8,355.4183811277106,434.1924660878364,CUBIERTO,,,,,,,,,,,,,False,NO_CONVERGIO,,"T_from_Ph(P, h, x): el motor teqp no cubre el estado pedido (ver TASK_CONTEXT 2026-09-18-validar-teqp-nh3h2o). Detalle: equilibrio no resoluble en T=479.79 K, P=3.6e+06 Pa, x=0.8570"
420.0,3600.0,1295.0,0.85,0.85,0.75,0.8,0.8,0.8,355.4183811277106,434.1924660878364,CUBIERTO,,,,,,,,,,,,,False,NO_CONVERGIO,,"T_from_Ph(P, h, x): el motor teqp no cubre el estado pedido (ver TASK_CONTEXT 2026-09-18-validar-teqp-nh3h2o). Detalle: equilibrio no resoluble en T=479.74 K, P=3.6e+06 Pa, x=0.8570"
420.0,3200.0,1150.0,0.85,0.85,0.75,0.8,0.8,0.8,349.82385502689,429.84284081630335,CUBIERTO,0.8044460129514633,0.952592074122136,400.4573527846931,308.3628498542931,309.7873990057131,0.0525920741221358,-1.424549151420024,19.54264721530689,0.1945539870485366,O2,-1.424549151420024,False,True,CORREGIBLE,0.0915409793556303,"[CORREGIBLE] O2: succión de la bomba bifásica bajo el peor caso de T_amb (riesgo de cavitación) (medido=309.7873990057131, esperado=<= 308.363 K). Causa probable: subenfriamiento insuficiente a la salida del condensador bajo el peor caso ambiental. Sugerencia: aumentar eps_cond o el margen de subenf"
420.0,3600.0,1655.0,0.85,0.85,0.75,0.8,0.8,0.8,355.4183811277106,434.1924660878364,CUBIERTO,,,,,,,,,,,,,False,NO_CONVERGIO,,"T_from_Ph(P, h, x): el motor teqp no cubre el estado pedido (ver TASK_CONTEXT 2026-09-18-validar-teqp-nh3h2o). Detalle: equilibrio no resoluble en T=479.73 K, P=3.6e+06 Pa, x=0.8570"
420.0,3200.0,1470.0,0.85,0.85,0.75,0.8,0.8,0.8,349.82385502689,429.84284081630335,CUBIERTO,0.804304259713447,0.9613495964690713,400.4304146354667,317.2814172234588,318.4901369606781,0.0613495964690712,-1.208719737219326,19.56958536453328,0.194695740286553,O2,-1.208719737219326,False,True,CORREGIBLE,0.0726672869709237,"[CORREGIBLE] O2: succión de la bomba bifásica bajo el peor caso de T_amb (riesgo de cavitación) (medido=318.4901369606781, esperado=<= 317.281 K). Causa probable: subenfriamiento insuficiente a la salida del condensador bajo el peor caso ambiental. Sugerencia: aumentar eps_cond o el margen de subenf"
420.0,4000.0,1040.0,0.85,0.85,0.75,0.8,0.8,0.8,360.59559259133135,438.1237063362424,CUBIERTO,0.7523312504330747,0.942196743377134,400.3102140658092,304.8707795324198,306.1768532724002,0.0421967433771338,-1.306073739980377,19.68978593419081,0.2466687495669253,O2,-1.306073739980377,True,True,CORREGIBLE,0.1187643979475673,"[CORREGIBLE] O2: succión de la bomba bifásica bajo el peor caso de T_amb (riesgo de cavitación) (medido=306.1768532724002, esperado=<= 304.871 K). Causa probable: subenfriamiento insuficiente a la salida del condensador bajo el peor caso ambiental. Sugerencia: aumentar eps_cond o el margen de subenf"
420.0,4000.0,1440.0,0.85,0.85,0.75,0.8,0.8,0.8,360.59559259133135,438.1237063362424,CUBIERTO,0.7521301350885738,0.9514686965526178,400.2746588147705,316.51005951370416,317.5334012926676,0.0514686965526177,-1.0233417789634132,19.725341185229468,0.2468698649114261,O2,-1.0233417789634132,False,True,CORREGIBLE,0.0954613483038472,"[CORREGIBLE] O2: succión de la bomba bifásica bajo el peor caso de T_amb (riesgo de cavitación) (medido=317.5334012926676, esperado=<= 316.510 K). Causa probable: subenfriamiento insuficiente a la salida del condensador bajo el peor caso ambiental. Sugerencia: aumentar eps_cond o el margen de subenf"
420.0,4500.0,1170.0,0.85,0.85,0.75,0.8,0.8,0.8,366.58781362269167,442.5552243518963,CUBIERTO,0.7229594109271197,0.9409982984015612,400.91134368076814,308.9707923796871,310.0863337419562,0.0409982984015612,-1.1155413622690844,19.08865631923186,0.2760405890728803,O2,-1.1155413622690844,True,True,CORREGIBLE,0.1199008768147593,"[CORREGIBLE] O2: succión de la bomba bifásica bajo el peor caso de T_amb (riesgo de cavitación) (medido=310.0863337419562, esperado=<= 308.971 K). Causa probable: subenfriamiento insuficiente a la salida del condensador bajo el peor caso ambiental. Sugerencia: aumentar eps_cond o el margen de subenf"
420.0,4000.0,1840.0,0.85,0.85,0.75,0.8,0.8,0.8,360.59559259133135,438.1237063362424,CUBIERTO,0.7521269313180694,0.959829688963216,400.2740924909589,325.9616294864498,326.7246646234154,0.0598296889632158,-0.7630351369655841,19.72590750904112,0.2468730686819306,O2,-0.7630351369655841,False,True,CORREGIBLE,0.0756348531461581,"[CORREGIBLE] O2: succión de la bomba bifásica bajo el peor caso de T_amb (riesgo de cavitación) (medido=326.7246646234154, esperado=<= 325.962 K). Causa probable: subenfriamiento insuficiente a la salida del condensador bajo el peor caso ambiental. Sugerencia: aumentar eps_cond o el margen de subenf"
420.0,4500.0,1620.0,0.85,0.85,0.75,0.8,0.8,0.8,366.58781362269167,442.5552243518963,CUBIERTO,0.7228443656040596,0.9500516520740286,400.8930568926317,320.9738355573346,321.7791051530505,0.0500516520740286,-0.8052695957159131,19.10694310736835,0.2761556343959404,O2,-0.8052695957159131,False,True,CORREGIBLE,0.0960515570486117,"[CORREGIBLE] O2: succión de la bomba bifásica bajo el peor caso de T_amb (riesgo de cavitación) (medido=321.7791051530505, esperado=<= 320.974 K). Causa probable: subenfriamiento insuficiente a la salida del condensador bajo el peor caso ambiental. Sugerencia: aumentar eps_cond o el margen de subenf"
420.0,4500.0,2070.0,0.85,0.85,0.75,0.8,0.8,0.8,366.58781362269167,442.5552243518963,CUBIERTO,0.7229194682544854,0.958315410842389,400.90499406067937,330.73239165919875,331.2484875240583,0.058315410842389,-0.5160958648595511,19.09500593932063,0.2760805317455146,O2,-0.5160958648595511,False,True,CORREGIBLE,0.0756431169986065,"[CORREGIBLE] O2: succión de la bomba bifásica bajo el peor caso de T_amb (riesgo de cavitación) (medido=331.2484875240583, esperado=<= 330.732 K). Causa probable: subenfriamiento insuficiente a la salida del condensador bajo el peor caso ambiental. Sugerencia: aumentar eps_cond o el margen de subenf"
440.0,2800.0,730.0,0.7,0.85,0.75,0.8,0.8,0.8,354.6647884153868,448.1303898383306,CUBIERTO,0.7437329044353354,0.934471244252398,426.8744441618972,301.5075142610947,310.1653004470138,0.034471244252398,-8.657786185919122,13.125555838102857,0.2552670955646646,O2,-8.657786185919122,True,True,CORREGIBLE,0.1014601630678824,"[CORREGIBLE] O2: succión de la bomba bifásica bajo el peor caso de T_amb (riesgo de cavitación) (medido=310.1653004470138, esperado=<= 301.508 K). Causa probable: subenfriamiento insuficiente a la salida del condensador bajo el peor caso ambiental. Sugerencia: aumentar eps_cond o el margen de subenf"
440.0,2800.0,1010.0,0.7,0.85,0.75,0.8,0.8,0.8,354.6647884153868,448.1303898383306,CUBIERTO,0.7433708308744558,0.9469046073198344,426.8341183079825,312.58505752224363,317.5704568777911,0.0469046073198342,-4.985399355547486,13.16588169201748,0.2556291691255442,O2,-4.985399355547486,True,True,CORREGIBLE,0.0811465087864153,"[CORREGIBLE] O2: succión de la bomba bifásica bajo el peor caso de T_amb (riesgo de cavitación) (medido=317.5704568777911, esperado=<= 312.585 K). Causa probable: subenfriamiento insuficiente a la salida del condensador bajo el peor caso ambiental. Sugerencia: aumentar eps_cond o el margen de subenf"
440.0,2800.0,1290.0,0.7,0.85,0.75,0.8,0.8,0.8,354.6647884153868,448.1303898383306,CUBIERTO,0.7432352015834773,0.957327629331388,426.8190034240291,321.5889322204312,325.72648212973576,0.057327629331388,-4.137549909304596,13.18099657597088,0.2557647984165226,O2,-4.137549909304596,False,True,CORREGIBLE,0.0642469880852547,"[CORREGIBLE] O2: succión de la bomba bifásica bajo el peor caso de T_amb (riesgo de cavitación) (medido=325.72648212973576, esperado=<= 321.589 K). Causa probable: subenfriamiento insuficiente a la salida del condensador bajo el peor caso ambiental. Sugerencia: aumentar eps_cond o el margen de suben"
440.0,3200.0,830.0,0.7,0.85,0.75,0.8,0.8,0.8,361.20798629900673,453.64135365794095,CUBIERTO,0.689707368845606,0.9332907163280596,426.0691407884966,305.77666471317,310.6938856490026,0.0332907163280594,-4.917220935832575,13.930859211503387,0.309292631154394,O2,-4.917220935832575,True,True,CORREGIBLE,0.1063758398295016,"[CORREGIBLE] O2: succión de la bomba bifásica bajo el peor caso de T_amb (riesgo de cavitación) (medido=310.6938856490026, esperado=<= 305.777 K). Causa probable: subenfriamiento insuficiente a la salida del condensador bajo el peor caso ambiental. Sugerencia: aumentar eps_cond o el margen de subenf"
440.0,3200.0,1150.0,0.7,0.85,0.75,0.8,0.8,0.8,361.20798629900673,453.64135365794095,CUBIERTO,0.68950662380253,0.9456380704835587,426.044229127586,317.28699026962204,321.14596215051097,0.0456380704835587,-3.85897188088893,13.955770872414009,0.3094933761974699,O2,-3.85897188088893,True,True,CORREGIBLE,0.0853250766833546,"[CORREGIBLE] O2: succión de la bomba bifásica bajo el peor caso de T_amb (riesgo de cavitación) (medido=321.14596215051097, esperado=<= 317.287 K). Causa probable: subenfriamiento insuficiente a la salida del condensador bajo el peor caso ambiental. Sugerencia: aumentar eps_cond o el margen de suben"
440.0,3200.0,1470.0,0.7,0.85,0.75,0.8,0.8,0.8,361.20798629900673,453.64135365794095,CUBIERTO,0.6894783311823591,0.9560803672226704,426.0407172760469,326.6500927539884,329.62180628281993,0.0560803672226702,-2.971713528831572,13.959282723953097,0.3095216688176408,O2,-2.971713528831572,False,True,CORREGIBLE,0.0676585579093799,"[CORREGIBLE] O2: succión de la bomba bifásica bajo el peor caso de T_amb (riesgo de cavitación) (medido=329.62180628281993, esperado=<= 326.650 K). Causa probable: subenfriamiento insuficiente a la salida del condensador bajo el peor caso ambiental. Sugerencia: aumentar eps_cond o el margen de suben"
440.0,3600.0,935.0,0.7,0.85,0.75,0.8,0.8,0.8,367.2254131627747,458.5906186014388,CUBIERTO,0.6463694985821055,0.9322274262194328,425.65677252430913,309.8666446026718,313.8930513810937,0.0322274262194326,-4.026406778421915,14.343227475690869,0.3526305014178945,O2,-4.026406778421915,True,True,CORREGIBLE,0.1084921326030162,"[CORREGIBLE] O2: succión de la bomba bifásica bajo el peor caso de T_amb (riesgo de cavitación) (medido=313.8930513810937, esperado=<= 309.867 K). Causa probable: subenfriamiento insuficiente a la salida del condensador bajo el peor caso ambiental. Sugerencia: aumentar eps_cond o el margen de subenf"
440.0,3600.0,1295.0,0.7,0.85,0.75,0.8,0.8,0.8,367.2254131627747,458.5906186014388,CUBIERTO,0.6462300072284424,0.9444465196547144,425.6383941666504,321.736182249446,324.6665959009047,0.0444465196547143,-2.930413651458764,14.361605833349644,0.3527699927715576,O2,-2.930413651458764,True,True,CORREGIBLE,0.0870777936196304,"[CORREGIBLE] O2: succión de la bomba bifásica bajo el peor caso de T_amb (riesgo de cavitación) (medido=324.6665959009047, esperado=<= 321.736 K). Causa probable: subenfriamiento insuficiente a la salida del condensador bajo el peor caso ambiental. Sugerencia: aumentar eps_cond o el margen de subenf"
440.0,3600.0,1655.0,0.7,0.85,0.75,0.8,0.8,0.8,367.2254131627747,458.5906186014388,CUBIERTO,0.6462274058921602,0.9548891529313036,425.6380513936877,331.40837480943134,333.4134876345344,0.0548891529313035,-2.0051128251030264,14.361948606312351,0.3527725941078398,O2,-2.0051128251030264,False,True,CORREGIBLE,0.0692527177987344,"[CORREGIBLE] O2: succión de la bomba bifásica bajo el peor caso de T_amb (riesgo de cavitación) (medido=333.41348763453436, esperado=<= 331.408 K). Causa probable: subenfriamiento insuficiente a la salida del condensador bajo el peor caso ambiental. Sugerencia: aumentar eps_cond o el margen de suben"
440.0,4000.0,1040.0,0.7,0.85,0.75,0.8,0.8,0.8,372.817451678411,463.084453687918,CUBIERTO,0.6091766733999474,0.9310474364158546,425.5161848628857,313.63097657165366,316.90471073848886,0.0310474364158546,-3.2737341668351974,14.483815137114275,0.3898233266000526,O2,-3.2737341668351974,True,True,CORREGIBLE,0.1113055860416953,"[CORREGIBLE] O2: succión de la bomba bifásica bajo el peor caso de T_amb (riesgo de cavitación) (medido=316.90471073848886, esperado=<= 313.631 K). Causa probable: subenfriamiento insuficiente a la salida del condensador bajo el peor caso ambiental. Sugerencia: aumentar eps_cond o el margen de suben"
440.0,4000.0,1440.0,0.7,0.85,0.75,0.8,0.8,0.8,372.817451678411,463.084453687918,CUBIERTO,0.6091550098877929,0.9431366875984726,425.51325789870015,325.8387335973935,327.98045244587604,0.0431366875984725,-2.141718848482526,14.486742101299852,0.3898449901122071,O2,-2.141718848482526,True,True,CORREGIBLE,0.0887230475605865,"[CORREGIBLE] O2: succión de la bomba bifásica bajo el peor caso de T_amb (riesgo de cavitación) (medido=327.98045244587604, esperado=<= 325.839 K). Causa probable: subenfriamiento insuficiente a la salida del condensador bajo el peor caso ambiental. Sugerencia: aumentar eps_cond o el margen de suben"
440.0,4500.0,1170.0,0.7,0.85,0.75,0.8,0.8,0.8,379.3194291407349,468.1771159152317,CUBIERTO,0.5681947693659724,0.9293475523050302,425.6857988729933,317.924031559729,320.39767612900164,0.0293475523050301,-2.4736445692726647,14.314201127006696,0.4308052306340276,O2,-2.4736445692726647,True,True,CORREGIBLE,0.1121442221079049,"[CORREGIBLE] O2: succión de la bomba bifásica bajo el peor caso de T_amb (riesgo de cavitación) (medido=320.39767612900164, esperado=<= 317.924 K). Causa probable: subenfriamiento insuficiente a la salida del condensador bajo el peor caso ambiental. Sugerencia: aumentar eps_cond o el margen de suben"
440.0,4500.0,1620.0,0.7,0.85,0.75,0.8,0.8,0.8,379.3194291407349,468.1771159152317,CUBIERTO,0.5682635435293313,0.9412876902391668,425.6950461839899,330.53832954259616,331.83218836536105,0.0412876902391667,-1.2938588227648893,14.304953816010084,0.4307364564706687,O2,-1.2938588227648893,True,True,CORREGIBLE,0.08859701670632,"[CORREGIBLE] O2: succión de la bomba bifásica bajo el peor caso de T_amb (riesgo de cavitación) (medido=331.83218836536105, esperado=<= 330.538 K). Causa probable: subenfriamiento insuficiente a la salida del condensador bajo el peor caso ambiental. Sugerencia: aumentar eps_cond o el margen de suben"
440.0,4000.0,1840.0,0.7,0.85,0.75,0.8,0.8,0.8,372.817451678411,463.084453687918,CUBIERTO,0.6092681675344077,0.9535823076999892,425.52854589936777,335.80255931962864,336.98266619165474,0.0535823076999891,-1.1801068720261014,14.47145410063223,0.3897318324655923,O2,-1.1801068720261014,False,True,CORREGIBLE,0.069545562491592,"[CORREGIBLE] O2: succión de la bomba bifásica bajo el peor caso de T_amb (riesgo de cavitación) (medido=336.98266619165474, esperado=<= 335.803 K). Causa probable: subenfriamiento insuficiente a la salida del condensador bajo el peor caso ambiental. Sugerencia: aumentar eps_cond o el margen de suben"
440.0,4500.0,2070.0,0.7,0.85,0.75,0.8,0.8,0.8,379.3194291407349,468.1771159152317,CUBIERTO,0.5684502796131298,0.9517505666489824,425.7201533027142,340.8513886755629,341.1345347412328,0.0517505666489824,-0.2831460656698823,14.279846697285793,0.4305497203868702,O2,-0.2831460656698823,False,True,CORREGIBLE,0.0684675787126594,"[CORREGIBLE] O2: succión de la bomba bifásica bajo el peor caso de T_amb (riesgo de cavitación) (medido=341.13453474123276, esperado=<= 340.851 K). Causa probable: subenfriamiento insuficiente a la salida del condensador bajo el peor caso ambiental. Sugerencia: aumentar eps_cond o el margen de suben"
440.0,2800.0,730.0,0.75,0.85,0.75,0.8,0.8,0.8,350.3741977982431,441.58606773383633,CUBIERTO,0.8426480988965019,0.9342782819110104,427.70153324666825,298.14776374991334,311.0344302289078,0.0342782819110102,-12.88666647899447,12.298466753331752,0.156351901103498,O2,-12.88666647899447,True,True,CORREGIBLE,0.0934236510834712,"[CORREGIBLE] O2: succión de la bomba bifásica bajo el peor caso de T_amb (riesgo de cavitación) (medido=311.0344302289078, esperado=<= 298.148 K). Causa probable: subenfriamiento insuficiente a la salida del condensador bajo el peor caso ambiental. Sugerencia: aumentar eps_cond o el margen de subenf"
440.0,2800.0,1010.0,0.75,0.85,0.75,0.8,0.8,0.8,350.3741977982431,441.58606773383633,CUBIERTO,0.8299005211383838,0.9470009967671036,426.3132833330188,309.06336371906934,313.3446980559353,0.0470009967671035,-4.281334336865939,13.686716666981226,0.1690994788616162,O2,-4.281334336865939,True,True,CORREGIBLE,0.0815221803258429,"[CORREGIBLE] O2: succión de la bomba bifásica bajo el peor caso de T_amb (riesgo de cavitación) (medido=313.3446980559353, esperado=<= 309.063 K). Causa probable: subenfriamiento insuficiente a la salida del condensador bajo el peor caso ambiental. Sugerencia: aumentar eps_cond o el margen de subenf"
440.0,2800.0,1290.0,0.75,0.85,0.75,0.8,0.8,0.8,350.3741977982431,441.58606773383633,CUBIERTO,0.8296791312297154,0.9574046296601156,426.2887604856419,317.9248767563488,321.6274250582608,0.0574046296601157,-3.702548301911975,13.711239514358113,0.1693208687702846,O2,-3.702548301911975,False,True,CORREGIBLE,0.0643692919985766,"[CORREGIBLE] O2: succión de la bomba bifásica bajo el peor caso de T_amb (riesgo de cavitación) (medido=321.62742505826077, esperado=<= 317.925 K). Causa probable: subenfriamiento insuficiente a la salida del condensador bajo el peor caso ambiental. Sugerencia: aumentar eps_cond o el margen de suben"
440.0,3200.0,830.0,0.75,0.85,0.75,0.8,0.8,0.8,356.7702276350995,446.90617115218015,CUBIERTO,0.7759598873803432,0.9335001221728192,425.26951349696975,302.3561132887016,308.1761352972662,0.0335001221728191,-5.820022008564649,14.73048650303025,0.2230401126196568,O2,-5.820022008564649,True,True,CORREGIBLE,0.1070346231809886,"[CORREGIBLE] O2: succión de la bomba bifásica bajo el peor caso de T_amb (riesgo de cavitación) (medido=308.1761352972662, esperado=<= 302.356 K). Causa probable: subenfriamiento insuficiente a la salida del condensador bajo el peor caso ambiental. Sugerencia: aumentar eps_cond o el margen de subenf"
440.0,3200.0,1150.0,0.75,0.85,0.75,0.8,0.8,0.8,356.7702276350995,446.90617115218015,CUBIERTO,0.7756450294851693,0.945803500377145,425.22998603315136,313.69223714197034,317.13942684575966,0.0458035003771449,-3.44718970378932,14.770013966848635,0.2233549705148306,O2,-3.44718970378932,True,True,CORREGIBLE,0.085686483535866,"[CORREGIBLE] O2: succión de la bomba bifásica bajo el peor caso de T_amb (riesgo de cavitación) (medido=317.13942684575966, esperado=<= 313.692 K). Causa probable: subenfriamiento insuficiente a la salida del condensador bajo el peor caso ambiental. Sugerencia: aumentar eps_cond o el margen de suben"
440.0,3200.0,1470.0,0.75,0.85,0.75,0.8,0.8,0.8,356.7702276350995,446.90617115218015,CUBIERTO,0.7755389158984906,0.9562104585827824,425.2166577763767,322.90131224184825,325.73832562860275,0.0562104585827824,-2.8370133867545064,14.783342223623322,0.2234610841015094,O2,-2.8370133867545064,False,True,CORREGIBLE,0.067887429187616,"[CORREGIBLE] O2: succión de la bomba bifásica bajo el peor caso de T_amb (riesgo de cavitación) (medido=325.73832562860275, esperado=<= 322.901 K). Causa probable: subenfriamiento insuficiente a la salida del condensador bajo el peor caso ambiental. Sugerencia: aumentar eps_cond o el margen de suben"
440.0,3600.0,935.0,0.75,0.85,0.75,0.8,0.8,0.8,362.64443365008384,451.6777869460888,CUBIERTO,0.7332165610262361,0.9325382152512744,424.5846646128554,306.3859725913226,309.891288630592,0.0325382152512743,-3.505316039269303,15.41533538714458,0.2657834389737639,O2,-3.505316039269303,True,True,CORREGIBLE,0.110985206031753,"[CORREGIBLE] O2: succión de la bomba bifásica bajo el peor caso de T_amb (riesgo de cavitación) (medido=309.89128863059193, esperado=<= 306.386 K). Causa probable: subenfriamiento insuficiente a la salida del condensador bajo el peor caso ambiental. Sugerencia: aumentar eps_cond o el margen de suben"
440.0,3600.0,1295.0,0.75,0.85,0.75,0.8,0.8,0.8,362.64443365008384,451.6777869460888,CUBIERTO,0.7330093212235387,0.944687054490699,424.55661843757554,318.0697114378951,320.8243434757003,0.0446870544906989,-2.7546320378052087,15.443381562424465,0.2659906787764613,O2,-2.7546320378052087,True,True,CORREGIBLE,0.0889308921399479,"[CORREGIBLE] O2: succión de la bomba bifásica bajo el peor caso de T_amb (riesgo de cavitación) (medido=320.8243434757003, esperado=<= 318.070 K). Causa probable: subenfriamiento insuficiente a la salida del condensador bajo el peor caso ambiental. Sugerencia: aumentar eps_cond o el margen de subenf"
440.0,4000.0,1040.0,0.75,0.85,0.75,0.8,0.8,0.8,368.0962542003624,456.00457985041066,CUBIERTO,0.6973273752026726,0.9314634709375824,424.2117711215349,310.09326561447136,313.047593078889,0.0314634709375823,-2.954327464417645,15.788228878465077,0.3016726247973273,O2,-2.954327464417645,True,True,CORREGIBLE,0.1135827495070911,"[CORREGIBLE] O2: succión de la bomba bifásica bajo el peor caso de T_amb (riesgo de cavitación) (medido=313.047593078889, esperado=<= 310.093 K). Causa probable: subenfriamiento insuficiente a la salida del condensador bajo el peor caso ambiental. Sugerencia: aumentar eps_cond o el margen de subenfr"
440.0,4000.0,1440.0,0.75,0.85,0.75,0.8,0.8,0.8,368.0962542003624,456.00457985041066,CUBIERTO,0.6972107999455186,0.9434558437617808,424.1953919828736,322.10377608185905,324.2777179814258,0.0434558437617808,-2.173941899566728,15.804608017126384,0.3017892000544814,O2,-2.173941899566728,True,True,CORREGIBLE,0.0908475904725681,"[CORREGIBLE] O2: succión de la bomba bifásica bajo el peor caso de T_amb (riesgo de cavitación) (medido=324.2777179814258, esperado=<= 322.104 K). Causa probable: subenfriamiento insuficiente a la salida del condensador bajo el peor caso ambiental. Sugerencia: aumentar eps_cond o el margen de subenf"
440.0,3600.0,1655.0,0.75,0.85,0.75,0.8,0.8,0.8,362.64443365008384,451.6777869460888,CUBIERTO,0.732987536887134,0.9550747884690908,424.5536696557999,327.576601627842,329.6912798383349,0.0550747884690907,-2.114678210492912,15.446330344200078,0.2660124631128659,O2,-2.114678210492912,False,True,CORREGIBLE,0.0704408370218219,"[CORREGIBLE] O2: succión de la bomba bifásica bajo el peor caso de T_amb (riesgo de cavitación) (medido=329.6912798383349, esperado=<= 327.577 K). Causa probable: subenfriamiento insuficiente a la salida del condensador bajo el peor caso ambiental. Sugerencia: aumentar eps_cond o el margen de subenf"
440.0,4000.0,1840.0,0.75,0.85,0.75,0.8,0.8,0.8,368.0962542003624,456.00457985041066,CUBIERTO,0.6972613536033536,0.953827447606232,424.2024952438997,331.8910994483421,333.39371843491267,0.053827447606232,-1.5026189865705533,15.797504756100295,0.3017386463966464,O2,-1.5026189865705533,False,True,CORREGIBLE,0.0716892355401618,"[CORREGIBLE] O2: succión de la bomba bifásica bajo el peor caso de T_amb (riesgo de cavitación) (medido=333.39371843491267, esperado=<= 331.891 K). Causa probable: subenfriamiento insuficiente a la salida del condensador bajo el peor caso ambiental. Sugerencia: aumentar eps_cond o el margen de suben"
440.0,4500.0,1170.0,0.75,0.85,0.75,0.8,0.8,0.8,374.42618824616216,460.90047392253706,CUBIERTO,0.6583755458039275,0.9299048137501476,424.1126447526416,314.3191676752517,316.69112878048605,0.0299048137501476,-2.371961105234334,15.887355247358355,0.3406244541960724,O2,-2.371961105234334,True,True,CORREGIBLE,0.1154173828718067,"[CORREGIBLE] O2: succión de la bomba bifásica bajo el peor caso de T_amb (riesgo de cavitación) (medido=316.69112878048605, esperado=<= 314.319 K). Causa probable: subenfriamiento insuficiente a la salida del condensador bajo el peor caso ambiental. Sugerencia: aumentar eps_cond o el margen de suben"
440.0,4500.0,1620.0,0.75,0.85,0.75,0.8,0.8,0.8,374.42618824616216,460.90047392253706,CUBIERTO,0.6583571948055115,0.9417094950764412,424.11004874587616,326.72198212257393,328.2745307429871,0.041709495076441,-1.5525486204131766,15.889951254123844,0.3406428051944885,O2,-1.5525486204131766,True,True,CORREGIBLE,0.0918433731058138,"[CORREGIBLE] O2: succión de la bomba bifásica bajo el peor caso de T_amb (riesgo de cavitación) (medido=328.2745307429871, esperado=<= 326.722 K). Causa probable: subenfriamiento insuficiente a la salida del condensador bajo el peor caso ambiental. Sugerencia: aumentar eps_cond o el margen de subenf"
440.0,4500.0,2070.0,0.75,0.85,0.75,0.8,0.8,0.8,374.42618824616216,460.90047392253706,CUBIERTO,0.6584879877928222,0.952070773187354,424.1285505438422,336.8445519685802,337.68430095766536,0.0520707731873539,-0.8397489890851375,15.87144945615779,0.3405120122071777,O2,-0.8397489890851375,False,True,CORREGIBLE,0.0718615882625992,"[CORREGIBLE] O2: succión de la bomba bifásica bajo el peor caso de T_amb (riesgo de cavitación) (medido=337.68430095766536, esperado=<= 336.845 K). Causa probable: subenfriamiento insuficiente a la salida del condensador bajo el peor caso ambiental. Sugerencia: aumentar eps_cond o el margen de suben"
440.0,2800.0,895.0,0.8,0.85,0.75,0.8,0.8,0.8,346.7832686112316,434.039563029884,PARCIAL,0.8647811779448012,0.9436483863400646,419.67086662280286,302.10417627873977,307.4155608629108,0.0436483863400646,-5.311384584171037,20.329133377197135,0.1342188220551987,O2,-5.311384584171037,True,True,CORREGIBLE,0.0921231055081507,"[CORREGIBLE] O2: succión de la bomba bifásica bajo el peor caso de T_amb (riesgo de cavitación) (medido=307.4155608629108, esperado=<= 302.104 K). Causa probable: subenfriamiento insuficiente a la salida del condensador bajo el peor caso ambiental. Sugerencia: aumentar eps_cond o el margen de subenf"
440.0,2800.0,1400.0,0.8,0.85,0.75,0.8,0.8,0.8,346.7832686112316,434.039563029884,PARCIAL,0.864302559695866,0.9620439183006344,419.6097049072048,317.98766947119924,320.4928466672379,0.0620439183006343,-2.5051771960386877,20.39029509279516,0.134697440304134,O2,-2.5051771960386877,False,True,CORREGIBLE,0.059957048275584,"[CORREGIBLE] O2: succión de la bomba bifásica bajo el peor caso de T_amb (riesgo de cavitación) (medido=320.4928466672379, esperado=<= 317.988 K). Causa probable: subenfriamiento insuficiente a la salida del condensador bajo el peor caso ambiental. Sugerencia: aumentar eps_cond o el margen de subenf"
440.0,3200.0,1025.0,0.8,0.85,0.75,0.8,0.8,0.8,353.0344579348834,439.14784741926906,PARCIAL,0.8561534589117011,0.941642782079594,423.6824595377059,306.7250699062719,309.6020908251894,0.041642782079594,-2.8770209189174807,16.31754046229412,0.1428465410882988,O2,-2.8770209189174807,True,True,CORREGIBLE,0.0947292004900243,"[CORREGIBLE] O2: succión de la bomba bifásica bajo el peor caso de T_amb (riesgo de cavitación) (medido=309.6020908251894, esperado=<= 306.725 K). Causa probable: subenfriamiento insuficiente a la salida del condensador bajo el peor caso ambiental. Sugerencia: aumentar eps_cond o el margen de subenf"
440.0,3600.0,935.0,0.8,0.85,0.75,0.8,0.8,0.8,358.76708273068,443.7226986067959,CUBIERTO,,,,,,,,,,,,,False,NO_CONVERGIO,,"T_from_Ph(P, h, x): el motor teqp no cubre el estado pedido (ver TASK_CONTEXT 2026-09-18-validar-teqp-nh3h2o). Detalle: equilibrio no resoluble en T=495.47 K, P=3.6e+06 Pa, x=0.8088"
440.0,3600.0,1295.0,0.8,0.85,0.75,0.8,0.8,0.8,358.76708273068,443.7226986067959,CUBIERTO,,,,,,,,,,,,,False,NO_CONVERGIO,,"T_from_Ph(P, h, x): el motor teqp no cubre el estado pedido (ver TASK_CONTEXT 2026-09-18-validar-teqp-nh3h2o). Detalle: equilibrio no resoluble en T=495.47 K, P=3.6e+06 Pa, x=0.8088"
440.0,3600.0,1655.0,0.8,0.85,0.75,0.8,0.8,0.8,358.76708273068,443.7226986067959,CUBIERTO,,,,,,,,,,,,,False,NO_CONVERGIO,,"T_from_Ph(P, h, x): el motor teqp no cubre el estado pedido (ver TASK_CONTEXT 2026-09-18-validar-teqp-nh3h2o). Detalle: equilibrio no resoluble en T=495.47 K, P=3.6e+06 Pa, x=0.8088"
440.0,2800.0,1960.0,0.8,0.85,0.75,0.8,0.8,0.8,346.7832686112316,434.039563029884,PARCIAL,0.864219809278311,0.9785867806685882,419.5991219207762,331.2568511341135,333.17062412878965,0.0785867806685881,-1.913772994676151,20.400878079223787,0.134780190721689,O2,-1.913772994676151,False,True,CORREGIBLE,0.0325347423177219,"[CORREGIBLE] O2: succión de la bomba bifásica bajo el peor caso de T_amb (riesgo de cavitación) (medido=333.17062412878965, esperado=<= 331.257 K). Causa probable: subenfriamiento insuficiente a la salida del condensador bajo el peor caso ambiental. Sugerencia: aumentar eps_cond o el margen de suben"
440.0,3200.0,2240.0,0.8,0.85,0.75,0.8,0.8,0.8,353.0344579348834,439.14784741926906,PARCIAL,,,,,,,,,,,,,False,NO_CONVERGIO,,"h(P, s, x): el motor teqp no cubre el estado pedido (ver TASK_CONTEXT 2026-09-18-validar-teqp-nh3h2o). Detalle: equilibrio no resoluble en T=470.90 K, P=2.24e+06 Pa, x=0.8834"
440.0,3200.0,1600.0,0.8,0.85,0.75,0.8,0.8,0.8,353.0344579348834,439.14784741926906,PARCIAL,0.8558024500994026,0.9603133585773148,423.6369806364482,323.10641393162086,325.30406447130025,0.0603133585773149,-2.197650539679387,16.363019363551757,0.1431975499005974,O2,-2.197650539679387,False,True,CORREGIBLE,0.0618456633330031,"[CORREGIBLE] O2: succión de la bomba bifásica bajo el peor caso de T_amb (riesgo de cavitación) (medido=325.30406447130025, esperado=<= 323.106 K). Causa probable: subenfriamiento insuficiente a la salida del condensador bajo el peor caso ambiental. Sugerencia: aumentar eps_cond o el margen de suben"
440.0,4000.0,1040.0,0.8,0.85,0.75,0.8,0.8,0.8,364.07978778800566,447.86482690007824,CUBIERTO,0.7864781258868213,0.9318768708701172,422.9553650790803,307.22967307736644,309.6111686776881,0.0318768708701172,-2.3814956003216707,17.04463492091969,0.2125218741131787,O2,-2.3814956003216707,True,True,CORREGIBLE,0.115640587015211,"[CORREGIBLE] O2: succión de la bomba bifásica bajo el peor caso de T_amb (riesgo de cavitación) (medido=309.6111686776881, esperado=<= 307.230 K). Causa probable: subenfriamiento insuficiente a la salida del condensador bajo el peor caso ambiental. Sugerencia: aumentar eps_cond o el margen de subenf"
440.0,4000.0,1440.0,0.8,0.85,0.75,0.8,0.8,0.8,364.07978778800566,447.86482690007824,CUBIERTO,0.7862718822993136,0.9437723012765092,422.9250024725524,319.05213334480845,320.9463677082539,0.0437723012765092,-1.8942343634454344,17.074997527447636,0.2127281177006864,O2,-1.8942343634454344,True,True,CORREGIBLE,0.0924889854655811,"[CORREGIBLE] O2: succión de la bomba bifásica bajo el peor caso de T_amb (riesgo de cavitación) (medido=320.9463677082539, esperado=<= 319.052 K). Causa probable: subenfriamiento insuficiente a la salida del condensador bajo el peor caso ambiental. Sugerencia: aumentar eps_cond o el margen de subenf"
440.0,4500.0,1170.0,0.8,0.85,0.75,0.8,0.8,0.8,370.2384882926314,452.54363984909634,CUBIERTO,0.7498062509190216,0.9304800673401116,422.5522669509082,311.3917644025093,313.38174856254864,0.0304800673401114,-1.9899841600393413,17.447733049091823,0.2491937490809783,O2,-1.9899841600393413,True,True,CORREGIBLE,0.1181918619685913,"[CORREGIBLE] O2: succión de la bomba bifásica bajo el peor caso de T_amb (riesgo de cavitación) (medido=313.38174856254864, esperado=<= 311.392 K). Causa probable: subenfriamiento insuficiente a la salida del condensador bajo el peor caso ambiental. Sugerencia: aumentar eps_cond o el margen de suben"
440.0,4000.0,1840.0,0.8,0.85,0.75,0.8,0.8,0.8,364.07978778800566,447.86482690007824,CUBIERTO,0.7864086065384411,0.9540658800700332,422.94513193729233,328.6696025318722,330.1354411943309,0.0540658800700333,-1.4658386624586797,17.05486806270767,0.2125913934615588,O2,-1.4658386624586797,False,True,CORREGIBLE,0.0716745334791428,"[CORREGIBLE] O2: succión de la bomba bifásica bajo el peor caso de T_amb (riesgo de cavitación) (medido=330.1354411943309, esperado=<= 328.670 K). Causa probable: subenfriamiento insuficiente a la salida del condensador bajo el peor caso ambiental. Sugerencia: aumentar eps_cond o el margen de subenf"
440.0,4500.0,1620.0,0.8,0.85,0.75,0.8,0.8,0.8,370.2384882926314,452.54363984909634,CUBIERTO,0.7497033975217795,0.9421438426501106,422.5367827753607,323.59219692832164,325.0615675219366,0.0421438426501106,-1.46937059361494,17.463217224639322,0.2492966024782205,O2,-1.46937059361494,True,True,CORREGIBLE,0.0943036193870761,"[CORREGIBLE] O2: succión de la bomba bifásica bajo el peor caso de T_amb (riesgo de cavitación) (medido=325.0615675219366, esperado=<= 323.592 K). Causa probable: subenfriamiento insuficiente a la salida del condensador bajo el peor caso ambiental. Sugerencia: aumentar eps_cond o el margen de subenf"
440.0,4500.0,2070.0,0.8,0.85,0.75,0.8,0.8,0.8,370.2384882926314,452.54363984909634,CUBIERTO,0.749776958679643,0.9523997140471616,422.5478572959351,333.53067697421005,334.5344694016594,0.0523997140471617,-1.0037924274493548,17.452142704064954,0.249223041320357,O2,-1.0037924274493548,False,True,CORREGIBLE,0.074232311445765,"[CORREGIBLE] O2: succión de la bomba bifásica bajo el peor caso de T_amb (riesgo de cavitación) (medido=334.5344694016594, esperado=<= 333.531 K). Causa probable: subenfriamiento insuficiente a la salida del condensador bajo el peor caso ambiental. Sugerencia: aumentar eps_cond o el margen de subenf"
440.0,2800.0,895.0,0.85,0.85,0.75,0.8,0.8,0.8,343.7141213217532,424.97760265795154,PARCIAL,0.890100595865343,0.9459763328100655,410.4181222668563,299.818412005247,307.2395239439024,0.0459763328100655,-7.421111938655372,29.5818777331437,0.108899404134657,O2,-7.421111938655372,True,True,CORREGIBLE,0.0934019464325017,"[CORREGIBLE] O2: succión de la bomba bifásica bajo el peor caso de T_amb (riesgo de cavitación) (medido=307.2395239439024, esperado=<= 299.818 K). Causa probable: subenfriamiento insuficiente a la salida del condensador bajo el peor caso ambiental. Sugerencia: aumentar eps_cond o el margen de subenf"
440.0,2800.0,1400.0,0.85,0.85,0.75,0.8,0.8,0.8,343.7141213217532,424.97760265795154,PARCIAL,0.8861350331831476,0.9635780205338952,409.7911872134584,315.4629813535824,317.05965203394703,0.063578020533895,-1.5966706803646389,30.20881278654161,0.1128649668168524,O2,-1.5966706803646389,False,True,CORREGIBLE,0.0622245590015504,"[CORREGIBLE] O2: succión de la bomba bifásica bajo el peor caso de T_amb (riesgo de cavitación) (medido=317.05965203394703, esperado=<= 315.463 K). Causa probable: subenfriamiento insuficiente a la salida del condensador bajo el peor caso ambiental. Sugerencia: aumentar eps_cond o el margen de suben"
440.0,2800.0,1960.0,0.85,0.85,0.75,0.8,0.8,0.8,343.7141213217532,424.97760265795154,PARCIAL,0.8860372724260749,0.9793922062074224,409.7756322080834,328.5013783215091,329.758339728429,0.0793922062074222,-1.256961406919913,30.224367791916563,0.1129627275739251,O2,-1.256961406919913,False,True,CORREGIBLE,0.0337546011036422,"[CORREGIBLE] O2: succión de la bomba bifásica bajo el peor caso de T_amb (riesgo de cavitación) (medido=329.758339728429, esperado=<= 328.501 K). Causa probable: subenfriamiento insuficiente a la salida del condensador bajo el peor caso ambiental. Sugerencia: aumentar eps_cond o el margen de subenfr"
440.0,3200.0,1025.0,0.85,0.85,0.75,0.8,0.8,0.8,349.82385502689,429.84284081630335,PARCIAL,0.8792625136888599,0.9442404186808192,413.6375422236328,304.37353445802484,306.16964696542874,0.0442404186808191,-1.7961125074039046,26.362457776367197,0.1197374863111401,O2,-1.7961125074039046,True,True,CORREGIBLE,0.0982157743759892,"[CORREGIBLE] O2: succión de la bomba bifásica bajo el peor caso de T_amb (riesgo de cavitación) (medido=306.16964696542874, esperado=<= 304.374 K). Causa probable: subenfriamiento insuficiente a la salida del condensador bajo el peor caso ambiental. Sugerencia: aumentar eps_cond o el margen de suben"
440.0,3200.0,1600.0,0.85,0.85,0.75,0.8,0.8,0.8,349.82385502689,429.84284081630335,PARCIAL,0.8788985094534989,0.9619184309676132,413.5792988429638,320.49638432361223,321.9164383203767,0.061918430967613,-1.420053996764466,26.42070115703621,0.1201014905465011,O2,-1.420053996764466,False,True,CORREGIBLE,0.0641076543215875,"[CORREGIBLE] O2: succión de la bomba bifásica bajo el peor caso de T_amb (riesgo de cavitación) (medido=321.9164383203767, esperado=<= 320.496 K). Causa probable: subenfriamiento insuficiente a la salida del condensador bajo el peor caso ambiental. Sugerencia: aumentar eps_cond o el margen de subenf"
440.0,3200.0,2240.0,0.85,0.85,0.75,0.8,0.8,0.8,349.82385502689,429.84284081630335,PARCIAL,0.8789122058869052,0.9782704662420392,413.5814914786666,334.0177799132004,335.0566046281762,0.0782704662420392,-1.0388247149758172,26.418508521333365,0.1200877941130947,O2,-1.0388247149758172,False,True,CORREGIBLE,0.0348156993409733,"[CORREGIBLE] O2: succión de la bomba bifásica bajo el peor caso de T_amb (riesgo de cavitación) (medido=335.0566046281762, esperado=<= 334.018 K). Causa probable: subenfriamiento insuficiente a la salida del condensador bajo el peor caso ambiental. Sugerencia: aumentar eps_cond o el margen de subenf"
440.0,3600.0,1150.0,0.85,0.85,0.75,0.8,0.8,0.8,355.4183811277106,434.1924660878364,PARCIAL,0.87206143729102,0.942138838521874,416.9506505959619,308.3628498542931,310.0267863040456,0.042138838521874,-1.663936449752498,23.04934940403808,0.1269385627089799,O2,-1.663936449752498,True,True,CORREGIBLE,0.1009463470497681,"[CORREGIBLE] O2: succión de la bomba bifásica bajo el peor caso de T_amb (riesgo de cavitación) (medido=310.0267863040456, esperado=<= 308.363 K). Causa probable: subenfriamiento insuficiente a la salida del condensador bajo el peor caso ambiental. Sugerencia: aumentar eps_cond o el margen de subenf"
440.0,4000.0,2000.0,0.85,0.85,0.75,0.8,0.8,0.8,360.59559259133135,438.1237063362424,PARCIAL,,,,,,,,,,,,,False,NO_CONVERGIO,,"T_from_Ph(P, h, x): el motor teqp no cubre el estado pedido (ver TASK_CONTEXT 2026-09-18-validar-teqp-nh3h2o). Detalle: equilibrio no resoluble en T=479.37 K, P=2e+06 Pa, x=0.8570"
440.0,4000.0,2800.0,0.85,0.85,0.75,0.8,0.8,0.8,360.59559259133135,438.1237063362424,PARCIAL,,,,,,,,,,,,,False,NO_CONVERGIO,,"h(P, s, x): el motor teqp no cubre el estado pedido (ver TASK_CONTEXT 2026-09-18-validar-teqp-nh3h2o). Detalle: equilibrio no resoluble en T=447.38 K, P=2.8e+06 Pa, x=0.9350"
440.0,3600.0,1800.0,0.85,0.85,0.75,0.8,0.8,0.8,355.4183811277106,434.1924660878364,PARCIAL,0.8718099940371595,0.960210147605384,416.9103440497292,325.0883577736552,326.33877672825537,0.0602101476053841,-1.2504189546002067,23.08965595027081,0.1271900059628404,O2,-1.2504189546002067,False,True,CORREGIBLE,0.0658535814837674,"[CORREGIBLE] O2: succión de la bomba bifásica bajo el peor caso de T_amb (riesgo de cavitación) (medido=326.33877672825537, esperado=<= 325.088 K). Causa probable: subenfriamiento insuficiente a la salida del condensador bajo el peor caso ambiental. Sugerencia: aumentar eps_cond o el margen de suben"
440.0,3600.0,2520.0,0.85,0.85,0.75,0.8,0.8,0.8,355.4183811277106,434.1924660878364,PARCIAL,0.8719331833960956,0.9771034940451024,416.9300946795606,339.0585992091692,339.8842408359696,0.0771034940451023,-0.8256416268004614,23.06990532043937,0.1270668166039044,O2,-0.8256416268004614,False,True,CORREGIBLE,0.0358025748818408,"[CORREGIBLE] O2: succión de la bomba bifásica bajo el peor caso de T_amb (riesgo de cavitación) (medido=339.8842408359696, esperado=<= 339.059 K). Causa probable: subenfriamiento insuficiente a la salida del condensador bajo el peor caso ambiental. Sugerencia: aumentar eps_cond o el margen de subenf"
440.0,4000.0,1280.0,0.85,0.85,0.75,0.8,0.8,0.8,360.59559259133135,438.1237063362424,PARCIAL,0.8651549765148336,0.9401391582696034,419.93122241126713,312.18333661124166,313.7134432920062,0.0401391582696033,-1.5301066807645611,20.06877758873287,0.1338450234851663,O2,-1.5301066807645611,True,True,CORREGIBLE,0.1031326680722813,"[CORREGIBLE] O2: succión de la bomba bifásica bajo el peor caso de T_amb (riesgo de cavitación) (medido=313.7134432920062, esperado=<= 312.183 K). Causa probable: subenfriamiento insuficiente a la salida del condensador bajo el peor caso ambiental. Sugerencia: aumentar eps_cond o el margen de subenf"
440.0,4500.0,1170.0,0.85,0.85,0.75,0.8,0.8,0.8,366.58781362269167,442.5552243518963,CUBIERTO,0.8424677332176844,0.9310840043076014,420.9793805322042,308.9707923796871,310.46911059271343,0.0310840043076013,-1.498318213026323,19.020619467795825,0.1565322667823155,O2,-1.498318213026323,True,True,CORREGIBLE,0.1207463789748411,"[CORREGIBLE] O2: succión de la bomba bifásica bajo el peor caso de T_amb (riesgo de cavitación) (medido=310.46911059271343, esperado=<= 308.971 K). Causa probable: subenfriamiento insuficiente a la salida del condensador bajo el peor caso ambiental. Sugerencia: aumentar eps_cond o el margen de suben"
440.0,4500.0,2070.0,0.85,0.85,0.75,0.8,0.8,0.8,366.58781362269167,442.5552243518963,CUBIERTO,,,,,,,,,,,,,False,NO_CONVERGIO,,"T_from_Ph(P, h, x): el motor teqp no cubre el estado pedido (ver TASK_CONTEXT 2026-09-18-validar-teqp-nh3h2o). Detalle: equilibrio no resoluble en T=480.77 K, P=2.07e+06 Pa, x=0.8570"
440.0,4500.0,1620.0,0.85,0.85,0.75,0.8,0.8,0.8,366.58781362269167,442.5552243518963,CUBIERTO,0.8422896442542605,0.9425986778997232,420.9504379837016,320.9738355573346,322.1763018385145,0.0425986778997232,-1.202466281179909,19.04956201629841,0.1567103557457395,O2,-1.202466281179909,True,True,CORREGIBLE,0.0963193569361846,"[CORREGIBLE] O2: succión de la bomba bifásica bajo el peor caso de T_amb (riesgo de cavitación) (medido=322.1763018385145, esperado=<= 320.974 K). Causa probable: subenfriamiento insuficiente a la salida del condensador bajo el peor caso ambiental. Sugerencia: aumentar eps_cond o el margen de subenf"
460.0,2800.0,895.0,0.7,0.85,0.75,0.8,0.8,0.8,354.6647884153868,448.1303898383306,PARCIAL,0.8508575724134326,0.940074060510617,437.3542805069381,308.35062924037453,315.1412040838267,0.040074060510617,-6.790574843452191,22.645719493061904,0.1481424275865673,O2,-6.790574843452191,True,True,CORREGIBLE,0.0860162160001306,"[CORREGIBLE] O2: succión de la bomba bifásica bajo el peor caso de T_amb (riesgo de cavitación) (medido=315.1412040838267, esperado=<= 308.351 K). Causa probable: subenfriamiento insuficiente a la salida del condensador bajo el peor caso ambiental. Sugerencia: aumentar eps_cond o el margen de subenf"
460.0,2800.0,1400.0,0.7,0.85,0.75,0.8,0.8,0.8,354.6647884153868,448.1303898383306,PARCIAL,0.8504599845841462,0.9597264065256568,437.3202577442164,324.7378431118839,329.9551299346027,0.0597264065256567,-5.217286822718847,22.67974225578365,0.1485400154158538,O2,-5.217286822718847,False,True,CORREGIBLE,0.0558697155976144,"[CORREGIBLE] O2: succión de la bomba bifásica bajo el peor caso de T_amb (riesgo de cavitación) (medido=329.9551299346027, esperado=<= 324.738 K). Causa probable: subenfriamiento insuficiente a la salida del condensador bajo el peor caso ambiental. Sugerencia: aumentar eps_cond o el margen de subenf"
460.0,2800.0,1960.0,0.7,0.85,0.75,0.8,0.8,0.8,354.6647884153868,448.1303898383306,PARCIAL,0.8504438596774806,0.97732105385893,437.3188771985147,338.4886179670887,342.31100938266536,0.07732105385893,-3.8223914155766474,22.681122801485287,0.1485561403225194,O2,-3.8223914155766474,False,True,CORREGIBLE,0.0302774974155538,"[CORREGIBLE] O2: succión de la bomba bifásica bajo el peor caso de T_amb (riesgo de cavitación) (medido=342.31100938266536, esperado=<= 338.489 K). Causa probable: subenfriamiento insuficiente a la salida del condensador bajo el peor caso ambiental. Sugerencia: aumentar eps_cond o el margen de suben"
460.0,3200.0,1025.0,0.7,0.85,0.75,0.8,0.8,0.8,361.20798629900673,453.64135365794095,PARCIAL,0.8414912462664592,0.9378753591302004,441.9941903427171,313.11082082230485,319.26493822872885,0.0378753591302003,-6.154117406424007,18.005809657282896,0.1575087537335407,O2,-6.154117406424007,True,True,CORREGIBLE,0.0884124787096051,"[CORREGIBLE] O2: succión de la bomba bifásica bajo el peor caso de T_amb (riesgo de cavitación) (medido=319.26493822872885, esperado=<= 313.111 K). Causa probable: subenfriamiento insuficiente a la salida del condensador bajo el peor caso ambiental. Sugerencia: aumentar eps_cond o el margen de suben"
460.0,3200.0,1600.0,0.7,0.85,0.75,0.8,0.8,0.8,361.20798629900673,453.64135365794095,PARCIAL,0.8412266823784887,0.95786344605724,441.9710607767273,330.0351462380388,334.5390903034684,0.0578634460572399,-4.50394406542955,18.028939223272687,0.1577733176215112,O2,-4.50394406542955,False,True,CORREGIBLE,0.0576088473211503,"[CORREGIBLE] O2: succión de la bomba bifásica bajo el peor caso de T_amb (riesgo de cavitación) (medido=334.53909030346836, esperado=<= 330.035 K). Causa probable: subenfriamiento insuficiente a la salida del condensador bajo el peor caso ambiental. Sugerencia: aumentar eps_cond o el margen de suben"
460.0,3200.0,2240.0,0.7,0.85,0.75,0.8,0.8,0.8,361.20798629900673,453.64135365794095,PARCIAL,0.8413342148485694,0.976089417544022,441.9804635511488,344.33651399250044,347.356622534696,0.0760894175440221,-3.020108542195544,18.01953644885117,0.1576657851514306,O2,-3.020108542195544,False,True,CORREGIBLE,0.0312610815336186,"[CORREGIBLE] O2: succión de la bomba bifásica bajo el peor caso de T_amb (riesgo de cavitación) (medido=347.356622534696, esperado=<= 344.337 K). Causa probable: subenfriamiento insuficiente a la salida del condensador bajo el peor caso ambiental. Sugerencia: aumentar eps_cond o el margen de subenfr"
460.0,3600.0,1150.0,0.7,0.85,0.75,0.8,0.8,0.8,367.2254131627747,458.5906186014388,PARCIAL,0.8323633598976903,0.9354563323564662,446.0992069298918,317.28699026962204,322.8648876575566,0.0354563323564661,-5.57789738793457,13.900793070108191,0.1666366401023097,O2,-5.57789738793457,True,True,CORREGIBLE,0.0909910214650931,"[CORREGIBLE] O2: succión de la bomba bifásica bajo el peor caso de T_amb (riesgo de cavitación) (medido=322.8648876575566, esperado=<= 317.287 K). Causa probable: subenfriamiento insuficiente a la salida del condensador bajo el peor caso ambiental. Sugerencia: aumentar eps_cond o el margen de subenf"
460.0,3600.0,1800.0,0.7,0.85,0.75,0.8,0.8,0.8,367.2254131627747,458.5906186014388,PARCIAL,0.832237242393786,0.955963270152024,446.0879826682841,334.87986218058387,338.71618881942214,0.055963270152024,-3.8363266388382726,13.9120173317159,0.1667627576062139,O2,-3.8363266388382726,False,True,CORREGIBLE,0.0592590367109901,"[CORREGIBLE] O2: succión de la bomba bifásica bajo el peor caso de T_amb (riesgo de cavitación) (medido=338.71618881942214, esperado=<= 334.880 K). Causa probable: subenfriamiento insuficiente a la salida del condensador bajo el peor caso ambiental. Sugerencia: aumentar eps_cond o el margen de suben"
460.0,3600.0,2520.0,0.7,0.85,0.75,0.8,0.8,0.8,367.2254131627747,458.5906186014388,PARCIAL,0.8324446793455265,0.9748205649139856,446.1064425486838,349.69765671177777,351.9627686206952,0.0748205649139854,-2.265111908917447,13.893557451316212,0.1665553206544735,O2,-2.265111908917447,False,True,CORREGIBLE,0.0321879329066907,"[CORREGIBLE] O2: succión de la bomba bifásica bajo el peor caso de T_amb (riesgo de cavitación) (medido=351.9627686206952, esperado=<= 349.698 K). Causa probable: subenfriamiento insuficiente a la salida del condensador bajo el peor caso ambiental. Sugerencia: aumentar eps_cond o el margen de subenf"
460.0,4000.0,1040.0,0.7,0.85,0.75,0.8,0.8,0.8,372.817451678411,463.084453687918,CUBIERTO,0.7907588905277811,0.9255217051739608,446.7162780921125,313.63097657165366,318.9618333347452,0.0255217051739609,-5.330856763091504,13.283721907887468,0.2082411094722188,O2,-5.330856763091504,True,True,CORREGIBLE,0.1074133960587077,"[CORREGIBLE] O2: succión de la bomba bifásica bajo el peor caso de T_amb (riesgo de cavitación) (medido=318.96183333474517, esperado=<= 313.631 K). Causa probable: subenfriamiento insuficiente a la salida del condensador bajo el peor caso ambiental. Sugerencia: aumentar eps_cond o el margen de suben"
460.0,4000.0,1440.0,0.7,0.85,0.75,0.8,0.8,0.8,372.817451678411,463.084453687918,CUBIERTO,0.7905963674049541,0.938820823514385,446.7005225190609,325.8387335973935,329.9977941974081,0.0388208235143849,-4.159060600014584,13.299477480939116,0.2084036325950459,O2,-4.159060600014584,True,True,CORREGIBLE,0.0856413296338409,"[CORREGIBLE] O2: succión de la bomba bifásica bajo el peor caso de T_amb (riesgo de cavitación) (medido=329.9977941974081, esperado=<= 325.839 K). Causa probable: subenfriamiento insuficiente a la salida del condensador bajo el peor caso ambiental. Sugerencia: aumentar eps_cond o el margen de subenf"
460.0,4000.0,1840.0,0.7,0.85,0.75,0.8,0.8,0.8,372.817451678411,463.084453687918,CUBIERTO,0.7906203435316121,0.9502111841050052,446.7028471977248,335.80255931962864,338.9666375418223,0.0502111841050051,-3.164078222193666,13.297152802275264,0.2083796564683878,O2,-3.164078222193666,False,True,CORREGIBLE,0.0675927697475373,"[CORREGIBLE] O2: succión de la bomba bifásica bajo el peor caso de T_amb (riesgo de cavitación) (medido=338.9666375418223, esperado=<= 335.803 K). Causa probable: subenfriamiento insuficiente a la salida del condensador bajo el peor caso ambiental. Sugerencia: aumentar eps_cond o el margen de subenf"
460.0,4500.0,1170.0,0.7,0.85,0.75,0.8,0.8,0.8,379.3194291407349,468.1771159152317,CUBIERTO,0.7332284209754568,0.9235861147559962,445.99405698758864,317.924031559729,322.10706232064064,0.0235861147559961,-4.183030760911663,14.005943012411365,0.2657715790245432,O2,-4.183030760911663,True,True,CORREGIBLE,0.1105344220981078,"[CORREGIBLE] O2: succión de la bomba bifásica bajo el peor caso de T_amb (riesgo de cavitación) (medido=322.10706232064064, esperado=<= 317.924 K). Causa probable: subenfriamiento insuficiente a la salida del condensador bajo el peor caso ambiental. Sugerencia: aumentar eps_cond o el margen de suben"
460.0,2800.0,895.0,0.75,0.85,0.75,0.8,0.8,0.8,350.3741977982431,441.58606773383633,PARCIAL,,,,,,,,,,,,,False,NO_CONVERGIO,,"T_from_Ph(P, h, x): el motor teqp no cubre el estado pedido (ver TASK_CONTEXT 2026-09-18-validar-teqp-nh3h2o). Detalle: h=47053.1 fuera de dominio a P=8.95e+05 Pa, x=0.7604"
460.0,2800.0,1960.0,0.75,0.85,0.75,0.8,0.8,0.8,350.3741977982431,441.58606773383633,PARCIAL,,,,,,,,,,,,,False,NO_CONVERGIO,,"h(P, s, x): el motor teqp no cubre el estado pedido (ver TASK_CONTEXT 2026-09-18-validar-teqp-nh3h2o). Detalle: equilibrio no resoluble en T=483.18 K, P=1.96e+06 Pa, x=0.8487"
460.0,4500.0,1620.0,0.7,0.85,0.75,0.8,0.8,0.8,379.3194291407349,468.1771159152317,CUBIERTO,0.7331919272215092,0.9368406049480597,445.9901335083234,330.53832954259616,333.50606983597515,0.0368406049480596,-2.967740293378995,14.009866491676576,0.2658080727784908,O2,-2.967740293378995,True,True,CORREGIBLE,0.0878964779458978,"[CORREGIBLE] O2: succión de la bomba bifásica bajo el peor caso de T_amb (riesgo de cavitación) (medido=333.50606983597515, esperado=<= 330.538 K). Causa probable: subenfriamiento insuficiente a la salida del condensador bajo el peor caso ambiental. Sugerencia: aumentar eps_cond o el margen de suben"
460.0,2800.0,1400.0,0.75,0.85,0.75,0.8,0.8,0.8,350.3741977982431,441.58606773383633,PARCIAL,,,,,,,,,,,,,False,NO_CONVERGIO,,"T_from_Ph(P, h, x): el motor teqp no cubre el estado pedido (ver TASK_CONTEXT 2026-09-18-validar-teqp-nh3h2o). Detalle: h=48626 fuera de dominio a P=1.4e+06 Pa, x=0.7604"
460.0,4500.0,2070.0,0.7,0.85,0.75,0.8,0.8,0.8,379.3194291407349,468.1771159152317,CUBIERTO,0.7333136013832829,0.9483110678051428,446.0032137396001,340.8513886755629,342.7797143055254,0.0483110678051427,-1.928325629962501,13.996786260399915,0.265686398616717,O2,-1.928325629962501,True,True,CORREGIBLE,0.0690166369718953,"[CORREGIBLE] O2: succión de la bomba bifásica bajo el peor caso de T_amb (riesgo de cavitación) (medido=342.7797143055254, esperado=<= 340.851 K). Causa probable: subenfriamiento insuficiente a la salida del condensador bajo el peor caso ambiental. Sugerencia: aumentar eps_cond o el margen de subenf"
460.0,3200.0,1025.0,0.75,0.85,0.75,0.8,0.8,0.8,356.7702276350995,446.90617115218015,PARCIAL,0.8596959265324872,0.939278637867549,434.7690818106751,309.5810919742199,314.081120636034,0.0392786378675489,-4.500028661814099,25.23091818932494,0.1393040734675128,O2,-4.500028661814099,True,True,CORREGIBLE,0.0908454086227862,"[CORREGIBLE] O2: succión de la bomba bifásica bajo el peor caso de T_amb (riesgo de cavitación) (medido=314.081120636034, esperado=<= 309.581 K). Causa probable: subenfriamiento insuficiente a la salida del condensador bajo el peor caso ambiental. Sugerencia: aumentar eps_cond o el margen de subenfr"
460.0,3200.0,1600.0,0.75,0.85,0.75,0.8,0.8,0.8,356.7702276350995,446.90617115218015,PARCIAL,0.8593540521340381,0.9587949131848704,434.734176871808,326.22766827244675,329.61295064581907,0.0587949131848704,-3.38528237337232,25.265823128191983,0.1396459478659618,O2,-3.38528237337232,False,True,CORREGIBLE,0.059212833975933,"[CORREGIBLE] O2: succión de la bomba bifásica bajo el peor caso de T_amb (riesgo de cavitación) (medido=329.61295064581907, esperado=<= 326.228 K). Causa probable: subenfriamiento insuficiente a la salida del condensador bajo el peor caso ambiental. Sugerencia: aumentar eps_cond o el margen de suben"
460.0,3200.0,2240.0,0.75,0.85,0.75,0.8,0.8,0.8,356.7702276350995,446.90617115218015,PARCIAL,0.8594011347749446,0.9766073723206884,434.7389857120326,340.26133616403416,342.628736802922,0.0766073723206884,-2.3674006388878297,25.261014287967384,0.1395988652250553,O2,-2.3674006388878297,False,True,CORREGIBLE,0.0321352791587634,"[CORREGIBLE] O2: succión de la bomba bifásica bajo el peor caso de T_amb (riesgo de cavitación) (medido=342.628736802922, esperado=<= 340.261 K). Causa probable: subenfriamiento insuficiente a la salida del condensador bajo el peor caso ambiental. Sugerencia: aumentar eps_cond o el margen de subenfr"
460.0,3600.0,1150.0,0.75,0.85,0.75,0.8,0.8,0.8,362.64443365008384,451.6777869460888,PARCIAL,0.8514724233572483,0.9369264118794016,438.6794899955856,313.69223714197034,317.80460403592866,0.0369264118794017,-4.112366893958324,21.320510004414416,0.1475275766427517,O2,-4.112366893958324,True,True,CORREGIBLE,0.0934693260355288,"[CORREGIBLE] O2: succión de la bomba bifásica bajo el peor caso de T_amb (riesgo de cavitación) (medido=317.80460403592866, esperado=<= 313.692 K). Causa probable: subenfriamiento insuficiente a la salida del condensador bajo el peor caso ambiental. Sugerencia: aumentar eps_cond o el margen de suben"
460.0,3600.0,2520.0,0.75,0.85,0.75,0.8,0.8,0.8,362.64443365008384,451.6777869460888,PARCIAL,0.8514191957572517,0.9753644970679212,438.6739768921346,345.51314482603925,347.3562949417078,0.0753644970679212,-1.84315011566855,21.32602310786541,0.1475808042427483,O2,-1.84315011566855,False,True,CORREGIBLE,0.0330869957127512,"[CORREGIBLE] O2: succión de la bomba bifásica bajo el peor caso de T_amb (riesgo de cavitación) (medido=347.3562949417078, esperado=<= 345.513 K). Causa probable: subenfriamiento insuficiente a la salida del condensador bajo el peor caso ambiental. Sugerencia: aumentar eps_cond o el margen de subenf"
460.0,3600.0,1800.0,0.75,0.85,0.75,0.8,0.8,0.8,362.64443365008384,451.6777869460888,PARCIAL,0.8512619265037887,0.9569394829059972,438.6576834894956,330.9853856386293,333.9160538466775,0.0569394829059972,-2.930668208048246,21.342316510504418,0.1477380734962112,O2,-2.930668208048246,False,True,CORREGIBLE,0.0608985482219282,"[CORREGIBLE] O2: succión de la bomba bifásica bajo el peor caso de T_amb (riesgo de cavitación) (medido=333.9160538466775, esperado=<= 330.985 K). Causa probable: subenfriamiento insuficiente a la salida del condensador bajo el peor caso ambiental. Sugerencia: aumentar eps_cond o el margen de subenf"
460.0,4500.0,1170.0,0.75,0.85,0.75,0.8,0.8,0.8,374.42618824616216,460.90047392253706,CUBIERTO,,,,,,,,,,,,,False,NO_CONVERGIO,,"T_from_Ph(P, h, x): el motor teqp no cubre el estado pedido (ver TASK_CONTEXT 2026-09-18-validar-teqp-nh3h2o). Detalle: equilibrio no resoluble en T=507.83 K, P=4.5e+06 Pa, x=0.7604"
460.0,4500.0,1620.0,0.75,0.85,0.75,0.8,0.8,0.8,374.42618824616216,460.90047392253706,CUBIERTO,,,,,,,,,,,,,False,NO_CONVERGIO,,"T_from_Ph(P, h, x): el motor teqp no cubre el estado pedido (ver TASK_CONTEXT 2026-09-18-validar-teqp-nh3h2o). Detalle: equilibrio no resoluble en T=507.83 K, P=4.5e+06 Pa, x=0.7604"
460.0,4500.0,2070.0,0.75,0.85,0.75,0.8,0.8,0.8,374.42618824616216,460.90047392253706,CUBIERTO,,,,,,,,,,,,,False,NO_CONVERGIO,,"T_from_Ph(P, h, x): el motor teqp no cubre el estado pedido (ver TASK_CONTEXT 2026-09-18-validar-teqp-nh3h2o). Detalle: equilibrio no resoluble en T=507.83 K, P=4.5e+06 Pa, x=0.7604"
460.0,4000.0,1280.0,0.75,0.85,0.75,0.8,0.8,0.8,368.0962542003624,456.00457985041066,PARCIAL,0.8436322231036467,0.9347117527591912,442.1968822211054,317.6339774881109,321.3628126901789,0.0347117527591912,-3.728835202068012,17.803117778894602,0.1553677768963532,O2,-3.728835202068012,True,True,CORREGIBLE,0.0956046714951907,"[CORREGIBLE] O2: succión de la bomba bifásica bajo el peor caso de T_amb (riesgo de cavitación) (medido=321.3628126901789, esperado=<= 317.634 K). Causa probable: subenfriamiento insuficiente a la salida del condensador bajo el peor caso ambiental. Sugerencia: aumentar eps_cond o el margen de subenf"
460.0,2800.0,895.0,0.8,0.85,0.75,0.8,0.8,0.8,346.7832686112316,434.039563029884,PARCIAL,,,,,,,,,,,,,False,NO_CONVERGIO,,"T_from_Ph(P, h, x): el motor teqp no cubre el estado pedido (ver TASK_CONTEXT 2026-09-18-validar-teqp-nh3h2o). Detalle: h=50461.2 fuera de dominio a P=8.95e+05 Pa, x=0.8088"
460.0,2800.0,1400.0,0.8,0.85,0.75,0.8,0.8,0.8,346.7832686112316,434.039563029884,PARCIAL,,,,,,,,,,,,,False,NO_CONVERGIO,,"T_from_Ph(P, h, x): el motor teqp no cubre el estado pedido (ver TASK_CONTEXT 2026-09-18-validar-teqp-nh3h2o). Detalle: h=52162 fuera de dominio a P=1.4e+06 Pa, x=0.8088"
460.0,2800.0,1960.0,0.8,0.85,0.75,0.8,0.8,0.8,346.7832686112316,434.039563029884,PARCIAL,,,,,,,,,,,,,False,NO_CONVERGIO,,"T_from_Ph(P, h, x): el motor teqp no cubre el estado pedido (ver TASK_CONTEXT 2026-09-18-validar-teqp-nh3h2o). Detalle: h=53494.1 fuera de dominio a P=1.96e+06 Pa, x=0.8088"
460.0,3200.0,1600.0,0.8,0.85,0.75,0.8,0.8,0.8,353.0344579348834,439.14784741926906,PARCIAL,,,,,,,,,,,,,False,NO_CONVERGIO,,"T_from_Ph(P, h, x): el motor teqp no cubre el estado pedido (ver TASK_CONTEXT 2026-09-18-validar-teqp-nh3h2o). Detalle: h=46516.1 fuera de dominio a P=1.6e+06 Pa, x=0.8088"
460.0,3200.0,2240.0,0.8,0.85,0.75,0.8,0.8,0.8,353.0344579348834,439.14784741926906,PARCIAL,,,,,,,,,,,,,False,NO_CONVERGIO,,"h(P, s, x): el motor teqp no cubre el estado pedido (ver TASK_CONTEXT 2026-09-18-validar-teqp-nh3h2o). Detalle: equilibrio no resoluble en T=468.55 K, P=2.24e+06 Pa, x=0.8882"
460.0,4000.0,2000.0,0.75,0.85,0.75,0.8,0.8,0.8,368.0962542003624,456.00457985041066,PARCIAL,0.8435476949994818,0.9550328533531408,442.1880294235552,335.38009435635547,337.87154939326206,0.0550328533531409,-2.4914550369065864,17.81197057644482,0.1554523050005182,O2,-2.4914550369065864,False,True,CORREGIBLE,0.062355138323439,"[CORREGIBLE] O2: succión de la bomba bifásica bajo el peor caso de T_amb (riesgo de cavitación) (medido=337.87154939326206, esperado=<= 335.380 K). Causa probable: subenfriamiento insuficiente a la salida del condensador bajo el peor caso ambiental. Sugerencia: aumentar eps_cond o el margen de suben"
460.0,3200.0,1025.0,0.8,0.85,0.75,0.8,0.8,0.8,353.0344579348834,439.14784741926906,PARCIAL,0.8794138467505728,0.9409826972435956,426.602590561139,306.7250699062719,309.75562028641235,0.0409826972435956,-3.0305503801404257,33.39740943886102,0.1195861532494272,O2,-3.0305503801404257,True,True,CORREGIBLE,0.093955094118572,"[CORREGIBLE] O2: succión de la bomba bifásica bajo el peor caso de T_amb (riesgo de cavitación) (medido=309.75562028641235, esperado=<= 306.725 K). Causa probable: subenfriamiento insuficiente a la salida del condensador bajo el peor caso ambiental. Sugerencia: aumentar eps_cond o el margen de suben"
460.0,4000.0,2800.0,0.75,0.85,0.75,0.8,0.8,0.8,368.0962542003624,456.00457985041066,PARCIAL,0.8438020907817548,0.97407481842373,442.2146676714528,350.3741977982431,351.7069132633558,0.0740748184237298,-1.332715465112699,17.785332328547213,0.1551979092182451,O2,-1.332715465112699,False,True,CORREGIBLE,0.0338232475629811,"[CORREGIBLE] O2: succión de la bomba bifásica bajo el peor caso de T_amb (riesgo de cavitación) (medido=351.7069132633558, esperado=<= 350.374 K). Causa probable: subenfriamiento insuficiente a la salida del condensador bajo el peor caso ambiental. Sugerencia: aumentar eps_cond o el margen de subenf"
460.0,3600.0,1150.0,0.8,0.85,0.75,0.8,0.8,0.8,358.76708273068,443.7226986067959,PARCIAL,0.8722320178787241,0.938705795185527,430.31570283995984,310.7744555748154,313.5674797754436,0.0387057951855269,-2.7930242006281105,29.68429716004016,0.1267679821212759,O2,-2.7930242006281105,True,True,CORREGIBLE,0.0966374862533595,"[CORREGIBLE] O2: succión de la bomba bifásica bajo el peor caso de T_amb (riesgo de cavitación) (medido=313.56747977544353, esperado=<= 310.774 K). Causa probable: subenfriamiento insuficiente a la salida del condensador bajo el peor caso ambiental. Sugerencia: aumentar eps_cond o el margen de suben"
460.0,3600.0,1800.0,0.8,0.85,0.75,0.8,0.8,0.8,358.76708273068,443.7226986067959,PARCIAL,0.8719679954543207,0.9580878218869494,430.2832373042143,327.7802952913757,329.84467757392423,0.0580878218869493,-2.064382282548536,29.71676269578569,0.1270320045456793,O2,-2.064382282548536,False,True,CORREGIBLE,0.0629382087145909,"[CORREGIBLE] O2: succión de la bomba bifásica bajo el peor caso de T_amb (riesgo de cavitación) (medido=329.84467757392423, esperado=<= 327.780 K). Causa probable: subenfriamiento insuficiente a la salida del condensador bajo el peor caso ambiental. Sugerencia: aumentar eps_cond o el margen de suben"
460.0,4000.0,2800.0,0.8,0.85,0.75,0.8,0.8,0.8,364.07978778800566,447.86482690007824,PARCIAL,,,,,,,,,,,,,False,NO_CONVERGIO,,"T_from_Ph(P, h, x): el motor teqp no cubre el estado pedido (ver TASK_CONTEXT 2026-09-18-validar-teqp-nh3h2o). Detalle: equilibrio no resoluble en T=494.78 K, P=2.8e+06 Pa, x=0.8088"
460.0,3600.0,2520.0,0.8,0.85,0.75,0.8,0.8,0.8,358.76708273068,443.7226986067959,PARCIAL,0.8720928903364249,0.975989455603926,430.298597738427,342.0261550971422,343.3902624512507,0.0759894556039261,-1.364107354108512,29.70140226157298,0.1269071096635751,O2,-1.364107354108512,False,True,CORREGIBLE,0.0341820956117099,"[CORREGIBLE] O2: succión de la bomba bifásica bajo el peor caso de T_amb (riesgo de cavitación) (medido=343.3902624512507, esperado=<= 342.026 K). Causa probable: subenfriamiento insuficiente a la salida del condensador bajo el peor caso ambiental. Sugerencia: aumentar eps_cond o el margen de subenf"
460.0,4000.0,1280.0,0.8,0.85,0.75,0.8,0.8,0.8,364.07978778800566,447.86482690007824,PARCIAL,0.8653656469401472,0.9365567124943752,433.6526402460296,314.65477058699355,317.2136098754034,0.0365567124943753,-2.5588392884098425,26.34735975397041,0.1336343530598528,O2,-2.5588392884098425,True,True,CORREGIBLE,0.0988324255410478,"[CORREGIBLE] O2: succión de la bomba bifásica bajo el peor caso de T_amb (riesgo de cavitación) (medido=317.2136098754034, esperado=<= 314.655 K). Causa probable: subenfriamiento insuficiente a la salida del condensador bajo el peor caso ambiental. Sugerencia: aumentar eps_cond o el margen de subenf"
460.0,4000.0,2000.0,0.8,0.85,0.75,0.8,0.8,0.8,364.07978778800566,447.86482690007824,PARCIAL,0.8652345439030805,0.9562250597702528,433.6364133588911,332.09400538530747,333.87934736170035,0.0562250597702528,-1.7853419763928855,26.363586641108952,0.1337654560969194,O2,-1.7853419763928855,False,True,CORREGIBLE,0.0644763629688919,"[CORREGIBLE] O2: succión de la bomba bifásica bajo el peor caso de T_amb (riesgo de cavitación) (medido=333.87934736170035, esperado=<= 332.094 K). Causa probable: subenfriamiento insuficiente a la salida del condensador bajo el peor caso ambiental. Sugerencia: aumentar eps_cond o el margen de suben"
460.0,2800.0,895.0,0.85,0.85,0.75,0.8,0.8,0.8,343.7141213217532,424.97760265795154,PARCIAL,,,,,,,,,,,,,False,NO_CONVERGIO,,"T_from_Ph(P, h, x): el motor teqp no cubre el estado pedido (ver TASK_CONTEXT 2026-09-18-validar-teqp-nh3h2o). Detalle: h=53872.4 fuera de dominio a P=8.95e+05 Pa, x=0.8570"
460.0,4500.0,3150.0,0.8,0.85,0.75,0.8,0.8,0.8,370.2384882926314,452.54363984909634,PARCIAL,,,,,,,,,,,,,False,NO_CONVERGIO,,"T_from_Ph(P, h, x): el motor teqp no cubre el estado pedido (ver TASK_CONTEXT 2026-09-18-validar-teqp-nh3h2o). Detalle: equilibrio no resoluble en T=494.10 K, P=3.15e+06 Pa, x=0.8088"
460.0,2800.0,1400.0,0.85,0.85,0.75,0.8,0.8,0.8,343.7141213217532,424.97760265795154,PARCIAL,,,,,,,,,,,,,False,NO_CONVERGIO,,"T_from_Ph(P, h, x): el motor teqp no cubre el estado pedido (ver TASK_CONTEXT 2026-09-18-validar-teqp-nh3h2o). Detalle: h=55713.2 fuera de dominio a P=1.4e+06 Pa, x=0.8570"
460.0,3200.0,1025.0,0.85,0.85,0.75,0.8,0.8,0.8,349.82385502689,429.84284081630335,PARCIAL,,,,,,,,,,,,,False,NO_CONVERGIO,,"T_from_Ph(P, h, x): el motor teqp no cubre el estado pedido (ver TASK_CONTEXT 2026-09-18-validar-teqp-nh3h2o). Detalle: h=48112.7 fuera de dominio a P=1.025e+06 Pa, x=0.8570"
460.0,2800.0,1960.0,0.85,0.85,0.75,0.8,0.8,0.8,343.7141213217532,424.97760265795154,PARCIAL,,,,,,,,,,,,,False,NO_CONVERGIO,,"T_from_Ph(P, h, x): el motor teqp no cubre el estado pedido (ver TASK_CONTEXT 2026-09-18-validar-teqp-nh3h2o). Detalle: h=57145 fuera de dominio a P=1.96e+06 Pa, x=0.8570"
460.0,3200.0,1600.0,0.85,0.85,0.75,0.8,0.8,0.8,349.82385502689,429.84284081630335,PARCIAL,,,,,,,,,,,,,False,NO_CONVERGIO,,"T_from_Ph(P, h, x): el motor teqp no cubre el estado pedido (ver TASK_CONTEXT 2026-09-18-validar-teqp-nh3h2o). Detalle: h=49756.3 fuera de dominio a P=1.6e+06 Pa, x=0.8570"
460.0,3200.0,2240.0,0.85,0.85,0.75,0.8,0.8,0.8,349.82385502689,429.84284081630335,PARCIAL,,,,,,,,,,,,,False,NO_CONVERGIO,,"T_from_Ph(P, h, x): el motor teqp no cubre el estado pedido (ver TASK_CONTEXT 2026-09-18-validar-teqp-nh3h2o). Detalle: h=51048.4 fuera de dominio a P=2.24e+06 Pa, x=0.8570"
460.0,4500.0,1440.0,0.8,0.85,0.75,0.8,0.8,0.8,370.2384882926314,452.54363984909634,PARCIAL,0.8570773912940105,0.9337103894422004,437.3901873841653,319.05213334480845,321.33619242398174,0.0337103894422003,-2.2840590791732893,22.6098126158347,0.1419226087059895,O2,-2.2840590791732893,True,True,CORREGIBLE,0.1006054627959009,"[CORREGIBLE] O2: succión de la bomba bifásica bajo el peor caso de T_amb (riesgo de cavitación) (medido=321.33619242398174, esperado=<= 319.052 K). Causa probable: subenfriamiento insuficiente a la salida del condensador bajo el peor caso ambiental. Sugerencia: aumentar eps_cond o el margen de suben"
460.0,3600.0,1800.0,0.85,0.85,0.75,0.8,0.8,0.8,355.4183811277106,434.1924660878364,PARCIAL,,,,,,,,,,,,,False,NO_CONVERGIO,,"T_from_Ph(P, h, x): el motor teqp no cubre el estado pedido (ver TASK_CONTEXT 2026-09-18-validar-teqp-nh3h2o). Detalle: h=45690.6 fuera de dominio a P=1.8e+06 Pa, x=0.8570"
460.0,4500.0,2250.0,0.8,0.85,0.75,0.8,0.8,0.8,370.2384882926314,452.54363984909634,PARCIAL,0.8570277505208699,0.9538111757535984,437.3840196402491,337.072398158429,338.5221086379084,0.0538111757535985,-1.449710479479393,22.615980359750893,0.1419722494791301,O2,-1.449710479479393,False,True,CORREGIBLE,0.0657194378838724,"[CORREGIBLE] O2: succión de la bomba bifásica bajo el peor caso de T_amb (riesgo de cavitación) (medido=338.5221086379084, esperado=<= 337.072 K). Causa probable: subenfriamiento insuficiente a la salida del condensador bajo el peor caso ambiental. Sugerencia: aumentar eps_cond o el margen de subenf"
460.0,3600.0,2520.0,0.85,0.85,0.75,0.8,0.8,0.8,355.4183811277106,434.1924660878364,PARCIAL,,,,,,,,,,,,,False,NO_CONVERGIO,,"T_from_Ph(P, h, x): el motor teqp no cubre el estado pedido (ver TASK_CONTEXT 2026-09-18-validar-teqp-nh3h2o). Detalle: h=46879.5 fuera de dominio a P=2.52e+06 Pa, x=0.8570"
460.0,4000.0,2800.0,0.85,0.85,0.75,0.8,0.8,0.8,360.59559259133135,438.1237063362424,PARCIAL,,,,,,,,,,,,,False,NO_CONVERGIO,,"h(P, s, x): el motor teqp no cubre el estado pedido (ver TASK_CONTEXT 2026-09-18-validar-teqp-nh3h2o). Detalle: equilibrio no resoluble en T=453.85 K, P=2.8e+06 Pa, x=0.9248"
460.0,3600.0,1150.0,0.85,0.85,0.75,0.8,0.8,0.8,355.4183811277106,434.1924660878364,PARCIAL,0.8953377401682326,0.9411082660261852,420.56746636207134,308.3628498542931,310.11902460774235,0.0411082660261852,-1.7561747534492724,39.43253363792866,0.1036622598317673,O2,-1.7561747534492724,True,True,CORREGIBLE,0.1002185040216398,"[CORREGIBLE] O2: succión de la bomba bifásica bajo el peor caso de T_amb (riesgo de cavitación) (medido=310.11902460774235, esperado=<= 308.363 K). Causa probable: subenfriamiento insuficiente a la salida del condensador bajo el peor caso ambiental. Sugerencia: aumentar eps_cond o el margen de suben"
460.0,4500.0,2250.0,0.85,0.85,0.75,0.8,0.8,0.8,366.58781362269167,442.5552243518963,PARCIAL,,,,,,,,,,,,,False,NO_CONVERGIO,,"T_from_Ph(P, h, x): el motor teqp no cubre el estado pedido (ver TASK_CONTEXT 2026-09-18-validar-teqp-nh3h2o). Detalle: equilibrio no resoluble en T=480.95 K, P=2.25e+06 Pa, x=0.8570"
460.0,4500.0,1440.0,0.85,0.85,0.75,0.8,0.8,0.8,366.58781362269167,442.5552243518963,PARCIAL,0.8826565388519007,0.9362893705163964,427.266109388847,316.51005951370416,317.9805082782012,0.0362893705163964,-1.4704487644970072,32.733890611153015,0.1163434611480993,O2,-1.4704487644970072,True,True,CORREGIBLE,0.1046162858242531,"[CORREGIBLE] O2: succión de la bomba bifásica bajo el peor caso de T_amb (riesgo de cavitación) (medido=317.98050827820117, esperado=<= 316.510 K). Causa probable: subenfriamiento insuficiente a la salida del condensador bajo el peor caso ambiental. Sugerencia: aumentar eps_cond o el margen de suben"
460.0,4000.0,1280.0,0.85,0.85,0.75,0.8,0.8,0.8,360.59559259133135,438.1237063362424,PARCIAL,0.8895622629762995,0.9390415019715428,423.7200909466698,312.18333661124166,313.8095764384761,0.0390415019715428,-1.6262398272344285,36.27990905333019,0.1094377370237005,O2,-1.6262398272344285,True,True,CORREGIBLE,0.1024019882248108,"[CORREGIBLE] O2: succión de la bomba bifásica bajo el peor caso de T_amb (riesgo de cavitación) (medido=313.8095764384761, esperado=<= 312.183 K). Causa probable: subenfriamiento insuficiente a la salida del condensador bajo el peor caso ambiental. Sugerencia: aumentar eps_cond o el margen de subenf"
460.0,4000.0,2000.0,0.85,0.85,0.75,0.8,0.8,0.8,360.59559259133135,438.1237063362424,PARCIAL,0.8894081464897212,0.9577722739430526,423.6968765491485,329.32288800869225,330.5049857965225,0.0577722739430526,-1.18209778783023,36.3031234508515,0.1095918535102787,O2,-1.18209778783023,False,True,CORREGIBLE,0.0667865374553631,"[CORREGIBLE] O2: succión de la bomba bifásica bajo el peor caso de T_amb (riesgo de cavitación) (medido=330.5049857965225, esperado=<= 329.323 K). Causa probable: subenfriamiento insuficiente a la salida del condensador bajo el peor caso ambiental. Sugerencia: aumentar eps_cond o el margen de subenf"
470.0,2800.0,895.0,0.7,0.85,0.75,0.8,0.8,0.8,354.6647884153868,448.1303898383306,PARCIAL,,,,,,,,,,,,,False,NO_CONVERGIO,,"T_from_Ph(P, h, x): el motor teqp no cubre el estado pedido (ver TASK_CONTEXT 2026-09-18-validar-teqp-nh3h2o). Detalle: h=56215.2 fuera de dominio a P=8.95e+05 Pa, x=0.7117"
470.0,2800.0,1400.0,0.7,0.85,0.75,0.8,0.8,0.8,354.6647884153868,448.1303898383306,PARCIAL,,,,,,,,,,,,,False,NO_CONVERGIO,,"T_from_Ph(P, h, x): el motor teqp no cubre el estado pedido (ver TASK_CONTEXT 2026-09-18-validar-teqp-nh3h2o). Detalle: h=58069.2 fuera de dominio a P=1.4e+06 Pa, x=0.7117"
470.0,2800.0,1960.0,0.7,0.85,0.75,0.8,0.8,0.8,354.6647884153868,448.1303898383306,PARCIAL,,,,,,,,,,,,,False,NO_CONVERGIO,,"T_from_Ph(P, h, x): el motor teqp no cubre el estado pedido (ver TASK_CONTEXT 2026-09-18-validar-teqp-nh3h2o). Detalle: h=59520.2 fuera de dominio a P=1.96e+06 Pa, x=0.7117"
470.0,3200.0,1025.0,0.7,0.85,0.75,0.8,0.8,0.8,361.20798629900673,453.64135365794095,PARCIAL,,,,,,,,,,,,,False,NO_CONVERGIO,,"T_from_Ph(P, h, x): el motor teqp no cubre el estado pedido (ver TASK_CONTEXT 2026-09-18-validar-teqp-nh3h2o). Detalle: h=48008.7 fuera de dominio a P=1.025e+06 Pa, x=0.7117"
470.0,3200.0,1600.0,0.7,0.85,0.75,0.8,0.8,0.8,361.20798629900673,453.64135365794095,PARCIAL,,,,,,,,,,,,,False,NO_CONVERGIO,,"T_from_Ph(P, h, x): el motor teqp no cubre el estado pedido (ver TASK_CONTEXT 2026-09-18-validar-teqp-nh3h2o). Detalle: h=49595.5 fuera de dominio a P=1.6e+06 Pa, x=0.7117"
470.0,3200.0,2240.0,0.7,0.85,0.75,0.8,0.8,0.8,361.20798629900673,453.64135365794095,PARCIAL,,,,,,,,,,,,,False,NO_CONVERGIO,,"T_from_Ph(P, h, x): el motor teqp no cubre el estado pedido (ver TASK_CONTEXT 2026-09-18-validar-teqp-nh3h2o). Detalle: h=50842.3 fuera de dominio a P=2.24e+06 Pa, x=0.7117"
460.0,4500.0,3150.0,0.85,0.85,0.75,0.8,0.8,0.8,366.58781362269167,442.5552243518963,PARCIAL,0.8829090465247025,0.9739031398004856,427.3039603566016,349.0906897553133,349.5462929523749,0.0739031398004854,-0.4556031970616345,32.696039643398365,0.1160909534752975,O2,-0.4556031970616345,False,True,CORREGIBLE,0.0366855958734272,"[CORREGIBLE] O2: succión de la bomba bifásica bajo el peor caso de T_amb (riesgo de cavitación) (medido=349.5462929523749, esperado=<= 349.091 K). Causa probable: subenfriamiento insuficiente a la salida del condensador bajo el peor caso ambiental. Sugerencia: aumentar eps_cond o el margen de subenf"
470.0,4000.0,1280.0,0.7,0.85,0.75,0.8,0.8,0.8,372.817451678411,463.084453687918,PARCIAL,,,,,,,,,,,,,False,NO_CONVERGIO,,"T_from_Ph(P, h, x): el motor teqp no cubre el estado pedido (ver TASK_CONTEXT 2026-09-18-validar-teqp-nh3h2o). Detalle: equilibrio no resoluble en T=516.61 K, P=4e+06 Pa, x=0.7117"
470.0,4000.0,2000.0,0.7,0.85,0.75,0.8,0.8,0.8,372.817451678411,463.084453687918,PARCIAL,,,,,,,,,,,,,False,NO_CONVERGIO,,"T_from_Ph(P, h, x): el motor teqp no cubre el estado pedido (ver TASK_CONTEXT 2026-09-18-validar-teqp-nh3h2o). Detalle: equilibrio no resoluble en T=516.61 K, P=4e+06 Pa, x=0.7117"
470.0,3600.0,1150.0,0.7,0.85,0.75,0.8,0.8,0.8,367.2254131627747,458.5906186014388,PARCIAL,0.8451627854887055,0.9352382100457044,447.2219832726748,317.28699026962204,323.03395608640045,0.0352382100457044,-5.746965816778413,22.778016727325166,0.1538372145112945,O2,-5.746965816778413,True,True,CORREGIBLE,0.0905988181954739,"[CORREGIBLE] O2: succión de la bomba bifásica bajo el peor caso de T_amb (riesgo de cavitación) (medido=323.03395608640045, esperado=<= 317.287 K). Causa probable: subenfriamiento insuficiente a la salida del condensador bajo el peor caso ambiental. Sugerencia: aumentar eps_cond o el margen de suben"
470.0,3600.0,1800.0,0.7,0.85,0.75,0.8,0.8,0.8,367.2254131627747,458.5906186014388,PARCIAL,0.8450199362521094,0.9558167665841364,447.2096291673981,334.87986218058387,338.88084379918064,0.0558167665841364,-4.000981618596768,22.790370832601923,0.1539800637478906,O2,-4.000981618596768,False,True,CORREGIBLE,0.0589618098879729,"[CORREGIBLE] O2: succión de la bomba bifásica bajo el peor caso de T_amb (riesgo de cavitación) (medido=338.88084379918064, esperado=<= 334.880 K). Causa probable: subenfriamiento insuficiente a la salida del condensador bajo el peor caso ambiental. Sugerencia: aumentar eps_cond o el margen de suben"
470.0,3600.0,2520.0,0.7,0.85,0.75,0.8,0.8,0.8,367.2254131627747,458.5906186014388,PARCIAL,0.8452174789211135,0.9747381561244798,447.2267123089106,349.69765671177777,352.12350305707355,0.0747381561244797,-2.425846345295781,22.773287691089365,0.1537825210788864,O2,-2.425846345295781,False,True,CORREGIBLE,0.0320111094819661,"[CORREGIBLE] O2: succión de la bomba bifásica bajo el peor caso de T_amb (riesgo de cavitación) (medido=352.12350305707355, esperado=<= 349.698 K). Causa probable: subenfriamiento insuficiente a la salida del condensador bajo el peor caso ambiental. Sugerencia: aumentar eps_cond o el margen de suben"
470.0,2800.0,895.0,0.75,0.85,0.75,0.8,0.8,0.8,350.3741977982431,441.58606773383633,PARCIAL,,,,,,,,,,,,,False,NO_CONVERGIO,,"T_from_Ph(P, h, x): el motor teqp no cubre el estado pedido (ver TASK_CONTEXT 2026-09-18-validar-teqp-nh3h2o). Detalle: h=60464.4 fuera de dominio a P=8.95e+05 Pa, x=0.7604"
470.0,2800.0,1400.0,0.75,0.85,0.75,0.8,0.8,0.8,350.3741977982431,441.58606773383633,PARCIAL,,,,,,,,,,,,,False,NO_CONVERGIO,,"T_from_Ph(P, h, x): el motor teqp no cubre el estado pedido (ver TASK_CONTEXT 2026-09-18-validar-teqp-nh3h2o). Detalle: h=62472 fuera de dominio a P=1.4e+06 Pa, x=0.7604"
470.0,2800.0,1960.0,0.75,0.85,0.75,0.8,0.8,0.8,350.3741977982431,441.58606773383633,PARCIAL,,,,,,,,,,,,,False,NO_CONVERGIO,,"T_from_Ph(P, h, x): el motor teqp no cubre el estado pedido (ver TASK_CONTEXT 2026-09-18-validar-teqp-nh3h2o). Detalle: h=64043.7 fuera de dominio a P=1.96e+06 Pa, x=0.7604"
470.0,4500.0,1440.0,0.7,0.85,0.75,0.8,0.8,0.8,379.3194291407349,468.1771159152317,PARCIAL,0.8270765079022953,0.9299310555866112,455.19394854631935,325.8387335973935,330.37803814634907,0.0299310555866111,-4.539304548955556,14.806051453680652,0.1719234920977047,O2,-4.539304548955556,True,True,CORREGIBLE,0.0944487361837365,"[CORREGIBLE] O2: succión de la bomba bifásica bajo el peor caso de T_amb (riesgo de cavitación) (medido=330.37803814634907, esperado=<= 325.839 K). Causa probable: subenfriamiento insuficiente a la salida del condensador bajo el peor caso ambiental. Sugerencia: aumentar eps_cond o el margen de suben"
470.0,3200.0,1025.0,0.75,0.85,0.75,0.8,0.8,0.8,356.7702276350995,446.90617115218015,PARCIAL,,,,,,,,,,,,,False,NO_CONVERGIO,,"T_from_Ph(P, h, x): el motor teqp no cubre el estado pedido (ver TASK_CONTEXT 2026-09-18-validar-teqp-nh3h2o). Detalle: h=51692.3 fuera de dominio a P=1.025e+06 Pa, x=0.7604"
470.0,3200.0,1600.0,0.75,0.85,0.75,0.8,0.8,0.8,356.7702276350995,446.90617115218015,PARCIAL,,,,,,,,,,,,,False,NO_CONVERGIO,,"T_from_Ph(P, h, x): el motor teqp no cubre el estado pedido (ver TASK_CONTEXT 2026-09-18-validar-teqp-nh3h2o). Detalle: h=53418.3 fuera de dominio a P=1.6e+06 Pa, x=0.7604"
470.0,3200.0,2240.0,0.75,0.85,0.75,0.8,0.8,0.8,356.7702276350995,446.90617115218015,PARCIAL,,,,,,,,,,,,,False,NO_CONVERGIO,,"T_from_Ph(P, h, x): el motor teqp no cubre el estado pedido (ver TASK_CONTEXT 2026-09-18-validar-teqp-nh3h2o). Detalle: h=54774.6 fuera de dominio a P=2.24e+06 Pa, x=0.7604"
470.0,3600.0,1800.0,0.75,0.85,0.75,0.8,0.8,0.8,362.64443365008384,451.6777869460888,PARCIAL,,,,,,,,,,,,,False,NO_CONVERGIO,,"T_from_Ph(P, h, x): el motor teqp no cubre el estado pedido (ver TASK_CONTEXT 2026-09-18-validar-teqp-nh3h2o). Detalle: h=47654.4 fuera de dominio a P=1.8e+06 Pa, x=0.7604"
470.0,4500.0,2250.0,0.7,0.85,0.75,0.8,0.8,0.8,379.3194291407349,468.1771159152317,PARCIAL,0.8271889195261672,0.951327515536514,455.2039473375729,344.53572092951043,347.1590528054234,0.051327515536514,-2.6233318759129816,14.796052662427089,0.1718110804738327,O2,-2.6233318759129816,False,True,CORREGIBLE,0.0612667864087444,"[CORREGIBLE] O2: succión de la bomba bifásica bajo el peor caso de T_amb (riesgo de cavitación) (medido=347.1590528054234, esperado=<= 344.536 K). Causa probable: subenfriamiento insuficiente a la salida del condensador bajo el peor caso ambiental. Sugerencia: aumentar eps_cond o el margen de subenf"
470.0,3600.0,2520.0,0.75,0.85,0.75,0.8,0.8,0.8,362.64443365008384,451.6777869460888,PARCIAL,,,,,,,,,,,,,False,NO_CONVERGIO,,"T_from_Ph(P, h, x): el motor teqp no cubre el estado pedido (ver TASK_CONTEXT 2026-09-18-validar-teqp-nh3h2o). Detalle: h=48862.5 fuera de dominio a P=2.52e+06 Pa, x=0.7604"
470.0,4500.0,3150.0,0.7,0.85,0.75,0.8,0.8,0.8,379.3194291407349,468.1771159152317,PARCIAL,0.8276109074681585,0.9716942730380488,455.241461735087,360.42127735999793,361.26892367655887,0.0716942730380488,-0.8476463165609402,14.758538264913,0.1713890925318415,O2,-0.8476463165609402,False,True,CORREGIBLE,0.0328235317187871,"[CORREGIBLE] O2: succión de la bomba bifásica bajo el peor caso de T_amb (riesgo de cavitación) (medido=361.26892367655887, esperado=<= 360.421 K). Causa probable: subenfriamiento insuficiente a la salida del condensador bajo el peor caso ambiental. Sugerencia: aumentar eps_cond o el margen de suben"
470.0,3600.0,1150.0,0.75,0.85,0.75,0.8,0.8,0.8,362.64443365008384,451.6777869460888,PARCIAL,0.8638191175628118,0.9366718023642951,439.9396438985526,313.69223714197034,317.922358120414,0.0366718023642952,-4.230120978443665,30.060356101447383,0.1351808824371881,O2,-4.230120978443665,True,True,CORREGIBLE,0.0930739607212242,"[CORREGIBLE] O2: succión de la bomba bifásica bajo el peor caso de T_amb (riesgo de cavitación) (medido=317.922358120414, esperado=<= 313.692 K). Causa probable: subenfriamiento insuficiente a la salida del condensador bajo el peor caso ambiental. Sugerencia: aumentar eps_cond o el margen de subenfr"
470.0,4000.0,1280.0,0.75,0.85,0.75,0.8,0.8,0.8,368.0962542003624,456.00457985041066,PARCIAL,0.8565889236767577,0.934437494701204,443.5339736426623,317.6339774881109,321.4848719743279,0.034437494701204,-3.850894486217044,26.46602635733774,0.1424110763232423,O2,-3.850894486217044,True,True,CORREGIBLE,0.0951932975031985,"[CORREGIBLE] O2: succión de la bomba bifásica bajo el peor caso de T_amb (riesgo de cavitación) (medido=321.4848719743279, esperado=<= 317.634 K). Causa probable: subenfriamiento insuficiente a la salida del condensador bajo el peor caso ambiental. Sugerencia: aumentar eps_cond o el margen de subenf"
470.0,4000.0,2000.0,0.75,0.85,0.75,0.8,0.8,0.8,368.0962542003624,456.00457985041066,PARCIAL,0.8564871109996272,0.9548525651686988,443.5236195485453,335.38009435635547,337.9913824627238,0.0548525651686986,-2.611288106368306,26.47638045145476,0.1425128890003728,O2,-2.611288106368306,False,True,CORREGIBLE,0.0620606401787173,"[CORREGIBLE] O2: succión de la bomba bifásica bajo el peor caso de T_amb (riesgo de cavitación) (medido=337.9913824627238, esperado=<= 335.380 K). Causa probable: subenfriamiento insuficiente a la salida del condensador bajo el peor caso ambiental. Sugerencia: aumentar eps_cond o el margen de subenf"
470.0,2800.0,895.0,0.8,0.85,0.75,0.8,0.8,0.8,346.7832686112316,434.039563029884,PARCIAL,,,,,,,,,,,,,False,NO_CONVERGIO,,"T_from_Ph(P, h, x): el motor teqp no cubre el estado pedido (ver TASK_CONTEXT 2026-09-18-validar-teqp-nh3h2o). Detalle: h=64732.6 fuera de dominio a P=8.95e+05 Pa, x=0.8088"
470.0,4500.0,1440.0,0.75,0.85,0.75,0.8,0.8,0.8,374.42618824616216,460.90047392253706,PARCIAL,0.8477859235551072,0.9314894563172784,447.55593038672384,322.10377608185905,325.5142488004517,0.0314894563172785,-3.4104727185927004,22.44406961327616,0.1512140764448928,O2,-3.4104727185927004,True,True,CORREGIBLE,0.0973084754634693,"[CORREGIBLE] O2: succión de la bomba bifásica bajo el peor caso de T_amb (riesgo de cavitación) (medido=325.51424880045175, esperado=<= 322.104 K). Causa probable: subenfriamiento insuficiente a la salida del condensador bajo el peor caso ambiental. Sugerencia: aumentar eps_cond o el margen de suben"
470.0,2800.0,1400.0,0.8,0.85,0.75,0.8,0.8,0.8,346.7832686112316,434.039563029884,PARCIAL,,,,,,,,,,,,,False,NO_CONVERGIO,,"T_from_Ph(P, h, x): el motor teqp no cubre el estado pedido (ver TASK_CONTEXT 2026-09-18-validar-teqp-nh3h2o). Detalle: h=66892.2 fuera de dominio a P=1.4e+06 Pa, x=0.8088"
470.0,2800.0,1960.0,0.8,0.85,0.75,0.8,0.8,0.8,346.7832686112316,434.039563029884,PARCIAL,,,,,,,,,,,,,False,NO_CONVERGIO,,"T_from_Ph(P, h, x): el motor teqp no cubre el estado pedido (ver TASK_CONTEXT 2026-09-18-validar-teqp-nh3h2o). Detalle: h=68583.5 fuera de dominio a P=1.96e+06 Pa, x=0.8088"
470.0,3200.0,1025.0,0.8,0.85,0.75,0.8,0.8,0.8,353.0344579348834,439.14784741926906,PARCIAL,,,,,,,,,,,,,False,NO_CONVERGIO,,"T_from_Ph(P, h, x): el motor teqp no cubre el estado pedido (ver TASK_CONTEXT 2026-09-18-validar-teqp-nh3h2o). Detalle: h=55400 fuera de dominio a P=1.025e+06 Pa, x=0.8088"
470.0,3200.0,2240.0,0.8,0.85,0.75,0.8,0.8,0.8,353.0344579348834,439.14784741926906,PARCIAL,,,,,,,,,,,,,False,NO_CONVERGIO,,"h(P, s, x): el motor teqp no cubre el estado pedido (ver TASK_CONTEXT 2026-09-18-validar-teqp-nh3h2o). Detalle: equilibrio no resoluble en T=471.25 K, P=2.24e+06 Pa, x=0.8826"
470.0,4500.0,2250.0,0.75,0.85,0.75,0.8,0.8,0.8,374.42618824616216,460.90047392253706,PARCIAL,0.8478222219514062,0.9523722807379555,447.5596580716393,340.456572923492,342.5520110271429,0.0523722807379556,-2.095438103650963,22.44034192836068,0.1511777780485937,O2,-2.095438103650963,False,True,CORREGIBLE,0.0632508903180964,"[CORREGIBLE] O2: succión de la bomba bifásica bajo el peor caso de T_amb (riesgo de cavitación) (medido=342.55201102714295, esperado=<= 340.457 K). Causa probable: subenfriamiento insuficiente a la salida del condensador bajo el peor caso ambiental. Sugerencia: aumentar eps_cond o el margen de suben"
470.0,3200.0,1600.0,0.8,0.85,0.75,0.8,0.8,0.8,353.0344579348834,439.14784741926906,PARCIAL,,,,,,,,,,,,,False,NO_CONVERGIO,,"T_from_Ph(P, h, x): el motor teqp no cubre el estado pedido (ver TASK_CONTEXT 2026-09-18-validar-teqp-nh3h2o). Detalle: h=57264.1 fuera de dominio a P=1.6e+06 Pa, x=0.8088"
470.0,3600.0,1150.0,0.8,0.85,0.75,0.8,0.8,0.8,358.76708273068,443.7226986067959,PARCIAL,,,,,,,,,,,,,False,NO_CONVERGIO,,"T_from_Ph(P, h, x): el motor teqp no cubre el estado pedido (ver TASK_CONTEXT 2026-09-18-validar-teqp-nh3h2o). Detalle: h=49420.2 fuera de dominio a P=1.15e+06 Pa, x=0.8088"
470.0,3600.0,1800.0,0.8,0.85,0.75,0.8,0.8,0.8,358.76708273068,443.7226986067959,PARCIAL,,,,,,,,,,,,,False,NO_CONVERGIO,,"T_from_Ph(P, h, x): el motor teqp no cubre el estado pedido (ver TASK_CONTEXT 2026-09-18-validar-teqp-nh3h2o). Detalle: h=51120 fuera de dominio a P=1.8e+06 Pa, x=0.8088"
470.0,3600.0,2520.0,0.8,0.85,0.75,0.8,0.8,0.8,358.76708273068,443.7226986067959,PARCIAL,,,,,,,,,,,,,False,NO_CONVERGIO,,"T_from_Ph(P, h, x): el motor teqp no cubre el estado pedido (ver TASK_CONTEXT 2026-09-18-validar-teqp-nh3h2o). Detalle: h=52430 fuera de dominio a P=2.52e+06 Pa, x=0.8088"
470.0,4000.0,2000.0,0.8,0.85,0.75,0.8,0.8,0.8,364.07978778800566,447.86482690007824,PARCIAL,,,,,,,,,,,,,False,NO_CONVERGIO,,"T_from_Ph(P, h, x): el motor teqp no cubre el estado pedido (ver TASK_CONTEXT 2026-09-18-validar-teqp-nh3h2o). Detalle: h=46929.4 fuera de dominio a P=2e+06 Pa, x=0.8088"
470.0,4500.0,3150.0,0.75,0.85,0.75,0.8,0.8,0.8,374.42618824616216,460.90047392253706,PARCIAL,0.8481884413562822,0.9722805272635068,447.5972509661075,356.0016755872272,356.8441630685141,0.0722805272635067,-0.8424874812869234,22.40274903389252,0.1508115586437177,O2,-0.8424874812869234,False,True,CORREGIBLE,0.0340369030159138,"[CORREGIBLE] O2: succión de la bomba bifásica bajo el peor caso de T_amb (riesgo de cavitación) (medido=356.84416306851415, esperado=<= 356.002 K). Causa probable: subenfriamiento insuficiente a la salida del condensador bajo el peor caso ambiental. Sugerencia: aumentar eps_cond o el margen de suben"
470.0,4000.0,1280.0,0.8,0.85,0.75,0.8,0.8,0.8,364.07978778800566,447.86482690007824,PARCIAL,0.8777447922417025,0.9362161217953464,435.161967812374,314.65477058699355,317.2928892397146,0.0362161217953465,-2.6381186527210616,34.83803218762603,0.1212552077582974,O2,-2.6381186527210616,True,True,CORREGIBLE,0.0984057631517403,"[CORREGIBLE] O2: succión de la bomba bifásica bajo el peor caso de T_amb (riesgo de cavitación) (medido=317.2928892397146, esperado=<= 314.655 K). Causa probable: subenfriamiento insuficiente a la salida del condensador bajo el peor caso ambiental. Sugerencia: aumentar eps_cond o el margen de subenf"
470.0,4500.0,1440.0,0.8,0.85,0.75,0.8,0.8,0.8,370.2384882926314,452.54363984909634,PARCIAL,0.8701755532610227,0.9333418972282418,438.9940469268698,319.05213334480845,321.4170785453059,0.0333418972282417,-2.364945200497459,31.00595307313017,0.1288244467389773,O2,-2.364945200497459,True,True,CORREGIBLE,0.1006496376943955,"[CORREGIBLE] O2: succión de la bomba bifásica bajo el peor caso de T_amb (riesgo de cavitación) (medido=321.4170785453059, esperado=<= 319.052 K). Causa probable: subenfriamiento insuficiente a la salida del condensador bajo el peor caso ambiental. Sugerencia: aumentar eps_cond o el margen de subenf"
470.0,2800.0,895.0,0.85,0.85,0.75,0.8,0.8,0.8,343.7141213217532,424.97760265795154,PARCIAL,,,,,,,,,,,,,False,NO_CONVERGIO,,"T_from_Ph(P, h, x): el motor teqp no cubre el estado pedido (ver TASK_CONTEXT 2026-09-18-validar-teqp-nh3h2o). Detalle: h=68987.7 fuera de dominio a P=8.95e+05 Pa, x=0.8570"
470.0,2800.0,1400.0,0.85,0.85,0.75,0.8,0.8,0.8,343.7141213217532,424.97760265795154,PARCIAL,,,,,,,,,,,,,False,NO_CONVERGIO,,"T_from_Ph(P, h, x): el motor teqp no cubre el estado pedido (ver TASK_CONTEXT 2026-09-18-validar-teqp-nh3h2o). Detalle: h=71320.3 fuera de dominio a P=1.4e+06 Pa, x=0.8570"
470.0,4500.0,2250.0,0.8,0.85,0.75,0.8,0.8,0.8,370.2384882926314,452.54363984909634,PARCIAL,0.8701629966278809,0.9535761023963936,438.9925317720224,337.072398158429,338.6044054706239,0.0535761023963936,-1.532007312194878,31.00746822797765,0.1288370033721191,O2,-1.532007312194878,False,True,CORREGIBLE,0.0654696408591691,"[CORREGIBLE] O2: succión de la bomba bifásica bajo el peor caso de T_amb (riesgo de cavitación) (medido=338.6044054706239, esperado=<= 337.072 K). Causa probable: subenfriamiento insuficiente a la salida del condensador bajo el peor caso ambiental. Sugerencia: aumentar eps_cond o el margen de subenf"
470.0,2800.0,1960.0,0.85,0.85,0.75,0.8,0.8,0.8,343.7141213217532,424.97760265795154,PARCIAL,,,,,,,,,,,,,False,NO_CONVERGIO,,"T_from_Ph(P, h, x): el motor teqp no cubre el estado pedido (ver TASK_CONTEXT 2026-09-18-validar-teqp-nh3h2o). Detalle: h=73130.3 fuera de dominio a P=1.96e+06 Pa, x=0.8570"
470.0,3200.0,1025.0,0.85,0.85,0.75,0.8,0.8,0.8,349.82385502689,429.84284081630335,PARCIAL,,,,,,,,,,,,,False,NO_CONVERGIO,,"T_from_Ph(P, h, x): el motor teqp no cubre el estado pedido (ver TASK_CONTEXT 2026-09-18-validar-teqp-nh3h2o). Detalle: h=59123.2 fuera de dominio a P=1.025e+06 Pa, x=0.8570"
470.0,3200.0,1600.0,0.85,0.85,0.75,0.8,0.8,0.8,349.82385502689,429.84284081630335,PARCIAL,,,,,,,,,,,,,False,NO_CONVERGIO,,"T_from_Ph(P, h, x): el motor teqp no cubre el estado pedido (ver TASK_CONTEXT 2026-09-18-validar-teqp-nh3h2o). Detalle: h=61124.3 fuera de dominio a P=1.6e+06 Pa, x=0.8570"
470.0,3600.0,1150.0,0.85,0.85,0.75,0.8,0.8,0.8,355.4183811277106,434.1924660878364,PARCIAL,,,,,,,,,,,,,False,NO_CONVERGIO,,"T_from_Ph(P, h, x): el motor teqp no cubre el estado pedido (ver TASK_CONTEXT 2026-09-18-validar-teqp-nh3h2o). Detalle: equilibrio no resoluble en T=480.89 K, P=3.6e+06 Pa, x=0.8570"
470.0,3200.0,2240.0,0.85,0.85,0.75,0.8,0.8,0.8,349.82385502689,429.84284081630335,PARCIAL,,,,,,,,,,,,,False,NO_CONVERGIO,,"T_from_Ph(P, h, x): el motor teqp no cubre el estado pedido (ver TASK_CONTEXT 2026-09-18-validar-teqp-nh3h2o). Detalle: h=62697.4 fuera de dominio a P=2.24e+06 Pa, x=0.8570"
470.0,3600.0,2520.0,0.85,0.85,0.75,0.8,0.8,0.8,355.4183811277106,434.1924660878364,PARCIAL,,,,,,,,,,,,,False,NO_CONVERGIO,,"h(P, s, x): el motor teqp no cubre el estado pedido (ver TASK_CONTEXT 2026-09-18-validar-teqp-nh3h2o). Detalle: equilibrio no resoluble en T=454.86 K, P=2.52e+06 Pa, x=0.9185"
470.0,3600.0,1800.0,0.85,0.85,0.75,0.8,0.8,0.8,355.4183811277106,434.1924660878364,PARCIAL,,,,,,,,,,,,,False,NO_CONVERGIO,,"T_from_Ph(P, h, x): el motor teqp no cubre el estado pedido (ver TASK_CONTEXT 2026-09-18-validar-teqp-nh3h2o). Detalle: equilibrio no resoluble en T=480.89 K, P=3.6e+06 Pa, x=0.8570"
470.0,4500.0,3150.0,0.8,0.85,0.75,0.8,0.8,0.8,370.2384882926314,452.54363984909634,PARCIAL,0.8704885823879184,0.9729382866051608,439.031804970622,352.283812921493,352.9821691273549,0.0729382866051608,-0.6983562058618986,30.968195029377966,0.1285114176120816,O2,-0.6983562058618986,False,True,CORREGIBLE,0.0353077077693495,"[CORREGIBLE] O2: succión de la bomba bifásica bajo el peor caso de T_amb (riesgo de cavitación) (medido=352.9821691273549, esperado=<= 352.284 K). Causa probable: subenfriamiento insuficiente a la salida del condensador bajo el peor caso ambiental. Sugerencia: aumentar eps_cond o el margen de subenf"
470.0,4000.0,1280.0,0.85,0.85,0.75,0.8,0.8,0.8,360.59559259133135,438.1237063362424,PARCIAL,,,,,,,,,,,,,False,NO_CONVERGIO,,"T_from_Ph(P, h, x): el motor teqp no cubre el estado pedido (ver TASK_CONTEXT 2026-09-18-validar-teqp-nh3h2o). Detalle: equilibrio no resoluble en T=480.07 K, P=4e+06 Pa, x=0.8570"
470.0,4000.0,2000.0,0.85,0.85,0.75,0.8,0.8,0.8,360.59559259133135,438.1237063362424,PARCIAL,,,,,,,,,,,,,False,NO_CONVERGIO,,"T_from_Ph(P, h, x): el motor teqp no cubre el estado pedido (ver TASK_CONTEXT 2026-09-18-validar-teqp-nh3h2o). Detalle: equilibrio no resoluble en T=480.07 K, P=4e+06 Pa, x=0.8570"
470.0,4500.0,1440.0,0.85,0.85,0.75,0.8,0.8,0.8,366.58781362269167,442.5552243518963,PARCIAL,,,,,,,,,,,,,False,NO_CONVERGIO,,"T_from_Ph(P, h, x): el motor teqp no cubre el estado pedido (ver TASK_CONTEXT 2026-09-18-validar-teqp-nh3h2o). Detalle: equilibrio no resoluble en T=479.01 K, P=4.5e+06 Pa, x=0.8570"
470.0,4500.0,2250.0,0.85,0.85,0.75,0.8,0.8,0.8,366.58781362269167,442.5552243518963,PARCIAL,,,,,,,,,,,,,False,NO_CONVERGIO,,"T_from_Ph(P, h, x): el motor teqp no cubre el estado pedido (ver TASK_CONTEXT 2026-09-18-validar-teqp-nh3h2o). Detalle: equilibrio no resoluble en T=479.01 K, P=4.5e+06 Pa, x=0.8570"
470.0,4500.0,3150.0,0.85,0.85,0.75,0.8,0.8,0.8,366.58781362269167,442.5552243518963,PARCIAL,,,,,,,,,,,,,False,NO_CONVERGIO,,"T_from_Ph(P, h, x): el motor teqp no cubre el estado pedido (ver TASK_CONTEXT 2026-09-18-validar-teqp-nh3h2o). Detalle: equilibrio no resoluble en T=479.01 K, P=4.5e+06 Pa, x=0.8570"
480.0,2800.0,895.0,0.7,0.85,0.75,0.8,0.8,0.8,354.6647884153868,448.1303898383306,PARCIAL,,,,,,,,,,,,,False,NO_CONVERGIO,,"T_from_Ph(P, h, x): el motor teqp no cubre el estado pedido (ver TASK_CONTEXT 2026-09-18-validar-teqp-nh3h2o). Detalle: h=79204.9 fuera de dominio a P=8.95e+05 Pa, x=0.7117"
480.0,2800.0,1400.0,0.7,0.85,0.75,0.8,0.8,0.8,354.6647884153868,448.1303898383306,PARCIAL,,,,,,,,,,,,,False,NO_CONVERGIO,,"T_from_Ph(P, h, x): el motor teqp no cubre el estado pedido (ver TASK_CONTEXT 2026-09-18-validar-teqp-nh3h2o). Detalle: h=81803.2 fuera de dominio a P=1.4e+06 Pa, x=0.7117"
480.0,2800.0,1960.0,0.7,0.85,0.75,0.8,0.8,0.8,354.6647884153868,448.1303898383306,PARCIAL,,,,,,,,,,,,,False,NO_CONVERGIO,,"T_from_Ph(P, h, x): el motor teqp no cubre el estado pedido (ver TASK_CONTEXT 2026-09-18-validar-teqp-nh3h2o). Detalle: h=83836.1 fuera de dominio a P=1.96e+06 Pa, x=0.7117"
480.0,3200.0,1025.0,0.7,0.85,0.75,0.8,0.8,0.8,361.20798629900673,453.64135365794095,PARCIAL,,,,,,,,,,,,,False,NO_CONVERGIO,,"T_from_Ph(P, h, x): el motor teqp no cubre el estado pedido (ver TASK_CONTEXT 2026-09-18-validar-teqp-nh3h2o). Detalle: h=62997.7 fuera de dominio a P=1.025e+06 Pa, x=0.7117"
480.0,3200.0,1600.0,0.7,0.85,0.75,0.8,0.8,0.8,361.20798629900673,453.64135365794095,PARCIAL,,,,,,,,,,,,,False,NO_CONVERGIO,,"T_from_Ph(P, h, x): el motor teqp no cubre el estado pedido (ver TASK_CONTEXT 2026-09-18-validar-teqp-nh3h2o). Detalle: h=65076.4 fuera de dominio a P=1.6e+06 Pa, x=0.7117"
480.0,3200.0,2240.0,0.7,0.85,0.75,0.8,0.8,0.8,361.20798629900673,453.64135365794095,PARCIAL,,,,,,,,,,,,,False,NO_CONVERGIO,,"T_from_Ph(P, h, x): el motor teqp no cubre el estado pedido (ver TASK_CONTEXT 2026-09-18-validar-teqp-nh3h2o). Detalle: h=66708.8 fuera de dominio a P=2.24e+06 Pa, x=0.7117"
480.0,3600.0,1150.0,0.7,0.85,0.75,0.8,0.8,0.8,367.2254131627747,458.5906186014388,PARCIAL,,,,,,,,,,,,,False,NO_CONVERGIO,,"T_from_Ph(P, h, x): el motor teqp no cubre el estado pedido (ver TASK_CONTEXT 2026-09-18-validar-teqp-nh3h2o). Detalle: h=53841.7 fuera de dominio a P=1.15e+06 Pa, x=0.7117"
480.0,3600.0,1800.0,0.7,0.85,0.75,0.8,0.8,0.8,367.2254131627747,458.5906186014388,PARCIAL,,,,,,,,,,,,,False,NO_CONVERGIO,,"T_from_Ph(P, h, x): el motor teqp no cubre el estado pedido (ver TASK_CONTEXT 2026-09-18-validar-teqp-nh3h2o). Detalle: h=55644 fuera de dominio a P=1.8e+06 Pa, x=0.7117"
480.0,4000.0,1280.0,0.7,0.85,0.75,0.8,0.8,0.8,372.817451678411,463.084453687918,PARCIAL,,,,,,,,,,,,,False,NO_CONVERGIO,,"T_from_Ph(P, h, x): el motor teqp no cubre el estado pedido (ver TASK_CONTEXT 2026-09-18-validar-teqp-nh3h2o). Detalle: h=47927.2 fuera de dominio a P=1.28e+06 Pa, x=0.7117"
480.0,3600.0,2520.0,0.7,0.85,0.75,0.8,0.8,0.8,367.2254131627747,458.5906186014388,PARCIAL,,,,,,,,,,,,,False,NO_CONVERGIO,,"T_from_Ph(P, h, x): el motor teqp no cubre el estado pedido (ver TASK_CONTEXT 2026-09-18-validar-teqp-nh3h2o). Detalle: h=57031.6 fuera de dominio a P=2.52e+06 Pa, x=0.7117"
480.0,4500.0,1440.0,0.7,0.85,0.75,0.8,0.8,0.8,379.3194291407349,468.1771159152317,PARCIAL,,,,,,,,,,,,,False,NO_CONVERGIO,,"T_from_Ph(P, h, x): el motor teqp no cubre el estado pedido (ver TASK_CONTEXT 2026-09-18-validar-teqp-nh3h2o). Detalle: equilibrio no resoluble en T=518.99 K, P=4.5e+06 Pa, x=0.7117"
480.0,4500.0,2250.0,0.7,0.85,0.75,0.8,0.8,0.8,379.3194291407349,468.1771159152317,PARCIAL,,,,,,,,,,,,,False,NO_CONVERGIO,,"T_from_Ph(P, h, x): el motor teqp no cubre el estado pedido (ver TASK_CONTEXT 2026-09-18-validar-teqp-nh3h2o). Detalle: equilibrio no resoluble en T=518.99 K, P=4.5e+06 Pa, x=0.7117"
480.0,4500.0,3150.0,0.7,0.85,0.75,0.8,0.8,0.8,379.3194291407349,468.1771159152317,PARCIAL,,,,,,,,,,,,,False,NO_CONVERGIO,,"T_from_Ph(P, h, x): el motor teqp no cubre el estado pedido (ver TASK_CONTEXT 2026-09-18-validar-teqp-nh3h2o). Detalle: equilibrio no resoluble en T=518.99 K, P=4.5e+06 Pa, x=0.7117"
480.0,4000.0,2000.0,0.7,0.85,0.75,0.8,0.8,0.8,372.817451678411,463.084453687918,PARCIAL,,,,,,,,,,,,,False,NO_CONVERGIO,,"T_from_Ph(P, h, x): el motor teqp no cubre el estado pedido (ver TASK_CONTEXT 2026-09-18-validar-teqp-nh3h2o). Detalle: h=49520.5 fuera de dominio a P=2e+06 Pa, x=0.7117"
480.0,2800.0,895.0,0.75,0.85,0.75,0.8,0.8,0.8,350.3741977982431,441.58606773383633,PARCIAL,,,,,,,,,,,,,False,NO_CONVERGIO,,"T_from_Ph(P, h, x): el motor teqp no cubre el estado pedido (ver TASK_CONTEXT 2026-09-18-validar-teqp-nh3h2o). Detalle: h=85113.3 fuera de dominio a P=8.95e+05 Pa, x=0.7604"
480.0,2800.0,1400.0,0.75,0.85,0.75,0.8,0.8,0.8,350.3741977982431,441.58606773383633,PARCIAL,,,,,,,,,,,,,False,NO_CONVERGIO,,"T_from_Ph(P, h, x): el motor teqp no cubre el estado pedido (ver TASK_CONTEXT 2026-09-18-validar-teqp-nh3h2o). Detalle: h=87912.6 fuera de dominio a P=1.4e+06 Pa, x=0.7604"
480.0,4000.0,2800.0,0.7,0.85,0.75,0.8,0.8,0.8,372.817451678411,463.084453687918,PARCIAL,,,,,,,,,,,,,False,NO_CONVERGIO,,"T_from_Ph(P, h, x): el motor teqp no cubre el estado pedido (ver TASK_CONTEXT 2026-09-18-validar-teqp-nh3h2o). Detalle: h=50753.8 fuera de dominio a P=2.8e+06 Pa, x=0.7117"
480.0,3200.0,1025.0,0.75,0.85,0.75,0.8,0.8,0.8,356.7702276350995,446.90617115218015,PARCIAL,,,,,,,,,,,,,False,NO_CONVERGIO,,"T_from_Ph(P, h, x): el motor teqp no cubre el estado pedido (ver TASK_CONTEXT 2026-09-18-validar-teqp-nh3h2o). Detalle: h=67732.7 fuera de dominio a P=1.025e+06 Pa, x=0.7604"
480.0,2800.0,1960.0,0.75,0.85,0.75,0.8,0.8,0.8,350.3741977982431,441.58606773383633,PARCIAL,,,,,,,,,,,,,False,NO_CONVERGIO,,"T_from_Ph(P, h, x): el motor teqp no cubre el estado pedido (ver TASK_CONTEXT 2026-09-18-validar-teqp-nh3h2o). Detalle: h=90103.9 fuera de dominio a P=1.96e+06 Pa, x=0.7604"
480.0,3200.0,1600.0,0.75,0.85,0.75,0.8,0.8,0.8,356.7702276350995,446.90617115218015,PARCIAL,,,,,,,,,,,,,False,NO_CONVERGIO,,"T_from_Ph(P, h, x): el motor teqp no cubre el estado pedido (ver TASK_CONTEXT 2026-09-18-validar-teqp-nh3h2o). Detalle: h=69981 fuera de dominio a P=1.6e+06 Pa, x=0.7604"
480.0,3200.0,2240.0,0.75,0.85,0.75,0.8,0.8,0.8,356.7702276350995,446.90617115218015,PARCIAL,,,,,,,,,,,,,False,NO_CONVERGIO,,"T_from_Ph(P, h, x): el motor teqp no cubre el estado pedido (ver TASK_CONTEXT 2026-09-18-validar-teqp-nh3h2o). Detalle: h=71747.1 fuera de dominio a P=2.24e+06 Pa, x=0.7604"
480.0,3600.0,1800.0,0.75,0.85,0.75,0.8,0.8,0.8,362.64443365008384,451.6777869460888,PARCIAL,,,,,,,,,,,,,False,NO_CONVERGIO,,"T_from_Ph(P, h, x): el motor teqp no cubre el estado pedido (ver TASK_CONTEXT 2026-09-18-validar-teqp-nh3h2o). Detalle: h=59826.3 fuera de dominio a P=1.8e+06 Pa, x=0.7604"
480.0,3600.0,1150.0,0.75,0.85,0.75,0.8,0.8,0.8,362.64443365008384,451.6777869460888,PARCIAL,,,,,,,,,,,,,False,NO_CONVERGIO,,"T_from_Ph(P, h, x): el motor teqp no cubre el estado pedido (ver TASK_CONTEXT 2026-09-18-validar-teqp-nh3h2o). Detalle: h=57862.3 fuera de dominio a P=1.15e+06 Pa, x=0.7604"
480.0,3600.0,2520.0,0.75,0.85,0.75,0.8,0.8,0.8,362.64443365008384,451.6777869460888,PARCIAL,,,,,,,,,,,,,False,NO_CONVERGIO,,"T_from_Ph(P, h, x): el motor teqp no cubre el estado pedido (ver TASK_CONTEXT 2026-09-18-validar-teqp-nh3h2o). Detalle: h=61335 fuera de dominio a P=2.52e+06 Pa, x=0.7604"
480.0,4000.0,2000.0,0.75,0.85,0.75,0.8,0.8,0.8,368.0962542003624,456.00457985041066,PARCIAL,,,,,,,,,,,,,False,NO_CONVERGIO,,"h(P, s, x): el motor teqp no cubre el estado pedido (ver TASK_CONTEXT 2026-09-18-validar-teqp-nh3h2o). Detalle: equilibrio no resoluble en T=484.56 K, P=2e+06 Pa, x=0.8435"
480.0,4000.0,1280.0,0.75,0.85,0.75,0.8,0.8,0.8,368.0962542003624,456.00457985041066,PARCIAL,,,,,,,,,,,,,False,NO_CONVERGIO,,"T_from_Ph(P, h, x): el motor teqp no cubre el estado pedido (ver TASK_CONTEXT 2026-09-18-validar-teqp-nh3h2o). Detalle: h=51609.6 fuera de dominio a P=1.28e+06 Pa, x=0.7604"
480.0,4000.0,2800.0,0.75,0.85,0.75,0.8,0.8,0.8,368.0962542003624,456.00457985041066,PARCIAL,,,,,,,,,,,,,False,NO_CONVERGIO,,"T_from_Ph(P, h, x): el motor teqp no cubre el estado pedido (ver TASK_CONTEXT 2026-09-18-validar-teqp-nh3h2o). Detalle: h=54694.6 fuera de dominio a P=2.8e+06 Pa, x=0.7604"
480.0,4500.0,2250.0,0.75,0.85,0.75,0.8,0.8,0.8,374.42618824616216,460.90047392253706,PARCIAL,,,,,,,,,,,,,False,NO_CONVERGIO,,"T_from_Ph(P, h, x): el motor teqp no cubre el estado pedido (ver TASK_CONTEXT 2026-09-18-validar-teqp-nh3h2o). Detalle: h=47768.5 fuera de dominio a P=2.25e+06 Pa, x=0.7604"
480.0,4500.0,3150.0,0.75,0.85,0.75,0.8,0.8,0.8,374.42618824616216,460.90047392253706,PARCIAL,,,,,,,,,,,,,False,NO_CONVERGIO,,"T_from_Ph(P, h, x): el motor teqp no cubre el estado pedido (ver TASK_CONTEXT 2026-09-18-validar-teqp-nh3h2o). Detalle: h=48970.4 fuera de dominio a P=3.15e+06 Pa, x=0.7604"
480.0,2800.0,895.0,0.8,0.85,0.75,0.8,0.8,0.8,346.7832686112316,434.039563029884,PARCIAL,,,,,,,,,,,,,False,NO_CONVERGIO,,"T_from_Ph(P, h, x): el motor teqp no cubre el estado pedido (ver TASK_CONTEXT 2026-09-18-validar-teqp-nh3h2o). Detalle: h=91029.3 fuera de dominio a P=8.95e+05 Pa, x=0.8088"
480.0,2800.0,1400.0,0.8,0.85,0.75,0.8,0.8,0.8,346.7832686112316,434.039563029884,PARCIAL,,,,,,,,,,,,,False,NO_CONVERGIO,,"T_from_Ph(P, h, x): el motor teqp no cubre el estado pedido (ver TASK_CONTEXT 2026-09-18-validar-teqp-nh3h2o). Detalle: h=94027.2 fuera de dominio a P=1.4e+06 Pa, x=0.8088"
480.0,2800.0,1960.0,0.8,0.85,0.75,0.8,0.8,0.8,346.7832686112316,434.039563029884,PARCIAL,,,,,,,,,,,,,False,NO_CONVERGIO,,"T_from_Ph(P, h, x): el motor teqp no cubre el estado pedido (ver TASK_CONTEXT 2026-09-18-validar-teqp-nh3h2o). Detalle: h=96375.3 fuera de dominio a P=1.96e+06 Pa, x=0.8088"
480.0,3200.0,2240.0,0.8,0.85,0.75,0.8,0.8,0.8,353.0344579348834,439.14784741926906,PARCIAL,,,,,,,,,,,,,False,NO_CONVERGIO,,"h(P, s, x): el motor teqp no cubre el estado pedido (ver TASK_CONTEXT 2026-09-18-validar-teqp-nh3h2o). Detalle: equilibrio no resoluble en T=473.84 K, P=2.24e+06 Pa, x=0.8770"
480.0,3200.0,1025.0,0.8,0.85,0.75,0.8,0.8,0.8,353.0344579348834,439.14784741926906,PARCIAL,,,,,,,,,,,,,False,NO_CONVERGIO,,"T_from_Ph(P, h, x): el motor teqp no cubre el estado pedido (ver TASK_CONTEXT 2026-09-18-validar-teqp-nh3h2o). Detalle: h=72484.9 fuera de dominio a P=1.025e+06 Pa, x=0.8088"
480.0,3200.0,1600.0,0.8,0.85,0.75,0.8,0.8,0.8,353.0344579348834,439.14784741926906,PARCIAL,,,,,,,,,,,,,False,NO_CONVERGIO,,"T_from_Ph(P, h, x): el motor teqp no cubre el estado pedido (ver TASK_CONTEXT 2026-09-18-validar-teqp-nh3h2o). Detalle: h=74901 fuera de dominio a P=1.6e+06 Pa, x=0.8088"
480.0,3600.0,1150.0,0.8,0.85,0.75,0.8,0.8,0.8,358.76708273068,443.7226986067959,PARCIAL,,,,,,,,,,,,,False,NO_CONVERGIO,,"T_from_Ph(P, h, x): el motor teqp no cubre el estado pedido (ver TASK_CONTEXT 2026-09-18-validar-teqp-nh3h2o). Detalle: h=61941.2 fuera de dominio a P=1.15e+06 Pa, x=0.8088"
480.0,3600.0,1800.0,0.8,0.85,0.75,0.8,0.8,0.8,358.76708273068,443.7226986067959,PARCIAL,,,,,,,,,,,,,False,NO_CONVERGIO,,"T_from_Ph(P, h, x): el motor teqp no cubre el estado pedido (ver TASK_CONTEXT 2026-09-18-validar-teqp-nh3h2o). Detalle: h=64043.7 fuera de dominio a P=1.8e+06 Pa, x=0.8088"
480.0,3600.0,2520.0,0.8,0.85,0.75,0.8,0.8,0.8,358.76708273068,443.7226986067959,PARCIAL,,,,,,,,,,,,,False,NO_CONVERGIO,,"T_from_Ph(P, h, x): el motor teqp no cubre el estado pedido (ver TASK_CONTEXT 2026-09-18-validar-teqp-nh3h2o). Detalle: h=65684.5 fuera de dominio a P=2.52e+06 Pa, x=0.8088"
480.0,4000.0,1280.0,0.8,0.85,0.75,0.8,0.8,0.8,364.07978778800566,447.86482690007824,PARCIAL,,,,,,,,,,,,,False,NO_CONVERGIO,,"T_from_Ph(P, h, x): el motor teqp no cubre el estado pedido (ver TASK_CONTEXT 2026-09-18-validar-teqp-nh3h2o). Detalle: h=55305.9 fuera de dominio a P=1.28e+06 Pa, x=0.8088"
480.0,4000.0,2000.0,0.8,0.85,0.75,0.8,0.8,0.8,364.07978778800566,447.86482690007824,PARCIAL,,,,,,,,,,,,,False,NO_CONVERGIO,,"T_from_Ph(P, h, x): el motor teqp no cubre el estado pedido (ver TASK_CONTEXT 2026-09-18-validar-teqp-nh3h2o). Detalle: h=57194.2 fuera de dominio a P=2e+06 Pa, x=0.8088"
480.0,4000.0,2800.0,0.8,0.85,0.75,0.8,0.8,0.8,364.07978778800566,447.86482690007824,PARCIAL,,,,,,,,,,,,,False,NO_CONVERGIO,,"T_from_Ph(P, h, x): el motor teqp no cubre el estado pedido (ver TASK_CONTEXT 2026-09-18-validar-teqp-nh3h2o). Detalle: h=58648.7 fuera de dominio a P=2.8e+06 Pa, x=0.8088"
480.0,4500.0,1440.0,0.8,0.85,0.75,0.8,0.8,0.8,370.2384882926314,452.54363984909634,PARCIAL,,,,,,,,,,,,,False,NO_CONVERGIO,,"T_from_Ph(P, h, x): el motor teqp no cubre el estado pedido (ver TASK_CONTEXT 2026-09-18-validar-teqp-nh3h2o). Detalle: h=49641.4 fuera de dominio a P=1.44e+06 Pa, x=0.8088"
480.0,2800.0,895.0,0.85,0.85,0.75,0.8,0.8,0.8,343.7141213217532,424.97760265795154,PARCIAL,,,,,,,,,,,,,False,NO_CONVERGIO,,"h(P, T, x): el motor teqp no cubre el estado pedido (ver TASK_CONTEXT 2026-09-18-validar-teqp-nh3h2o). Detalle: equilibrio no resoluble en T=480.00 K, P=2.8e+06 Pa, x=0.8570"
480.0,2800.0,1400.0,0.85,0.85,0.75,0.8,0.8,0.8,343.7141213217532,424.97760265795154,PARCIAL,,,,,,,,,,,,,False,NO_CONVERGIO,,"h(P, T, x): el motor teqp no cubre el estado pedido (ver TASK_CONTEXT 2026-09-18-validar-teqp-nh3h2o). Detalle: equilibrio no resoluble en T=480.00 K, P=2.8e+06 Pa, x=0.8570"
480.0,2800.0,1960.0,0.85,0.85,0.75,0.8,0.8,0.8,343.7141213217532,424.97760265795154,PARCIAL,,,,,,,,,,,,,False,NO_CONVERGIO,,"h(P, T, x): el motor teqp no cubre el estado pedido (ver TASK_CONTEXT 2026-09-18-validar-teqp-nh3h2o). Detalle: equilibrio no resoluble en T=480.00 K, P=2.8e+06 Pa, x=0.8570"
480.0,3200.0,1025.0,0.85,0.85,0.75,0.8,0.8,0.8,349.82385502689,429.84284081630335,PARCIAL,,,,,,,,,,,,,False,NO_CONVERGIO,,"h(P, T, x): el motor teqp no cubre el estado pedido (ver TASK_CONTEXT 2026-09-18-validar-teqp-nh3h2o). Detalle: equilibrio no resoluble en T=480.00 K, P=3.2e+06 Pa, x=0.8570"
480.0,3200.0,1600.0,0.85,0.85,0.75,0.8,0.8,0.8,349.82385502689,429.84284081630335,PARCIAL,,,,,,,,,,,,,False,NO_CONVERGIO,,"h(P, T, x): el motor teqp no cubre el estado pedido (ver TASK_CONTEXT 2026-09-18-validar-teqp-nh3h2o). Detalle: equilibrio no resoluble en T=480.00 K, P=3.2e+06 Pa, x=0.8570"
480.0,3200.0,2240.0,0.85,0.85,0.75,0.8,0.8,0.8,349.82385502689,429.84284081630335,PARCIAL,,,,,,,,,,,,,False,NO_CONVERGIO,,"h(P, T, x): el motor teqp no cubre el estado pedido (ver TASK_CONTEXT 2026-09-18-validar-teqp-nh3h2o). Detalle: equilibrio no resoluble en T=480.00 K, P=3.2e+06 Pa, x=0.8570"
480.0,3600.0,1150.0,0.85,0.85,0.75,0.8,0.8,0.8,355.4183811277106,434.1924660878364,PARCIAL,,,,,,,,,,,,,False,NO_CONVERGIO,,"h(P, T, x): el motor teqp no cubre el estado pedido (ver TASK_CONTEXT 2026-09-18-validar-teqp-nh3h2o). Detalle: equilibrio no resoluble en T=480.00 K, P=3.6e+06 Pa, x=0.8570"
480.0,3600.0,1800.0,0.85,0.85,0.75,0.8,0.8,0.8,355.4183811277106,434.1924660878364,PARCIAL,,,,,,,,,,,,,False,NO_CONVERGIO,,"h(P, T, x): el motor teqp no cubre el estado pedido (ver TASK_CONTEXT 2026-09-18-validar-teqp-nh3h2o). Detalle: equilibrio no resoluble en T=480.00 K, P=3.6e+06 Pa, x=0.8570"
480.0,3600.0,2520.0,0.85,0.85,0.75,0.8,0.8,0.8,355.4183811277106,434.1924660878364,PARCIAL,,,,,,,,,,,,,False,NO_CONVERGIO,,"h(P, T, x): el motor teqp no cubre el estado pedido (ver TASK_CONTEXT 2026-09-18-validar-teqp-nh3h2o). Detalle: equilibrio no resoluble en T=480.00 K, P=3.6e+06 Pa, x=0.8570"
480.0,4000.0,1280.0,0.85,0.85,0.75,0.8,0.8,0.8,360.59559259133135,438.1237063362424,PARCIAL,,,,,,,,,,,,,False,NO_CONVERGIO,,"h(P, T, x): el motor teqp no cubre el estado pedido (ver TASK_CONTEXT 2026-09-18-validar-teqp-nh3h2o). Detalle: equilibrio no resoluble en T=480.00 K, P=4e+06 Pa, x=0.8570"
480.0,4000.0,2000.0,0.85,0.85,0.75,0.8,0.8,0.8,360.59559259133135,438.1237063362424,PARCIAL,,,,,,,,,,,,,False,NO_CONVERGIO,,"h(P, T, x): el motor teqp no cubre el estado pedido (ver TASK_CONTEXT 2026-09-18-validar-teqp-nh3h2o). Detalle: equilibrio no resoluble en T=480.00 K, P=4e+06 Pa, x=0.8570"
480.0,4000.0,2800.0,0.85,0.85,0.75,0.8,0.8,0.8,360.59559259133135,438.1237063362424,PARCIAL,,,,,,,,,,,,,False,NO_CONVERGIO,,"h(P, T, x): el motor teqp no cubre el estado pedido (ver TASK_CONTEXT 2026-09-18-validar-teqp-nh3h2o). Detalle: equilibrio no resoluble en T=480.00 K, P=4e+06 Pa, x=0.8570"
480.0,4500.0,1440.0,0.85,0.85,0.75,0.8,0.8,0.8,366.58781362269167,442.5552243518963,PARCIAL,,,,,,,,,,,,,False,NO_CONVERGIO,,"h(P, T, x): el motor teqp no cubre el estado pedido (ver TASK_CONTEXT 2026-09-18-validar-teqp-nh3h2o). Detalle: equilibrio no resoluble en T=480.00 K, P=4.5e+06 Pa, x=0.8570"
480.0,4500.0,2250.0,0.85,0.85,0.75,0.8,0.8,0.8,366.58781362269167,442.5552243518963,PARCIAL,,,,,,,,,,,,,False,NO_CONVERGIO,,"h(P, T, x): el motor teqp no cubre el estado pedido (ver TASK_CONTEXT 2026-09-18-validar-teqp-nh3h2o). Detalle: equilibrio no resoluble en T=480.00 K, P=4.5e+06 Pa, x=0.8570"
480.0,4500.0,3150.0,0.85,0.85,0.75,0.8,0.8,0.8,366.58781362269167,442.5552243518963,PARCIAL,,,,,,,,,,,,,False,NO_CONVERGIO,,"h(P, T, x): el motor teqp no cubre el estado pedido (ver TASK_CONTEXT 2026-09-18-validar-teqp-nh3h2o). Detalle: equilibrio no resoluble en T=480.00 K, P=4.5e+06 Pa, x=0.8570"
480.0,4500.0,1440.0,0.75,0.85,0.75,0.8,0.8,0.8,374.42618824616216,460.90047392253706,PARCIAL,0.8611750378598804,0.9312087625268578,448.9114153296832,322.10377608185905,325.6372488512475,0.0312087625268577,-3.5334727693884247,31.088584670316838,0.1378249621401196,O2,-3.5334727693884247,True,True,CORREGIBLE,0.0969407608857358,"[CORREGIBLE] O2: succión de la bomba bifásica bajo el peor caso de T_amb (riesgo de cavitación) (medido=325.6372488512475, esperado=<= 322.104 K). Causa probable: subenfriamiento insuficiente a la salida del condensador bajo el peor caso ambiental. Sugerencia: aumentar eps_cond o el margen de subenf"
480.0,4500.0,3150.0,0.8,0.85,0.75,0.8,0.8,0.8,370.2384882926314,452.54363984909634,PARCIAL,,,,,,,,,,,,,False,NO_CONVERGIO,,"T_from_Ph(P, h, x): el motor teqp no cubre el estado pedido (ver TASK_CONTEXT 2026-09-18-validar-teqp-nh3h2o). Detalle: h=52638.2 fuera de dominio a P=3.15e+06 Pa, x=0.8088"
480.0,4500.0,2250.0,0.8,0.85,0.75,0.8,0.8,0.8,370.2384882926314,452.54363984909634,PARCIAL,,,,,,,,,,,,,False,NO_CONVERGIO,,"T_from_Ph(P, h, x): el motor teqp no cubre el estado pedido (ver TASK_CONTEXT 2026-09-18-validar-teqp-nh3h2o). Detalle: h=51324.8 fuera de dominio a P=2.25e+06 Pa, x=0.8088"
500.0,2800.0,895.0,0.7,0.85,0.75,0.8,0.8,0.8,354.6647884153868,448.1303898383306,PARCIAL,,,,,,,,,,,,,False,NO_CONVERGIO,,"T_from_Ph(P, h, x): el motor teqp no cubre el estado pedido (ver TASK_CONTEXT 2026-09-18-validar-teqp-nh3h2o). Detalle: h=522915 fuera de dominio a P=8.95e+05 Pa, x=0.7117"
500.0,2800.0,1400.0,0.7,0.85,0.75,0.8,0.8,0.8,354.6647884153868,448.1303898383306,PARCIAL,,,,,,,,,,,,,False,NO_CONVERGIO,,"T_from_Ph(P, h, x): el motor teqp no cubre el estado pedido (ver TASK_CONTEXT 2026-09-18-validar-teqp-nh3h2o). Detalle: h=539815 fuera de dominio a P=1.4e+06 Pa, x=0.7117"
500.0,2800.0,1960.0,0.7,0.85,0.75,0.8,0.8,0.8,354.6647884153868,448.1303898383306,PARCIAL,,,,,,,,,,,,,False,NO_CONVERGIO,,"T_from_Ph(P, h, x): el motor teqp no cubre el estado pedido (ver TASK_CONTEXT 2026-09-18-validar-teqp-nh3h2o). Detalle: h=553036 fuera de dominio a P=1.96e+06 Pa, x=0.7117"
500.0,3200.0,1025.0,0.7,0.85,0.75,0.8,0.8,0.8,361.20798629900673,453.64135365794095,PARCIAL,,,,,,,,,,,,,False,NO_CONVERGIO,,"T_from_Ph(P, h, x): el motor teqp no cubre el estado pedido (ver TASK_CONTEXT 2026-09-18-validar-teqp-nh3h2o). Detalle: h=173846 fuera de dominio a P=1.025e+06 Pa, x=0.7117"
500.0,3200.0,1600.0,0.7,0.85,0.75,0.8,0.8,0.8,361.20798629900673,453.64135365794095,PARCIAL,,,,,,,,,,,,,False,NO_CONVERGIO,,"T_from_Ph(P, h, x): el motor teqp no cubre el estado pedido (ver TASK_CONTEXT 2026-09-18-validar-teqp-nh3h2o). Detalle: h=179529 fuera de dominio a P=1.6e+06 Pa, x=0.7117"
500.0,3200.0,2240.0,0.7,0.85,0.75,0.8,0.8,0.8,361.20798629900673,453.64135365794095,PARCIAL,,,,,,,,,,,,,False,NO_CONVERGIO,,"T_from_Ph(P, h, x): el motor teqp no cubre el estado pedido (ver TASK_CONTEXT 2026-09-18-validar-teqp-nh3h2o). Detalle: h=183990 fuera de dominio a P=2.24e+06 Pa, x=0.7117"
500.0,3600.0,1150.0,0.7,0.85,0.75,0.8,0.8,0.8,367.2254131627747,458.5906186014388,PARCIAL,,,,,,,,,,,,,False,NO_CONVERGIO,,"T_from_Ph(P, h, x): el motor teqp no cubre el estado pedido (ver TASK_CONTEXT 2026-09-18-validar-teqp-nh3h2o). Detalle: h=112373 fuera de dominio a P=1.15e+06 Pa, x=0.7117"
500.0,3600.0,1800.0,0.7,0.85,0.75,0.8,0.8,0.8,367.2254131627747,458.5906186014388,PARCIAL,,,,,,,,,,,,,False,NO_CONVERGIO,,"T_from_Ph(P, h, x): el motor teqp no cubre el estado pedido (ver TASK_CONTEXT 2026-09-18-validar-teqp-nh3h2o). Detalle: h=116140 fuera de dominio a P=1.8e+06 Pa, x=0.7117"
500.0,3600.0,2520.0,0.7,0.85,0.75,0.8,0.8,0.8,367.2254131627747,458.5906186014388,PARCIAL,,,,,,,,,,,,,False,NO_CONVERGIO,,"T_from_Ph(P, h, x): el motor teqp no cubre el estado pedido (ver TASK_CONTEXT 2026-09-18-validar-teqp-nh3h2o). Detalle: h=119005 fuera de dominio a P=2.52e+06 Pa, x=0.7117"
500.0,4000.0,1280.0,0.7,0.85,0.75,0.8,0.8,0.8,372.817451678411,463.084453687918,PARCIAL,,,,,,,,,,,,,False,NO_CONVERGIO,,"T_from_Ph(P, h, x): el motor teqp no cubre el estado pedido (ver TASK_CONTEXT 2026-09-18-validar-teqp-nh3h2o). Detalle: h=86999.8 fuera de dominio a P=1.28e+06 Pa, x=0.7117"
500.0,4000.0,2000.0,0.7,0.85,0.75,0.8,0.8,0.8,372.817451678411,463.084453687918,PARCIAL,,,,,,,,,,,,,False,NO_CONVERGIO,,"T_from_Ph(P, h, x): el motor teqp no cubre el estado pedido (ver TASK_CONTEXT 2026-09-18-validar-teqp-nh3h2o). Detalle: h=89891.6 fuera de dominio a P=2e+06 Pa, x=0.7117"
500.0,4000.0,2800.0,0.7,0.85,0.75,0.8,0.8,0.8,372.817451678411,463.084453687918,PARCIAL,,,,,,,,,,,,,False,NO_CONVERGIO,,"T_from_Ph(P, h, x): el motor teqp no cubre el estado pedido (ver TASK_CONTEXT 2026-09-18-validar-teqp-nh3h2o). Detalle: h=92102.1 fuera de dominio a P=2.8e+06 Pa, x=0.7117"
500.0,4500.0,1440.0,0.7,0.85,0.75,0.8,0.8,0.8,379.3194291407349,468.1771159152317,PARCIAL,,,,,,,,,,,,,False,NO_CONVERGIO,,"T_from_Ph(P, h, x): el motor teqp no cubre el estado pedido (ver TASK_CONTEXT 2026-09-18-validar-teqp-nh3h2o). Detalle: h=70241.4 fuera de dominio a P=1.44e+06 Pa, x=0.7117"
500.0,4500.0,2250.0,0.7,0.85,0.75,0.8,0.8,0.8,379.3194291407349,468.1771159152317,PARCIAL,,,,,,,,,,,,,False,NO_CONVERGIO,,"T_from_Ph(P, h, x): el motor teqp no cubre el estado pedido (ver TASK_CONTEXT 2026-09-18-validar-teqp-nh3h2o). Detalle: h=72566.3 fuera de dominio a P=2.25e+06 Pa, x=0.7117"
500.0,2800.0,895.0,0.75,0.85,0.75,0.8,0.8,0.8,350.3741977982431,441.58606773383633,PARCIAL,,,,,,,,,,,,,False,NO_CONVERGIO,,"T_from_Ph(P, h, x): el motor teqp no cubre el estado pedido (ver TASK_CONTEXT 2026-09-18-validar-teqp-nh3h2o). Detalle: h=562401 fuera de dominio a P=8.95e+05 Pa, x=0.7604"
500.0,2800.0,1400.0,0.75,0.85,0.75,0.8,0.8,0.8,350.3741977982431,441.58606773383633,PARCIAL,,,,,,,,,,,,,False,NO_CONVERGIO,,"T_from_Ph(P, h, x): el motor teqp no cubre el estado pedido (ver TASK_CONTEXT 2026-09-18-validar-teqp-nh3h2o). Detalle: h=580468 fuera de dominio a P=1.4e+06 Pa, x=0.7604"
500.0,4500.0,3150.0,0.7,0.85,0.75,0.8,0.8,0.8,379.3194291407349,468.1771159152317,PARCIAL,,,,,,,,,,,,,False,NO_CONVERGIO,,"T_from_Ph(P, h, x): el motor teqp no cubre el estado pedido (ver TASK_CONTEXT 2026-09-18-validar-teqp-nh3h2o). Detalle: h=74345.5 fuera de dominio a P=3.15e+06 Pa, x=0.7117"
500.0,3200.0,1025.0,0.75,0.85,0.75,0.8,0.8,0.8,356.7702276350995,446.90617115218015,PARCIAL,,,,,,,,,,,,,False,NO_CONVERGIO,,"T_from_Ph(P, h, x): el motor teqp no cubre el estado pedido (ver TASK_CONTEXT 2026-09-18-validar-teqp-nh3h2o). Detalle: equilibrio no resoluble en T=507.76 K, P=3.2e+06 Pa, x=0.7604"
500.0,2800.0,1960.0,0.75,0.85,0.75,0.8,0.8,0.8,350.3741977982431,441.58606773383633,PARCIAL,,,,,,,,,,,,,False,NO_CONVERGIO,,"T_from_Ph(P, h, x): el motor teqp no cubre el estado pedido (ver TASK_CONTEXT 2026-09-18-validar-teqp-nh3h2o). Detalle: h=594616 fuera de dominio a P=1.96e+06 Pa, x=0.7604"
500.0,3200.0,1600.0,0.75,0.85,0.75,0.8,0.8,0.8,356.7702276350995,446.90617115218015,PARCIAL,,,,,,,,,,,,,False,NO_CONVERGIO,,"T_from_Ph(P, h, x): el motor teqp no cubre el estado pedido (ver TASK_CONTEXT 2026-09-18-validar-teqp-nh3h2o). Detalle: equilibrio no resoluble en T=507.76 K, P=3.2e+06 Pa, x=0.7604"
500.0,3200.0,2240.0,0.75,0.85,0.75,0.8,0.8,0.8,356.7702276350995,446.90617115218015,PARCIAL,,,,,,,,,,,,,False,NO_CONVERGIO,,"T_from_Ph(P, h, x): el motor teqp no cubre el estado pedido (ver TASK_CONTEXT 2026-09-18-validar-teqp-nh3h2o). Detalle: equilibrio no resoluble en T=507.76 K, P=3.2e+06 Pa, x=0.7604"
500.0,3600.0,1150.0,0.75,0.85,0.75,0.8,0.8,0.8,362.64443365008384,451.6777869460888,PARCIAL,,,,,,,,,,,,,False,NO_CONVERGIO,,"T_from_Ph(P, h, x): el motor teqp no cubre el estado pedido (ver TASK_CONTEXT 2026-09-18-validar-teqp-nh3h2o). Detalle: equilibrio no resoluble en T=507.15 K, P=3.6e+06 Pa, x=0.7604"
500.0,3600.0,2520.0,0.75,0.85,0.75,0.8,0.8,0.8,362.64443365008384,451.6777869460888,PARCIAL,,,,,,,,,,,,,False,NO_CONVERGIO,,"T_from_Ph(P, h, x): el motor teqp no cubre el estado pedido (ver TASK_CONTEXT 2026-09-18-validar-teqp-nh3h2o). Detalle: equilibrio no resoluble en T=507.15 K, P=3.6e+06 Pa, x=0.7604"
500.0,3600.0,1800.0,0.75,0.85,0.75,0.8,0.8,0.8,362.64443365008384,451.6777869460888,PARCIAL,,,,,,,,,,,,,False,NO_CONVERGIO,,"T_from_Ph(P, h, x): el motor teqp no cubre el estado pedido (ver TASK_CONTEXT 2026-09-18-validar-teqp-nh3h2o). Detalle: equilibrio no resoluble en T=507.15 K, P=3.6e+06 Pa, x=0.7604"
500.0,4000.0,1280.0,0.75,0.85,0.75,0.8,0.8,0.8,368.0962542003624,456.00457985041066,PARCIAL,,,,,,,,,,,,,False,NO_CONVERGIO,,"T_from_Ph(P, h, x): el motor teqp no cubre el estado pedido (ver TASK_CONTEXT 2026-09-18-validar-teqp-nh3h2o). Detalle: equilibrio no resoluble en T=506.53 K, P=4e+06 Pa, x=0.7604"
500.0,4000.0,2000.0,0.75,0.85,0.75,0.8,0.8,0.8,368.0962542003624,456.00457985041066,PARCIAL,,,,,,,,,,,,,False,NO_CONVERGIO,,"T_from_Ph(P, h, x): el motor teqp no cubre el estado pedido (ver TASK_CONTEXT 2026-09-18-validar-teqp-nh3h2o). Detalle: equilibrio no resoluble en T=506.53 K, P=4e+06 Pa, x=0.7604"
500.0,4000.0,2800.0,0.75,0.85,0.75,0.8,0.8,0.8,368.0962542003624,456.00457985041066,PARCIAL,,,,,,,,,,,,,False,NO_CONVERGIO,,"T_from_Ph(P, h, x): el motor teqp no cubre el estado pedido (ver TASK_CONTEXT 2026-09-18-validar-teqp-nh3h2o). Detalle: equilibrio no resoluble en T=506.53 K, P=4e+06 Pa, x=0.7604"
500.0,4500.0,1440.0,0.75,0.85,0.75,0.8,0.8,0.8,374.42618824616216,460.90047392253706,PARCIAL,,,,,,,,,,,,,False,NO_CONVERGIO,,"T_from_Ph(P, h, x): el motor teqp no cubre el estado pedido (ver TASK_CONTEXT 2026-09-18-validar-teqp-nh3h2o). Detalle: equilibrio no resoluble en T=505.72 K, P=4.5e+06 Pa, x=0.7604"
500.0,4500.0,2250.0,0.75,0.85,0.75,0.8,0.8,0.8,374.42618824616216,460.90047392253706,PARCIAL,,,,,,,,,,,,,False,NO_CONVERGIO,,"T_from_Ph(P, h, x): el motor teqp no cubre el estado pedido (ver TASK_CONTEXT 2026-09-18-validar-teqp-nh3h2o). Detalle: equilibrio no resoluble en T=505.72 K, P=4.5e+06 Pa, x=0.7604"
500.0,2800.0,1960.0,0.8,0.85,0.75,0.8,0.8,0.8,346.7832686112316,434.039563029884,PARCIAL,,,,,,,,,,,,,False,NO_CONVERGIO,,"h(P, s, x): el motor teqp no cubre el estado pedido (ver TASK_CONTEXT 2026-09-18-validar-teqp-nh3h2o). Detalle: equilibrio no resoluble en T=476.86 K, P=1.96e+06 Pa, x=0.8642"
500.0,2800.0,895.0,0.8,0.85,0.75,0.8,0.8,0.8,346.7832686112316,434.039563029884,PARCIAL,,,,,,,,,,,,,False,NO_CONVERGIO,,"T_from_Ph(P, h, x): el motor teqp no cubre el estado pedido (ver TASK_CONTEXT 2026-09-18-validar-teqp-nh3h2o). Detalle: h=601691 fuera de dominio a P=8.95e+05 Pa, x=0.8088"
500.0,4500.0,3150.0,0.75,0.85,0.75,0.8,0.8,0.8,374.42618824616216,460.90047392253706,PARCIAL,,,,,,,,,,,,,False,NO_CONVERGIO,,"T_from_Ph(P, h, x): el motor teqp no cubre el estado pedido (ver TASK_CONTEXT 2026-09-18-validar-teqp-nh3h2o). Detalle: equilibrio no resoluble en T=505.72 K, P=4.5e+06 Pa, x=0.7604"
500.0,2800.0,1400.0,0.8,0.85,0.75,0.8,0.8,0.8,346.7832686112316,434.039563029884,PARCIAL,,,,,,,,,,,,,False,NO_CONVERGIO,,"T_from_Ph(P, h, x): el motor teqp no cubre el estado pedido (ver TASK_CONTEXT 2026-09-18-validar-teqp-nh3h2o). Detalle: h=620906 fuera de dominio a P=1.4e+06 Pa, x=0.8088"
500.0,3200.0,1025.0,0.8,0.85,0.75,0.8,0.8,0.8,353.0344579348834,439.14784741926906,PARCIAL,,,,,,,,,,,,,False,NO_CONVERGIO,,"T_from_Ph(P, h, x): el motor teqp no cubre el estado pedido (ver TASK_CONTEXT 2026-09-18-validar-teqp-nh3h2o). Detalle: h=199768 fuera de dominio a P=1.025e+06 Pa, x=0.8088"
500.0,3200.0,1600.0,0.8,0.85,0.75,0.8,0.8,0.8,353.0344579348834,439.14784741926906,PARCIAL,,,,,,,,,,,,,False,NO_CONVERGIO,,"T_from_Ph(P, h, x): el motor teqp no cubre el estado pedido (ver TASK_CONTEXT 2026-09-18-validar-teqp-nh3h2o). Detalle: h=206264 fuera de dominio a P=1.6e+06 Pa, x=0.8088"
500.0,3200.0,2240.0,0.8,0.85,0.75,0.8,0.8,0.8,353.0344579348834,439.14784741926906,PARCIAL,,,,,,,,,,,,,False,NO_CONVERGIO,,"T_from_Ph(P, h, x): el motor teqp no cubre el estado pedido (ver TASK_CONTEXT 2026-09-18-validar-teqp-nh3h2o). Detalle: h=211373 fuera de dominio a P=2.24e+06 Pa, x=0.8088"
500.0,3600.0,1150.0,0.8,0.85,0.75,0.8,0.8,0.8,358.76708273068,443.7226986067959,PARCIAL,,,,,,,,,,,,,False,NO_CONVERGIO,,"T_from_Ph(P, h, x): el motor teqp no cubre el estado pedido (ver TASK_CONTEXT 2026-09-18-validar-teqp-nh3h2o). Detalle: h=128927 fuera de dominio a P=1.15e+06 Pa, x=0.8088"
500.0,3600.0,1800.0,0.8,0.85,0.75,0.8,0.8,0.8,358.76708273068,443.7226986067959,PARCIAL,,,,,,,,,,,,,False,NO_CONVERGIO,,"T_from_Ph(P, h, x): el motor teqp no cubre el estado pedido (ver TASK_CONTEXT 2026-09-18-validar-teqp-nh3h2o). Detalle: h=133219 fuera de dominio a P=1.8e+06 Pa, x=0.8088"
500.0,3600.0,2520.0,0.8,0.85,0.75,0.8,0.8,0.8,358.76708273068,443.7226986067959,PARCIAL,,,,,,,,,,,,,False,NO_CONVERGIO,,"T_from_Ph(P, h, x): el motor teqp no cubre el estado pedido (ver TASK_CONTEXT 2026-09-18-validar-teqp-nh3h2o). Detalle: h=136571 fuera de dominio a P=2.52e+06 Pa, x=0.8088"
500.0,4000.0,1280.0,0.8,0.85,0.75,0.8,0.8,0.8,364.07978778800566,447.86482690007824,PARCIAL,,,,,,,,,,,,,False,NO_CONVERGIO,,"T_from_Ph(P, h, x): el motor teqp no cubre el estado pedido (ver TASK_CONTEXT 2026-09-18-validar-teqp-nh3h2o). Detalle: h=99630.4 fuera de dominio a P=1.28e+06 Pa, x=0.8088"
500.0,4000.0,2000.0,0.8,0.85,0.75,0.8,0.8,0.8,364.07978778800566,447.86482690007824,PARCIAL,,,,,,,,,,,,,False,NO_CONVERGIO,,"T_from_Ph(P, h, x): el motor teqp no cubre el estado pedido (ver TASK_CONTEXT 2026-09-18-validar-teqp-nh3h2o). Detalle: h=102999 fuera de dominio a P=2e+06 Pa, x=0.8088"
500.0,4000.0,2800.0,0.8,0.85,0.75,0.8,0.8,0.8,364.07978778800566,447.86482690007824,PARCIAL,,,,,,,,,,,,,False,NO_CONVERGIO,,"T_from_Ph(P, h, x): el motor teqp no cubre el estado pedido (ver TASK_CONTEXT 2026-09-18-validar-teqp-nh3h2o). Detalle: h=105570 fuera de dominio a P=2.8e+06 Pa, x=0.8088"
500.0,4500.0,1440.0,0.8,0.85,0.75,0.8,0.8,0.8,370.2384882926314,452.54363984909634,PARCIAL,,,,,,,,,,,,,False,NO_CONVERGIO,,"T_from_Ph(P, h, x): el motor teqp no cubre el estado pedido (ver TASK_CONTEXT 2026-09-18-validar-teqp-nh3h2o). Detalle: h=80660.2 fuera de dominio a P=1.44e+06 Pa, x=0.8088"
500.0,4500.0,2250.0,0.8,0.85,0.75,0.8,0.8,0.8,370.2384882926314,452.54363984909634,PARCIAL,,,,,,,,,,,,,False,NO_CONVERGIO,,"T_from_Ph(P, h, x): el motor teqp no cubre el estado pedido (ver TASK_CONTEXT 2026-09-18-validar-teqp-nh3h2o). Detalle: h=83382.6 fuera de dominio a P=2.25e+06 Pa, x=0.8088"
500.0,2800.0,895.0,0.85,0.85,0.75,0.8,0.8,0.8,343.7141213217532,424.97760265795154,PARCIAL,,,,,,,,,,,,,False,NO_CONVERGIO,,"T_from_Ph(P, h, x): el motor teqp no cubre el estado pedido (ver TASK_CONTEXT 2026-09-18-validar-teqp-nh3h2o). Detalle: h=640379 fuera de dominio a P=8.95e+05 Pa, x=0.8570"
500.0,4500.0,3150.0,0.8,0.85,0.75,0.8,0.8,0.8,370.2384882926314,452.54363984909634,PARCIAL,,,,,,,,,,,,,False,NO_CONVERGIO,,"T_from_Ph(P, h, x): el motor teqp no cubre el estado pedido (ver TASK_CONTEXT 2026-09-18-validar-teqp-nh3h2o). Detalle: h=85460.2 fuera de dominio a P=3.15e+06 Pa, x=0.8088"
500.0,2800.0,1400.0,0.85,0.85,0.75,0.8,0.8,0.8,343.7141213217532,424.97760265795154,PARCIAL,,,,,,,,,,,,,False,NO_CONVERGIO,,"T_from_Ph(P, h, x): el motor teqp no cubre el estado pedido (ver TASK_CONTEXT 2026-09-18-validar-teqp-nh3h2o). Detalle: h=661100 fuera de dominio a P=1.4e+06 Pa, x=0.8570"
500.0,3200.0,1025.0,0.85,0.85,0.75,0.8,0.8,0.8,349.82385502689,429.84284081630335,PARCIAL,,,,,,,,,,,,,False,NO_CONVERGIO,,"T_from_Ph(P, h, x): el motor teqp no cubre el estado pedido (ver TASK_CONTEXT 2026-09-18-validar-teqp-nh3h2o). Detalle: h=212672 fuera de dominio a P=1.025e+06 Pa, x=0.8570"
500.0,3200.0,1600.0,0.85,0.85,0.75,0.8,0.8,0.8,349.82385502689,429.84284081630335,PARCIAL,,,,,,,,,,,,,False,NO_CONVERGIO,,"T_from_Ph(P, h, x): el motor teqp no cubre el estado pedido (ver TASK_CONTEXT 2026-09-18-validar-teqp-nh3h2o). Detalle: h=219568 fuera de dominio a P=1.6e+06 Pa, x=0.8570"
500.0,2800.0,1960.0,0.85,0.85,0.75,0.8,0.8,0.8,343.7141213217532,424.97760265795154,PARCIAL,,,,,,,,,,,,,False,NO_CONVERGIO,,"T_from_Ph(P, h, x): el motor teqp no cubre el estado pedido (ver TASK_CONTEXT 2026-09-18-validar-teqp-nh3h2o). Detalle: h=677069 fuera de dominio a P=1.96e+06 Pa, x=0.8570"
500.0,3600.0,2520.0,0.85,0.85,0.75,0.8,0.8,0.8,355.4183811277106,434.1924660878364,PARCIAL,,,,,,,,,,,,,False,NO_CONVERGIO,,"h(P, s, x): el motor teqp no cubre el estado pedido (ver TASK_CONTEXT 2026-09-18-validar-teqp-nh3h2o). Detalle: equilibrio no resoluble en T=463.61 K, P=2.52e+06 Pa, x=0.9030"
500.0,3200.0,2240.0,0.85,0.85,0.75,0.8,0.8,0.8,349.82385502689,429.84284081630335,PARCIAL,,,,,,,,,,,,,False,NO_CONVERGIO,,"T_from_Ph(P, h, x): el motor teqp no cubre el estado pedido (ver TASK_CONTEXT 2026-09-18-validar-teqp-nh3h2o). Detalle: h=224996 fuera de dominio a P=2.24e+06 Pa, x=0.8570"
500.0,3600.0,1150.0,0.85,0.85,0.75,0.8,0.8,0.8,355.4183811277106,434.1924660878364,PARCIAL,,,,,,,,,,,,,False,NO_CONVERGIO,,"T_from_Ph(P, h, x): el motor teqp no cubre el estado pedido (ver TASK_CONTEXT 2026-09-18-validar-teqp-nh3h2o). Detalle: h=137265 fuera de dominio a P=1.15e+06 Pa, x=0.8570"
500.0,3600.0,1800.0,0.85,0.85,0.75,0.8,0.8,0.8,355.4183811277106,434.1924660878364,PARCIAL,,,,,,,,,,,,,False,NO_CONVERGIO,,"T_from_Ph(P, h, x): el motor teqp no cubre el estado pedido (ver TASK_CONTEXT 2026-09-18-validar-teqp-nh3h2o). Detalle: h=141833 fuera de dominio a P=1.8e+06 Pa, x=0.8570"
500.0,4000.0,1280.0,0.85,0.85,0.75,0.8,0.8,0.8,360.59559259133135,438.1237063362424,PARCIAL,,,,,,,,,,,,,False,NO_CONVERGIO,,"T_from_Ph(P, h, x): el motor teqp no cubre el estado pedido (ver TASK_CONTEXT 2026-09-18-validar-teqp-nh3h2o). Detalle: h=105991 fuera de dominio a P=1.28e+06 Pa, x=0.8570"
500.0,4000.0,2000.0,0.85,0.85,0.75,0.8,0.8,0.8,360.59559259133135,438.1237063362424,PARCIAL,,,,,,,,,,,,,False,NO_CONVERGIO,,"T_from_Ph(P, h, x): el motor teqp no cubre el estado pedido (ver TASK_CONTEXT 2026-09-18-validar-teqp-nh3h2o). Detalle: h=109591 fuera de dominio a P=2e+06 Pa, x=0.8570"
500.0,4500.0,1440.0,0.85,0.85,0.75,0.8,0.8,0.8,366.58781362269167,442.5552243518963,PARCIAL,,,,,,,,,,,,,False,NO_CONVERGIO,,"T_from_Ph(P, h, x): el motor teqp no cubre el estado pedido (ver TASK_CONTEXT 2026-09-18-validar-teqp-nh3h2o). Detalle: h=85902 fuera de dominio a P=1.44e+06 Pa, x=0.8570"
500.0,4000.0,2800.0,0.85,0.85,0.75,0.8,0.8,0.8,360.59559259133135,438.1237063362424,PARCIAL,,,,,,,,,,,,,False,NO_CONVERGIO,,"T_from_Ph(P, h, x): el motor teqp no cubre el estado pedido (ver TASK_CONTEXT 2026-09-18-validar-teqp-nh3h2o). Detalle: h=112337 fuera de dominio a P=2.8e+06 Pa, x=0.8570"
500.0,4500.0,2250.0,0.85,0.85,0.75,0.8,0.8,0.8,366.58781362269167,442.5552243518963,PARCIAL,,,,,,,,,,,,,False,NO_CONVERGIO,,"T_from_Ph(P, h, x): el motor teqp no cubre el estado pedido (ver TASK_CONTEXT 2026-09-18-validar-teqp-nh3h2o). Detalle: h=88773.8 fuera de dominio a P=2.25e+06 Pa, x=0.8570"
500.0,4500.0,3150.0,0.85,0.85,0.75,0.8,0.8,0.8,366.58781362269167,442.5552243518963,PARCIAL,,,,,,,,,,,,,False,NO_CONVERGIO,,"T_from_Ph(P, h, x): el motor teqp no cubre el estado pedido (ver TASK_CONTEXT 2026-09-18-validar-teqp-nh3h2o). Detalle: h=91043.7 fuera de dominio a P=3.15e+06 Pa, x=0.8570"
380.0,3600.0,1025.0,0.7,0.85,0.75,0.8,0.8,0.8,,,,0.2110560303002985,0.9552514162986848,376.057969548177,313.11082082230485,313.54914304261075,0.0552514162986849,-0.4383222203059063,3.9420304518229727,0.2100560303002985,O2,-0.4383222203059063,False,True,CORREGIBLE,0.0828338735334329,"[CORREGIBLE] O2: succión de la bomba bifásica bajo el peor caso de T_amb (riesgo de cavitación) (medido=313.54914304261075, esperado=<= 313.111 K). Causa probable: subenfriamiento insuficiente a la salida del condensador bajo el peor caso ambiental. Sugerencia: aumentar eps_cond o el margen de suben"
380.0,3600.0,1169.0,0.7,0.85,0.75,0.8,0.8,0.8,,,,0.2111914153535698,0.9718199017443026,376.065949811988,317.892368337772,317.95208105384955,0.0718199017443025,-0.0597127160775698,3.9340501880120087,0.2101914153535698,O2,-0.0597127160775698,False,True,CORREGIBLE,0.0486027946689871,"[CORREGIBLE] O2: succión de la bomba bifásica bajo el peor caso de T_amb (riesgo de cavitación) (medido=317.95208105384955, esperado=<= 317.892 K). Causa probable: subenfriamiento insuficiente a la salida del condensador bajo el peor caso ambiental. Sugerencia: aumentar eps_cond o el margen de suben"
380.0,3200.0,1230.0,0.7,0.85,0.75,0.8,0.8,0.8,,,,0.2769753769245137,0.9662193552734656,374.2521685646738,319.7888825076527,319.98347657048885,0.0662193552734655,-0.1945940628361313,5.747831435326191,0.2759753769245137,O2,-0.1945940628361313,False,True,CORREGIBLE,0.0723927482769298,"[CORREGIBLE] O2: succión de la bomba bifásica bajo el peor caso de T_amb (riesgo de cavitación) (medido=319.98347657048885, esperado=<= 319.789 K). Causa probable: subenfriamiento insuficiente a la salida del condensador bajo el peor caso ambiental. Sugerencia: aumentar eps_cond o el margen de suben"
380.0,3200.0,1358.0,0.7,0.85,0.75,0.8,0.8,0.8,,,,0.2770079793148162,0.9687428018613188,374.2546104130536,323.5573086406862,322.04000043913703,0.0687428018613188,1.517308201549156,5.74538958694643,0.2760079793148162,O1,0.0687428018613188,False,True,KALINA,0.0650814082153105,"KALINA: régimen Kalina genuino y admisible, sin fallas."
380.0,4000.0,1140.0,0.7,0.85,0.75,0.8,0.8,0.8,,,,0.1322442714165827,0.9503513275176908,377.69472260767526,316.96544300250827,313.92910774404453,0.0503513275176908,3.036335258463737,2.30527739232474,0.1312442714165827,O1,0.0503513275176908,False,True,KALINA,0.0615214814340392,"KALINA: régimen Kalina genuino y admisible, sin fallas."
380.0,4000.0,1300.0,0.7,0.85,0.75,0.8,0.8,0.8,,,,0.1322545454913588,0.9550192431911524,377.6951874578771,321.88302225589183,314.0093857047164,0.0550192431911523,7.873636551175423,2.3048125421228747,0.1312545454913588,O1,0.0550192431911523,False,True,KALINA,0.0546249622748048,"KALINA: régimen Kalina genuino y admisible, sin fallas."
380.0,3600.0,1385.0,0.75,0.85,0.75,0.8,0.8,0.8,,,,0.3200148486781405,0.9640651171420356,374.1983900576386,320.6098653763916,320.7998752916971,0.0640651171420354,-0.1900099153054952,5.801609942361381,0.3190148486781405,O2,-0.1900099153054952,False,True,CORREGIBLE,0.0745109530190096,"[CORREGIBLE] O2: succión de la bomba bifásica bajo el peor caso de T_amb (riesgo de cavitación) (medido=320.7998752916971, esperado=<= 320.610 K). Causa probable: subenfriamiento insuficiente a la salida del condensador bajo el peor caso ambiental. Sugerencia: aumentar eps_cond o el margen de subenf"
380.0,3600.0,1529.0,0.75,0.85,0.75,0.8,0.8,0.8,,,,0.3200562638590455,0.967030604530059,374.2009500101537,324.43616481219175,323.5631799319042,0.0670306045300589,0.8729848802875608,5.79904998984631,0.3190562638590455,O1,0.0670306045300589,False,True,KALINA,0.0669629593573873,"KALINA: régimen Kalina genuino y admisible, sin fallas."
380.0,4000.0,1140.0,0.75,0.85,0.75,0.8,0.8,0.8,,,,0.2506234775452065,0.9488919231216404,376.07475146668975,313.37577369033926,313.77555600611294,0.0488919231216402,-0.3997823157736775,3.9252485333102527,0.2496234775452064,O2,-0.3997823157736775,True,True,CORREGIBLE,0.086379524506864,"[CORREGIBLE] O2: succión de la bomba bifásica bajo el peor caso de T_amb (riesgo de cavitación) (medido=313.77555600611294, esperado=<= 313.376 K). Causa probable: subenfriamiento insuficiente a la salida del condensador bajo el peor caso ambiental. Sugerencia: aumentar eps_cond o el margen de suben"
380.0,4000.0,1300.0,0.75,0.85,0.75,0.8,0.8,0.8,,,,0.2506522496716135,0.954004365787515,376.07611604981525,318.21413991795293,318.3102113505587,0.0540043657875149,-0.0960714326057541,3.923883950184745,0.2496522496716135,O2,-0.0960714326057541,False,True,CORREGIBLE,0.0776803505022593,"[CORREGIBLE] O2: succión de la bomba bifásica bajo el peor caso de T_amb (riesgo de cavitación) (medido=318.3102113505587, esperado=<= 318.214 K). Causa probable: subenfriamiento insuficiente a la salida del condensador bajo el peor caso ambiental. Sugerencia: aumentar eps_cond o el margen de subenf"
380.0,4000.0,1540.0,0.8,0.85,0.75,0.8,0.8,0.8,,,,0.3719020038061369,0.9591785779276428,374.1722336395362,321.6221401844145,321.7966808474782,0.0591785779276426,-0.1745406630637376,5.827766360463784,0.3709020038061369,O2,-0.1745406630637376,False,True,CORREGIBLE,0.0765602074387088,"[CORREGIBLE] O2: succión de la bomba bifásica bajo el peor caso de T_amb (riesgo de cavitación) (medido=321.7966808474782, esperado=<= 321.622 K). Causa probable: subenfriamiento insuficiente a la salida del condensador bajo el peor caso ambiental. Sugerencia: aumentar eps_cond o el margen de subenf"
380.0,4500.0,819.0,0.75,0.85,0.75,0.8,0.8,0.8,,,,0.1382246451679865,0.9191287768862788,378.1272452315011,301.91237749067614,303.98638844906736,0.0191287768862786,-2.074010958391227,1.872754768498908,0.1372246451679865,O2,-2.074010958391227,True,True,CORREGIBLE,0.0786721124975053,"[CORREGIBLE] O2: succión de la bomba bifásica bajo el peor caso de T_amb (riesgo de cavitación) (medido=303.98638844906736, esperado=<= 301.912 K). Causa probable: subenfriamiento insuficiente a la salida del condensador bajo el peor caso ambiental. Sugerencia: aumentar eps_cond o el margen de suben"
380.0,4000.0,1700.0,0.8,0.85,0.75,0.8,0.8,0.8,,,,0.3719548275003856,0.9630414458810546,374.1748724537003,325.4930160641757,325.4070743875456,0.0630414458810545,0.0859416766301137,5.825127546299711,0.3709548275003856,O1,0.0630414458810545,False,True,KALINA,0.068783685234201,"KALINA: régimen Kalina genuino y admisible, sin fallas."
380.0,4500.0,1282.0,0.8,0.85,0.75,0.8,0.8,0.8,,,,0.2764635187279481,0.9369548419166558,376.5883808338447,314.7121568394383,314.96510448372027,0.0369548419166557,-0.25294764428196,3.411619166155333,0.2754635187279481,O2,-0.25294764428196,True,True,CORREGIBLE,0.0868253183701713,"[CORREGIBLE] O2: succión de la bomba bifásica bajo el peor caso de T_amb (riesgo de cavitación) (medido=314.96510448372027, esperado=<= 314.712 K). Causa probable: subenfriamiento insuficiente a la salida del condensador bajo el peor caso ambiental. Sugerencia: aumentar eps_cond o el margen de suben"
380.0,4500.0,1462.0,0.8,0.85,0.75,0.8,0.8,0.8,,,,0.2765002900121504,0.9434599481774272,376.58965715192505,319.6284257060561,319.6657145281057,0.0434599481774271,-0.0372888220496747,3.410342848074947,0.2755002900121504,O2,-0.0372888220496747,True,True,CORREGIBLE,0.0778419360617941,"[CORREGIBLE] O2: succión de la bomba bifásica bajo el peor caso de T_amb (riesgo de cavitación) (medido=319.66571452810575, esperado=<= 319.628 K). Causa probable: subenfriamiento insuficiente a la salida del condensador bajo el peor caso ambiental. Sugerencia: aumentar eps_cond o el margen de suben"
380.0,4500.0,1732.0,0.85,0.85,0.75,0.8,0.8,0.8,,,,0.4192043507153912,0.9762764360072302,374.6802377866307,323.5708343152955,323.70885160389844,0.0762764360072302,-0.1380172886029527,5.319762213369302,0.4182043507153912,O2,-0.1380172886029527,False,True,CORREGIBLE,0.0320333888594731,"[CORREGIBLE] O2: succión de la bomba bifásica bajo el peor caso de T_amb (riesgo de cavitación) (medido=323.70885160389844, esperado=<= 323.571 K). Causa probable: subenfriamiento insuficiente a la salida del condensador bajo el peor caso ambiental. Sugerencia: aumentar eps_cond o el margen de suben"
380.0,4500.0,1912.0,0.85,0.85,0.75,0.8,0.8,0.8,,,,0.4187610079880644,0.954038571130939,374.66382495653846,327.4993865157317,326.8696215073021,0.054038571130939,0.6297650084296151,5.336175043461537,0.4177610079880644,O1,0.054038571130939,False,True,KALINA,0.0692815365202957,"KALINA: régimen Kalina genuino y admisible, sin fallas."
400.0,3600.0,1385.0,0.7,0.85,0.75,0.8,0.8,0.8,,,,0.3830095598142837,0.9586724587792652,390.1536992061887,324.3191844010783,324.7568451809843,0.058672458779265,-0.4376607799060252,9.84630079381128,0.3820095598142837,O2,-0.4376607799060252,False,True,CORREGIBLE,0.0785981454863533,"[CORREGIBLE] O2: succión de la bomba bifásica bajo el peor caso de T_amb (riesgo de cavitación) (medido=324.7568451809843, esperado=<= 324.319 K). Causa probable: subenfriamiento insuficiente a la salida del condensador bajo el peor caso ambiental. Sugerencia: aumentar eps_cond o el margen de subenf"
400.0,3600.0,1529.0,0.7,0.85,0.75,0.8,0.8,0.8,,,,0.3830616217792869,0.961634032633669,390.1593750711404,328.2118180460698,328.2925148276062,0.0616340326336689,-0.0806967815364032,9.840624928859654,0.3820616217792869,O2,-0.0806967815364032,False,True,CORREGIBLE,0.0707238079211862,"[CORREGIBLE] O2: succión de la bomba bifásica bajo el peor caso de T_amb (riesgo de cavitación) (medido=328.2925148276062, esperado=<= 328.212 K). Causa probable: subenfriamiento insuficiente a la salida del condensador bajo el peor caso ambiental. Sugerencia: aumentar eps_cond o el margen de subenf"
400.0,4000.0,1540.0,0.7,0.85,0.75,0.8,0.8,0.8,,,,0.3412364458267393,0.9573464428140054,391.6311440329839,328.49820386809074,326.4516584658503,0.0573464428140053,2.04654540224044,8.368855967016145,0.3402364458267393,O1,0.0573464428140053,False,True,KALINA,0.0744629415350663,"KALINA: régimen Kalina genuino y admisible, sin fallas."
400.0,4500.0,1282.0,0.7,0.85,0.75,0.8,0.8,0.8,,,,0.2848225247361666,0.9468418842360172,393.4711876227287,321.3524722141026,321.49562382769005,0.0468418842360172,-0.1431516135874631,6.528812377271322,0.2838225247361666,O2,-0.1431516135874631,True,True,CORREGIBLE,0.0888748281568353,"[CORREGIBLE] O2: succión de la bomba bifásica bajo el peor caso de T_amb (riesgo de cavitación) (medido=321.49562382769005, esperado=<= 321.352 K). Causa probable: subenfriamiento insuficiente a la salida del condensador bajo el peor caso ambiental. Sugerencia: aumentar eps_cond o el margen de suben"
400.0,4000.0,1700.0,0.7,0.85,0.75,0.8,0.8,0.8,,,,0.3412810654983213,0.9603252309511182,391.6353446679251,332.50801859091257,326.6339971337226,0.0603252309511181,5.874021457189997,8.364655332074904,0.3402810654983213,O1,0.0603252309511181,False,True,KALINA,0.0668752952012693,"KALINA: régimen Kalina genuino y admisible, sin fallas."
400.0,4000.0,1540.0,0.75,0.85,0.75,0.8,0.8,0.8,,,,0.439010185941991,0.958326374753208,389.3385919146001,324.7175843565779,325.14082984527624,0.058326374753208,-0.4232454886983419,10.661408085399898,0.438010185941991,O2,-0.4232454886983419,False,True,CORREGIBLE,0.0811320252718158,"[CORREGIBLE] O2: succión de la bomba bifásica bajo el peor caso de T_amb (riesgo de cavitación) (medido=325.14082984527624, esperado=<= 324.718 K). Causa probable: subenfriamiento insuficiente a la salida del condensador bajo el peor caso ambiental. Sugerencia: aumentar eps_cond o el margen de suben"
400.0,4500.0,1462.0,0.7,0.85,0.75,0.8,0.8,0.8,,,,0.2848678220311477,0.9503079758679804,393.4746839255184,326.4348990813143,323.0824779391429,0.0503079758679803,3.3524211421714085,6.525316074481623,0.2838678220311477,O1,0.0503079758679803,False,True,KALINA,0.0796878646820588,"KALINA: régimen Kalina genuino y admisible, sin fallas."
400.0,4000.0,1700.0,0.75,0.85,0.75,0.8,0.8,0.8,,,,0.4390699779848683,0.9612284406574853,389.3445712059336,328.656584583515,328.8145345123595,0.0612284406574851,-0.1579499288445163,10.65542879406638,0.4380699779848683,O2,-0.1579499288445163,False,True,CORREGIBLE,0.0730918551969554,"[CORREGIBLE] O2: succión de la bomba bifásica bajo el peor caso de T_amb (riesgo de cavitación) (medido=328.8145345123595, esperado=<= 328.657 K). Causa probable: subenfriamiento insuficiente a la salida del condensador bajo el peor caso ambiental. Sugerencia: aumentar eps_cond o el margen de subenf"
400.0,4500.0,1732.0,0.8,0.85,0.75,0.8,0.8,0.8,,,,0.4949004088919566,0.9565396730860576,388.810717850326,326.23525980675413,326.5398687821358,0.0565396730860574,-0.3046089753816545,11.189282149674,0.4939004088919566,O2,-0.3046089753816545,False,True,CORREGIBLE,0.0828013035839132,"[CORREGIBLE] O2: succión de la bomba bifásica bajo el peor caso de T_amb (riesgo de cavitación) (medido=326.5398687821358, esperado=<= 326.235 K). Causa probable: subenfriamiento insuficiente a la salida del condensador bajo el peor caso ambiental. Sugerencia: aumentar eps_cond o el margen de subenf"
400.0,4500.0,1732.0,0.75,0.85,0.75,0.8,0.8,0.8,,,,0.3885702277541534,0.9558723232474132,391.30131698774255,329.41219711391875,327.89822398297656,0.055872323247413,1.5139731309421904,8.698683012257447,0.3875702277541534,O1,0.055872323247413,False,True,KALINA,0.0764706034025892,"KALINA: régimen Kalina genuino y admisible, sin fallas."
400.0,4500.0,1912.0,0.75,0.85,0.75,0.8,0.8,0.8,,,,0.3886253860184561,0.9589014738867228,391.30580920854,333.48672437635463,328.0985565240929,0.0589014738867227,5.388167852261745,8.694190791460016,0.3876253860184561,O1,0.0589014738867227,False,True,KALINA,0.0686577608640712,"KALINA: régimen Kalina genuino y admisible, sin fallas."
400.0,4500.0,1912.0,0.8,0.85,0.75,0.8,0.8,0.8,,,,0.4949735913514039,0.9595855171124756,388.8170789001263,330.2359643855779,330.3489717877868,0.0595855171124755,-0.1130074022088933,11.18292109987368,0.4939735913514039,O2,-0.1130074022088933,False,True,CORREGIBLE,0.0745672162442907,"[CORREGIBLE] O2: succión de la bomba bifásica bajo el peor caso de T_amb (riesgo de cavitación) (medido=330.3489717877868, esperado=<= 330.236 K). Causa probable: subenfriamiento insuficiente a la salida del condensador bajo el peor caso ambiental. Sugerencia: aumentar eps_cond o el margen de subenf"
420.0,4500.0,1732.0,0.7,0.85,0.75,0.8,0.8,0.8,,,,0.4350188098459923,0.9492609052940066,408.2810234303008,333.277499149238,332.9836569412599,0.0492609052940066,0.2938422079781162,11.71897656969918,0.4340188098459923,O1,0.0492609052940066,True,True,KALINA,0.0788463731695318,"KALINA: régimen Kalina genuino y admisible, sin fallas."
420.0,4500.0,1912.0,0.7,0.85,0.75,0.8,0.8,0.8,,,,0.435083936581898,0.9528829853366336,408.2888343737648,337.4284423157889,333.227734061942,0.0528829853366336,4.200708253846983,11.711165626235244,0.434083936581898,O1,0.0528829853366336,False,True,KALINA,0.0708108000955943,"KALINA: régimen Kalina genuino y admisible, sin fallas."
380.0,3200.0,1358.0,0.7,0.85,0.75,0.8,0.8,0.85,,,,0.2754491846095755,0.9687831271878208,374.1381997823733,323.5573086406862,316.93340925103274,0.0687831271878207,6.623899389653445,5.861800217626751,0.2744491846095755,O1,0.0687831271878207,False,True,KALINA,0.0632984195390024,"KALINA: régimen Kalina genuino y admisible, sin fallas."
380.0,3200.0,1358.0,0.7,0.85,0.75,0.8,0.8,0.75,,,,0.2786981254937951,0.9686983544269832,374.38161616046375,323.5573086406862,323.9382609292354,0.0686983544269832,-0.3809522885492242,5.61838383953625,0.2776981254937951,O2,-0.3809522885492242,False,True,CORREGIBLE,0.0670619552649686,"[CORREGIBLE] O2: succión de la bomba bifásica bajo el peor caso de T_amb (riesgo de cavitación) (medido=323.9382609292354, esperado=<= 323.557 K). Causa probable: subenfriamiento insuficiente a la salida del condensador bajo el peor caso ambiental. Sugerencia: aumentar eps_cond o el margen de subenf"
380.0,3200.0,1358.0,0.7,0.8,0.75,0.8,0.8,0.8,,,,0.2770320484530847,0.970541862493243,374.2564133344992,323.5573086406862,322.1210455316792,0.070541862493243,1.4362631090070297,5.7435866655008,0.2760320484530847,O1,0.070541862493243,False,True,KALINA,0.0607711241578858,"KALINA: régimen Kalina genuino y admisible, sin fallas."
380.0,3200.0,1358.0,0.7,0.9,0.75,0.8,0.8,0.8,,,,0.2769839160919081,0.9668792887729212,374.2528081004221,323.5573086406862,321.9589625773932,0.0668792887729211,1.5983460632929791,5.747191899577956,0.2759839160919081,O1,0.0668792887729211,False,True,KALINA,0.0693879170070829,"KALINA: régimen Kalina genuino y admisible, sin fallas."
380.0,3200.0,1358.0,0.7,0.85,0.75,0.85,0.85,0.8,,,,0.2955339337473419,0.9682149239896932,375.6924843184023,323.5573086406862,322.72282393125585,0.068214923989693,0.8344847094303418,4.3075156815976925,0.2945339337473419,O1,0.068214923989693,False,True,KALINA,0.0679160093757621,"KALINA: régimen Kalina genuino y admisible, sin fallas."
380.0,3200.0,1358.0,0.7,0.85,0.75,0.75,0.75,0.8,,,,0.2572394048513111,0.9692063713691206,372.8284332728045,323.5573086406862,321.3124752069534,0.0692063713691205,2.244833433732765,7.171566727195511,0.2562394048513111,O1,0.0692063713691205,False,True,KALINA,0.0619054037971866,"KALINA: régimen Kalina genuino y admisible, sin fallas."
380.0,4000.0,1440.0,0.75,0.85,0.75,0.8,0.8,0.75,,,,0.2523411144821723,0.9578646173389486,376.15647418451454,322.10377608185905,322.27899769994013,0.0578646173389485,-0.1752216180810819,3.843525815485464,0.2513411144821723,O2,-0.1752216180810819,False,True,CORREGIBLE,0.0727188955484216,"[CORREGIBLE] O2: succión de la bomba bifásica bajo el peor caso de T_amb (riesgo de cavitación) (medido=322.27899769994013, esperado=<= 322.104 K). Causa probable: subenfriamiento insuficiente a la salida del condensador bajo el peor caso ambiental. Sugerencia: aumentar eps_cond o el margen de suben"
380.0,4000.0,1440.0,0.75,0.85,0.75,0.8,0.8,0.85,,,,0.2491533391029782,0.9577816770765252,376.0052232399225,322.10377608185905,315.2858286287763,0.0577816770765252,6.817947453082752,3.9947767600775137,0.2481533391029782,O1,0.0577816770765252,False,True,KALINA,0.0687851854000077,"KALINA: régimen Kalina genuino y admisible, sin fallas."
380.0,4000.0,1440.0,0.75,0.9,0.75,0.8,0.8,0.8,,,,0.2506531360862868,0.954356716445651,376.0761580923848,322.10377608185905,319.71074344157984,0.0543567164456509,2.393032640279216,3.9238419076152127,0.2496531360862868,O1,0.0543567164456509,False,True,KALINA,0.0755638183143335,"KALINA: régimen Kalina genuino y admisible, sin fallas."
380.0,4000.0,1440.0,0.75,0.8,0.75,0.8,0.8,0.8,,,,0.2507076249473522,0.961017582851619,376.07874276381017,322.10377608185905,319.87676228131176,0.0610175828516189,2.2270138005472973,3.921257236189831,0.2497076249473522,O1,0.0610175828516189,False,True,KALINA,0.0656866608126364,"KALINA: régimen Kalina genuino y admisible, sin fallas."
380.0,4000.0,1440.0,0.75,0.85,0.75,0.85,0.85,0.8,,,,0.2703520950425344,0.958281024936388,377.0462908942808,322.10377608185905,320.35883482698495,0.0582810249363878,1.7449412548741066,2.953709105719156,0.2693520950425344,O1,0.0582810249363878,False,True,KALINA,0.074872616243143,"KALINA: régimen Kalina genuino y admisible, sin fallas."
380.0,4000.0,1440.0,0.75,0.85,0.75,0.75,0.75,0.8,,,,0.2297453173956568,0.9572229931497632,375.1222644770341,322.10377608185905,319.1931066287982,0.057222993149763,2.910669453060848,4.8777355229659065,0.2287453173956568,O1,0.057222993149763,False,True,KALINA,0.065843015471085,"KALINA: régimen Kalina genuino y admisible, sin fallas."
380.0,3600.0,1529.0,0.75,0.85,0.75,0.8,0.8,0.85,,,,0.3180950364267881,0.9670374218802136,374.0802013781768,324.43616481219175,318.06915725976165,0.0670374218802135,6.367007552430096,5.919798621823247,0.3170950364267881,O1,0.0670374218802135,False,True,KALINA,0.065013390517236,"KALINA: régimen Kalina genuino y admisible, sin fallas."
380.0,3600.0,1529.0,0.75,0.85,0.75,0.8,0.8,0.75,,,,0.3221808339310096,0.9670218722742244,374.332862623532,324.43616481219175,324.7929478799346,0.0670218722742245,-0.3567830677428674,5.66713737646802,0.3211808339310096,O2,-0.3567830677428674,False,True,CORREGIBLE,0.0690492478063176,"[CORREGIBLE] O2: succión de la bomba bifásica bajo el peor caso de T_amb (riesgo de cavitación) (medido=324.7929478799346, esperado=<= 324.436 K). Causa probable: subenfriamiento insuficiente a la salida del condensador bajo el peor caso ambiental. Sugerencia: aumentar eps_cond o el margen de subenf"
380.0,3600.0,1529.0,0.75,0.9,0.75,0.8,0.8,0.8,,,,0.3200249260729536,0.9648415499384876,374.1990129206503,324.43616481219175,323.47325273107447,0.0648415499384876,0.9629120811172812,5.800987079349682,0.3190249260729536,O1,0.0648415499384876,False,True,KALINA,0.0714138162304255,"KALINA: régimen Kalina genuino y admisible, sin fallas."
380.0,3600.0,1529.0,0.75,0.8,0.75,0.8,0.8,0.8,,,,0.3200876114735924,0.9690876121728044,374.2028879577738,324.43616481219175,323.653114920402,0.0690876121728043,0.7830498917897444,5.797112042226161,0.3190876114735924,O1,0.0690876121728043,False,True,KALINA,0.0625077841544095,"KALINA: régimen Kalina genuino y admisible, sin fallas."
380.0,4500.0,1170.0,0.75,0.85,0.75,0.8,0.8,0.85,,,,,,,,,,,,,,,,False,NO_CONVERGIO,,"T_from_Ph(P, h, x): el motor teqp no cubre el estado pedido (ver TASK_CONTEXT 2026-09-18-validar-teqp-nh3h2o). Detalle: h=-2.53734e+08 fuera de dominio a P=4.5e+06 Pa, x=0.7604"
380.0,3600.0,1529.0,0.75,0.85,0.75,0.85,0.85,0.8,,,,0.341705384459442,0.9668748894608314,375.6011164495722,324.43616481219175,324.388999117853,0.0668748894608314,0.0471656943387301,4.398883550427797,0.340705384459442,O2,0.0471656943387301,False,True,KALINA,0.0696979133808292,"KALINA: régimen Kalina genuino y admisible, sin fallas."
380.0,3600.0,1529.0,0.75,0.85,0.75,0.75,0.75,0.8,,,,0.2970559072265927,0.0,372.8441587746582,324.43616481219175,322.6996956852294,-0.9,1.7364691269623336,7.155841225341817,0.2960559072265927,O1,-0.9,False,True,CORREGIBLE,0.063869758877178,"[CORREGIBLE] O1: título de vapor a la salida de la turbina bajo el umbral tecnológico usual (erosión de álabes) (medido=0.0, esperado=>= 0.90). Causa probable: expansión hasta P_baja deja la mezcla demasiado húmeda para ese eta_t y esa composición. Sugerencia: considerar recalentamiento o re"
380.0,4500.0,1170.0,0.75,0.85,0.75,0.8,0.8,0.75,,,,0.1391409969687762,0.9355697220875138,378.1572718218054,314.3191676752517,314.500249749119,0.0355697220875137,-0.1810820738672873,1.8427281781945908,0.1381409969687762,O2,-0.1810820738672873,True,True,CORREGIBLE,0.0650121064569704,"[CORREGIBLE] O2: succión de la bomba bifásica bajo el peor caso de T_amb (riesgo de cavitación) (medido=314.500249749119, esperado=<= 314.319 K). Causa probable: subenfriamiento insuficiente a la salida del condensador bajo el peor caso ambiental. Sugerencia: aumentar eps_cond o el margen de subenfr"
380.0,4500.0,1170.0,0.75,0.9,0.75,0.8,0.8,0.8,,,,0.1381877225550744,0.9293114720895108,378.126037204162,314.3191676752517,313.8678983078036,0.0293114720895109,0.4512693674481056,1.8739627958380536,0.1371877225550744,O1,0.0293114720895109,True,True,KALINA,0.0687367156092,"KALINA: régimen Kalina genuino y admisible, sin fallas."
380.0,4500.0,1170.0,0.75,0.85,0.75,0.85,0.85,0.8,,,,0.1531635722374395,0.936425498730222,378.6279327247781,314.3191676752517,314.01906388452386,0.036425498730222,0.3001037907278601,1.372067275221923,0.1521635722374395,O1,0.036425498730222,True,True,KALINA,0.0722578018201646,"KALINA: régimen Kalina genuino y admisible, sin fallas."
380.0,4500.0,1170.0,0.75,0.85,0.75,0.75,0.75,0.8,,,,0.1219361096957163,0.9345232701919404,377.6077772042398,314.3191676752517,313.79023502135084,0.0345232701919403,0.5289326539008812,2.3922227957601763,0.1209361096957163,O1,0.0345232701919403,True,True,KALINA,0.0536692737239979,"KALINA: régimen Kalina genuino y admisible, sin fallas."
380.0,4500.0,1170.0,0.75,0.8,0.75,0.8,0.8,0.8,,,,0.1382204251003752,0.9414331280600036,378.12710715291126,314.3191676752517,313.9864517511344,0.0414331280600035,0.3327159241173376,1.8728928470887356,0.1372204251003752,O1,0.0414331280600035,True,True,KALINA,0.0580784215869456,"KALINA: régimen Kalina genuino y admisible, sin fallas."
380.0,4000.0,1700.0,0.8,0.85,0.75,0.8,0.8,0.85,,,,0.3695476390765914,0.9629803582107824,374.0552328072658,325.4930160641757,319.4731865518121,0.0629803582107825,6.0198295123636285,5.944767192734162,0.3685476390765914,O1,0.0629803582107825,False,True,KALINA,0.0644715725399033,"KALINA: régimen Kalina genuino y admisible, sin fallas."
380.0,4000.0,1700.0,0.8,0.9,0.75,0.8,0.8,0.8,,,,0.3719135357014911,0.9602490856381034,374.1728096651661,325.4930160641757,325.3069357882906,0.0602490856381033,0.1860802758851036,5.827190334833915,0.3709135357014911,O1,0.0602490856381033,False,True,KALINA,0.0733674938407677,"KALINA: régimen Kalina genuino y admisible, sin fallas."
380.0,4000.0,1700.0,0.8,0.8,0.75,0.8,0.8,0.8,,,,0.3719961340723989,0.965641036938746,374.176936350263,325.4930160641757,325.493716974575,0.0656410369387459,-0.0007009103993027,5.82306364973698,0.3709961340723989,O2,-0.0007009103993027,False,True,CORREGIBLE,0.0641949322972803,"[CORREGIBLE] O2: succión de la bomba bifásica bajo el peor caso de T_amb (riesgo de cavitación) (medido=325.493716974575, esperado=<= 325.493 K). Causa probable: subenfriamiento insuficiente a la salida del condensador bajo el peor caso ambiental. Sugerencia: aumentar eps_cond o el margen de subenfr"
380.0,4000.0,1700.0,0.8,0.85,0.75,0.8,0.8,0.75,,,,0.3746683606285542,0.9631084890150364,374.3112455431209,325.4930160641757,325.8132597922757,0.0631084890150364,-0.3202437280999675,5.68875445687911,0.3736683606285542,O2,-0.3202437280999675,False,True,CORREGIBLE,0.0709438381033939,"[CORREGIBLE] O2: succión de la bomba bifásica bajo el peor caso de T_amb (riesgo de cavitación) (medido=325.8132597922757, esperado=<= 325.493 K). Causa probable: subenfriamiento insuficiente a la salida del condensador bajo el peor caso ambiental. Sugerencia: aumentar eps_cond o el margen de subenf"
380.0,4500.0,1912.0,0.85,0.85,0.75,0.8,0.8,0.85,,,,0.4156324718475945,0.953868694716442,374.5488940296935,327.4993865157317,320.5583383346504,0.0538686947164418,6.941048181081328,5.451105970306514,0.4146324718475945,O1,0.0538686947164418,False,True,KALINA,0.0669947313026949,"KALINA: régimen Kalina genuino y admisible, sin fallas."
380.0,4000.0,1700.0,0.8,0.85,0.75,0.85,0.85,0.8,,,,0.3974321420561682,0.9635889452863152,375.5216699102274,325.4930160641757,325.53800070220035,0.0635889452863152,-0.0449846380246299,4.478330089772555,0.3964321420561682,O2,-0.0449846380246299,False,True,CORREGIBLE,0.0714016125872092,"[CORREGIBLE] O2: succión de la bomba bifásica bajo el peor caso de T_amb (riesgo de cavitación) (medido=325.53800070220035, esperado=<= 325.493 K). Causa probable: subenfriamiento insuficiente a la salida del condensador bajo el peor caso ambiental. Sugerencia: aumentar eps_cond o el margen de suben"
380.0,4000.0,1700.0,0.8,0.85,0.75,0.75,0.75,0.8,,,,0.3450235315701566,0.96227890417517,372.9041423068646,325.4930160641757,324.3846170295369,0.0622789041751701,1.1083990346388075,7.095857693135372,0.3440235315701566,O1,0.0622789041751701,False,True,KALINA,0.0658010355920829,"KALINA: régimen Kalina genuino y admisible, sin fallas."
380.0,4500.0,1912.0,0.85,0.85,0.75,0.8,0.8,0.75,,,,0.4221388592439752,0.9542214261061164,374.7896748212543,327.4993865157317,327.71323821187605,0.0542214261061162,-0.2138516961443315,5.210325178745734,0.4211388592439752,O2,-0.2138516961443315,False,True,CORREGIBLE,0.0716427835227828,"[CORREGIBLE] O2: succión de la bomba bifásica bajo el peor caso de T_amb (riesgo de cavitación) (medido=327.71323821187605, esperado=<= 327.499 K). Causa probable: subenfriamiento insuficiente a la salida del condensador bajo el peor caso ambiental. Sugerencia: aumentar eps_cond o el margen de suben"
380.0,4500.0,1912.0,0.85,0.9,0.75,0.8,0.8,0.8,,,,0.4187085310685645,0.9504143378729968,374.66188431173856,327.4993865157317,326.76195431021176,0.0504143378729967,0.7374322055199514,5.338115688261439,0.4177085310685645,O1,0.0504143378729967,False,True,KALINA,0.0739477314487022,"KALINA: régimen Kalina genuino y admisible, sin fallas."
380.0,4500.0,1912.0,0.85,0.85,0.75,0.85,0.85,0.8,,,,0.4485404696826864,0.9556213643222864,375.84081973561536,327.4993865157317,327.5167858789193,0.0556213643222864,-0.0173993631875646,4.159180264384645,0.4475404696826864,O2,-0.0173993631875646,False,True,CORREGIBLE,0.0718931328184106,"[CORREGIBLE] O2: succión de la bomba bifásica bajo el peor caso de T_amb (riesgo de cavitación) (medido=327.5167858789193, esperado=<= 327.499 K). Causa probable: subenfriamiento insuficiente a la salida del condensador bajo el peor caso ambiental. Sugerencia: aumentar eps_cond o el margen de subenf"
380.0,4500.0,1912.0,0.85,0.8,0.75,0.8,0.8,0.8,,,,0.4188135062856223,0.957480745628326,374.6657668329914,327.4993865157317,326.97729557566447,0.0574807456283258,0.522090940067244,5.334233167008563,0.4178135062856223,O1,0.0574807456283258,False,True,KALINA,0.0646098735548069,"KALINA: régimen Kalina genuino y admisible, sin fallas."
380.0,4500.0,1912.0,0.85,0.85,0.75,0.75,0.75,0.8,,,,0.3875018069173745,0.9523281310529256,373.58114237185487,327.4993865157317,325.71149403939256,0.0523281310529256,1.7878924763391524,6.418857628145133,0.3865018069173745,O1,0.0523281310529256,False,True,KALINA,0.0662875930698765,"KALINA: régimen Kalina genuino y admisible, sin fallas."
400.0,4000.0,1540.0,0.7,0.85,0.75,0.8,0.8,0.85,,,,0.3392079229263763,0.9574292034527648,391.44083398344486,328.49820386809074,320.18970867823,0.0574292034527647,8.308495189860764,8.559166016555139,0.3382079229263763,O1,0.0574292034527647,False,True,KALINA,0.0722282112068453,"KALINA: régimen Kalina genuino y admisible, sin fallas."
400.0,4000.0,1540.0,0.7,0.9,0.75,0.8,0.8,0.8,,,,0.3412005879326192,0.9550761600605696,391.6277687133957,328.49820386809074,326.3386714575224,0.0550761600605695,2.1595324105683744,8.37223128660429,0.3402005879326192,O1,0.0550761600605695,False,True,KALINA,0.0793490494632378,"KALINA: régimen Kalina genuino y admisible, sin fallas."
400.0,4000.0,1540.0,0.7,0.85,0.75,0.8,0.8,0.75,,,,0.3434250468522924,0.9572563304120322,391.8379252332879,328.49820386809074,328.9620008031855,0.0572563304120321,-0.4637969350947628,8.162074766712124,0.3424250468522924,O2,-0.4637969350947628,False,True,CORREGIBLE,0.0769230081043491,"[CORREGIBLE] O2: succión de la bomba bifásica bajo el peor caso de T_amb (riesgo de cavitación) (medido=328.9620008031855, esperado=<= 328.498 K). Causa probable: subenfriamiento insuficiente a la salida del condensador bajo el peor caso ambiental. Sugerencia: aumentar eps_cond o el margen de subenf"
400.0,4000.0,1540.0,0.7,0.8,0.75,0.8,0.8,0.8,,,,0.3412723157707493,0.9595952259224112,391.6345208918945,328.49820386809074,326.56465585390293,0.059595225922411,1.9335480141878063,8.36547910810549,0.3402723157707493,O1,0.059595225922411,False,True,KALINA,0.0695714241324112,"KALINA: régimen Kalina genuino y admisible, sin fallas."
400.0,4000.0,1540.0,0.7,0.85,0.75,0.85,0.85,0.8,,,,0.3628737521635543,0.956420998970727,393.7423419000614,328.49820386809074,327.3370662755401,0.0564209989707269,1.1611375925506309,6.257658099938624,0.3618737521635543,O1,0.0564209989707269,False,True,KALINA,0.0774421551801786,"KALINA: régimen Kalina genuino y admisible, sin fallas."
400.0,3600.0,1655.0,0.7,0.85,0.75,0.8,0.8,0.85,,,,0.3808409068956804,0.9642525306580452,389.9180940233255,331.40837480943134,322.23567217663765,0.064252530658045,9.172702632793689,10.081905976674475,0.3798409068956804,O1,0.064252530658045,False,True,KALINA,0.0622629386495367,"KALINA: régimen Kalina genuino y admisible, sin fallas."
400.0,4000.0,1540.0,0.7,0.85,0.75,0.75,0.75,0.8,,,,0.3180453080730893,0.9582457147548368,389.5316212792821,328.49820386809074,325.5194827594314,0.0582457147548366,2.978721108659329,10.468378720717965,0.3170453080730893,O1,0.0582457147548366,False,True,KALINA,0.0710854350255243,"KALINA: régimen Kalina genuino y admisible, sin fallas."
400.0,3600.0,1655.0,0.7,0.85,0.75,0.8,0.8,0.75,,,,0.3855388350423875,0.9640590542835672,390.430515912714,331.40837480943134,331.9424264320466,0.064059054283567,-0.5340516226152658,9.569484087286014,0.3845388350423875,O2,-0.5340516226152658,False,True,CORREGIBLE,0.066558133134209,"[CORREGIBLE] O2: succión de la bomba bifásica bajo el peor caso de T_amb (riesgo de cavitación) (medido=331.9424264320466, esperado=<= 331.408 K). Causa probable: subenfriamiento insuficiente a la salida del condensador bajo el peor caso ambiental. Sugerencia: aumentar eps_cond o el margen de subenf"
400.0,3600.0,1655.0,0.7,0.9,0.75,0.8,0.8,0.8,,,,0.3830711277210967,0.9622487729553124,390.1604115217416,331.40837480943134,329.09987656989006,0.0622487729553122,2.3084982395412794,9.839588478258406,0.3820711277210967,O1,0.0622487729553122,False,True,KALINA,0.0684714789557835,"KALINA: régimen Kalina genuino y admisible, sin fallas."
400.0,3600.0,1655.0,0.7,0.8,0.75,0.8,0.8,0.8,,,,0.3831381172767622,0.9660710682482916,390.1677163950998,331.40837480943134,329.3096641627602,0.0660710682482916,2.0987106466711225,9.832283604900226,0.3821381172767622,O1,0.0660710682482916,False,True,KALINA,0.0601774262755894,"KALINA: régimen Kalina genuino y admisible, sin fallas."
400.0,3600.0,1655.0,0.7,0.85,0.75,0.85,0.85,0.8,,,,0.4052105246102252,0.9632336285299902,392.6577627136327,331.40837480943134,330.2704762215867,0.0632336285299901,1.1378985878446315,7.342237286367322,0.4042105246102252,O1,0.0632336285299901,False,True,KALINA,0.0663476187578653,"KALINA: régimen Kalina genuino y admisible, sin fallas."
400.0,3600.0,1655.0,0.7,0.85,0.75,0.75,0.75,0.8,,,,0.3594442336034748,0.9651086823039228,387.6798086096628,331.40837480943134,328.0910412536825,0.0651086823039226,3.31733355574886,12.320191390337186,0.3584442336034748,O1,0.0651086823039226,False,True,KALINA,0.0620220925649693,"KALINA: régimen Kalina genuino y admisible, sin fallas."
400.0,4500.0,1732.0,0.75,0.85,0.75,0.8,0.8,0.85,,,,0.3860681848158674,0.955935146141504,391.09854432664577,329.41219711391875,321.2837843980177,0.0559351461415038,8.12841271590105,8.901455673354235,0.3850681848158674,O1,0.0559351461415038,False,True,KALINA,0.0740348077987985,"KALINA: régimen Kalina genuino y admisible, sin fallas."
400.0,4500.0,1732.0,0.75,0.85,0.75,0.8,0.8,0.75,,,,0.3912652849158615,0.9558025598542456,391.52192654656704,329.41219711391875,329.8245054288832,0.0558025598542456,-0.4123083149644344,8.478073453432955,0.3902652849158615,O2,-0.4123083149644344,False,True,CORREGIBLE,0.0790852233222643,"[CORREGIBLE] O2: succión de la bomba bifásica bajo el peor caso de T_amb (riesgo de cavitación) (medido=329.8245054288832, esperado=<= 329.412 K). Causa probable: subenfriamiento insuficiente a la salida del condensador bajo el peor caso ambiental. Sugerencia: aumentar eps_cond o el margen de subenf"
400.0,4500.0,1732.0,0.75,0.9,0.75,0.8,0.8,0.8,,,,0.3885244450758831,0.953513147514208,391.29758906098346,329.41219711391875,327.77500602544274,0.0535131475142078,1.6371910884760157,8.702410939016545,0.3875244450758831,O1,0.0535131475142078,False,True,KALINA,0.0815204951524104,"KALINA: régimen Kalina genuino y admisible, sin fallas."
400.0,4500.0,1732.0,0.75,0.8,0.75,0.8,0.8,0.8,,,,0.3886160278672615,0.9581660766790924,391.305046991212,329.41219711391875,328.021452514485,0.0581660766790924,1.3907445994337309,8.694953008788048,0.3876160278672615,O1,0.0581660766790924,False,True,KALINA,0.0714145304397643,"KALINA: régimen Kalina genuino y admisible, sin fallas."
400.0,4500.0,1732.0,0.75,0.85,0.75,0.85,0.85,0.8,,,,0.4134079940392252,0.9551495888933772,393.4229817446673,329.41219711391875,328.9298669443224,0.055149588893377,0.4823301695963664,6.577018255332689,0.4124079940392252,O1,0.055149588893377,False,True,KALINA,0.0794211751679229,"KALINA: régimen Kalina genuino y admisible, sin fallas."
400.0,4000.0,1840.0,0.75,0.85,0.75,0.8,0.8,0.85,,,,,,,,,,,,,,,,False,NO_CONVERGIO,,"T_from_Ph(P, h, x): el motor teqp no cubre el estado pedido (ver TASK_CONTEXT 2026-09-18-validar-teqp-nh3h2o). Detalle: h=-5.83279e+08 fuera de dominio a P=4e+06 Pa, x=0.7604"
400.0,4500.0,1732.0,0.75,0.85,0.75,0.75,0.75,0.8,,,,0.3619609999353202,0.9564424073417958,389.2421688445856,329.41219711391875,326.82659130772873,0.0564424073417957,2.585605806190017,10.757831155414408,0.3609609999353202,O1,0.0564424073417957,False,True,KALINA,0.0731000670497182,"KALINA: régimen Kalina genuino y admisible, sin fallas."
400.0,4000.0,1840.0,0.75,0.9,0.75,0.8,0.8,0.8,,,,0.4390809672664321,0.9618529347270568,389.3456702967733,331.8910994483421,330.8921120502781,0.0618529347270568,0.9989873980640028,10.654329703226663,0.4380809672664321,O1,0.0618529347270568,False,True,KALINA,0.0707726242921065,"KALINA: régimen Kalina genuino y admisible, sin fallas."
400.0,4000.0,1840.0,0.75,0.8,0.75,0.8,0.8,0.8,,,,0.4391662250972617,0.9655390321092966,389.3541988897037,331.8910994483421,331.1226266098519,0.0655390321092965,0.7684728384901973,10.64580111029636,0.4381662250972617,O1,0.0655390321092965,False,True,KALINA,0.0621773298805037,"KALINA: régimen Kalina genuino y admisible, sin fallas."
400.0,4000.0,1840.0,0.75,0.85,0.75,0.8,0.8,0.75,,,,0.4421071512935147,0.9635944843118268,389.65006952516967,331.8910994483421,332.42718133572805,0.0635944843118268,-0.536081887385933,10.34993047483033,0.4411071512935147,O2,-0.536081887385933,False,True,CORREGIBLE,0.0687666187144754,"[CORREGIBLE] O2: succión de la bomba bifásica bajo el peor caso de T_amb (riesgo de cavitación) (medido=332.42718133572805, esperado=<= 331.891 K). Causa probable: subenfriamiento insuficiente a la salida del condensador bajo el peor caso ambiental. Sugerencia: aumentar eps_cond o el margen de suben"
400.0,4000.0,1840.0,0.75,0.85,0.75,0.85,0.85,0.8,,,,0.464160964849283,0.9627476331335822,391.9739127269309,331.8910994483421,331.91634605039434,0.0627476331335822,-0.0252466020522206,8.026087273069095,0.463160964849283,O2,-0.0252466020522206,False,True,CORREGIBLE,0.0684497373850619,"[CORREGIBLE] O2: succión de la bomba bifásica bajo el peor caso de T_amb (riesgo de cavitación) (medido=331.91634605039434, esperado=<= 331.891 K). Causa probable: subenfriamiento insuficiente a la salida del condensador bajo el peor caso ambiental. Sugerencia: aumentar eps_cond o el margen de suben"
400.0,4500.0,2070.0,0.8,0.85,0.75,0.8,0.8,0.85,,,,0.4916301145438328,0.9622248715827856,388.5285769174684,333.53067697421005,324.8199562425649,0.0622248715827856,8.710720731645154,11.4714230825316,0.4906301145438328,O1,0.0622248715827856,False,True,KALINA,0.0653084790097339,"KALINA: régimen Kalina genuino y admisible, sin fallas."
400.0,4500.0,2070.0,0.8,0.85,0.75,0.8,0.8,0.75,,,,0.4986885483454953,0.9620769671480462,389.1427295445692,333.53067697421005,333.93606163021514,0.0620769671480462,-0.4053846560050829,10.857270455430807,0.4976885483454953,O2,-0.4053846560050829,False,True,CORREGIBLE,0.0702613642214912,"[CORREGIBLE] O2: succión de la bomba bifásica bajo el peor caso de T_amb (riesgo de cavitación) (medido=333.93606163021514, esperado=<= 333.531 K). Causa probable: subenfriamiento insuficiente a la salida del condensador bajo el peor caso ambiental. Sugerencia: aumentar eps_cond o el margen de suben"
400.0,4500.0,2070.0,0.8,0.9,0.75,0.8,0.8,0.8,,,,0.4949853535016455,0.9602405074940544,388.81810146512913,333.53067697421005,332.45948623269817,0.0602405074940545,1.0711907415118844,11.181898534870868,0.4939853535016455,O1,0.0602405074940545,False,True,KALINA,0.072191891337402,"KALINA: régimen Kalina genuino y admisible, sin fallas."
400.0,4000.0,1840.0,0.75,0.85,0.75,0.75,0.75,0.8,,,,0.4122541057949363,0.9646017133578252,386.7960274884341,331.8910994483421,329.7402415637007,0.0646017133578251,2.150857884641425,13.203972511565894,0.4112541057949363,O1,0.0646017133578251,False,True,KALINA,0.0642129256903346,"KALINA: régimen Kalina genuino y admisible, sin fallas."
400.0,4500.0,2070.0,0.8,0.8,0.75,0.8,0.8,0.8,,,,0.4950928825743538,0.9640263174201288,388.8274522018943,333.53067697421005,332.70733353282327,0.0640263174201286,0.8233434413867826,11.172547798105713,0.4940928825743538,O1,0.0640263174201286,False,True,KALINA,0.0633634676787585,"KALINA: régimen Kalina genuino y admisible, sin fallas."
400.0,4500.0,2070.0,0.8,0.85,0.75,0.85,0.85,0.8,,,,0.523597397984633,0.9614352116473522,391.4698706794565,333.53067697421005,333.5536256409118,0.0614352116473522,-0.0229486667017226,8.530129320543494,0.475402602015367,O2,-0.0229486667017226,False,True,CORREGIBLE,0.0697979912243626,"[CORREGIBLE] O2: succión de la bomba bifásica bajo el peor caso de T_amb (riesgo de cavitación) (medido=333.5536256409118, esperado=<= 333.531 K). Causa probable: subenfriamiento insuficiente a la salida del condensador bajo el peor caso ambiental. Sugerencia: aumentar eps_cond o el margen de subenf"
400.0,4500.0,2070.0,0.8,0.85,0.75,0.75,0.75,0.8,,,,0.4642789581150023,0.9626510401437474,386.32445540181374,333.53067697421005,331.17209780907297,0.0626510401437473,2.358579165137087,13.675544598186264,0.4632789581150023,O1,0.0626510401437473,False,True,KALINA,0.0654598622842642,"KALINA: régimen Kalina genuino y admisible, sin fallas."
420.0,4500.0,1732.0,0.7,0.85,0.75,0.8,0.8,0.85,,,,0.4323354748682311,0.9493794911184094,407.96012863430445,333.277499149238,325.0500267152263,0.0493794911184093,8.227472434011702,12.039871365695548,0.4313354748682311,O1,0.0493794911184093,True,True,KALINA,0.076187142626982,"KALINA: régimen Kalina genuino y admisible, sin fallas."
420.0,4500.0,1732.0,0.7,0.85,0.75,0.8,0.8,0.75,,,,0.4379090018036382,0.949133323062952,408.62867563162575,333.277499149238,334.13782882109007,0.0491333230629519,-0.860329671852071,11.371324368374246,0.4369090018036382,O2,-0.860329671852071,True,True,CORREGIBLE,0.081441821898886,"[CORREGIBLE] O2: succión de la bomba bifásica bajo el peor caso de T_amb (riesgo de cavitación) (medido=334.13782882109007, esperado=<= 333.277 K). Causa probable: subenfriamiento insuficiente a la salida del condensador bajo el peor caso ambiental. Sugerencia: aumentar eps_cond o el margen de suben"
420.0,4500.0,1732.0,0.7,0.85,0.75,0.85,0.85,0.8,,,,0.4597513744501731,0.948177853365354,411.3199087367233,333.277499149238,333.3766150058122,0.0481778533653539,-0.0991158565742011,8.680091263276722,0.4587513744501731,O2,-0.0991158565742011,True,True,CORREGIBLE,0.0811863109001797,"[CORREGIBLE] O2: succión de la bomba bifásica bajo el peor caso de T_amb (riesgo de cavitación) (medido=333.3766150058122, esperado=<= 333.277 K). Causa probable: subenfriamiento insuficiente a la salida del condensador bajo el peor caso ambiental. Sugerencia: aumentar eps_cond o el margen de subenf"
420.0,4500.0,1732.0,0.7,0.9,0.75,0.8,0.8,0.8,,,,0.4349694612445516,0.946576610438477,408.27510553835793,333.277499149238,332.8358133211344,0.0465766104384769,0.4416858281036298,11.724894461642066,0.4339694612445516,O1,0.0465766104384769,True,True,KALINA,0.0839162885437473,"KALINA: régimen Kalina genuino y admisible, sin fallas."
420.0,4500.0,1732.0,0.7,0.8,0.75,0.8,0.8,0.8,,,,0.4350681770727238,0.9519517922471346,408.2869441671096,333.277499149238,333.13150963454984,0.0519517922471345,0.1459895146881535,11.713055832890404,0.4340681770727238,O1,0.0519517922471345,False,True,KALINA,0.0737698471482978,"KALINA: régimen Kalina genuino y admisible, sin fallas."
380.0,3200.0,1358.0,0.7,0.9,0.75,0.8,0.8,0.85,,,,0.2754319860158088,0.966917167129168,374.1369192561467,323.5573086406862,316.8748287757487,0.066917167129168,6.682479864937477,5.863080743853288,0.2744319860158088,O1,0.066917167129168,False,True,KALINA,0.0674940863377106,"KALINA: régimen Kalina genuino y admisible, sin fallas."
380.0,3200.0,1358.0,0.7,0.9,0.75,0.8,0.8,0.75,,,,0.2786663101226513,0.9668373842950652,374.379217819465,323.5573086406862,323.9279003341361,0.0668373842950651,-0.3705916934499669,5.620782180535002,0.2776663101226513,O2,-0.3705916934499669,False,True,CORREGIBLE,0.0715004009600172,"[CORREGIBLE] O2: succión de la bomba bifásica bajo el peor caso de T_amb (riesgo de cavitación) (medido=323.92790033413615, esperado=<= 323.557 K). Causa probable: subenfriamiento insuficiente a la salida del condensador bajo el peor caso ambiental. Sugerencia: aumentar eps_cond o el margen de suben"
380.0,3200.0,1358.0,0.7,0.9,0.75,0.75,0.75,0.8,,,,0.2572097157331873,0.967305897255043,372.8263713506781,323.5573086406862,321.2376271092748,0.0673058972550429,2.3196815314113906,7.17362864932187,0.2562097157331873,O1,0.0673058972550429,False,True,KALINA,0.0660468514775452,"KALINA: régimen Kalina genuino y admisible, sin fallas."
380.0,3200.0,1358.0,0.7,0.9,0.75,0.85,0.85,0.8,,,,0.2955158153950954,0.9663697962689936,375.6910279058778,323.5573086406862,322.6358764285244,0.0663697962689935,0.9214322121617896,4.308972094122225,0.2945158153950954,O1,0.0663697962689935,False,True,KALINA,0.07237045100145,"KALINA: régimen Kalina genuino y admisible, sin fallas."
380.0,4000.0,1440.0,0.75,0.9,0.75,0.85,0.85,0.8,,,,0.2703313418275716,0.9549836755386036,377.0452299297364,322.10377608185905,320.2689250985965,0.0549836755386037,1.8348509832625268,2.954770070263635,0.2693313418275716,O1,0.0549836755386037,False,True,KALINA,0.0800284884366018,"KALINA: régimen Kalina genuino y admisible, sin fallas."
380.0,4000.0,1440.0,0.75,0.9,0.75,0.8,0.8,0.85,,,,0.2491339182581421,0.9543040095089956,376.0043073291847,322.10377608185905,315.2259466717998,0.0543040095089955,6.877829410059235,3.995692670815288,0.2481339182581421,O1,0.0543040095089955,False,True,KALINA,0.0736010348653917,"KALINA: régimen Kalina genuino y admisible, sin fallas."
380.0,4000.0,1440.0,0.75,0.9,0.75,0.75,0.75,0.8,,,,0.229712191165038,0.9535830206397492,375.12081105334494,322.10377608185905,319.1173433254405,0.0535830206397491,2.9864327564185373,4.879188946655063,0.228712191165038,O1,0.0535830206397491,False,True,KALINA,0.0705323764448408,"KALINA: régimen Kalina genuino y admisible, sin fallas."
380.0,4000.0,1440.0,0.75,0.9,0.75,0.8,0.8,0.75,,,,0.2523052229845805,0.954413374273722,376.15476109561257,322.10377608185905,322.27145287957484,0.0544133742737219,-0.1676767977157851,3.845238904387429,0.2513052229845805,O2,-0.1676767977157851,False,True,CORREGIBLE,0.0777911966647834,"[CORREGIBLE] O2: succión de la bomba bifásica bajo el peor caso de T_amb (riesgo de cavitación) (medido=322.27145287957484, esperado=<= 322.104 K). Causa probable: subenfriamiento insuficiente a la salida del condensador bajo el peor caso ambiental. Sugerencia: aumentar eps_cond o el margen de suben"
380.0,4000.0,1700.0,0.8,0.9,0.75,0.75,0.75,0.8,,,,0.3449737641896422,0.95929188198633,372.9019256112809,325.4930160641757,324.2919376926154,0.05929188198633,1.2010783715602995,7.098074388719112,0.3439737641896422,O1,0.05929188198633,False,True,KALINA,0.0702387853211691,"KALINA: régimen Kalina genuino y admisible, sin fallas."
380.0,4000.0,1700.0,0.8,0.9,0.75,0.85,0.85,0.8,,,,0.3974002711569315,0.9609813645248496,375.5198881945077,325.4930160641757,325.5326512288287,0.0609813645248494,-0.0396351646529637,4.4801118054923,0.3964002711569315,O2,-0.0396351646529637,False,True,CORREGIBLE,0.0761134436642221,"[CORREGIBLE] O2: succión de la bomba bifásica bajo el peor caso de T_amb (riesgo de cavitación) (medido=325.5326512288287, esperado=<= 325.493 K). Causa probable: subenfriamiento insuficiente a la salida del condensador bajo el peor caso ambiental. Sugerencia: aumentar eps_cond o el margen de subenf"
380.0,4000.0,1700.0,0.8,0.9,0.75,0.8,0.8,0.85,,,,0.3695563457213914,0.960172111464269,374.0556632920532,325.4930160641757,319.4088554924573,0.0601721114642689,6.084160571718428,5.944336707946832,0.3685563457213914,O1,0.0601721114642689,False,True,KALINA,0.068090154538132,"KALINA: régimen Kalina genuino y admisible, sin fallas."
380.0,4000.0,1700.0,0.8,0.9,0.75,0.8,0.8,0.75,,,,0.3746132186755891,0.9603354641268966,374.3084582326648,325.4930160641757,325.80634962595025,0.0603354641268966,-0.3133335617745274,5.691541767335195,0.3736132186755891,O2,-0.3133335617745274,False,True,CORREGIBLE,0.0757005585178379,"[CORREGIBLE] O2: succión de la bomba bifásica bajo el peor caso de T_amb (riesgo de cavitación) (medido=325.80634962595025, esperado=<= 325.493 K). Causa probable: subenfriamiento insuficiente a la salida del condensador bajo el peor caso ambiental. Sugerencia: aumentar eps_cond o el margen de suben"
380.0,4500.0,1912.0,0.85,0.9,0.75,0.8,0.8,0.85,,,,0.4155949094413655,0.9502270887740536,374.5475235208384,327.4993865157317,320.4798461865354,0.0502270887740535,7.019540329196332,5.452476479161589,0.4145949094413655,O1,0.0502270887740535,False,True,KALINA,0.0715144388260143,"KALINA: régimen Kalina genuino y admisible, sin fallas."
380.0,4500.0,1912.0,0.85,0.9,0.75,0.85,0.85,0.8,,,,0.4484993297919675,0.9521873458250536,375.839082710857,327.4993865157317,327.51282653303707,0.0521873458250535,-0.0134400173053563,4.160917289143015,0.4474993297919675,O2,-0.0134400173053563,False,True,CORREGIBLE,0.0766823292317683,"[CORREGIBLE] O2: succión de la bomba bifásica bajo el peor caso de T_amb (riesgo de cavitación) (medido=327.51282653303707, esperado=<= 327.499 K). Causa probable: subenfriamiento insuficiente a la salida del condensador bajo el peor caso ambiental. Sugerencia: aumentar eps_cond o el margen de suben"
380.0,4500.0,1912.0,0.85,0.9,0.75,0.8,0.8,0.75,,,,0.4220688277392879,0.9506162132072395,374.7870468321393,327.4993865157317,327.70813583328425,0.0506162132072396,-0.208749317552531,5.2129531678606895,0.4210688277392879,O2,-0.208749317552531,False,True,CORREGIBLE,0.0764941721315683,"[CORREGIBLE] O2: succión de la bomba bifásica bajo el peor caso de T_amb (riesgo de cavitación) (medido=327.70813583328425, esperado=<= 327.499 K). Causa probable: subenfriamiento insuficiente a la salida del condensador bajo el peor caso ambiental. Sugerencia: aumentar eps_cond o el margen de suben"
380.0,4500.0,1912.0,0.85,0.9,0.75,0.75,0.75,0.8,,,,0.3874394997166267,0.9485343330281304,373.579122005067,327.4993865157317,325.61183985347867,0.0485343330281304,1.887546662253044,6.420877994932994,0.3864394997166267,O1,0.0485343330281304,True,True,KALINA,0.0708120423115522,"KALINA: régimen Kalina genuino y admisible, sin fallas."
400.0,4000.0,1540.0,0.7,0.9,0.75,0.8,0.8,0.85,,,,0.3391822417657661,0.9551617098170168,391.43843294107074,328.49820386809074,320.1077181932363,0.0551617098170167,8.39048567485446,8.561567058929256,0.3381822417657661,O1,0.0551617098170167,False,True,KALINA,0.076977570915269,"KALINA: régimen Kalina genuino y admisible, sin fallas."
400.0,4000.0,1540.0,0.7,0.9,0.75,0.75,0.75,0.8,,,,0.3180014177096066,0.9560020792779717,389.5278040820521,328.49820386809074,325.414848283041,0.0560020792779716,3.0833555850497305,10.472195917947886,0.3170014177096066,O1,0.0560020792779716,False,True,KALINA,0.0757979710462294,"KALINA: régimen Kalina genuino y admisible, sin fallas."
400.0,4000.0,1540.0,0.7,0.9,0.75,0.85,0.85,0.8,,,,0.3628464961513716,0.95410567571869,393.73958828796987,328.49820386809074,327.2161595575888,0.05410567571869,1.2820443105019308,6.260411712030134,0.3618464961513716,O1,0.05410567571869,False,True,KALINA,0.0824816102879721,"KALINA: régimen Kalina genuino y admisible, sin fallas."
400.0,4000.0,1540.0,0.7,0.9,0.75,0.8,0.8,0.75,,,,0.3433776137472348,0.9549828831193624,391.8334276853028,328.49820386809074,328.9469118093584,0.0549828831193625,-0.4487079412676849,8.166572314697248,0.3423776137472348,O2,-0.4487079412676849,False,True,CORREGIBLE,0.081974308960352,"[CORREGIBLE] O2: succión de la bomba bifásica bajo el peor caso de T_amb (riesgo de cavitación) (medido=328.9469118093584, esperado=<= 328.498 K). Causa probable: subenfriamiento insuficiente a la salida del condensador bajo el peor caso ambiental. Sugerencia: aumentar eps_cond o el margen de subenf"
400.0,4500.0,1732.0,0.75,0.9,0.75,0.8,0.8,0.85,,,,0.386035382372508,0.9535716402730988,391.0958988798084,329.41219711391875,321.1941312101253,0.0535716402730989,8.218065903793445,8.90410112019157,0.385035382372508,O1,0.0535716402730989,False,True,KALINA,0.0789343671438427,"KALINA: régimen Kalina genuino y admisible, sin fallas."
400.0,4500.0,1732.0,0.75,0.9,0.75,0.8,0.8,0.75,,,,0.391204519606161,0.9534477365758848,391.51692726137566,329.41219711391875,329.81214511460763,0.0534477365758846,-0.3999480006888802,8.483072738624344,0.390204519606161,O2,-0.3999480006888802,False,True,CORREGIBLE,0.0843214258192488,"[CORREGIBLE] O2: succión de la bomba bifásica bajo el peor caso de T_amb (riesgo de cavitación) (medido=329.81214511460763, esperado=<= 329.412 K). Causa probable: subenfriamiento insuficiente a la salida del condensador bajo el peor caso ambiental. Sugerencia: aumentar eps_cond o el margen de suben"
400.0,4500.0,1732.0,0.75,0.9,0.75,0.75,0.75,0.8,,,,0.3619053008187594,0.9540242132986418,389.23807774542615,329.41219711391875,326.71245710652494,0.0540242132986418,2.699740007393814,10.761922254573848,0.3609053008187594,O1,0.0540242132986418,False,True,KALINA,0.0779813728238045,"KALINA: régimen Kalina genuino y admisible, sin fallas."
400.0,4500.0,1732.0,0.75,0.9,0.75,0.85,0.85,0.8,,,,0.4133729553675559,0.9528124415082976,393.4198460018029,329.41219711391875,328.7980320524732,0.0528124415082974,0.6141650614455898,6.5801539981970905,0.4123729553675559,O1,0.0528124415082974,False,True,KALINA,0.0846184868932369,"KALINA: régimen Kalina genuino y admisible, sin fallas."
400.0,4500.0,2070.0,0.8,0.9,0.75,0.8,0.8,0.85,,,,0.4915914241585018,0.9603056887443968,388.5252636012407,333.53067697421005,324.72915959256426,0.0603056887443969,8.801517381645795,11.47473639875932,0.4905914241585018,O1,0.0603056887443969,False,True,KALINA,0.0695671554602956,"KALINA: régimen Kalina genuino y admisible, sin fallas."
400.0,4500.0,2070.0,0.8,0.9,0.75,0.85,0.85,0.8,,,,0.5235563690565997,0.959532866000678,391.4658259004147,333.53067697421005,333.5464864498201,0.0595328660006779,-0.0158094756100695,8.5341740995853,0.4754436309434002,O2,-0.0158094756100695,False,True,CORREGIBLE,0.0743062340971163,"[CORREGIBLE] O2: succión de la bomba bifásica bajo el peor caso de T_amb (riesgo de cavitación) (medido=333.5464864498201, esperado=<= 333.531 K). Causa probable: subenfriamiento insuficiente a la salida del condensador bajo el peor caso ambiental. Sugerencia: aumentar eps_cond o el margen de subenf"
400.0,4500.0,2070.0,0.8,0.9,0.75,0.75,0.75,0.8,,,,0.4642133762585106,0.9606811331641282,386.3194903328633,333.53067697421005,331.05645897446965,0.0606811331641281,2.474217999740404,13.680509667136675,0.4632133762585106,O1,0.0606811331641281,False,True,KALINA,0.0697597362475345,"KALINA: régimen Kalina genuino y admisible, sin fallas."
400.0,4500.0,2070.0,0.8,0.9,0.75,0.8,0.8,0.75,,,,0.498616989306109,0.9601662434316812,389.136405642872,333.53067697421005,333.9266585170633,0.0601662434316813,-0.3959815428532351,10.863594357127964,0.497616989306109,O2,-0.3959815428532351,False,True,CORREGIBLE,0.0748691447696383,"[CORREGIBLE] O2: succión de la bomba bifásica bajo el peor caso de T_amb (riesgo de cavitación) (medido=333.9266585170633, esperado=<= 333.531 K). Causa probable: subenfriamiento insuficiente a la salida del condensador bajo el peor caso ambiental. Sugerencia: aumentar eps_cond o el margen de subenf"
380.0,3600.0,1251.0,0.7,0.85,0.75,0.8,0.8,0.8,,,,0.2110952088404792,0.961097451816082,376.0602785234868,320.4259850356871,318.23037815610473,0.061097451816082,2.1956068795823853,3.9397214765131703,0.2100952088404792,O1,0.061097451816082,False,True,KALINA,0.0699355881538702,"KALINA: régimen Kalina genuino y admisible, sin fallas."
380.0,3600.0,1200.0,0.7,0.85,0.75,0.8,0.8,0.8,,,,0.2110865990342292,0.9599036309666562,376.0597710790949,318.8649167156344,318.18684847828075,0.0599036309666561,0.6780682373536138,3.940228920905099,0.2100865990342292,O1,0.0599036309666561,False,True,KALINA,0.0726712687415111,"KALINA: régimen Kalina genuino y admisible, sin fallas."
380.0,3200.0,1313.0,0.7,0.85,0.75,0.8,0.8,0.8,,,,0.2769969347042068,0.9678743674761128,374.253783161586,322.2629074784072,321.9913792806277,0.0678743674761128,0.2715281977794461,5.746216838414,0.2759969347042068,O1,0.0678743674761128,False,True,KALINA,0.0675778492120595,"KALINA: régimen Kalina genuino y admisible, sin fallas."
380.0,3200.0,1262.0,0.7,0.85,0.75,0.8,0.8,0.8,,,,0.2769838790302155,0.9668665025662864,374.2528053246526,320.756619956726,320.86550622578284,0.0668665025662864,-0.1088862690568817,5.747194675347373,0.2759838790302155,O2,-0.1088862690568817,False,True,CORREGIBLE,0.0705026107871522,"[CORREGIBLE] O2: succión de la bomba bifásica bajo el peor caso de T_amb (riesgo de cavitación) (medido=320.86550622578284, esperado=<= 320.757 K). Causa probable: subenfriamiento insuficiente a la salida del condensador bajo el peor caso ambiental. Sugerencia: aumentar eps_cond o el margen de suben"
380.0,4000.0,1105.0,0.7,0.85,0.75,0.8,0.8,0.8,,,,0.1322413288286941,0.949210726655086,377.69458947333527,315.8235869439098,313.91006647864464,0.0492107266550858,1.913520465265151,2.30541052666473,0.1312413288286941,O1,0.0492107266550858,True,True,KALINA,0.0631607579321995,"KALINA: régimen Kalina genuino y admisible, sin fallas."
380.0,4000.0,1065.0,0.7,0.85,0.75,0.8,0.8,0.8,,,,0.1322385315732413,0.9478465215918808,377.6944629156089,314.4858302819485,313.8876167809888,0.0478465215918808,0.5982135009596732,2.305537084391119,0.1312385315732413,O1,0.0478465215918808,True,True,KALINA,0.0651012033992125,"KALINA: régimen Kalina genuino y admisible, sin fallas."
380.0,3600.0,1421.0,0.75,0.85,0.75,0.8,0.8,0.8,,,,0.3200256634093825,0.9648378371808526,374.1990584949057,321.5924399573108,321.718805357465,0.0648378371808525,-0.1263654001542136,5.800941505094272,0.3190256634093825,O2,-0.1263654001542136,False,True,CORREGIBLE,0.0725590034987231,"[CORREGIBLE] O2: succión de la bomba bifásica bajo el peor caso de T_amb (riesgo de cavitación) (medido=321.718805357465, esperado=<= 321.592 K). Causa probable: subenfriamiento insuficiente a la salida del condensador bajo el peor caso ambiental. Sugerencia: aumentar eps_cond o el margen de subenfr"
380.0,3600.0,1479.0,0.75,0.85,0.75,0.8,0.8,0.8,,,,0.320042428171772,0.9660369003262153,374.20009475087375,323.13827954267504,323.16371949015405,0.0660369003262152,-0.0254399474790147,5.799905249126255,0.319042428171772,O2,-0.0254399474790147,False,True,CORREGIBLE,0.069507160571715,"[CORREGIBLE] O2: succión de la bomba bifásica bajo el peor caso de T_amb (riesgo de cavitación) (medido=323.16371949015405, esperado=<= 323.138 K). Causa probable: subenfriamiento insuficiente a la salida del condensador bajo el peor caso ambiental. Sugerencia: aumentar eps_cond o el margen de suben"
380.0,4000.0,1335.0,0.75,0.85,0.75,0.8,0.8,0.8,,,,0.2506596436417078,0.9550098728161268,376.0764667494551,319.2139960643673,319.24629211862907,0.0550098728161266,-0.032296054261792,3.923533250544892,0.2496596436417078,O2,-0.032296054261792,False,True,CORREGIBLE,0.0758518754047487,"[CORREGIBLE] O2: succión de la bomba bifásica bajo el peor caso de T_amb (riesgo de cavitación) (medido=319.24629211862907, esperado=<= 319.214 K). Causa probable: subenfriamiento insuficiente a la salida del condensador bajo el peor caso ambiental. Sugerencia: aumentar eps_cond o el margen de suben"
380.0,4000.0,1391.0,0.75,0.85,0.75,0.8,0.8,0.8,,,,0.2506709603341864,0.9565456922518596,376.0770035246668,320.7749017589948,319.7516858276074,0.0565456922518595,1.0232159313874265,3.922996475333207,0.2496709603341864,O1,0.0565456922518595,False,True,KALINA,0.0730188687505286,"KALINA: régimen Kalina genuino y admisible, sin fallas."
380.0,4500.0,907.0,0.75,0.85,0.75,0.8,0.8,0.8,,,,0.1382014429981725,0.9237276395922488,378.1264860905435,305.34562522977257,305.86565141188606,0.0237276395922486,-0.5200261821134973,1.8735139094565056,0.1372014429981725,O2,-0.5200261821134973,True,True,CORREGIBLE,0.0754465990284562,"[CORREGIBLE] O2: succión de la bomba bifásica bajo el peor caso de T_amb (riesgo de cavitación) (medido=305.86565141188606, esperado=<= 305.346 K). Causa probable: subenfriamiento insuficiente a la salida del condensador bajo el peor caso ambiental. Sugerencia: aumentar eps_cond o el margen de suben"
380.0,4500.0,1047.0,0.75,0.85,0.75,0.8,0.8,0.8,,,,0.1381945653699559,0.9303319050708868,378.1262610754108,310.3304194197487,310.5505700511689,0.0303319050708869,-0.2201506314202106,1.8737389245891904,0.1371945653699559,O2,-0.2201506314202106,True,True,CORREGIBLE,0.0692188510947318,"[CORREGIBLE] O2: succión de la bomba bifásica bajo el peor caso de T_amb (riesgo de cavitación) (medido=310.5505700511689, esperado=<= 310.330 K). Causa probable: subenfriamiento insuficiente a la salida del condensador bajo el peor caso ambiental. Sugerencia: aumentar eps_cond o el margen de subenf"
380.0,4000.0,1580.0,0.8,0.85,0.75,0.8,0.8,0.8,,,,0.371915305861993,0.9601942633333532,374.1728980883674,322.61621092531544,322.7454679337695,0.0601942633333532,-0.1292570084540329,5.82710191163261,0.370915305861993,O2,-0.1292570084540329,False,True,CORREGIBLE,0.0745591983820292,"[CORREGIBLE] O2: succión de la bomba bifásica bajo el peor caso de T_amb (riesgo de cavitación) (medido=322.7454679337695, esperado=<= 322.616 K). Causa probable: subenfriamiento insuficiente a la salida del condensador bajo el peor caso ambiental. Sugerencia: aumentar eps_cond o el margen de subenf"
380.0,4000.0,1644.0,0.8,0.85,0.75,0.8,0.8,0.8,,,,0.3719368286258536,0.9617479045676672,374.1739732497328,324.16943813910126,324.22708559668774,0.0617479045676673,-0.0576474575864836,5.826026750267204,0.3709368286258536,O2,-0.0576474575864836,False,True,CORREGIBLE,0.0714301023316788,"[CORREGIBLE] O2: succión de la bomba bifásica bajo el peor caso de T_amb (riesgo de cavitación) (medido=324.22708559668774, esperado=<= 324.169 K). Causa probable: subenfriamiento insuficiente a la salida del condensador bajo el peor caso ambiental. Sugerencia: aumentar eps_cond o el margen de suben"
380.0,4500.0,1502.0,0.8,0.85,0.75,0.8,0.8,0.8,,,,0.2765089750369993,0.9447934148458916,376.5899586310388,320.66025257002065,320.46393236306864,0.0447934148458916,0.1963202069520093,3.410041368961231,0.2755089750369993,O1,0.0447934148458916,True,True,KALINA,0.0759503516691565,"KALINA: régimen Kalina genuino y admisible, sin fallas."
380.0,4500.0,1565.0,0.8,0.85,0.75,0.8,0.8,0.8,,,,0.2765219535009003,0.94681705179623,376.59040916406985,322.2455978927831,320.51727395814163,0.0468170517962298,1.7283239346414805,3.409590835930146,0.2755219535009003,O1,0.0468170517962298,True,True,KALINA,0.0730682738628282,"KALINA: régimen Kalina genuino y admisible, sin fallas."
380.0,4500.0,1777.0,0.85,0.85,0.75,0.8,0.8,0.8,,,,0.4187128503527234,0.950172159516216,374.662044026204,324.579820543887,324.6513238601014,0.050172159516216,-0.0715033162143754,5.337955973796056,0.4177128503527234,O2,-0.0715033162143754,False,True,CORREGIBLE,0.0751651952430218,"[CORREGIBLE] O2: succión de la bomba bifásica bajo el peor caso de T_amb (riesgo de cavitación) (medido=324.6513238601014, esperado=<= 324.580 K). Causa probable: subenfriamiento insuficiente a la salida del condensador bajo el peor caso ambiental. Sugerencia: aumentar eps_cond o el margen de subenf"
380.0,4500.0,1849.0,0.85,0.85,0.75,0.8,0.8,0.8,,,,0.4187391140777118,0.9522747709716018,374.6630152459892,326.1562113319434,326.1780037367486,0.0522747709716018,-0.0217924048052395,5.336984754010814,0.4177391140777118,O2,-0.0217924048052395,False,True,CORREGIBLE,0.0719762369867695,"[CORREGIBLE] O2: succión de la bomba bifásica bajo el peor caso de T_amb (riesgo de cavitación) (medido=326.1780037367486, esperado=<= 326.156 K). Causa probable: subenfriamiento insuficiente a la salida del condensador bajo el peor caso ambiental. Sugerencia: aumentar eps_cond o el margen de subenf"
400.0,3600.0,1560.0,0.7,0.85,0.75,0.8,0.8,0.8,,,,0.3830725547837531,0.9622605496038772,390.1605671197103,329.01518735076536,329.021454328055,0.0622605496038771,-0.0062669772896128,9.839432880289737,0.3820725547837531,O2,-0.0062669772896128,False,True,CORREGIBLE,0.0691065798696685,"[CORREGIBLE] O2: succión de la bomba bifásica bajo el peor caso de T_amb (riesgo de cavitación) (medido=329.021454328055, esperado=<= 329.015 K). Causa probable: subenfriamiento insuficiente a la salida del condensador bajo el peor caso ambiental. Sugerencia: aumentar eps_cond o el margen de subenfr"
400.0,3600.0,1611.0,0.7,0.85,0.75,0.8,0.8,0.8,,,,0.3830900293676562,0.9632837661181574,390.1624724954812,330.3124471406127,329.14739832712803,0.0632837661181573,1.1650488134846455,9.837527504518787,0.3820900293676562,O1,0.0632837661181573,False,True,KALINA,0.0665084656517192,"KALINA: régimen Kalina genuino y admisible, sin fallas."
400.0,4000.0,1465.0,0.7,0.85,0.75,0.8,0.8,0.8,,,,0.341213660114939,0.9559174092169264,391.6289991568713,326.51569530604684,326.36030095871365,0.0559174092169262,0.1553943473331855,8.371000843128684,0.340213660114939,O1,0.0559174092169262,False,True,KALINA,0.0782717030193197,"KALINA: régimen Kalina genuino y admisible, sin fallas."
400.0,4000.0,1505.0,0.7,0.85,0.75,0.8,0.8,0.8,,,,0.3412259725705291,0.9566825093589142,391.6301581388545,327.58183022132374,326.4095288675455,0.0566825093589141,1.1723013537782665,8.369841861145517,0.3402259725705291,O1,0.0566825093589141,False,True,KALINA,0.0762188020358203,"KALINA: régimen Kalina genuino y admisible, sin fallas."
400.0,4500.0,1327.0,0.7,0.85,0.75,0.8,0.8,0.8,,,,0.2848345194835224,0.947734140635573,393.4721133929304,322.66899167305667,322.69433866208374,0.047734140635573,-0.0253469890270707,6.527886607069661,0.2838345194835224,O2,-0.0253469890270707,True,True,CORREGIBLE,0.08647183467898,"[CORREGIBLE] O2: succión de la bomba bifásica bajo el peor caso de T_amb (riesgo de cavitación) (medido=322.69433866208374, esperado=<= 322.669 K). Causa probable: subenfriamiento insuficiente a la salida del condensador bajo el peor caso ambiental. Sugerencia: aumentar eps_cond o el margen de suben"
400.0,4500.0,1399.0,0.7,0.85,0.75,0.8,0.8,0.8,,,,0.2848527558895202,0.9491242300140416,393.4735209750644,324.7100331166753,323.0178053618344,0.0491242300140415,1.6922277548408715,6.526479024935611,0.2838527558895202,O1,0.0491242300140415,True,True,KALINA,0.0827784555855413,"KALINA: régimen Kalina genuino y admisible, sin fallas."
400.0,4000.0,1735.0,0.75,0.85,0.75,0.8,0.8,0.8,,,,0.4390838353509645,0.9618519314545622,389.345957155189,329.4825229828337,329.5839754404451,0.0618519314545621,-0.1014524576114013,10.654042844810933,0.4380838353509645,O2,-0.1014524576114013,False,True,CORREGIBLE,0.0713931154157987,"[CORREGIBLE] O2: succión de la bomba bifásica bajo el peor caso de T_amb (riesgo de cavitación) (medido=329.5839754404451, esperado=<= 329.483 K). Causa probable: subenfriamiento insuficiente a la salida del condensador bajo el peor caso ambiental. Sugerencia: aumentar eps_cond o el margen de subenf"
400.0,4000.0,1791.0,0.75,0.85,0.75,0.8,0.8,0.8,,,,0.4391053663995303,0.9628425165431056,389.34811073414784,330.7796292137518,330.7916860900608,0.0628425165431055,-0.0120568763090318,10.651889265852162,0.4381053663995303,O2,-0.0120568763090318,False,True,CORREGIBLE,0.0687387207916346,"[CORREGIBLE] O2: succión de la bomba bifásica bajo el peor caso de T_amb (riesgo de cavitación) (medido=330.7916860900608, esperado=<= 330.780 K). Causa probable: subenfriamiento insuficiente a la salida del condensador bajo el peor caso ambiental. Sugerencia: aumentar eps_cond o el margen de subenf"
400.0,4500.0,1648.0,0.75,0.85,0.75,0.8,0.8,0.8,,,,0.3885421116356015,0.954414384629278,391.2990275106541,327.4067211965881,327.4346458697826,0.0544143846292778,-0.0279246731945477,8.700972489345872,0.3875421116356015,O2,-0.0279246731945477,False,True,CORREGIBLE,0.0803756325955885,"[CORREGIBLE] O2: succión de la bomba bifásica bajo el peor caso de T_amb (riesgo de cavitación) (medido=327.4346458697826, esperado=<= 327.407 K). Causa probable: subenfriamiento insuficiente a la salida del condensador bajo el peor caso ambiental. Sugerencia: aumentar eps_cond o el margen de subenf"
400.0,4500.0,1693.0,0.75,0.85,0.75,0.8,0.8,0.8,,,,0.3885573764816094,0.9551995511835244,391.3002704863172,328.4899414932356,327.85239986821495,0.0551995511835242,0.6375416250206172,8.699729513682769,0.3875573764816094,O1,0.0551995511835242,False,True,KALINA,0.0782615715821869,"KALINA: régimen Kalina genuino y admisible, sin fallas."
400.0,4500.0,1952.0,0.8,0.85,0.75,0.8,0.8,0.8,,,,0.4949907597684362,0.960243731228556,388.8185714872739,331.0879563142492,331.1591568750527,0.0602437312285559,-0.0712005608035042,11.181428512726086,0.4939907597684362,O2,-0.0712005608035042,False,True,CORREGIBLE,0.0728019623572261,"[CORREGIBLE] O2: succión de la bomba bifásica bajo el peor caso de T_amb (riesgo de cavitación) (medido=331.1591568750527, esperado=<= 331.088 K). Causa probable: subenfriamiento insuficiente a la salida del condensador bajo el peor caso ambiental. Sugerencia: aumentar eps_cond o el margen de subenf"
400.0,4500.0,2015.0,0.8,0.85,0.75,0.8,0.8,0.8,,,,0.4950169856235275,0.9612694943154836,388.8208517306628,332.404851700536,332.41068641918633,0.0612694943154836,-0.0058347186503624,11.179148269337247,0.4940169856235275,O2,-0.0058347186503624,False,True,CORREGIBLE,0.0700874571173217,"[CORREGIBLE] O2: succión de la bomba bifásica bajo el peor caso de T_amb (riesgo de cavitación) (medido=332.41068641918633, esperado=<= 332.405 K). Causa probable: subenfriamiento insuficiente a la salida del condensador bajo el peor caso ambiental. Sugerencia: aumentar eps_cond o el margen de suben"
420.0,4500.0,1648.0,0.7,0.85,0.75,0.8,0.8,0.8,,,,0.4349857779128362,0.9475291453795786,408.2770621681331,331.2354187956005,331.39929009748903,0.0475291453795785,-0.1638713018885482,11.722937831866886,0.4339857779128362,O2,-0.1638713018885482,True,True,CORREGIBLE,0.082863702291089,"[CORREGIBLE] O2: succión de la bomba bifásica bajo el peor caso de T_amb (riesgo de cavitación) (medido=331.39929009748903, esperado=<= 331.235 K). Causa probable: subenfriamiento insuficiente a la salida del condensador bajo el peor caso ambiental. Sugerencia: aumentar eps_cond o el margen de suben"
420.0,4500.0,1693.0,0.7,0.85,0.75,0.8,0.8,0.8,,,,0.435003698859956,0.9484604665740268,408.27921125359927,332.3383294856614,332.3978700225558,0.0484604665740269,-0.059540536894417,11.720788746400729,0.434003698859956,O2,-0.059540536894417,True,True,CORREGIBLE,0.0806887564316944,"[CORREGIBLE] O2: succión de la bomba bifásica bajo el peor caso de T_amb (riesgo de cavitación) (medido=332.3978700225558, esperado=<= 332.338 K). Causa probable: subenfriamiento insuficiente a la salida del condensador bajo el peor caso ambiental. Sugerencia: aumentar eps_cond o el margen de subenf"
380.0,3200.0,951.0,0.7,0.85,0.75,0.8,0.8,0.85,,,,0.2753779835098099,0.9598475572049848,374.1328990309654,310.45967832019494,310.99797281925,0.0598475572049848,-0.5382944990550413,5.867100969034595,0.2743779835098099,O2,-0.5382944990550413,False,True,CORREGIBLE,0.0883951685380846,"[CORREGIBLE] O2: succión de la bomba bifásica bajo el peor caso de T_amb (riesgo de cavitación) (medido=310.99797281925, esperado=<= 310.460 K). Causa probable: subenfriamiento insuficiente a la salida del condensador bajo el peor caso ambiental. Sugerencia: aumentar eps_cond o el margen de subenfri"
380.0,3200.0,951.0,0.7,0.8,0.75,0.8,0.8,0.8,,,,0.2769698829299158,0.9626926446172758,374.2517571063347,310.45967832019494,311.4782848473186,0.0626926446172757,-1.0186065271236655,5.748242893665292,0.2759698829299158,O2,-1.0186065271236655,False,True,CORREGIBLE,0.0834793627932373,"[CORREGIBLE] O2: succión de la bomba bifásica bajo el peor caso de T_amb (riesgo de cavitación) (medido=311.4782848473186, esperado=<= 310.460 K). Causa probable: subenfriamiento insuficiente a la salida del condensador bajo el peor caso ambiental. Sugerencia: aumentar eps_cond o el margen de subenf"
380.0,3200.0,951.0,0.7,0.9,0.75,0.8,0.8,0.8,,,,0.276900952157453,0.9566893238057178,374.2465954504417,310.45967832019494,311.4564705342496,0.0566893238057177,-0.9967922140546648,5.753404549558297,0.275900952157453,O2,-0.9967922140546648,False,True,CORREGIBLE,0.0954191149076689,"[CORREGIBLE] O2: succión de la bomba bifásica bajo el peor caso de T_amb (riesgo de cavitación) (medido=311.4564705342496, esperado=<= 310.460 K). Causa probable: subenfriamiento insuficiente a la salida del condensador bajo el peor caso ambiental. Sugerencia: aumentar eps_cond o el margen de subenf"
380.0,3200.0,951.0,0.7,0.85,0.75,0.85,0.85,0.8,,,,0.295480184823002,0.9594746169574596,375.6881640964804,310.45967832019494,311.5304088444413,0.0594746169574594,-1.0707305242463576,4.311835903519636,0.294480184823002,O2,-1.0707305242463576,False,True,CORREGIBLE,0.0931396655656847,"[CORREGIBLE] O2: succión de la bomba bifásica bajo el peor caso de T_amb (riesgo de cavitación) (medido=311.5304088444413, esperado=<= 310.460 K). Causa probable: subenfriamiento insuficiente a la salida del condensador bajo el peor caso ambiental. Sugerencia: aumentar eps_cond o el margen de subenf"
380.0,3200.0,951.0,0.7,0.85,0.75,0.75,0.75,0.8,,,,0.2571486288590776,0.9599957553363052,372.822129575574,310.45967832019494,311.4006947299365,0.0599957553363051,-0.9410164097415644,7.1778704244260325,0.2561486288590776,O2,-0.9410164097415644,False,True,CORREGIBLE,0.0853183678290734,"[CORREGIBLE] O2: succión de la bomba bifásica bajo el peor caso de T_amb (riesgo de cavitación) (medido=311.4006947299365, esperado=<= 310.460 K). Causa probable: subenfriamiento insuficiente a la salida del condensador bajo el peor caso ambiental. Sugerencia: aumentar eps_cond o el margen de subenf"
380.0,4000.0,1008.0,0.75,0.85,0.75,0.8,0.8,0.85,,,,0.2490971934563116,0.9438218691227056,376.00257552561374,308.9939056902606,309.3687336816514,0.0438218691227056,-0.3748279913908163,3.997424474386264,0.2480971934563116,O2,-0.3748279913908163,True,True,CORREGIBLE,0.0923896868858727,"[CORREGIBLE] O2: succión de la bomba bifásica bajo el peor caso de T_amb (riesgo de cavitación) (medido=309.3687336816514, esperado=<= 308.994 K). Causa probable: subenfriamiento insuficiente a la salida del condensador bajo el peor caso ambiental. Sugerencia: aumentar eps_cond o el margen de subenf"
380.0,4000.0,1008.0,0.75,0.9,0.75,0.8,0.8,0.8,,,,0.2505862712162326,0.938103787589316,376.072987091758,308.9939056902606,309.6553318430809,0.0381037875893158,-0.6614261528202974,3.927012908241977,0.2495862712162326,O2,-0.6614261528202974,True,True,CORREGIBLE,0.1000253503388736,"[CORREGIBLE] O2: succión de la bomba bifásica bajo el peor caso de T_amb (riesgo de cavitación) (medido=309.6553318430809, esperado=<= 308.994 K). Causa probable: subenfriamiento insuficiente a la salida del condensador bajo el peor caso ambiental. Sugerencia: aumentar eps_cond o el margen de subenf"
380.0,4000.0,1008.0,0.75,0.8,0.75,0.8,0.8,0.8,,,,0.2506606706881545,0.9493281183767728,376.07651546354896,308.9939056902606,309.6704208560545,0.0493281183767728,-0.6765151657938873,3.923484536451042,0.2496606706881545,O2,-0.6765151657938873,True,True,CORREGIBLE,0.0869523746210086,"[CORREGIBLE] O2: succión de la bomba bifásica bajo el peor caso de T_amb (riesgo de cavitación) (medido=309.6704208560545, esperado=<= 308.994 K). Causa probable: subenfriamiento insuficiente a la salida del condensador bajo el peor caso ambiental. Sugerencia: aumentar eps_cond o el margen de subenf"
