etapa,config,csv_origen,fila_csv,grupo,x_b,P_alta,P_baja,T_fuente,T_sumidero,m_b,eta_t,eta_p,eps_hrvg,eps_reg,eps_cond,tol_T10,max_iter_frio,x_backend,T_amb_diseno,backend,clasificacion_original,eta_original,convergio,causa,clasificacion,eta,T1_sol,nF,msg,t_s,nF_intento1,t_intento1_s,reintento_usado,punto_cascada,msg_intento1,st_disparo,fase_fallo,B_verificado,B_dh4s,origen
M0,M0,barrido_literatura_kcs11,0,sana,0.55,1000.0,273.545422,373.0,283.0,1.0,0.8,0.8,0.916686,0.925541,0.972711,0.001,300,0.55,303.55,TeqpVerificado(x=0.55),CORREGIBLE,0.087667,True,,CORREGIBLE,0.087667,329.1763,8,"[CORREGIBLE] O2: succión de la bomba bifásica bajo el peor caso de T_amb (riesgo de cavitación) (medido=303.8947420791578, esperado=<= 287.000 K). Causa probable: subenfriamiento insuficiente a la sal",38.52,0,0.0,False,,,False,final,,,REUTILIZADO de benchmark_minibarrido.csv (corrida del 2026-10-01)
M0,M0,barrido_literatura_kcs11,1,sana,0.55,1500.0,273.545421,373.0,283.0,1.0,0.8,0.8,0.888202,0.938033,0.962503,0.001,300,0.55,303.55,TeqpVerificado(x=0.55),CORREGIBLE,0.110554,True,,CORREGIBLE,0.110554,342.9587,11,"[CORREGIBLE] O2: succión de la bomba bifásica bajo el peor caso de T_amb (riesgo de cavitación) (medido=303.5837267104237, esperado=<= 287.000 K). Causa probable: subenfriamiento insuficiente a la sal",45.52,0,0.0,False,,,False,final,,,REUTILIZADO de benchmark_minibarrido.csv (corrida del 2026-10-01)
M0,M0,barrido_literatura_kcs11,2,sana,0.55,2000.0,273.54542,373.0,283.0,1.0,0.8,0.8,0.819915,0.945653,0.946358,0.001,300,0.55,303.55,TeqpVerificado(x=0.55),CORREGIBLE,0.117791,True,,CORREGIBLE,0.117791,352.635,11,"[CORREGIBLE] O2: succión de la bomba bifásica bajo el peor caso de T_amb (riesgo de cavitación) (medido=303.0858792389994, esperado=<= 287.000 K). Causa probable: subenfriamiento insuficiente a la sal",49.77,0,0.0,False,,,False,final,,,REUTILIZADO de benchmark_minibarrido.csv (corrida del 2026-10-01)
M0,M0,barrido_literatura_kcs11,5,lit_T_from_Ph,0.55,1000.0,273.545422,423.0,283.0,1.0,0.8,0.8,0.85,0.75,0.8,0.001,300,0.55,303.55,TeqpVerificado(x=0.55),NO_CONVERGIO,,False,PropertyRangeError,NO_CONVERGIO,,,1,"PropertyRangeError: T_from_Ph(P, h, x): el motor teqp no cubre el estado pedido (ver TASK_CONTEXT 2026-09-18-validar-teqp-nh3h2o). Detalle: equilibrio no resoluble en T=277.42 K, P=2.7355e+05 Pa, x=0.",1.71,0,0.0,False,valv.T7,,False,bracket,,,REUTILIZADO de benchmark_minibarrido.csv (corrida del 2026-10-01)
M0,M0,barrido_literatura_kcs11,8,sana,0.55,3000.0,273.545422,423.0,283.0,1.0,0.8,0.8,0.921687,0.96169,0.974499,0.001,300,0.55,303.55,TeqpVerificado(x=0.55),CORREGIBLE,0.152782,True,,CORREGIBLE,0.152782,363.2777,9,"[CORREGIBLE] O2: succión de la bomba bifásica bajo el peor caso de T_amb (riesgo de cavitación) (medido=303.8968705817564, esperado=<= 287.000 K). Causa probable: subenfriamiento insuficiente a la sal",41.31,0,0.0,False,,,False,final,,,REUTILIZADO de benchmark_minibarrido.csv (corrida del 2026-10-01)
M0,M0,barrido_literatura_kcs11,9,sana,0.55,5000.0,273.545422,423.0,283.0,1.0,0.8,0.8,0.855626,0.967971,0.953649,0.001,300,0.55,303.55,TeqpVerificado(x=0.55),CORREGIBLE,0.158315,True,,CORREGIBLE,0.158315,395.3246,11,"[CORREGIBLE] O2: succión de la bomba bifásica bajo el peor caso de T_amb (riesgo de cavitación) (medido=303.17054840489965, esperado=<= 287.000 K). Causa probable: subenfriamiento insuficiente a la sa",49.84,0,0.0,False,,,False,final,,,REUTILIZADO de benchmark_minibarrido.csv (corrida del 2026-10-01)
M0,M0,barrido_literatura_kcs11,10,lit_bifasico,0.55,1000.0,273.545422,463.0,283.0,1.0,0.8,0.8,0.85,0.75,0.8,0.001,300,0.55,303.55,TeqpVerificado(x=0.55),NO_CONVERGIO,,False,PropertyRangeError,NO_CONVERGIO,,,2,"PropertyRangeError: equilibrio_liquido_vapor(P=1000.0 kPa, T=462.8499610351539 K): no existe equilibrio bifásico para ninguna composición (T fuera de la campana binaria a esa P, motor teqp).",6.85,0,0.0,False,sep.ELV,,False,bracket,,,REUTILIZADO de benchmark_minibarrido.csv (corrida del 2026-10-01)
M0,M0,barrido_literatura_kcs11,12,lit_T_from_Ph,0.55,2000.0,273.54542,463.0,283.0,1.0,0.8,0.8,0.85,0.75,0.8,0.001,300,0.55,303.55,TeqpVerificado(x=0.55),NO_CONVERGIO,,False,PropertyRangeError,NO_CONVERGIO,,,2,"PropertyRangeError: T_from_Ph(P, h, x): el motor teqp no cubre el estado pedido (ver TASK_CONTEXT 2026-09-18-validar-teqp-nh3h2o). Detalle: h=55398.8 fuera de dominio a P=2.7355e+05 Pa, x=0.5639",8.98,0,0.0,False,abs.T8,,False,bracket,,,REUTILIZADO de benchmark_minibarrido.csv (corrida del 2026-10-01)
M0,M0,barrido_literatura_kcs11,14,sana,0.55,5000.0,273.545422,463.0,283.0,1.0,0.8,0.8,0.927413,0.970841,0.980428,0.001,300,0.55,303.55,TeqpVerificado(x=0.55),CORREGIBLE,0.176485,False,PropertyRangeError,NO_CONVERGIO,,,1,"PropertyRangeError: T_from_Ph(P, h, x): el motor teqp no cubre el estado pedido (ver TASK_CONTEXT 2026-09-18-validar-teqp-nh3h2o). Detalle: equilibrio no resoluble en T=263.16 K, P=2.7355e+05 Pa, x=0.",4.04,0,0.0,False,valv.T7,,False,bracket,,,REUTILIZADO de benchmark_minibarrido.csv (corrida del 2026-10-01)
M0,M0,barrido_literatura_kcs11,15,sana,0.6,1000.0,336.094584,373.0,283.0,1.0,0.8,0.8,0.928246,0.915983,0.976133,0.001,300,0.6,303.55,TeqpVerificado(x=0.6),CORREGIBLE,0.07686,True,,CORREGIBLE,0.07686,322.62,8,"[CORREGIBLE] O2: succión de la bomba bifásica bajo el peor caso de T_amb (riesgo de cavitación) (medido=303.9505560525446, esperado=<= 287.000 K). Causa probable: subenfriamiento insuficiente a la sal",28.52,0,0.0,False,,,False,final,,,REUTILIZADO de benchmark_minibarrido.csv (corrida del 2026-10-01)
M0,M0,barrido_literatura_kcs11,16,sana,0.6,1500.0,336.094595,373.0,283.0,1.0,0.8,0.8,0.912256,0.930972,0.969014,0.001,300,0.6,303.55,TeqpVerificado(x=0.6),CORREGIBLE,0.102503,True,,CORREGIBLE,0.102503,335.6289,11,"[CORREGIBLE] O2: succión de la bomba bifásica bajo el peor caso de T_amb (riesgo de cavitación) (medido=303.7224744549866, esperado=<= 287.000 K). Causa probable: subenfriamiento insuficiente a la sal",36.96,0,0.0,False,,,False,final,,,REUTILIZADO de benchmark_minibarrido.csv (corrida del 2026-10-01)
M0,M0,barrido_literatura_kcs11,17,sana,0.6,2000.0,336.094594,373.0,283.0,1.0,0.8,0.8,0.875161,0.939973,0.9596,0.001,300,0.6,303.55,TeqpVerificado(x=0.6),CORREGIBLE,0.115983,True,,CORREGIBLE,0.115983,344.3513,9,"[CORREGIBLE] O2: succión de la bomba bifásica bajo el peor caso de T_amb (riesgo de cavitación) (medido=303.4126319136307, esperado=<= 287.000 K). Causa probable: subenfriamiento insuficiente a la sal",33.26,0,0.0,False,,,False,final,,,REUTILIZADO de benchmark_minibarrido.csv (corrida del 2026-10-01)
M0,M0,barrido_literatura_kcs11,21,sana,0.6,1500.0,336.094595,423.0,283.0,1.0,0.8,0.8,0.916648,0.949046,0.986515,0.001,300,0.6,303.55,TeqpVerificado(x=0.6),CORREGIBLE,0.098449,True,,CORREGIBLE,0.098449,318.4182,9,"[CORREGIBLE] O2: succión de la bomba bifásica bajo el peor caso de T_amb (riesgo de cavitación) (medido=304.25684469682477, esperado=<= 287.000 K). Causa probable: subenfriamiento insuficiente a la sa",33.58,0,0.0,False,,,False,final,,,REUTILIZADO de benchmark_minibarrido.csv (corrida del 2026-10-01)
M0,M0,barrido_literatura_kcs11,22,sana,0.6,2000.0,336.094594,423.0,283.0,1.0,0.8,0.8,0.928591,0.951967,0.983282,0.001,300,0.6,303.55,TeqpVerificado(x=0.6),CORREGIBLE,0.118688,True,,CORREGIBLE,0.118688,333.0184,9,"[CORREGIBLE] O2: succión de la bomba bifásica bajo el peor caso de T_amb (riesgo de cavitación) (medido=304.15380726692695, esperado=<= 287.000 K). Causa probable: subenfriamiento insuficiente a la sa",32.58,0,0.0,False,,,False,final,,,REUTILIZADO de benchmark_minibarrido.csv (corrida del 2026-10-01)
M0,M0,barrido_literatura_kcs11,23,sana,0.6,3000.0,336.094619,423.0,283.0,1.0,0.8,0.8,0.93128,0.9591,0.977621,0.001,300,0.6,303.55,TeqpVerificado(x=0.6),CORREGIBLE,0.145299,True,,CORREGIBLE,0.145299,351.7609,9,"[CORREGIBLE] O2: succión de la bomba bifásica bajo el peor caso de T_amb (riesgo de cavitación) (medido=303.9623563561833, esperado=<= 287.000 K). Causa probable: subenfriamiento insuficiente a la sal",34.74,0,0.0,False,,,False,final,,,REUTILIZADO de benchmark_minibarrido.csv (corrida del 2026-10-01)
M0,M0,barrido_literatura_kcs11,24,sana,0.6,5000.0,336.094595,423.0,283.0,1.0,0.8,0.8,0.895441,0.965926,0.963874,0.001,300,0.6,303.55,TeqpVerificado(x=0.6),CORREGIBLE,0.164886,True,,CORREGIBLE,0.164886,381.3449,9,"[CORREGIBLE] O2: succión de la bomba bifásica bajo el peor caso de T_amb (riesgo de cavitación) (medido=303.4597177569027, esperado=<= 287.000 K). Causa probable: subenfriamiento insuficiente a la sal",34.09,0,0.0,False,,,False,final,,,REUTILIZADO de benchmark_minibarrido.csv (corrida del 2026-10-01)
M0,M0,barrido_literatura_kcs11,27,lit_T_from_Ph,0.6,2000.0,336.094594,463.0,283.0,1.0,0.8,0.8,0.85,0.75,0.8,0.001,300,0.6,303.55,TeqpVerificado(x=0.6),NO_CONVERGIO,,False,PropertyRangeError,NO_CONVERGIO,,,2,"PropertyRangeError: T_from_Ph(P, h, x): el motor teqp no cubre el estado pedido (ver TASK_CONTEXT 2026-09-18-validar-teqp-nh3h2o). Detalle: h=61287.7 fuera de dominio a P=3.3609e+05 Pa, x=0.6134",9.39,0,0.0,False,abs.T8,,False,bracket,,,REUTILIZADO de benchmark_minibarrido.csv (corrida del 2026-10-01)
M0,M0,barrido_literatura_kcs11,28,sana,0.6,3000.0,336.094619,463.0,283.0,1.0,0.8,0.8,0.92764,0.958812,0.988927,0.001,300,0.6,303.55,TeqpVerificado(x=0.6),CORREGIBLE,0.135085,False,PropertyRangeError,NO_CONVERGIO,,,4,"PropertyRangeError: T_from_Ph(P, h, x): el motor teqp no cubre el estado pedido (ver TASK_CONTEXT 2026-09-18-validar-teqp-nh3h2o). Detalle: equilibrio no resoluble en T=293.87 K, P=3.3609e+05 Pa, x=0.",12.86,0,0.0,False,valv.T7,,False,brentq,,,REUTILIZADO de benchmark_minibarrido.csv (corrida del 2026-10-01)
M0,M0,barrido_literatura_kcs11,29,sana,0.6,5000.0,336.094595,463.0,283.0,1.0,0.8,0.8,0.933309,0.96922,0.982503,0.001,300,0.6,303.55,TeqpVerificado(x=0.6),CORREGIBLE,0.169504,True,,CORREGIBLE,0.169504,351.7687,9,"[CORREGIBLE] O1: título de vapor a la salida de la turbina bajo el umbral tecnológico usual (erosión de álabes) (medido=0.8845236283750243, esperado=>= 0.90). Causa probable: expansión hasta P_baja de",32.19,0,0.0,False,,,False,final,,,REUTILIZADO de benchmark_minibarrido.csv (corrida del 2026-10-01)
M0,M0,barrido_literatura_kcs11,30,sana,0.65,1000.0,398.118722,373.0,283.0,1.0,0.8,0.8,0.936203,0.915043,0.978494,0.001,300,0.65,303.55,TeqpVerificado(x=0.65),CORREGIBLE,0.067535,True,,CORREGIBLE,0.067535,317.0718,8,"[CORREGIBLE] O2: succión de la bomba bifásica bajo el peor caso de T_amb (riesgo de cavitación) (medido=303.97614203033334, esperado=<= 287.000 K). Causa probable: subenfriamiento insuficiente a la sa",30.52,0,0.0,False,,,False,final,,,REUTILIZADO de benchmark_minibarrido.csv (corrida del 2026-10-01)
M0,M0,barrido_literatura_kcs11,31,sana,0.65,1500.0,398.118725,373.0,283.0,1.0,0.8,0.8,0.92825,0.922336,0.97341,0.001,300,0.65,303.55,TeqpVerificado(x=0.65),CORREGIBLE,0.094917,True,,CORREGIBLE,0.094917,328.5372,8,"[CORREGIBLE] O2: succión de la bomba bifásica bajo el peor caso de T_amb (riesgo de cavitación) (medido=303.7943311382204, esperado=<= 287.000 K). Causa probable: subenfriamiento insuficiente a la sal",28.71,0,0.0,False,,,False,final,,,REUTILIZADO de benchmark_minibarrido.csv (corrida del 2026-10-01)
M0,M0,barrido_literatura_kcs11,32,sana,0.65,2000.0,398.118724,373.0,283.0,1.0,0.8,0.8,0.906293,0.933124,0.96728,0.001,300,0.65,303.55,TeqpVerificado(x=0.65),CORREGIBLE,0.111221,True,,CORREGIBLE,0.111221,336.331,9,"[CORREGIBLE] O2: succión de la bomba bifásica bajo el peor caso de T_amb (riesgo de cavitación) (medido=303.5765256942538, esperado=<= 287.000 K). Causa probable: subenfriamiento insuficiente a la sal",33.45,0,0.0,False,,,False,final,,,REUTILIZADO de benchmark_minibarrido.csv (corrida del 2026-10-01)
M0,M0,barrido_literatura_kcs11,33,sana,0.65,3000.0,398.118703,373.0,283.0,1.0,0.8,0.8,0.743978,0.947236,0.941294,0.001,300,0.65,303.55,TeqpVerificado(x=0.65),CORREGIBLE,0.112592,True,,CORREGIBLE,0.112592,354.9828,9,"[CORREGIBLE] O2: succión de la bomba bifásica bajo el peor caso de T_amb (riesgo de cavitación) (medido=302.6349480508676, esperado=<= 287.000 K). Causa probable: subenfriamiento insuficiente a la sal",41.87,0,0.0,False,,,False,final,,,REUTILIZADO de benchmark_minibarrido.csv (corrida del 2026-10-01)
M0,M0,barrido_literatura_kcs11,34,lit_bifasico,0.65,5000.0,398.118726,373.0,283.0,1.0,0.8,0.8,0.85,0.75,0.8,0.001,300,0.65,303.55,TeqpVerificado(x=0.65),NO_CONVERGIO,,False,PropertyRangeError,NO_CONVERGIO,,,1,"PropertyRangeError: equilibrio_liquido_vapor(P=5000.0 kPa, T=360.26299351030735 K): no existe equilibrio bifásico para ninguna composición (T fuera de la campana binaria a esa P, motor teqp).",0.09,0,0.0,False,sep.ELV,,False,bracket,,,REUTILIZADO de benchmark_minibarrido.csv (corrida del 2026-10-01)
M0,M0,barrido_literatura_kcs11,36,sana,0.65,1500.0,398.118725,423.0,283.0,1.0,0.8,0.8,0.91834,0.951733,0.987491,0.001,300,0.65,303.55,TeqpVerificado(x=0.65),CORREGIBLE,0.089812,True,,CORREGIBLE,0.089812,308.1303,10,"[CORREGIBLE] O2: succión de la bomba bifásica bajo el peor caso de T_amb (riesgo de cavitación) (medido=304.25829374615, esperado=<= 287.000 K). Causa probable: subenfriamiento insuficiente a la salid",30.58,0,0.0,False,,,False,final,,,REUTILIZADO de benchmark_minibarrido.csv (corrida del 2026-10-01)
M0,M0,barrido_literatura_kcs11,38,sana,0.65,3000.0,398.118703,423.0,283.0,1.0,0.8,0.8,0.938187,0.956272,0.979967,0.001,300,0.65,303.55,TeqpVerificado(x=0.65),CORREGIBLE,0.138786,True,,CORREGIBLE,0.138786,340.5166,10,"[CORREGIBLE] O2: succión de la bomba bifásica bajo el peor caso de T_amb (riesgo de cavitación) (medido=303.99551287226063, esperado=<= 287.000 K). Causa probable: subenfriamiento insuficiente a la sa",33.4,0,0.0,False,,,False,final,,,REUTILIZADO de benchmark_minibarrido.csv (corrida del 2026-10-01)
M0,M0,barrido_literatura_kcs11,39,sana,0.65,5000.0,398.118726,423.0,283.0,1.0,0.8,0.8,0.918306,0.963675,0.970142,0.001,300,0.65,303.55,TeqpVerificado(x=0.65),CORREGIBLE,0.164618,True,,CORREGIBLE,0.164618,367.5862,9,"[CORREGIBLE] O2: succión de la bomba bifásica bajo el peor caso de T_amb (riesgo de cavitación) (medido=303.6146460962418, esperado=<= 287.000 K). Causa probable: subenfriamiento insuficiente a la sal",31.37,0,0.0,False,,,False,final,,,REUTILIZADO de benchmark_minibarrido.csv (corrida del 2026-10-01)
M0,M0,barrido_literatura_kcs11,42,lit_T_from_Ph,0.65,2000.0,398.118724,463.0,283.0,1.0,0.8,0.8,0.85,0.75,0.8,0.001,300,0.65,303.55,TeqpVerificado(x=0.65),NO_CONVERGIO,,False,PropertyRangeError,NO_CONVERGIO,,,2,"PropertyRangeError: T_from_Ph(P, h, x): el motor teqp no cubre el estado pedido (ver TASK_CONTEXT 2026-09-18-validar-teqp-nh3h2o). Detalle: h=67244 fuera de dominio a P=3.9812e+05 Pa, x=0.6627",10.04,0,0.0,False,abs.T8,,False,bracket,,,REUTILIZADO de benchmark_minibarrido.csv (corrida del 2026-10-01)
M0,M0,barrido_literatura_kcs11,43,sana,0.65,3000.0,398.118703,463.0,283.0,1.0,0.8,0.8,0.993292,0.957123,0.988621,0.001,300,0.65,303.55,TeqpVerificado(x=0.65),NO_CONVERGIO,0.130277,True,,NO_CONVERGIO,0.130276,284.4852,8,"[NO_CONVERGIO] N2: el balance global de energía no cierra dentro de la tolerancia (medido=42.35952518626124, esperado=<= 2.1792 kW (1e-3 relativo a Qi)). Causa probable: residuo numérico del lazo de c",29.14,0,0.0,False,,,False,final,,,REUTILIZADO de benchmark_minibarrido.csv (corrida del 2026-10-01)
M0,M0,barrido_literatura_kcs11,44,sana,0.65,5000.0,398.118726,463.0,283.0,1.0,0.8,0.8,0.937586,0.967498,0.984122,0.001,300,0.65,303.55,TeqpVerificado(x=0.65),CORREGIBLE,0.163589,True,,CORREGIBLE,0.163589,335.2236,9,"[CORREGIBLE] O1: título de vapor a la salida de la turbina bajo el umbral tecnológico usual (erosión de álabes) (medido=0.8886914720493286, esperado=>= 0.90). Causa probable: expansión hasta P_baja de",33.55,0,0.0,False,,,False,final,,,REUTILIZADO de benchmark_minibarrido.csv (corrida del 2026-10-01)
M0,M0,barrido_literatura_kcs11,45,sana,0.7,1000.0,456.322836,373.0,283.0,1.0,0.8,0.8,0.942333,0.919685,0.980309,0.001,300,0.7,303.55,TeqpVerificado(x=0.7),CORREGIBLE,0.059646,True,,CORREGIBLE,0.059646,312.4824,8,"[CORREGIBLE] O2: succión de la bomba bifásica bajo el peor caso de T_amb (riesgo de cavitación) (medido=303.9840365694721, esperado=<= 287.000 K). Causa probable: subenfriamiento insuficiente a la sal",34.54,0,0.0,False,,,False,final,,,REUTILIZADO de benchmark_minibarrido.csv (corrida del 2026-10-01)
M0,M0,barrido_literatura_kcs11,46,sana,0.7,1500.0,456.322836,373.0,283.0,1.0,0.8,0.8,0.939737,0.911463,0.976578,0.001,300,0.7,303.55,TeqpVerificado(x=0.7),CORREGIBLE,0.088348,True,,CORREGIBLE,0.088348,321.6257,8,"[CORREGIBLE] O2: succión de la bomba bifásica bajo el peor caso de T_amb (riesgo de cavitación) (medido=303.82860832107787, esperado=<= 287.000 K). Causa probable: subenfriamiento insuficiente a la sa",30.23,0,0.0,False,,,False,final,,,REUTILIZADO de benchmark_minibarrido.csv (corrida del 2026-10-01)
M0,M0,barrido_literatura_kcs11,47,sana,0.7,2000.0,456.322835,373.0,283.0,1.0,0.8,0.8,0.926461,0.924619,0.9723,0.001,300,0.7,303.55,TeqpVerificado(x=0.7),CORREGIBLE,0.106329,True,,CORREGIBLE,0.106329,328.5062,9,"[CORREGIBLE] O2: succión de la bomba bifásica bajo el peor caso de T_amb (riesgo de cavitación) (medido=303.6610285722793, esperado=<= 287.000 K). Causa probable: subenfriamiento insuficiente a la sal",31.1,0,0.0,False,,,False,final,,,REUTILIZADO de benchmark_minibarrido.csv (corrida del 2026-10-01)
M0,M0,barrido_literatura_kcs11,48,sana,0.7,3000.0,456.322818,373.0,283.0,1.0,0.8,0.8,0.839954,0.941475,0.958132,0.001,300,0.7,303.55,TeqpVerificado(x=0.7),CORREGIBLE,0.121842,True,,CORREGIBLE,0.121842,344.8455,9,"[CORREGIBLE] O2: succión de la bomba bifásica bajo el peor caso de T_amb (riesgo de cavitación) (medido=303.08120886132605, esperado=<= 287.000 K). Causa probable: subenfriamiento insuficiente a la sa",48.72,0,0.0,False,,,False,final,,,REUTILIZADO de benchmark_minibarrido.csv (corrida del 2026-10-01)
M0,M0,barrido_literatura_kcs11,49,lit_bifasico,0.7,5000.0,456.322837,373.0,283.0,1.0,0.8,0.8,0.85,0.75,0.8,0.001,300,0.7,303.55,TeqpVerificado(x=0.7),NO_CONVERGIO,,False,PropertyRangeError,NO_CONVERGIO,,,1,"PropertyRangeError: equilibrio_liquido_vapor(P=5000.0 kPa, T=360.3439259844327 K): no existe equilibrio bifásico para ninguna composición (T fuera de la campana binaria a esa P, motor teqp).",0.1,0,0.0,False,sep.ELV,,False,bracket,,,REUTILIZADO de benchmark_minibarrido.csv (corrida del 2026-10-01)
M0,M0,barrido_literatura_kcs11,51,sana,0.7,1500.0,456.322836,423.0,283.0,1.0,0.8,0.8,0.919743,0.954046,0.988344,0.001,300,0.7,303.55,TeqpVerificado(x=0.7),CORREGIBLE,0.082675,True,,CORREGIBLE,0.082675,297.8388,9,"[CORREGIBLE] O2: succión de la bomba bifásica bajo el peor caso de T_amb (riesgo de cavitación) (medido=304.25655330769655, esperado=<= 287.000 K). Causa probable: subenfriamiento insuficiente a la sa",26.3,0,0.0,False,,,False,final,,,REUTILIZADO de benchmark_minibarrido.csv (corrida del 2026-10-01)
M0,M0,barrido_literatura_kcs11,52,sana,0.7,2000.0,456.322835,423.0,283.0,1.0,0.8,0.8,0.934446,0.947298,0.985784,0.001,300,0.7,303.55,TeqpVerificado(x=0.7),CORREGIBLE,0.104255,True,,CORREGIBLE,0.104255,312.3692,10,"[CORREGIBLE] O2: succión de la bomba bifásica bajo el peor caso de T_amb (riesgo de cavitación) (medido=304.16457188144005, esperado=<= 287.000 K). Causa probable: subenfriamiento insuficiente a la sa",27.71,0,0.0,False,,,False,final,,,REUTILIZADO de benchmark_minibarrido.csv (corrida del 2026-10-01)
M0,M0,barrido_literatura_kcs11,53,sana,0.7,3000.0,456.322818,423.0,283.0,1.0,0.8,0.8,0.943381,0.953185,0.98179,0.001,300,0.7,303.55,TeqpVerificado(x=0.7),CORREGIBLE,0.133456,True,,CORREGIBLE,0.133456,329.4721,10,"[CORREGIBLE] O2: succión de la bomba bifásica bajo el peor caso de T_amb (riesgo de cavitación) (medido=304.0107887647358, esperado=<= 287.000 K). Causa probable: subenfriamiento insuficiente a la sal",32.71,0,0.0,False,,,False,final,,,REUTILIZADO de benchmark_minibarrido.csv (corrida del 2026-10-01)
M0,M0,barrido_literatura_kcs11,54,sana,0.7,5000.0,456.322837,423.0,283.0,1.0,0.8,0.8,0.93322,0.961169,0.97438,0.001,300,0.7,303.55,TeqpVerificado(x=0.7),CORREGIBLE,0.162815,True,,CORREGIBLE,0.162815,354.0001,9,"[CORREGIBLE] O2: succión de la bomba bifásica bajo el peor caso de T_amb (riesgo de cavitación) (medido=303.69965164871434, esperado=<= 287.000 K). Causa probable: subenfriamiento insuficiente a la sa",28.9,0,0.0,False,,,False,final,,,REUTILIZADO de benchmark_minibarrido.csv (corrida del 2026-10-01)
M0,M0,barrido_literatura_kcs11,55,lit_T_from_Ph,0.7,1000.0,456.322836,463.0,283.0,1.0,0.8,0.8,0.85,0.75,0.8,0.001,300,0.7,303.55,TeqpVerificado(x=0.7),NO_CONVERGIO,,False,PropertyRangeError,NO_CONVERGIO,,,2,"PropertyRangeError: equilibrio_liquido_vapor(P=1000.0 kPa, T=462.8499888883884 K): no existe equilibrio bifásico para ninguna composición (T fuera de la campana binaria a esa P, motor teqp).",5.9,0,0.0,False,sep.ELV,,False,bracket,,,REUTILIZADO de benchmark_minibarrido.csv (corrida del 2026-10-01)
M0,M0,barrido_literatura_kcs11,57,lit_T_from_Ph,0.7,2000.0,456.322835,463.0,283.0,1.0,0.8,0.8,0.85,0.75,0.8,0.001,300,0.7,303.55,TeqpVerificado(x=0.7),NO_CONVERGIO,,False,PropertyRangeError,NO_CONVERGIO,,,2,"PropertyRangeError: T_from_Ph(P, h, x): el motor teqp no cubre el estado pedido (ver TASK_CONTEXT 2026-09-18-validar-teqp-nh3h2o). Detalle: h=73219.5 fuera de dominio a P=4.5632e+05 Pa, x=0.7117",8.43,0,0.0,False,abs.T8,,False,bracket,,,REUTILIZADO de benchmark_minibarrido.csv (corrida del 2026-10-01)
M0,M0,barrido_literatura_kcs11,59,sana,0.7,5000.0,456.322837,463.0,283.0,1.0,0.8,0.8,0.940784,0.965676,0.985417,0.001,300,0.7,303.55,TeqpVerificado(x=0.7),CORREGIBLE,0.158862,True,,CORREGIBLE,0.158862,318.7957,10,"[CORREGIBLE] O1: título de vapor a la salida de la turbina bajo el umbral tecnológico usual (erosión de álabes) (medido=0.8921689120172435, esperado=>= 0.90). Causa probable: expansión hasta P_baja de",30.93,0,0.0,False,,,False,final,,,REUTILIZADO de benchmark_minibarrido.csv (corrida del 2026-10-01)
M0,M0,busqueda_libre_v2,0,sana,0.35,3000.0,400.0,470.0,300.032917,1.0,0.85,0.75,0.85,0.75,0.95,0.001,300,0.5,303.55,TeqpVerificado(x=0.5),KALINA,0.1182603625456353,True,,KALINA,0.11826,373.0129,9,"KALINA: régimen Kalina genuino y admisible, sin fallas.",49.65,0,0.0,False,,,False,final,True,-1.1441,REUTILIZADO de benchmark_minibarrido.csv (corrida del 2026-10-01)
M0,M0,busqueda_libre_v2,8,f2_T_from_Ph,0.35,3000.0,500.0,470.0,300.032917,1.0,0.85,0.75,0.85,0.75,0.95,0.001,300,0.5,303.55,TeqpVerificado(x=0.5),NO_CONVERGIO,,False,PropertyRangeError,NO_CONVERGIO,,,5,"PropertyRangeError: T_from_Ph(P, h, x): el motor teqp no cubre el estado pedido (ver TASK_CONTEXT 2026-09-18-validar-teqp-nh3h2o). Detalle: equilibrio no resoluble en T=296.92 K, P=5e+05 Pa, x=0.1626",23.81,0,0.0,False,valv.T7,,False,brentq,,,REUTILIZADO de benchmark_minibarrido.csv (corrida del 2026-10-01)
M0,M0,busqueda_libre_v2,33,sana,0.4,3000.0,550.0,470.0,300.032917,1.0,0.85,0.75,0.85,0.75,0.9,0.001,300,0.5,303.55,TeqpVerificado(x=0.5),KALINA,0.1099230068595296,True,,KALINA,0.109923,370.8385,12,"KALINA: régimen Kalina genuino y admisible, sin fallas.",58.92,0,0.0,False,,,False,final,True,-1.2232,REUTILIZADO de benchmark_minibarrido.csv (corrida del 2026-10-01)
M0,M0,busqueda_libre_v2,67,sana,0.5,3000.0,450.0,470.0,300.032917,1.0,0.85,0.75,0.85,0.75,0.85,0.001,300,0.5,303.55,TeqpVerificado(x=0.5),CORREGIBLE,0.1288182577198451,True,,CORREGIBLE,0.128818,371.1749,9,"[CORREGIBLE] O2: succión de la bomba bifásica bajo el peor caso de T_amb (riesgo de cavitación) (medido=318.8871655679635, esperado=<= 308.147 K). Causa probable: subenfriamiento insuficiente a la sal",56.02,0,0.0,False,,,False,final,,,REUTILIZADO de benchmark_minibarrido.csv (corrida del 2026-10-01)
M0,M0,busqueda_libre_v2,99,sana,0.475,3000.0,550.0,470.0,300.032917,1.0,0.85,0.75,0.85,0.75,0.93,0.001,300,0.5,303.55,TeqpVerificado(x=0.5),CORREGIBLE,0.1141088210663729,True,,CORREGIBLE,0.114109,350.3585,9,"[CORREGIBLE] O2: succión de la bomba bifásica bajo el peor caso de T_amb (riesgo de cavitación) (medido=320.1844003442912, esperado=<= 318.413 K). Causa probable: subenfriamiento insuficiente a la sal",40.8,0,0.0,False,,,False,final,,,REUTILIZADO de benchmark_minibarrido.csv (corrida del 2026-10-01)
M0,M0,busqueda_libre_v2,132,sana,0.45,3000.0,480.0,470.0,300.032917,1.0,0.85,0.75,0.85,0.75,0.93,0.001,300,0.5,303.55,TeqpVerificado(x=0.5),CORREGIBLE,0.1203056344094943,True,,CORREGIBLE,0.120306,355.0407,9,"[CORREGIBLE] O2: succión de la bomba bifásica bajo el peor caso de T_amb (riesgo de cavitación) (medido=319.6537076238184, esperado=<= 318.039 K). Causa probable: subenfriamiento insuficiente a la sal",42.33,0,0.0,False,,,False,final,,,REUTILIZADO de benchmark_minibarrido.csv (corrida del 2026-10-01)
M0,M0,busqueda_libre_v2,166,sana,0.5,3150.0,640.0,470.0,300.032917,1.0,0.85,0.75,0.85,0.75,0.95,0.001,300,0.5,303.55,TeqpVerificado(x=0.5),CORREGIBLE,0.1076464504412673,True,,CORREGIBLE,0.107646,344.1957,9,"[CORREGIBLE] O2: succión de la bomba bifásica bajo el peor caso de T_amb (riesgo de cavitación) (medido=319.621675090896, esperado=<= 319.600 K). Causa probable: subenfriamiento insuficiente a la sali",38.1,0,0.0,False,,,False,final,,,REUTILIZADO de benchmark_minibarrido.csv (corrida del 2026-10-01)
M0,M0,busqueda_libre_v2,197,sana,0.4,3000.0,800.0,470.0,300.032917,1.0,0.85,0.75,0.8,0.8,0.85,0.001,300,0.5,303.55,TeqpVerificado(x=0.5),KALINA,0.0906702118290015,True,,KALINA,0.09067,384.3079,10,"KALINA: régimen Kalina genuino y admisible, sin fallas.",73.34,0,0.0,False,,,False,final,True,-1.3494,REUTILIZADO de benchmark_minibarrido.csv (corrida del 2026-10-01)
M0,M0,busqueda_libre_v2,229,sana,0.425,3000.0,850.0,470.0,300.032917,1.0,0.85,0.75,0.8,0.8,0.8,0.001,300,0.5,303.55,TeqpVerificado(x=0.5),CORREGIBLE,0.0910984193737075,True,,CORREGIBLE,0.091098,391.4338,9,"[CORREGIBLE] O2: succión de la bomba bifásica bajo el peor caso de T_amb (riesgo de cavitación) (medido=347.81892635690474, esperado=<= 342.495 K). Causa probable: subenfriamiento insuficiente a la sa",77.6,0,0.0,False,,,False,final,,,REUTILIZADO de benchmark_minibarrido.csv (corrida del 2026-10-01)
M0,M0,busqueda_libre_v2,260,sana,0.45,3000.0,1850.0,470.0,300.032917,1.0,0.85,0.75,0.8,0.8,0.85,0.001,300,0.5,303.55,TeqpVerificado(x=0.5),KALINA,0.0360788121773843,True,,KALINA,0.036079,379.3694,9,"KALINA: régimen Kalina genuino y admisible, sin fallas.",75.74,0,0.0,False,,,False,final,True,-1.6081,REUTILIZADO de benchmark_minibarrido.csv (corrida del 2026-10-01)
M0,M0,busqueda_libre_v2,292,sana,0.5,3000.0,1100.0,470.0,300.032917,1.0,0.85,0.75,0.8,0.8,0.8,0.001,300,0.5,303.55,TeqpVerificado(x=0.5),CORREGIBLE,0.0755236059921295,True,,CORREGIBLE,0.075524,386.1799,9,"[CORREGIBLE] O2: succión de la bomba bifásica bajo el peor caso de T_amb (riesgo de cavitación) (medido=347.82415806606605, esperado=<= 339.419 K). Causa probable: subenfriamiento insuficiente a la sa",62.92,0,0.0,False,,,False,final,,,REUTILIZADO de benchmark_minibarrido.csv (corrida del 2026-10-01)
M0,M0,busqueda_libre_v2,324,sana,0.5,3000.0,650.0,470.0,300.032917,1.0,0.85,0.75,0.75,0.75,0.85,0.001,300,0.5,303.55,TeqpVerificado(x=0.5),CORREGIBLE,0.1085316232226424,True,,CORREGIBLE,0.108532,371.8736,10,"[CORREGIBLE] O2: succión de la bomba bifásica bajo el peor caso de T_amb (riesgo de cavitación) (medido=326.9556949688547, esperado=<= 320.129 K). Causa probable: subenfriamiento insuficiente a la sal",64.19,0,0.0,False,,,False,final,,,REUTILIZADO de benchmark_minibarrido.csv (corrida del 2026-10-01)
M0,M0,busqueda_libre_v2,356,sana,0.5,3000.0,1850.0,470.0,300.032917,1.0,0.85,0.75,0.75,0.8,0.85,0.001,300,0.5,303.55,TeqpVerificado(x=0.5),KALINA,0.0374624321716557,True,,KALINA,0.037462,374.6951,9,"KALINA: régimen Kalina genuino y admisible, sin fallas.",72.07,0,0.0,False,,,False,final,True,-1.6617,REUTILIZADO de benchmark_minibarrido.csv (corrida del 2026-10-01)
M0,M0,busqueda_libre_v2,389,sana,0.45,3000.0,1100.0,470.0,300.032917,1.0,0.85,0.75,0.8,0.75,0.8,0.001,300,0.5,303.55,TeqpVerificado(x=0.5),CORREGIBLE,0.0748019671645302,True,,CORREGIBLE,0.074802,388.7733,11,"[CORREGIBLE] O2: succión de la bomba bifásica bajo el peor caso de T_amb (riesgo de cavitación) (medido=353.0287005520281, esperado=<= 347.997 K). Causa probable: subenfriamiento insuficiente a la sal",80.35,0,0.0,False,,,False,final,,,REUTILIZADO de benchmark_minibarrido.csv (corrida del 2026-10-01)
M0,M0,busqueda_libre_v2,420,sana,0.45,3000.0,2400.0,470.0,300.032917,1.0,0.85,0.75,0.85,0.75,0.8,0.001,300,0.5,303.55,TeqpVerificado(x=0.5),KALINA,0.0176848172950173,True,,KALINA,0.017685,391.4831,9,"KALINA: régimen Kalina genuino y admisible, sin fallas.",84.6,0,0.0,False,,,False,final,True,-1.6422,REUTILIZADO de benchmark_minibarrido.csv (corrida del 2026-10-01)
M0,M0,busqueda_libre_v2,452,sana,0.45,3000.0,1100.0,470.0,300.032917,1.0,0.85,0.75,0.85,0.8,0.85,0.001,300,0.5,303.55,TeqpVerificado(x=0.5),CORREGIBLE,0.0735658194241247,True,,CORREGIBLE,0.073566,377.3548,10,"[CORREGIBLE] O2: succión de la bomba bifásica bajo el peor caso de T_amb (riesgo de cavitación) (medido=349.27791091100624, esperado=<= 347.997 K). Causa probable: subenfriamiento insuficiente a la sa",65.17,0,0.0,False,,,False,final,,,REUTILIZADO de benchmark_minibarrido.csv (corrida del 2026-10-01)
M0,M0,busqueda_libre_v2,483,sana,0.45,3000.0,2400.0,470.0,300.032917,1.0,0.85,0.75,0.85,0.85,0.85,0.001,300,0.5,303.55,TeqpVerificado(x=0.5),KALINA,0.0170134585643959,True,,KALINA,0.017013,380.5627,11,"KALINA: régimen Kalina genuino y admisible, sin fallas.",79.3,0,0.0,False,,,False,final,True,-1.6469,REUTILIZADO de benchmark_minibarrido.csv (corrida del 2026-10-01)
M0,M0,busqueda_libre_v2,515,sana,0.5,3000.0,1100.0,470.0,300.032917,1.0,0.85,0.75,0.8,0.85,0.8,0.001,300,0.5,303.55,TeqpVerificado(x=0.5),CORREGIBLE,0.0758002108820254,True,,CORREGIBLE,0.0758,386.4111,9,"[CORREGIBLE] O2: succión de la bomba bifásica bajo el peor caso de T_amb (riesgo de cavitación) (medido=347.7750472678269, esperado=<= 339.419 K). Causa probable: subenfriamiento insuficiente a la sal",63.15,0,0.0,False,,,False,final,,,REUTILIZADO de benchmark_minibarrido.csv (corrida del 2026-10-01)
M0,M0,busqueda_libre_v2,546,sana,0.5,3000.0,2400.0,470.0,300.032917,1.0,0.8,0.8,0.8,0.8,0.85,0.001,300,0.5,303.55,TeqpVerificado(x=0.5),KALINA,0.0165308360054732,True,,KALINA,0.016531,374.7095,10,"KALINA: régimen Kalina genuino y admisible, sin fallas.",78.62,0,0.0,False,,,False,final,True,-1.7025,REUTILIZADO de benchmark_minibarrido.csv (corrida del 2026-10-01)
M0,M0,busqueda_libre_v2,577,sana,0.45,3000.0,850.0,470.0,300.032917,1.0,0.9,0.8,0.8,0.8,0.8,0.001,300,0.5,303.55,TeqpVerificado(x=0.5),CORREGIBLE,0.0978729185349187,True,,CORREGIBLE,0.097873,389.4462,10,"[CORREGIBLE] O2: succión de la bomba bifásica bajo el peor caso de T_amb (riesgo de cavitación) (medido=345.1192192959675, esperado=<= 337.959 K). Causa probable: subenfriamiento insuficiente a la sal",75.85,0,0.0,False,,,False,final,,,REUTILIZADO de benchmark_minibarrido.csv (corrida del 2026-10-01)
M0,M0,busqueda_libre_v2,609,sana,0.45,3300.0,2400.0,470.0,300.032917,1.0,0.85,0.75,0.8,0.8,0.8,0.001,300,0.5,303.55,TeqpVerificado(x=0.5),KALINA,0.0244393132246963,True,,KALINA,0.024439,392.6803,9,"KALINA: régimen Kalina genuino y admisible, sin fallas.",85.19,0,0.0,False,,,False,final,True,-1.7708,REUTILIZADO de benchmark_minibarrido.csv (corrida del 2026-10-01)
M0,M0,busqueda_libre_v2,640,sana,0.45,3000.0,1012.5,470.0,300.032917,1.0,0.85,0.75,0.75,0.75,0.85,0.001,300,0.5,303.55,TeqpVerificado(x=0.5),CORREGIBLE,0.0778864188832888,True,,CORREGIBLE,0.077886,377.1884,10,"[CORREGIBLE] O2: succión de la bomba bifásica bajo el peor caso de T_amb (riesgo de cavitación) (medido=345.27750902752126, esperado=<= 344.691 K). Causa probable: subenfriamiento insuficiente a la sa",81.39,0,0.0,False,,,False,final,,,REUTILIZADO de benchmark_minibarrido.csv (corrida del 2026-10-01)
M0,M0,busqueda_libre_v2,672,sana,0.45,3000.0,1327.5,470.0,300.032917,1.0,0.85,0.75,0.85,0.75,0.85,0.001,300,0.5,303.55,TeqpVerificado(x=0.5),KALINA,0.0600235911541133,True,,KALINA,0.060024,376.3485,10,"KALINA: régimen Kalina genuino y admisible, sin fallas.",77.49,0,0.0,False,,,False,final,True,-1.462,REUTILIZADO de benchmark_minibarrido.csv (corrida del 2026-10-01)
M0,M0,busqueda_libre_v2,704,sana,0.45,3000.0,1710.0,470.0,300.032917,1.0,0.8,0.8,0.8,0.8,0.8,0.001,300,0.5,303.55,TeqpVerificado(x=0.5),CORREGIBLE,0.0411997631629175,True,,CORREGIBLE,0.0412,391.1876,10,"[CORREGIBLE] O2: succión de la bomba bifásica bajo el peor caso de T_amb (riesgo de cavitación) (medido=367.3867415821421, esperado=<= 366.988 K). Causa probable: subenfriamiento insuficiente a la sal",82.23,0,0.0,False,,,False,final,,,REUTILIZADO de benchmark_minibarrido.csv (corrida del 2026-10-01)
M0,M0,busqueda_libre_v2,737,sana,0.475,3000.0,2100.25,470.0,300.032917,1.0,0.85,0.75,0.8,0.8,0.8,0.001,300,0.5,303.55,TeqpVerificado(x=0.5),CORREGIBLE,0.0286815183967108,True,,CORREGIBLE,0.028682,390.222,9,"[CORREGIBLE] O2: succión de la bomba bifásica bajo el peor caso de T_amb (riesgo de cavitación) (medido=372.1220082585337, esperado=<= 371.976 K). Causa probable: subenfriamiento insuficiente a la sal",80.54,0,0.0,False,,,False,final,,,REUTILIZADO de benchmark_minibarrido.csv (corrida del 2026-10-01)
M0,M0,busqueda_libre_v2,768,sana,0.5,3000.0,1541.0,470.0,300.032917,1.0,0.85,0.75,0.75,0.85,0.85,0.001,300,0.5,303.55,TeqpVerificado(x=0.5),KALINA,0.051461527211415,True,,KALINA,0.051462,375.5553,10,"KALINA: régimen Kalina genuino y admisible, sin fallas.",75.87,0,0.0,False,,,False,final,True,-1.6,REUTILIZADO de benchmark_minibarrido.csv (corrida del 2026-10-01)
M0,M0,busqueda_libre_v2,810,sana,0.7,3600.0,2800.0,470.0,300.032917,1.0,0.85,0.75,0.8,0.8,0.8,0.001,300,0.5,303.55,TeqpVerificado(x=0.5),CORREGIBLE,0.0229447166844775,True,,CORREGIBLE,0.022945,368.4513,9,"[CORREGIBLE] O2: succión de la bomba bifásica bajo el peor caso de T_amb (riesgo de cavitación) (medido=356.53477985054997, esperado=<= 354.665 K). Causa probable: subenfriamiento insuficiente a la sa",73.53,0,0.0,False,,,False,final,,,REUTILIZADO de benchmark_minibarrido.csv (corrida del 2026-10-01)
M0,M0,busqueda_libre_v2,853,f2_T_from_Ph,0.8,2800.0,2500.0,470.0,300.032917,1.0,0.85,0.75,0.8,0.8,0.8,0.001,300,0.5,303.55,TeqpVerificado(x=0.5),NO_CONVERGIO,,False,PropertyRangeError,NO_CONVERGIO,,,2,"PropertyRangeError: T_from_Ph(P, h, x): el motor teqp no cubre el estado pedido (ver TASK_CONTEXT 2026-09-18-validar-teqp-nh3h2o). Detalle: h=69842.5 fuera de dominio a P=2.5e+06 Pa, x=0.8088",10.45,0,0.0,False,abs.T8,,False,bracket,,,REUTILIZADO de benchmark_minibarrido.csv (corrida del 2026-10-01)
M0,M0,busqueda_libre_v2,865,f2_h_Ps,0.8,4000.0,2200.0,470.0,300.032917,1.0,0.85,0.75,0.8,0.8,0.8,0.001,300,0.5,303.55,TeqpVerificado(x=0.5),NO_CONVERGIO,,False,PropertyRangeError,NO_CONVERGIO,,,1,"PropertyRangeError: h(P, s, x): el motor teqp no cubre el estado pedido (ver TASK_CONTEXT 2026-09-18-validar-teqp-nh3h2o). Detalle: equilibrio no resoluble en T=469.60 K, P=2.2e+06 Pa, x=0.8861",1.78,0,0.0,False,turb.h4s,,False,bracket,,,REUTILIZADO de benchmark_minibarrido.csv (corrida del 2026-10-01)
M0,M0,busqueda_libre_v2,876,sana,0.8,4400.0,1600.0,470.0,300.032917,1.0,0.85,0.75,0.8,0.8,0.8,0.001,300,0.5,303.55,TeqpVerificado(x=0.5),CORREGIBLE,0.09075374540442,True,,CORREGIBLE,0.090754,366.9875,9,"[CORREGIBLE] O2: succión de la bomba bifásica bajo el peor caso de T_amb (riesgo de cavitación) (medido=325.3122678118725, esperado=<= 323.106 K). Causa probable: subenfriamiento insuficiente a la sal",64.06,0,0.0,False,,,False,final,,,REUTILIZADO de benchmark_minibarrido.csv (corrida del 2026-10-01)
M0,M0,busqueda_libre_v2,944,sana,0.8,4500.0,4000.0,470.0,300.032917,1.0,0.85,0.75,0.75,0.75,0.8,0.001,300,0.5,303.55,TeqpVerificado(x=0.5),KALINA,0.0117842259089404,True,,KALINA,0.011784,366.7,10,"KALINA: régimen Kalina genuino y admisible, sin fallas.",85.78,0,0.0,False,,,False,final,False,-2.2284,REUTILIZADO de benchmark_minibarrido.csv (corrida del 2026-10-01)
M0,M0,busqueda_libre_v2,979,sana,0.8,3200.0,830.0,380.0,300.032917,1.0,0.85,0.75,0.8,0.8,0.8,0.001,300,0.5,303.55,TeqpVerificado(x=0.5),CORREGIBLE,0.100643559636686,True,,CORREGIBLE,0.100644,351.9839,9,"[CORREGIBLE] O2: succión de la bomba bifásica bajo el peor caso de T_amb (riesgo de cavitación) (medido=305.01815194245194, esperado=<= 299.603 K). Causa probable: subenfriamiento insuficiente a la sa",53.41,0,0.0,False,,,False,final,,,REUTILIZADO de benchmark_minibarrido.csv (corrida del 2026-10-01)
M0,M0,busqueda_libre_v2,997,f2_T_from_Ph,0.85,3600.0,1655.0,380.0,300.032917,1.0,0.85,0.75,0.8,0.8,0.8,0.001,300,0.5,303.55,TeqpVerificado(x=0.5),NO_CONVERGIO,,False,PropertyRangeError,NO_CONVERGIO,,,5,"PropertyRangeError: T_from_Ph(P, h, x): el motor teqp no cubre el estado pedido (ver TASK_CONTEXT 2026-09-18-validar-teqp-nh3h2o). Detalle: h=-2.35123e+07 fuera de dominio a P=3.6e+06 Pa, x=0.8570",20.83,0,0.0,False,hrvg.T2,,False,brentq,,,REUTILIZADO de benchmark_minibarrido.csv (corrida del 2026-10-01)
M0,M0,busqueda_libre_v2,1015,sana,0.7,4000.0,1440.0,400.0,300.032917,1.0,0.85,0.75,0.8,0.8,0.8,0.001,300,0.5,303.55,TeqpVerificado(x=0.5),CORREGIBLE,0.0795808243327078,True,,CORREGIBLE,0.079581,359.5886,12,"[CORREGIBLE] O2: succión de la bomba bifásica bajo el peor caso de T_amb (riesgo de cavitación) (medido=325.88569416445597, esperado=<= 325.839 K). Causa probable: subenfriamiento insuficiente a la sa",45.41,0,0.0,False,,,False,final,,,REUTILIZADO de benchmark_minibarrido.csv (corrida del 2026-10-01)
M0,M0,busqueda_libre_v2,1046,sana,0.8,4500.0,1170.0,400.0,300.032917,1.0,0.85,0.75,0.8,0.8,0.8,0.001,300,0.5,303.55,TeqpVerificado(x=0.5),CORREGIBLE,0.1109237552465948,True,,CORREGIBLE,0.110924,353.8761,10,"[CORREGIBLE] O2: succión de la bomba bifásica bajo el peor caso de T_amb (riesgo de cavitación) (medido=312.3508949258003, esperado=<= 311.392 K). Causa probable: subenfriamiento insuficiente a la sal",35.69,0,0.0,False,,,False,final,,,REUTILIZADO de benchmark_minibarrido.csv (corrida del 2026-10-01)
M0,M0,busqueda_libre_v2,1081,sana,0.75,2800.0,1010.0,420.0,300.032917,1.0,0.85,0.75,0.8,0.8,0.8,0.001,300,0.5,303.55,TeqpVerificado(x=0.5),CORREGIBLE,0.0861023977526724,True,,CORREGIBLE,0.086102,351.3611,9,"[CORREGIBLE] O2: succión de la bomba bifásica bajo el peor caso de T_amb (riesgo de cavitación) (medido=311.90596894222, esperado=<= 309.063 K). Causa probable: subenfriamiento insuficiente a la salid",64.47,0,0.0,False,,,False,final,,,REUTILIZADO de benchmark_minibarrido.csv (corrida del 2026-10-01)
M0,M0,busqueda_libre_v2,1113,sana,0.85,3200.0,830.0,420.0,300.032917,1.0,0.85,0.75,0.8,0.8,0.8,0.001,300,0.5,303.55,TeqpVerificado(x=0.5),CORREGIBLE,0.0810359152893891,True,,CORREGIBLE,0.081036,355.6069,9,"[CORREGIBLE] O2: succión de la bomba bifásica bajo el peor caso de T_amb (riesgo de cavitación) (medido=307.4238653854857, esperado=<= 297.352 K). Causa probable: subenfriamiento insuficiente a la sal",37.94,0,0.0,False,,,False,final,,,REUTILIZADO de benchmark_minibarrido.csv (corrida del 2026-10-01)
M0,M0,busqueda_libre_v2,1148,sana,0.75,4000.0,1040.0,440.0,300.032917,1.0,0.85,0.75,0.8,0.8,0.8,0.001,300,0.5,303.55,TeqpVerificado(x=0.5),CORREGIBLE,0.1135827495070911,True,,CORREGIBLE,0.113583,365.9055,9,"[CORREGIBLE] O2: succión de la bomba bifásica bajo el peor caso de T_amb (riesgo de cavitación) (medido=313.04759307885774, esperado=<= 310.093 K). Causa probable: subenfriamiento insuficiente a la sa",53.05,0,0.0,False,,,False,final,,,REUTILIZADO de benchmark_minibarrido.csv (corrida del 2026-10-01)
M0,M0,busqueda_libre_v2,1186,sana,0.7,2800.0,1400.0,460.0,300.032917,1.0,0.85,0.75,0.8,0.8,0.8,0.001,300,0.5,303.55,TeqpVerificado(x=0.5),CORREGIBLE,0.0558697155976144,True,,CORREGIBLE,0.05587,357.5977,9,"[CORREGIBLE] O2: succión de la bomba bifásica bajo el peor caso de T_amb (riesgo de cavitación) (medido=329.95512993460187, esperado=<= 324.738 K). Causa probable: subenfriamiento insuficiente a la sa",44.46,0,0.0,False,,,False,final,,,REUTILIZADO de benchmark_minibarrido.csv (corrida del 2026-10-01)
M0,M0,busqueda_libre_v2,1241,sana,0.85,4500.0,1440.0,460.0,300.032917,1.0,0.85,0.75,0.8,0.8,0.8,0.001,300,0.5,303.55,TeqpVerificado(x=0.5),CORREGIBLE,0.1046162858242531,True,,CORREGIBLE,0.104616,362.2158,10,"[CORREGIBLE] O2: succión de la bomba bifásica bajo el peor caso de T_amb (riesgo de cavitación) (medido=317.98050827820117, esperado=<= 316.510 K). Causa probable: subenfriamiento insuficiente a la sa",57.94,0,0.0,False,,,False,final,,,REUTILIZADO de benchmark_minibarrido.csv (corrida del 2026-10-01)
M0,M0,busqueda_libre_v2,1251,f2_T_from_Ph,0.7,4000.0,1280.0,470.0,300.032917,1.0,0.85,0.75,0.8,0.8,0.8,0.001,300,0.5,303.55,TeqpVerificado(x=0.5),NO_CONVERGIO,,False,PropertyRangeError,NO_CONVERGIO,,,1,"PropertyRangeError: T_from_Ph(P, h, x): el motor teqp no cubre el estado pedido (ver TASK_CONTEXT 2026-09-18-validar-teqp-nh3h2o). Detalle: equilibrio no resoluble en T=516.61 K, P=4e+06 Pa, x=0.7117",0.6,0,0.0,False,hrvg.T2,,False,bracket,,,REUTILIZADO de benchmark_minibarrido.csv (corrida del 2026-10-01)
M0,M0,busqueda_libre_v2,1293,f2_h_Ps,0.85,3600.0,2520.0,470.0,300.032917,1.0,0.85,0.75,0.8,0.8,0.8,0.001,300,0.5,303.55,TeqpVerificado(x=0.5),NO_CONVERGIO,,False,PropertyRangeError,NO_CONVERGIO,,,1,"PropertyRangeError: h(P, s, x): el motor teqp no cubre el estado pedido (ver TASK_CONTEXT 2026-09-18-validar-teqp-nh3h2o). Detalle: equilibrio no resoluble en T=454.86 K, P=2.52e+06 Pa, x=0.9185",1.7,0,0.0,False,turb.h4s,,False,bracket,,,REUTILIZADO de benchmark_minibarrido.csv (corrida del 2026-10-01)
M0,M0,busqueda_libre_v2,1307,f2_T_from_Ph,0.7,3600.0,1150.0,480.0,300.032917,1.0,0.85,0.75,0.8,0.8,0.8,0.001,300,0.5,303.55,TeqpVerificado(x=0.5),NO_CONVERGIO,,False,PropertyRangeError,NO_CONVERGIO,,,2,"PropertyRangeError: T_from_Ph(P, h, x): el motor teqp no cubre el estado pedido (ver TASK_CONTEXT 2026-09-18-validar-teqp-nh3h2o). Detalle: h=53841.7 fuera de dominio a P=1.15e+06 Pa, x=0.7117",14.87,0,0.0,False,abs.T8,,False,bracket,,,REUTILIZADO de benchmark_minibarrido.csv (corrida del 2026-10-01)
M0,M0,busqueda_libre_v2,1363,f2_T_from_Ph,0.7,2800.0,1960.0,500.0,300.032917,1.0,0.85,0.75,0.8,0.8,0.8,0.001,300,0.5,303.55,TeqpVerificado(x=0.5),NO_CONVERGIO,,False,PropertyRangeError,NO_CONVERGIO,,,2,"PropertyRangeError: T_from_Ph(P, h, x): el motor teqp no cubre el estado pedido (ver TASK_CONTEXT 2026-09-18-validar-teqp-nh3h2o). Detalle: h=553036 fuera de dominio a P=1.96e+06 Pa, x=0.7117",9.96,0,0.0,False,abs.T8,,False,bracket,,,REUTILIZADO de benchmark_minibarrido.csv (corrida del 2026-10-01)
M0,M0,busqueda_libre_v2,1431,sana,0.8,4000.0,1540.0,380.0,300.032917,1.0,0.85,0.75,0.8,0.8,0.8,0.001,300,0.5,303.55,TeqpVerificado(x=0.5),CORREGIBLE,0.0765602074387088,True,,CORREGIBLE,0.07656,348.9911,12,"[CORREGIBLE] O2: succión de la bomba bifásica bajo el peor caso de T_amb (riesgo de cavitación) (medido=321.7966808474782, esperado=<= 321.622 K). Causa probable: subenfriamiento insuficiente a la sal",40.59,0,0.0,False,,,False,final,,,REUTILIZADO de benchmark_minibarrido.csv (corrida del 2026-10-01)
M0,M0,busqueda_libre_v2,1462,sana,0.75,4000.0,1440.0,380.0,300.032917,1.0,0.85,0.75,0.85,0.85,0.8,0.001,300,0.5,303.55,TeqpVerificado(x=0.5),KALINA,0.074872616243143,True,,KALINA,0.074873,354.8956,11,"KALINA: régimen Kalina genuino y admisible, sin fallas.",48.41,0,0.0,False,,,False,final,True,-1.196,REUTILIZADO de benchmark_minibarrido.csv (corrida del 2026-10-01)
M0,M0,busqueda_libre_v2,1495,sana,0.7,3600.0,1655.0,400.0,300.032917,1.0,0.85,0.75,0.8,0.8,0.75,0.001,300,0.5,303.55,TeqpVerificado(x=0.5),CORREGIBLE,0.066558133134209,True,,CORREGIBLE,0.066558,361.5923,12,"[CORREGIBLE] O2: succión de la bomba bifásica bajo el peor caso de T_amb (riesgo de cavitación) (medido=331.9424264320466, esperado=<= 331.408 K). Causa probable: subenfriamiento insuficiente a la sal",59.09,0,0.0,False,,,False,final,,,REUTILIZADO de benchmark_minibarrido.csv (corrida del 2026-10-01)
M0,M0,busqueda_libre_v2,1505,f2_T_from_Ph,0.75,4000.0,1840.0,400.0,300.032917,1.0,0.85,0.75,0.8,0.8,0.85,0.001,300,0.5,303.55,TeqpVerificado(x=0.5),NO_CONVERGIO,,False,PropertyRangeError,NO_CONVERGIO,,,6,"PropertyRangeError: T_from_Ph(P, h, x): el motor teqp no cubre el estado pedido (ver TASK_CONTEXT 2026-09-18-validar-teqp-nh3h2o). Detalle: h=-5.83279e+08 fuera de dominio a P=4e+06 Pa, x=0.7604",24.76,0,0.0,False,hrvg.T2,,False,brentq,,,REUTILIZADO de benchmark_minibarrido.csv (corrida del 2026-10-01)
M0,M0,busqueda_libre_v2,1527,sana,0.75,4000.0,1440.0,380.0,300.032917,1.0,0.9,0.75,0.85,0.85,0.8,0.001,300,0.5,303.55,TeqpVerificado(x=0.5),KALINA,0.0800284884366018,True,,KALINA,0.080028,354.8631,11,"KALINA: régimen Kalina genuino y admisible, sin fallas.",48.84,0,0.0,False,,,False,final,True,-1.196,REUTILIZADO de benchmark_minibarrido.csv (corrida del 2026-10-01)
M0,M0,busqueda_libre_v2,1559,sana,0.75,4000.0,1335.0,380.0,300.032917,1.0,0.85,0.75,0.8,0.8,0.8,0.001,300,0.5,303.55,TeqpVerificado(x=0.5),CORREGIBLE,0.0758518754047487,True,,CORREGIBLE,0.075852,352.9239,10,"[CORREGIBLE] O2: succión de la bomba bifásica bajo el peor caso de T_amb (riesgo de cavitación) (medido=319.24629211862907, esperado=<= 319.214 K). Causa probable: subenfriamiento insuficiente a la sa",44.29,0,0.0,False,,,False,final,,,REUTILIZADO de benchmark_minibarrido.csv (corrida del 2026-10-01)
M0,M0,busqueda_libre_v2,1590,sana,0.75,4000.0,1008.0,380.0,300.032917,1.0,0.8,0.75,0.8,0.8,0.8,0.001,300,0.5,303.55,TeqpVerificado(x=0.5),CORREGIBLE,0.0869523746210086,True,,CORREGIBLE,0.086952,352.9251,11,"[CORREGIBLE] O2: succión de la bomba bifásica bajo el peor caso de T_amb (riesgo de cavitación) (medido=309.6704208560545, esperado=<= 308.994 K). Causa probable: subenfriamiento insuficiente a la sal",43.57,0,0.0,False,,,False,final,,,REUTILIZADO de benchmark_minibarrido.csv (corrida del 2026-10-01)
MA,MA,barrido_literatura_kcs11,0,sana,0.55,1000.0,273.545422,373.0,283.0,1.0,0.8,0.8,0.916686,0.925541,0.972711,0.001,300,0.55,303.55,TeqpVerificado(x=0.55),CORREGIBLE,0.087667,True,,CORREGIBLE,0.087667,329.1763,8,"[CORREGIBLE] O2: succión de la bomba bifásica bajo el peor caso de T_amb (riesgo de cavitación) (medido=303.8947420792564, esperado=<= 287.000 K). Causa probable: subenfriamiento insuficiente a la sal",34.75,0,0.0,False,,,False,final,,,REUTILIZADO de benchmark_minibarrido.csv (corrida del 2026-10-01)
MA,MA,barrido_literatura_kcs11,1,sana,0.55,1500.0,273.545421,373.0,283.0,1.0,0.8,0.8,0.888202,0.938033,0.962503,0.001,300,0.55,303.55,TeqpVerificado(x=0.55),CORREGIBLE,0.110554,True,,CORREGIBLE,0.110554,342.9587,11,"[CORREGIBLE] O2: succión de la bomba bifásica bajo el peor caso de T_amb (riesgo de cavitación) (medido=303.5837267102462, esperado=<= 287.000 K). Causa probable: subenfriamiento insuficiente a la sal",42.02,0,0.0,False,,,False,final,,,REUTILIZADO de benchmark_minibarrido.csv (corrida del 2026-10-01)
MA,MA,barrido_literatura_kcs11,2,sana,0.55,2000.0,273.54542,373.0,283.0,1.0,0.8,0.8,0.819915,0.945653,0.946358,0.001,300,0.55,303.55,TeqpVerificado(x=0.55),CORREGIBLE,0.117791,True,,CORREGIBLE,0.117791,352.635,11,"[CORREGIBLE] O2: succión de la bomba bifásica bajo el peor caso de T_amb (riesgo de cavitación) (medido=303.0858792389994, esperado=<= 287.000 K). Causa probable: subenfriamiento insuficiente a la sal",48.25,0,0.0,False,,,False,final,,,REUTILIZADO de benchmark_minibarrido.csv (corrida del 2026-10-01)
MA,MA,barrido_literatura_kcs11,5,lit_T_from_Ph,0.55,1000.0,273.545422,423.0,283.0,1.0,0.8,0.8,0.85,0.75,0.8,0.001,300,0.55,303.55,TeqpVerificado(x=0.55),NO_CONVERGIO,,True,,CORREGIBLE,0.075082,338.8243,9,"[CORREGIBLE] O2: succión de la bomba bifásica bajo el peor caso de T_amb (riesgo de cavitación) (medido=322.14902629775247, esperado=<= 287.000 K). Causa probable: subenfriamiento insuficiente a la sa",35.64,0,0.0,False,,,False,final,,,REUTILIZADO de benchmark_minibarrido.csv (corrida del 2026-10-01)
MA,MA,barrido_literatura_kcs11,8,sana,0.55,3000.0,273.545422,423.0,283.0,1.0,0.8,0.8,0.921687,0.96169,0.974499,0.001,300,0.55,303.55,TeqpVerificado(x=0.55),CORREGIBLE,0.152782,True,,CORREGIBLE,0.152782,363.2777,9,"[CORREGIBLE] O2: succión de la bomba bifásica bajo el peor caso de T_amb (riesgo de cavitación) (medido=303.8968705817358, esperado=<= 287.000 K). Causa probable: subenfriamiento insuficiente a la sal",38.65,0,0.0,False,,,False,final,,,REUTILIZADO de benchmark_minibarrido.csv (corrida del 2026-10-01)
MA,MA,barrido_literatura_kcs11,9,sana,0.55,5000.0,273.545422,423.0,283.0,1.0,0.8,0.8,0.855626,0.967971,0.953649,0.001,300,0.55,303.55,TeqpVerificado(x=0.55),CORREGIBLE,0.158315,True,,CORREGIBLE,0.158315,395.3246,11,"[CORREGIBLE] O2: succión de la bomba bifásica bajo el peor caso de T_amb (riesgo de cavitación) (medido=303.17054840489965, esperado=<= 287.000 K). Causa probable: subenfriamiento insuficiente a la sa",48.86,0,0.0,False,,,False,final,,,REUTILIZADO de benchmark_minibarrido.csv (corrida del 2026-10-01)
MA,MA,barrido_literatura_kcs11,10,lit_bifasico,0.55,1000.0,273.545422,463.0,283.0,1.0,0.8,0.8,0.85,0.75,0.8,0.001,300,0.55,303.55,TeqpVerificado(x=0.55),NO_CONVERGIO,,False,NoBracket,NO_CONVERGIO,,,7,"NoBracket: sin dos extremos evaluables en 5.0 K (f_lo=54.93951413710238, f_hi=None)",6.94,0,0.0,False,sep.ELV,,False,bracket,,,REUTILIZADO de benchmark_minibarrido.csv (corrida del 2026-10-01)
MA,MA,barrido_literatura_kcs11,12,lit_T_from_Ph,0.55,2000.0,273.54542,463.0,283.0,1.0,0.8,0.8,0.85,0.75,0.8,0.001,300,0.55,303.55,TeqpVerificado(x=0.55),NO_CONVERGIO,,True,,CORREGIBLE,0.117849,361.3612,12,"[CORREGIBLE] O2: succión de la bomba bifásica bajo el peor caso de T_amb (riesgo de cavitación) (medido=321.702787507762, esperado=<= 287.000 K). Causa probable: subenfriamiento insuficiente a la sali",42.39,0,0.0,False,abs.T8,,False,final,,,REUTILIZADO de benchmark_minibarrido.csv (corrida del 2026-10-01)
MA,MA,barrido_literatura_kcs11,14,sana,0.55,5000.0,273.545422,463.0,283.0,1.0,0.8,0.8,0.927413,0.970841,0.980428,0.001,300,0.55,303.55,TeqpVerificado(x=0.55),CORREGIBLE,0.176485,True,,CORREGIBLE,0.176485,368.5274,9,"[CORREGIBLE] O1: título de vapor a la salida de la turbina bajo el umbral tecnológico usual (erosión de álabes) (medido=0.879648358323753, esperado=>= 0.90). Causa probable: expansión hasta P_baja dej",38.56,0,0.0,False,,,False,final,,,REUTILIZADO de benchmark_minibarrido.csv (corrida del 2026-10-01)
MA,MA,barrido_literatura_kcs11,15,sana,0.6,1000.0,336.094584,373.0,283.0,1.0,0.8,0.8,0.928246,0.915983,0.976133,0.001,300,0.6,303.55,TeqpVerificado(x=0.6),CORREGIBLE,0.07686,True,,CORREGIBLE,0.07686,322.62,8,"[CORREGIBLE] O2: succión de la bomba bifásica bajo el peor caso de T_amb (riesgo de cavitación) (medido=303.9505560524483, esperado=<= 287.000 K). Causa probable: subenfriamiento insuficiente a la sal",27.7,0,0.0,False,,,False,final,,,REUTILIZADO de benchmark_minibarrido.csv (corrida del 2026-10-01)
MA,MA,barrido_literatura_kcs11,16,sana,0.6,1500.0,336.094595,373.0,283.0,1.0,0.8,0.8,0.912256,0.930972,0.969014,0.001,300,0.6,303.55,TeqpVerificado(x=0.6),CORREGIBLE,0.102503,True,,CORREGIBLE,0.102503,335.6289,11,"[CORREGIBLE] O2: succión de la bomba bifásica bajo el peor caso de T_amb (riesgo de cavitación) (medido=303.7224744549866, esperado=<= 287.000 K). Causa probable: subenfriamiento insuficiente a la sal",34.75,0,0.0,False,,,False,final,,,REUTILIZADO de benchmark_minibarrido.csv (corrida del 2026-10-01)
MA,MA,barrido_literatura_kcs11,17,sana,0.6,2000.0,336.094594,373.0,283.0,1.0,0.8,0.8,0.875161,0.939973,0.9596,0.001,300,0.6,303.55,TeqpVerificado(x=0.6),CORREGIBLE,0.115983,True,,CORREGIBLE,0.115983,344.3513,9,"[CORREGIBLE] O2: succión de la bomba bifásica bajo el peor caso de T_amb (riesgo de cavitación) (medido=303.4126319135556, esperado=<= 287.000 K). Causa probable: subenfriamiento insuficiente a la sal",33.22,0,0.0,False,,,False,final,,,REUTILIZADO de benchmark_minibarrido.csv (corrida del 2026-10-01)
MA,MA,barrido_literatura_kcs11,21,sana,0.6,1500.0,336.094595,423.0,283.0,1.0,0.8,0.8,0.916648,0.949046,0.986515,0.001,300,0.6,303.55,TeqpVerificado(x=0.6),CORREGIBLE,0.098449,True,,CORREGIBLE,0.098449,318.4182,10,"[CORREGIBLE] O2: succión de la bomba bifásica bajo el peor caso de T_amb (riesgo de cavitación) (medido=304.2568446972219, esperado=<= 287.000 K). Causa probable: subenfriamiento insuficiente a la sal",35.19,0,0.0,False,abs.T8,,False,final,,,REUTILIZADO de benchmark_minibarrido.csv (corrida del 2026-10-01)
MA,MA,barrido_literatura_kcs11,22,sana,0.6,2000.0,336.094594,423.0,283.0,1.0,0.8,0.8,0.928591,0.951967,0.983282,0.001,300,0.6,303.55,TeqpVerificado(x=0.6),CORREGIBLE,0.118688,True,,CORREGIBLE,0.118688,333.0184,9,"[CORREGIBLE] O2: succión de la bomba bifásica bajo el peor caso de T_amb (riesgo de cavitación) (medido=304.15380726681923, esperado=<= 287.000 K). Causa probable: subenfriamiento insuficiente a la sa",34.13,0,0.0,False,,,False,final,,,REUTILIZADO de benchmark_minibarrido.csv (corrida del 2026-10-01)
MA,MA,barrido_literatura_kcs11,23,sana,0.6,3000.0,336.094619,423.0,283.0,1.0,0.8,0.8,0.93128,0.9591,0.977621,0.001,300,0.6,303.55,TeqpVerificado(x=0.6),CORREGIBLE,0.145299,True,,CORREGIBLE,0.145299,351.7609,9,"[CORREGIBLE] O2: succión de la bomba bifásica bajo el peor caso de T_amb (riesgo de cavitación) (medido=303.962356356243, esperado=<= 287.000 K). Causa probable: subenfriamiento insuficiente a la sali",32.5,0,0.0,False,,,False,final,,,REUTILIZADO de benchmark_minibarrido.csv (corrida del 2026-10-01)
MA,MA,barrido_literatura_kcs11,24,sana,0.6,5000.0,336.094595,423.0,283.0,1.0,0.8,0.8,0.895441,0.965926,0.963874,0.001,300,0.6,303.55,TeqpVerificado(x=0.6),CORREGIBLE,0.164886,True,,CORREGIBLE,0.164886,381.3449,9,"[CORREGIBLE] O2: succión de la bomba bifásica bajo el peor caso de T_amb (riesgo de cavitación) (medido=303.4597177569027, esperado=<= 287.000 K). Causa probable: subenfriamiento insuficiente a la sal",33.25,0,0.0,False,,,False,final,,,REUTILIZADO de benchmark_minibarrido.csv (corrida del 2026-10-01)
MA,MA,barrido_literatura_kcs11,27,lit_T_from_Ph,0.6,2000.0,336.094594,463.0,283.0,1.0,0.8,0.8,0.85,0.75,0.8,0.001,300,0.6,303.55,TeqpVerificado(x=0.6),NO_CONVERGIO,,True,,CORREGIBLE,0.108686,354.6054,13,"[CORREGIBLE] O2: succión de la bomba bifásica bajo el peor caso de T_amb (riesgo de cavitación) (medido=320.75990951395016, esperado=<= 287.000 K). Causa probable: subenfriamiento insuficiente a la sa",45.43,0,0.0,False,abs.T8,,False,final,,,REUTILIZADO de benchmark_minibarrido.csv (corrida del 2026-10-01)
MA,MA,barrido_literatura_kcs11,28,sana,0.6,3000.0,336.094619,463.0,283.0,1.0,0.8,0.8,0.92764,0.958812,0.988927,0.001,300,0.6,303.55,TeqpVerificado(x=0.6),CORREGIBLE,0.135085,True,,CORREGIBLE,0.135085,300.3556,10,"[CORREGIBLE] O2: succión de la bomba bifásica bajo el peor caso de T_amb (riesgo de cavitación) (medido=304.36761374137956, esperado=<= 287.000 K). Causa probable: subenfriamiento insuficiente a la sa",29.06,0,0.0,False,,,False,final,,,REUTILIZADO de benchmark_minibarrido.csv (corrida del 2026-10-01)
MA,MA,barrido_literatura_kcs11,29,sana,0.6,5000.0,336.094595,463.0,283.0,1.0,0.8,0.8,0.933309,0.96922,0.982503,0.001,300,0.6,303.55,TeqpVerificado(x=0.6),CORREGIBLE,0.169504,True,,CORREGIBLE,0.169504,351.7687,9,"[CORREGIBLE] O1: título de vapor a la salida de la turbina bajo el umbral tecnológico usual (erosión de álabes) (medido=0.8845236283765598, esperado=>= 0.90). Causa probable: expansión hasta P_baja de",31.41,0,0.0,False,,,False,final,,,REUTILIZADO de benchmark_minibarrido.csv (corrida del 2026-10-01)
MA,MA,barrido_literatura_kcs11,30,sana,0.65,1000.0,398.118722,373.0,283.0,1.0,0.8,0.8,0.936203,0.915043,0.978494,0.001,300,0.65,303.55,TeqpVerificado(x=0.65),CORREGIBLE,0.067535,True,,CORREGIBLE,0.067535,317.0718,8,"[CORREGIBLE] O2: succión de la bomba bifásica bajo el peor caso de T_amb (riesgo de cavitación) (medido=303.9761420303534, esperado=<= 287.000 K). Causa probable: subenfriamiento insuficiente a la sal",30.61,0,0.0,False,,,False,final,,,REUTILIZADO de benchmark_minibarrido.csv (corrida del 2026-10-01)
MA,MA,barrido_literatura_kcs11,31,sana,0.65,1500.0,398.118725,373.0,283.0,1.0,0.8,0.8,0.92825,0.922336,0.97341,0.001,300,0.65,303.55,TeqpVerificado(x=0.65),CORREGIBLE,0.094917,True,,CORREGIBLE,0.094917,328.5372,8,"[CORREGIBLE] O2: succión de la bomba bifásica bajo el peor caso de T_amb (riesgo de cavitación) (medido=303.7943311382266, esperado=<= 287.000 K). Causa probable: subenfriamiento insuficiente a la sal",27.1,0,0.0,False,,,False,final,,,REUTILIZADO de benchmark_minibarrido.csv (corrida del 2026-10-01)
MA,MA,barrido_literatura_kcs11,32,sana,0.65,2000.0,398.118724,373.0,283.0,1.0,0.8,0.8,0.906293,0.933124,0.96728,0.001,300,0.65,303.55,TeqpVerificado(x=0.65),CORREGIBLE,0.111221,True,,CORREGIBLE,0.111221,336.331,9,"[CORREGIBLE] O2: succión de la bomba bifásica bajo el peor caso de T_amb (riesgo de cavitación) (medido=303.5765256942538, esperado=<= 287.000 K). Causa probable: subenfriamiento insuficiente a la sal",32.11,0,0.0,False,,,False,final,,,REUTILIZADO de benchmark_minibarrido.csv (corrida del 2026-10-01)
MA,MA,barrido_literatura_kcs11,33,sana,0.65,3000.0,398.118703,373.0,283.0,1.0,0.8,0.8,0.743978,0.947236,0.941294,0.001,300,0.65,303.55,TeqpVerificado(x=0.65),CORREGIBLE,0.112592,True,,CORREGIBLE,0.112592,354.9828,9,"[CORREGIBLE] O2: succión de la bomba bifásica bajo el peor caso de T_amb (riesgo de cavitación) (medido=302.6349480508676, esperado=<= 287.000 K). Causa probable: subenfriamiento insuficiente a la sal",41.44,0,0.0,False,,,False,final,,,REUTILIZADO de benchmark_minibarrido.csv (corrida del 2026-10-01)
MA,MA,barrido_literatura_kcs11,34,lit_bifasico,0.65,5000.0,398.118726,373.0,283.0,1.0,0.8,0.8,0.85,0.75,0.8,0.001,300,0.65,303.55,TeqpVerificado(x=0.65),NO_CONVERGIO,,False,NoBracket,NO_CONVERGIO,,,12,"NoBracket: sin dos extremos evaluables en 5.0 K (f_lo=None, f_hi=None)",119.19,0,0.0,False,sep.ELV,,False,bracket,,,REUTILIZADO de benchmark_minibarrido.csv (corrida del 2026-10-01)
MA,MA,barrido_literatura_kcs11,36,sana,0.65,1500.0,398.118725,423.0,283.0,1.0,0.8,0.8,0.91834,0.951733,0.987491,0.001,300,0.65,303.55,TeqpVerificado(x=0.65),CORREGIBLE,0.089812,True,,CORREGIBLE,0.089812,308.1303,10,"[CORREGIBLE] O2: succión de la bomba bifásica bajo el peor caso de T_amb (riesgo de cavitación) (medido=304.2582937462332, esperado=<= 287.000 K). Causa probable: subenfriamiento insuficiente a la sal",28.34,0,0.0,False,,,False,final,,,REUTILIZADO de benchmark_minibarrido.csv (corrida del 2026-10-01)
MA,MA,barrido_literatura_kcs11,38,sana,0.65,3000.0,398.118703,423.0,283.0,1.0,0.8,0.8,0.938187,0.956272,0.979967,0.001,300,0.65,303.55,TeqpVerificado(x=0.65),CORREGIBLE,0.138786,True,,CORREGIBLE,0.138786,340.5166,10,"[CORREGIBLE] O2: succión de la bomba bifásica bajo el peor caso de T_amb (riesgo de cavitación) (medido=303.99551287220186, esperado=<= 287.000 K). Causa probable: subenfriamiento insuficiente a la sa",35.37,0,0.0,False,,,False,final,,,REUTILIZADO de benchmark_minibarrido.csv (corrida del 2026-10-01)
MA,MA,barrido_literatura_kcs11,39,sana,0.65,5000.0,398.118726,423.0,283.0,1.0,0.8,0.8,0.918306,0.963675,0.970142,0.001,300,0.65,303.55,TeqpVerificado(x=0.65),CORREGIBLE,0.164618,True,,CORREGIBLE,0.164618,367.5862,9,"[CORREGIBLE] O2: succión de la bomba bifásica bajo el peor caso de T_amb (riesgo de cavitación) (medido=303.61464609645793, esperado=<= 287.000 K). Causa probable: subenfriamiento insuficiente a la sa",31.97,0,0.0,False,,,False,final,,,REUTILIZADO de benchmark_minibarrido.csv (corrida del 2026-10-01)
MA,MA,barrido_literatura_kcs11,42,lit_T_from_Ph,0.65,2000.0,398.118724,463.0,283.0,1.0,0.8,0.8,0.85,0.75,0.8,0.001,300,0.65,303.55,TeqpVerificado(x=0.65),NO_CONVERGIO,,True,,CORREGIBLE,0.101496,348.3531,14,"[CORREGIBLE] O2: succión de la bomba bifásica bajo el peor caso de T_amb (riesgo de cavitación) (medido=319.5935883255785, esperado=<= 287.000 K). Causa probable: subenfriamiento insuficiente a la sal",50.64,0,0.0,False,abs.T8,,False,final,,,REUTILIZADO de benchmark_minibarrido.csv (corrida del 2026-10-01)
MA,MA,barrido_literatura_kcs11,43,sana,0.65,3000.0,398.118703,463.0,283.0,1.0,0.8,0.8,0.993292,0.957123,0.988621,0.001,300,0.65,303.55,TeqpVerificado(x=0.65),NO_CONVERGIO,0.130277,True,,NO_CONVERGIO,0.130276,284.4852,8,"[NO_CONVERGIO] N2: el balance global de energía no cierra dentro de la tolerancia (medido=42.359525188195676, esperado=<= 2.1792 kW (1e-3 relativo a Qi)). Causa probable: residuo numérico del lazo de ",29.32,0,0.0,False,,,False,final,,,REUTILIZADO de benchmark_minibarrido.csv (corrida del 2026-10-01)
MA,MA,barrido_literatura_kcs11,44,sana,0.65,5000.0,398.118726,463.0,283.0,1.0,0.8,0.8,0.937586,0.967498,0.984122,0.001,300,0.65,303.55,TeqpVerificado(x=0.65),CORREGIBLE,0.163589,True,,CORREGIBLE,0.163589,335.2236,9,"[CORREGIBLE] O1: título de vapor a la salida de la turbina bajo el umbral tecnológico usual (erosión de álabes) (medido=0.8886914720487971, esperado=>= 0.90). Causa probable: expansión hasta P_baja de",33.74,0,0.0,False,,,False,final,,,REUTILIZADO de benchmark_minibarrido.csv (corrida del 2026-10-01)
MA,MA,barrido_literatura_kcs11,45,sana,0.7,1000.0,456.322836,373.0,283.0,1.0,0.8,0.8,0.942333,0.919685,0.980309,0.001,300,0.7,303.55,TeqpVerificado(x=0.7),CORREGIBLE,0.059646,True,,CORREGIBLE,0.059646,312.4824,8,"[CORREGIBLE] O2: succión de la bomba bifásica bajo el peor caso de T_amb (riesgo de cavitación) (medido=303.9840365695578, esperado=<= 287.000 K). Causa probable: subenfriamiento insuficiente a la sal",34.15,0,0.0,False,,,False,final,,,REUTILIZADO de benchmark_minibarrido.csv (corrida del 2026-10-01)
MA,MA,barrido_literatura_kcs11,46,sana,0.7,1500.0,456.322836,373.0,283.0,1.0,0.8,0.8,0.939737,0.911463,0.976578,0.001,300,0.7,303.55,TeqpVerificado(x=0.7),CORREGIBLE,0.088348,True,,CORREGIBLE,0.088348,321.6257,8,"[CORREGIBLE] O2: succión de la bomba bifásica bajo el peor caso de T_amb (riesgo de cavitación) (medido=303.8286083211072, esperado=<= 287.000 K). Causa probable: subenfriamiento insuficiente a la sal",30.29,0,0.0,False,,,False,final,,,REUTILIZADO de benchmark_minibarrido.csv (corrida del 2026-10-01)
MA,MA,barrido_literatura_kcs11,47,sana,0.7,2000.0,456.322835,373.0,283.0,1.0,0.8,0.8,0.926461,0.924619,0.9723,0.001,300,0.7,303.55,TeqpVerificado(x=0.7),CORREGIBLE,0.106329,True,,CORREGIBLE,0.106329,328.5062,9,"[CORREGIBLE] O2: succión de la bomba bifásica bajo el peor caso de T_amb (riesgo de cavitación) (medido=303.6610285723029, esperado=<= 287.000 K). Causa probable: subenfriamiento insuficiente a la sal",30.86,0,0.0,False,,,False,final,,,REUTILIZADO de benchmark_minibarrido.csv (corrida del 2026-10-01)
MA,MA,barrido_literatura_kcs11,48,sana,0.7,3000.0,456.322818,373.0,283.0,1.0,0.8,0.8,0.839954,0.941475,0.958132,0.001,300,0.7,303.55,TeqpVerificado(x=0.7),CORREGIBLE,0.121842,True,,CORREGIBLE,0.121842,344.8455,9,"[CORREGIBLE] O2: succión de la bomba bifásica bajo el peor caso de T_amb (riesgo de cavitación) (medido=303.08120886132605, esperado=<= 287.000 K). Causa probable: subenfriamiento insuficiente a la sa",49.37,0,0.0,False,,,False,final,,,REUTILIZADO de benchmark_minibarrido.csv (corrida del 2026-10-01)
MA,MA,barrido_literatura_kcs11,49,lit_bifasico,0.7,5000.0,456.322837,373.0,283.0,1.0,0.8,0.8,0.85,0.75,0.8,0.001,300,0.7,303.55,TeqpVerificado(x=0.7),NO_CONVERGIO,,False,NoBracket,NO_CONVERGIO,,,12,"NoBracket: sin dos extremos evaluables en 5.0 K (f_lo=None, f_hi=None)",188.16,0,0.0,False,sep.ELV,,False,bracket,,,REUTILIZADO de benchmark_minibarrido.csv (corrida del 2026-10-01)
MA,MA,barrido_literatura_kcs11,51,sana,0.7,1500.0,456.322836,423.0,283.0,1.0,0.8,0.8,0.919743,0.954046,0.988344,0.001,300,0.7,303.55,TeqpVerificado(x=0.7),CORREGIBLE,0.082675,True,,CORREGIBLE,0.082675,297.8388,9,"[CORREGIBLE] O2: succión de la bomba bifásica bajo el peor caso de T_amb (riesgo de cavitación) (medido=304.2565533076436, esperado=<= 287.000 K). Causa probable: subenfriamiento insuficiente a la sal",25.1,0,0.0,False,,,False,final,,,REUTILIZADO de benchmark_minibarrido.csv (corrida del 2026-10-01)
MA,MA,barrido_literatura_kcs11,52,sana,0.7,2000.0,456.322835,423.0,283.0,1.0,0.8,0.8,0.934446,0.947298,0.985784,0.001,300,0.7,303.55,TeqpVerificado(x=0.7),CORREGIBLE,0.104255,True,,CORREGIBLE,0.104255,312.3692,10,"[CORREGIBLE] O2: succión de la bomba bifásica bajo el peor caso de T_amb (riesgo de cavitación) (medido=304.1645718813015, esperado=<= 287.000 K). Causa probable: subenfriamiento insuficiente a la sal",28.82,0,0.0,False,,,False,final,,,REUTILIZADO de benchmark_minibarrido.csv (corrida del 2026-10-01)
MA,MA,barrido_literatura_kcs11,53,sana,0.7,3000.0,456.322818,423.0,283.0,1.0,0.8,0.8,0.943381,0.953185,0.98179,0.001,300,0.7,303.55,TeqpVerificado(x=0.7),CORREGIBLE,0.133456,True,,CORREGIBLE,0.133456,329.4721,10,"[CORREGIBLE] O2: succión de la bomba bifásica bajo el peor caso de T_amb (riesgo de cavitación) (medido=304.0107887647285, esperado=<= 287.000 K). Causa probable: subenfriamiento insuficiente a la sal",34.38,0,0.0,False,,,False,final,,,REUTILIZADO de benchmark_minibarrido.csv (corrida del 2026-10-01)
MA,MA,barrido_literatura_kcs11,54,sana,0.7,5000.0,456.322837,423.0,283.0,1.0,0.8,0.8,0.93322,0.961169,0.97438,0.001,300,0.7,303.55,TeqpVerificado(x=0.7),CORREGIBLE,0.162815,True,,CORREGIBLE,0.162815,354.0001,9,"[CORREGIBLE] O2: succión de la bomba bifásica bajo el peor caso de T_amb (riesgo de cavitación) (medido=303.69965164871434, esperado=<= 287.000 K). Causa probable: subenfriamiento insuficiente a la sa",31.0,0,0.0,False,,,False,final,,,REUTILIZADO de benchmark_minibarrido.csv (corrida del 2026-10-01)
MA,MA,barrido_literatura_kcs11,55,lit_T_from_Ph,0.7,1000.0,456.322836,463.0,283.0,1.0,0.8,0.8,0.85,0.75,0.8,0.001,300,0.7,303.55,TeqpVerificado(x=0.7),NO_CONVERGIO,,False,NoBracket,NO_CONVERGIO,,,7,"NoBracket: sin dos extremos evaluables en 5.0 K (f_lo=34.63970660538979, f_hi=None)",6.61,0,0.0,False,sep.ELV,,False,bracket,,,REUTILIZADO de benchmark_minibarrido.csv (corrida del 2026-10-01)
MA,MA,barrido_literatura_kcs11,57,lit_T_from_Ph,0.7,2000.0,456.322835,463.0,283.0,1.0,0.8,0.8,0.85,0.75,0.8,0.001,300,0.7,303.55,TeqpVerificado(x=0.7),NO_CONVERGIO,,False,NoBracket,NO_CONVERGIO,,,7,"NoBracket: sin dos extremos evaluables en 5.0 K (f_lo=58.53613008746237, f_hi=None)",18.59,0,0.0,False,abs.T8,,False,bracket,,,REUTILIZADO de benchmark_minibarrido.csv (corrida del 2026-10-01)
MA,MA,barrido_literatura_kcs11,59,sana,0.7,5000.0,456.322837,463.0,283.0,1.0,0.8,0.8,0.940784,0.965676,0.985417,0.001,300,0.7,303.55,TeqpVerificado(x=0.7),CORREGIBLE,0.158862,True,,CORREGIBLE,0.158862,318.7957,10,"[CORREGIBLE] O1: título de vapor a la salida de la turbina bajo el umbral tecnológico usual (erosión de álabes) (medido=0.892168912017739, esperado=>= 0.90). Causa probable: expansión hasta P_baja dej",32.4,0,0.0,False,,,False,final,,,REUTILIZADO de benchmark_minibarrido.csv (corrida del 2026-10-01)
MA,MA,busqueda_libre_v2,0,sana,0.35,3000.0,400.0,470.0,300.032917,1.0,0.85,0.75,0.85,0.75,0.95,0.001,300,0.5,303.55,TeqpVerificado(x=0.5),KALINA,0.1182603625456353,True,,KALINA,0.11826,373.0129,9,"KALINA: régimen Kalina genuino y admisible, sin fallas.",43.67,0,0.0,False,,,False,final,True,-1.1441,REUTILIZADO de benchmark_minibarrido.csv (corrida del 2026-10-01)
MA,MA,busqueda_libre_v2,8,f2_T_from_Ph,0.35,3000.0,500.0,470.0,300.032917,1.0,0.85,0.75,0.85,0.75,0.95,0.001,300,0.5,303.55,TeqpVerificado(x=0.5),NO_CONVERGIO,,False,PuntoNoEvaluable,NO_CONVERGIO,,,5,PuntoNoEvaluable: punto interior no evaluable (T=370.8961 K),21.33,0,0.0,False,valv.T7,,False,brentq,,,REUTILIZADO de benchmark_minibarrido.csv (corrida del 2026-10-01)
MA,MA,busqueda_libre_v2,33,sana,0.4,3000.0,550.0,470.0,300.032917,1.0,0.85,0.75,0.85,0.75,0.9,0.001,300,0.5,303.55,TeqpVerificado(x=0.5),KALINA,0.1099230068595296,True,,KALINA,0.109923,370.8385,12,"KALINA: régimen Kalina genuino y admisible, sin fallas.",53.21,0,0.0,False,,,False,final,True,-1.2232,REUTILIZADO de benchmark_minibarrido.csv (corrida del 2026-10-01)
MA,MA,busqueda_libre_v2,67,sana,0.5,3000.0,450.0,470.0,300.032917,1.0,0.85,0.75,0.85,0.75,0.85,0.001,300,0.5,303.55,TeqpVerificado(x=0.5),CORREGIBLE,0.1288182577198451,True,,CORREGIBLE,0.128818,371.1749,9,"[CORREGIBLE] O2: succión de la bomba bifásica bajo el peor caso de T_amb (riesgo de cavitación) (medido=318.88716556801296, esperado=<= 308.147 K). Causa probable: subenfriamiento insuficiente a la sa",48.99,0,0.0,False,,,False,final,,,REUTILIZADO de benchmark_minibarrido.csv (corrida del 2026-10-01)
MA,MA,busqueda_libre_v2,99,sana,0.475,3000.0,550.0,470.0,300.032917,1.0,0.85,0.75,0.85,0.75,0.93,0.001,300,0.5,303.55,TeqpVerificado(x=0.5),CORREGIBLE,0.1141088210663729,True,,CORREGIBLE,0.114109,350.3585,9,"[CORREGIBLE] O2: succión de la bomba bifásica bajo el peor caso de T_amb (riesgo de cavitación) (medido=320.18440034427334, esperado=<= 318.413 K). Causa probable: subenfriamiento insuficiente a la sa",36.92,0,0.0,False,,,False,final,,,REUTILIZADO de benchmark_minibarrido.csv (corrida del 2026-10-01)
MA,MA,busqueda_libre_v2,132,sana,0.45,3000.0,480.0,470.0,300.032917,1.0,0.85,0.75,0.85,0.75,0.93,0.001,300,0.5,303.55,TeqpVerificado(x=0.5),CORREGIBLE,0.1203056344094943,True,,CORREGIBLE,0.120306,355.0407,9,"[CORREGIBLE] O2: succión de la bomba bifásica bajo el peor caso de T_amb (riesgo de cavitación) (medido=319.6537076238384, esperado=<= 318.039 K). Causa probable: subenfriamiento insuficiente a la sal",38.31,0,0.0,False,,,False,final,,,REUTILIZADO de benchmark_minibarrido.csv (corrida del 2026-10-01)
MA,MA,busqueda_libre_v2,166,sana,0.5,3150.0,640.0,470.0,300.032917,1.0,0.85,0.75,0.85,0.75,0.95,0.001,300,0.5,303.55,TeqpVerificado(x=0.5),CORREGIBLE,0.1076464504412673,True,,CORREGIBLE,0.107646,344.1957,9,"[CORREGIBLE] O2: succión de la bomba bifásica bajo el peor caso de T_amb (riesgo de cavitación) (medido=319.6216750909378, esperado=<= 319.600 K). Causa probable: subenfriamiento insuficiente a la sal",34.65,0,0.0,False,,,False,final,,,REUTILIZADO de benchmark_minibarrido.csv (corrida del 2026-10-01)
MA,MA,busqueda_libre_v2,197,sana,0.4,3000.0,800.0,470.0,300.032917,1.0,0.85,0.75,0.8,0.8,0.85,0.001,300,0.5,303.55,TeqpVerificado(x=0.5),KALINA,0.0906702118290015,True,,KALINA,0.09067,384.3079,10,"KALINA: régimen Kalina genuino y admisible, sin fallas.",70.98,0,0.0,False,,,False,final,True,-1.3494,REUTILIZADO de benchmark_minibarrido.csv (corrida del 2026-10-01)
MA,MA,busqueda_libre_v2,229,sana,0.425,3000.0,850.0,470.0,300.032917,1.0,0.85,0.75,0.8,0.8,0.8,0.001,300,0.5,303.55,TeqpVerificado(x=0.5),CORREGIBLE,0.0910984193737075,True,,CORREGIBLE,0.091098,391.4338,9,"[CORREGIBLE] O2: succión de la bomba bifásica bajo el peor caso de T_amb (riesgo de cavitación) (medido=347.8189263568221, esperado=<= 342.495 K). Causa probable: subenfriamiento insuficiente a la sal",71.04,0,0.0,False,,,False,final,,,REUTILIZADO de benchmark_minibarrido.csv (corrida del 2026-10-01)
MA,MA,busqueda_libre_v2,260,sana,0.45,3000.0,1850.0,470.0,300.032917,1.0,0.85,0.75,0.8,0.8,0.85,0.001,300,0.5,303.55,TeqpVerificado(x=0.5),KALINA,0.0360788121773843,True,,KALINA,0.036079,379.3694,9,"KALINA: régimen Kalina genuino y admisible, sin fallas.",70.01,0,0.0,False,,,False,final,True,-1.6081,REUTILIZADO de benchmark_minibarrido.csv (corrida del 2026-10-01)
MA,MA,busqueda_libre_v2,292,sana,0.5,3000.0,1100.0,470.0,300.032917,1.0,0.85,0.75,0.8,0.8,0.8,0.001,300,0.5,303.55,TeqpVerificado(x=0.5),CORREGIBLE,0.0755236059921295,True,,CORREGIBLE,0.075524,386.1799,9,"[CORREGIBLE] O2: succión de la bomba bifásica bajo el peor caso de T_amb (riesgo de cavitación) (medido=347.8241580661732, esperado=<= 339.419 K). Causa probable: subenfriamiento insuficiente a la sal",58.08,0,0.0,False,,,False,final,,,REUTILIZADO de benchmark_minibarrido.csv (corrida del 2026-10-01)
MA,MA,busqueda_libre_v2,324,sana,0.5,3000.0,650.0,470.0,300.032917,1.0,0.85,0.75,0.75,0.75,0.85,0.001,300,0.5,303.55,TeqpVerificado(x=0.5),CORREGIBLE,0.1085316232226424,True,,CORREGIBLE,0.108532,371.8736,10,"[CORREGIBLE] O2: succión de la bomba bifásica bajo el peor caso de T_amb (riesgo de cavitación) (medido=326.95569496884934, esperado=<= 320.129 K). Causa probable: subenfriamiento insuficiente a la sa",59.2,0,0.0,False,,,False,final,,,REUTILIZADO de benchmark_minibarrido.csv (corrida del 2026-10-01)
MA,MA,busqueda_libre_v2,356,sana,0.5,3000.0,1850.0,470.0,300.032917,1.0,0.85,0.75,0.75,0.8,0.85,0.001,300,0.5,303.55,TeqpVerificado(x=0.5),KALINA,0.0374624321716557,True,,KALINA,0.037462,374.6951,9,"KALINA: régimen Kalina genuino y admisible, sin fallas.",66.4,0,0.0,False,,,False,final,True,-1.6617,REUTILIZADO de benchmark_minibarrido.csv (corrida del 2026-10-01)
MA,MA,busqueda_libre_v2,389,sana,0.45,3000.0,1100.0,470.0,300.032917,1.0,0.85,0.75,0.8,0.75,0.8,0.001,300,0.5,303.55,TeqpVerificado(x=0.5),CORREGIBLE,0.0748019671645302,True,,CORREGIBLE,0.074802,388.7733,11,"[CORREGIBLE] O2: succión de la bomba bifásica bajo el peor caso de T_amb (riesgo de cavitación) (medido=353.0287005520315, esperado=<= 347.997 K). Causa probable: subenfriamiento insuficiente a la sal",74.54,0,0.0,False,,,False,final,,,REUTILIZADO de benchmark_minibarrido.csv (corrida del 2026-10-01)
MA,MA,busqueda_libre_v2,420,sana,0.45,3000.0,2400.0,470.0,300.032917,1.0,0.85,0.75,0.85,0.75,0.8,0.001,300,0.5,303.55,TeqpVerificado(x=0.5),KALINA,0.0176848172950173,True,,KALINA,0.017685,391.4831,9,"KALINA: régimen Kalina genuino y admisible, sin fallas.",78.24,0,0.0,False,,,False,final,True,-1.6422,REUTILIZADO de benchmark_minibarrido.csv (corrida del 2026-10-01)
MA,MA,busqueda_libre_v2,452,sana,0.45,3000.0,1100.0,470.0,300.032917,1.0,0.85,0.75,0.85,0.8,0.85,0.001,300,0.5,303.55,TeqpVerificado(x=0.5),CORREGIBLE,0.0735658194241247,True,,CORREGIBLE,0.073566,377.3548,10,"[CORREGIBLE] O2: succión de la bomba bifásica bajo el peor caso de T_amb (riesgo de cavitación) (medido=349.27791091099425, esperado=<= 347.997 K). Causa probable: subenfriamiento insuficiente a la sa",60.86,0,0.0,False,,,False,final,,,REUTILIZADO de benchmark_minibarrido.csv (corrida del 2026-10-01)
MA,MA,busqueda_libre_v2,483,sana,0.45,3000.0,2400.0,470.0,300.032917,1.0,0.85,0.75,0.85,0.85,0.85,0.001,300,0.5,303.55,TeqpVerificado(x=0.5),KALINA,0.0170134585643959,True,,KALINA,0.017013,380.5627,11,"KALINA: régimen Kalina genuino y admisible, sin fallas.",73.04,0,0.0,False,,,False,final,True,-1.6469,REUTILIZADO de benchmark_minibarrido.csv (corrida del 2026-10-01)
MA,MA,busqueda_libre_v2,515,sana,0.5,3000.0,1100.0,470.0,300.032917,1.0,0.85,0.75,0.8,0.85,0.8,0.001,300,0.5,303.55,TeqpVerificado(x=0.5),CORREGIBLE,0.0758002108820254,True,,CORREGIBLE,0.0758,386.4111,9,"[CORREGIBLE] O2: succión de la bomba bifásica bajo el peor caso de T_amb (riesgo de cavitación) (medido=347.7750472678039, esperado=<= 339.419 K). Causa probable: subenfriamiento insuficiente a la sal",57.92,0,0.0,False,,,False,final,,,REUTILIZADO de benchmark_minibarrido.csv (corrida del 2026-10-01)
MA,MA,busqueda_libre_v2,546,sana,0.5,3000.0,2400.0,470.0,300.032917,1.0,0.8,0.8,0.8,0.8,0.85,0.001,300,0.5,303.55,TeqpVerificado(x=0.5),KALINA,0.0165308360054732,True,,KALINA,0.016531,374.7095,10,"KALINA: régimen Kalina genuino y admisible, sin fallas.",71.93,0,0.0,False,,,False,final,True,-1.7025,REUTILIZADO de benchmark_minibarrido.csv (corrida del 2026-10-01)
MA,MA,busqueda_libre_v2,577,sana,0.45,3000.0,850.0,470.0,300.032917,1.0,0.9,0.8,0.8,0.8,0.8,0.001,300,0.5,303.55,TeqpVerificado(x=0.5),CORREGIBLE,0.0978729185349187,True,,CORREGIBLE,0.097873,389.4462,10,"[CORREGIBLE] O2: succión de la bomba bifásica bajo el peor caso de T_amb (riesgo de cavitación) (medido=345.1192192959119, esperado=<= 337.959 K). Causa probable: subenfriamiento insuficiente a la sal",68.04,0,0.0,False,,,False,final,,,REUTILIZADO de benchmark_minibarrido.csv (corrida del 2026-10-01)
MA,MA,busqueda_libre_v2,609,sana,0.45,3300.0,2400.0,470.0,300.032917,1.0,0.85,0.75,0.8,0.8,0.8,0.001,300,0.5,303.55,TeqpVerificado(x=0.5),KALINA,0.0244393132246963,True,,KALINA,0.024439,392.6803,9,"KALINA: régimen Kalina genuino y admisible, sin fallas.",77.09,0,0.0,False,,,False,final,True,-1.7708,REUTILIZADO de benchmark_minibarrido.csv (corrida del 2026-10-01)
MA,MA,busqueda_libre_v2,640,sana,0.45,3000.0,1012.5,470.0,300.032917,1.0,0.85,0.75,0.75,0.75,0.85,0.001,300,0.5,303.55,TeqpVerificado(x=0.5),CORREGIBLE,0.0778864188832888,True,,CORREGIBLE,0.077886,377.1884,10,"[CORREGIBLE] O2: succión de la bomba bifásica bajo el peor caso de T_amb (riesgo de cavitación) (medido=345.2775090275406, esperado=<= 344.691 K). Causa probable: subenfriamiento insuficiente a la sal",73.7,0,0.0,False,,,False,final,,,REUTILIZADO de benchmark_minibarrido.csv (corrida del 2026-10-01)
MA,MA,busqueda_libre_v2,672,sana,0.45,3000.0,1327.5,470.0,300.032917,1.0,0.85,0.75,0.85,0.75,0.85,0.001,300,0.5,303.55,TeqpVerificado(x=0.5),KALINA,0.0600235911541133,True,,KALINA,0.060024,376.3485,10,"KALINA: régimen Kalina genuino y admisible, sin fallas.",69.09,0,0.0,False,,,False,final,True,-1.462,REUTILIZADO de benchmark_minibarrido.csv (corrida del 2026-10-01)
MA,MA,busqueda_libre_v2,704,sana,0.45,3000.0,1710.0,470.0,300.032917,1.0,0.8,0.8,0.8,0.8,0.8,0.001,300,0.5,303.55,TeqpVerificado(x=0.5),CORREGIBLE,0.0411997631629175,True,,CORREGIBLE,0.0412,391.1876,10,"[CORREGIBLE] O2: succión de la bomba bifásica bajo el peor caso de T_amb (riesgo de cavitación) (medido=367.3867415821415, esperado=<= 366.988 K). Causa probable: subenfriamiento insuficiente a la sal",74.34,0,0.0,False,,,False,final,,,REUTILIZADO de benchmark_minibarrido.csv (corrida del 2026-10-01)
MA,MA,busqueda_libre_v2,737,sana,0.475,3000.0,2100.25,470.0,300.032917,1.0,0.85,0.75,0.8,0.8,0.8,0.001,300,0.5,303.55,TeqpVerificado(x=0.5),CORREGIBLE,0.0286815183967108,True,,CORREGIBLE,0.028682,390.222,9,"[CORREGIBLE] O2: succión de la bomba bifásica bajo el peor caso de T_amb (riesgo de cavitación) (medido=372.1220082585353, esperado=<= 371.976 K). Causa probable: subenfriamiento insuficiente a la sal",73.47,0,0.0,False,,,False,final,,,REUTILIZADO de benchmark_minibarrido.csv (corrida del 2026-10-01)
MA,MA,busqueda_libre_v2,768,sana,0.5,3000.0,1541.0,470.0,300.032917,1.0,0.85,0.75,0.75,0.85,0.85,0.001,300,0.5,303.55,TeqpVerificado(x=0.5),KALINA,0.051461527211415,True,,KALINA,0.051462,375.5553,10,"KALINA: régimen Kalina genuino y admisible, sin fallas.",68.83,0,0.0,False,,,False,final,True,-1.6,REUTILIZADO de benchmark_minibarrido.csv (corrida del 2026-10-01)
MA,MA,busqueda_libre_v2,810,sana,0.7,3600.0,2800.0,470.0,300.032917,1.0,0.85,0.75,0.8,0.8,0.8,0.001,300,0.5,303.55,TeqpVerificado(x=0.5),CORREGIBLE,0.0229447166844775,True,,CORREGIBLE,0.022945,368.4513,9,"[CORREGIBLE] O2: succión de la bomba bifásica bajo el peor caso de T_amb (riesgo de cavitación) (medido=356.53477985054315, esperado=<= 354.665 K). Causa probable: subenfriamiento insuficiente a la sa",67.66,0,0.0,False,,,False,final,,,REUTILIZADO de benchmark_minibarrido.csv (corrida del 2026-10-01)
MA,MA,busqueda_libre_v2,853,f2_T_from_Ph,0.8,2800.0,2500.0,470.0,300.032917,1.0,0.85,0.75,0.8,0.8,0.8,0.001,300,0.5,303.55,TeqpVerificado(x=0.5),NO_CONVERGIO,,False,NoBracket,NO_CONVERGIO,,,7,"NoBracket: sin dos extremos evaluables en 5.0 K (f_lo=47.220145546336425, f_hi=None)",27.42,0,0.0,False,abs.T8,,False,bracket,,,REUTILIZADO de benchmark_minibarrido.csv (corrida del 2026-10-01)
MA,MA,busqueda_libre_v2,865,f2_h_Ps,0.8,4000.0,2200.0,470.0,300.032917,1.0,0.85,0.75,0.8,0.8,0.8,0.001,300,0.5,303.55,TeqpVerificado(x=0.5),NO_CONVERGIO,,False,NoBracket,NO_CONVERGIO,,,10,"NoBracket: sin dos extremos evaluables en 5.0 K (f_lo=None, f_hi=-88.85834794434072)",24.61,0,0.0,False,turb.h4s,,False,bracket,,,REUTILIZADO de benchmark_minibarrido.csv (corrida del 2026-10-01)
MA,MA,busqueda_libre_v2,876,sana,0.8,4400.0,1600.0,470.0,300.032917,1.0,0.85,0.75,0.8,0.8,0.8,0.001,300,0.5,303.55,TeqpVerificado(x=0.5),CORREGIBLE,0.09075374540442,True,,CORREGIBLE,0.090754,366.9875,9,"[CORREGIBLE] O2: succión de la bomba bifásica bajo el peor caso de T_amb (riesgo de cavitación) (medido=325.3122678118862, esperado=<= 323.106 K). Causa probable: subenfriamiento insuficiente a la sal",59.62,0,0.0,False,,,False,final,,,REUTILIZADO de benchmark_minibarrido.csv (corrida del 2026-10-01)
MA,MA,busqueda_libre_v2,944,sana,0.8,4500.0,4000.0,470.0,300.032917,1.0,0.85,0.75,0.75,0.75,0.8,0.001,300,0.5,303.55,TeqpVerificado(x=0.5),KALINA,0.0117842259089404,True,,KALINA,0.011784,366.7,10,"KALINA: régimen Kalina genuino y admisible, sin fallas.",78.92,0,0.0,False,,,False,final,False,-2.2284,REUTILIZADO de benchmark_minibarrido.csv (corrida del 2026-10-01)
MA,MA,busqueda_libre_v2,979,sana,0.8,3200.0,830.0,380.0,300.032917,1.0,0.85,0.75,0.8,0.8,0.8,0.001,300,0.5,303.55,TeqpVerificado(x=0.5),CORREGIBLE,0.100643559636686,True,,CORREGIBLE,0.100644,351.9839,9,"[CORREGIBLE] O2: succión de la bomba bifásica bajo el peor caso de T_amb (riesgo de cavitación) (medido=305.01815194242397, esperado=<= 299.603 K). Causa probable: subenfriamiento insuficiente a la sa",49.55,0,0.0,False,,,False,final,,,REUTILIZADO de benchmark_minibarrido.csv (corrida del 2026-10-01)
MA,MA,busqueda_libre_v2,997,f2_T_from_Ph,0.85,3600.0,1655.0,380.0,300.032917,1.0,0.85,0.75,0.8,0.8,0.8,0.001,300,0.5,303.55,TeqpVerificado(x=0.5),NO_CONVERGIO,,False,PuntoNoEvaluable,NO_CONVERGIO,,,5,PuntoNoEvaluable: punto interior no evaluable (T=346.9964 K),18.29,0,0.0,False,hrvg.T2,,False,brentq,,,REUTILIZADO de benchmark_minibarrido.csv (corrida del 2026-10-01)
MA,MA,busqueda_libre_v2,1015,sana,0.7,4000.0,1440.0,400.0,300.032917,1.0,0.85,0.75,0.8,0.8,0.8,0.001,300,0.5,303.55,TeqpVerificado(x=0.5),CORREGIBLE,0.0795808243327078,True,,CORREGIBLE,0.079581,359.5886,12,"[CORREGIBLE] O2: succión de la bomba bifásica bajo el peor caso de T_amb (riesgo de cavitación) (medido=325.88569416442743, esperado=<= 325.839 K). Causa probable: subenfriamiento insuficiente a la sa",41.54,0,0.0,False,,,False,final,,,REUTILIZADO de benchmark_minibarrido.csv (corrida del 2026-10-01)
MA,MA,busqueda_libre_v2,1046,sana,0.8,4500.0,1170.0,400.0,300.032917,1.0,0.85,0.75,0.8,0.8,0.8,0.001,300,0.5,303.55,TeqpVerificado(x=0.5),CORREGIBLE,0.1109237552465948,True,,CORREGIBLE,0.110924,353.8761,10,"[CORREGIBLE] O2: succión de la bomba bifásica bajo el peor caso de T_amb (riesgo de cavitación) (medido=312.35089492576964, esperado=<= 311.392 K). Causa probable: subenfriamiento insuficiente a la sa",31.01,0,0.0,False,,,False,final,,,REUTILIZADO de benchmark_minibarrido.csv (corrida del 2026-10-01)
MA,MA,busqueda_libre_v2,1081,sana,0.75,2800.0,1010.0,420.0,300.032917,1.0,0.85,0.75,0.8,0.8,0.8,0.001,300,0.5,303.55,TeqpVerificado(x=0.5),CORREGIBLE,0.0861023977526724,True,,CORREGIBLE,0.086102,351.3611,9,"[CORREGIBLE] O2: succión de la bomba bifásica bajo el peor caso de T_amb (riesgo de cavitación) (medido=311.9059689422119, esperado=<= 309.063 K). Causa probable: subenfriamiento insuficiente a la sal",58.96,0,0.0,False,,,False,final,,,REUTILIZADO de benchmark_minibarrido.csv (corrida del 2026-10-01)
MA,MA,busqueda_libre_v2,1113,sana,0.85,3200.0,830.0,420.0,300.032917,1.0,0.85,0.75,0.8,0.8,0.8,0.001,300,0.5,303.55,TeqpVerificado(x=0.5),CORREGIBLE,0.0810359152893891,True,,CORREGIBLE,0.081036,355.6069,9,"[CORREGIBLE] O2: succión de la bomba bifásica bajo el peor caso de T_amb (riesgo de cavitación) (medido=307.4238653854154, esperado=<= 297.352 K). Causa probable: subenfriamiento insuficiente a la sal",33.76,0,0.0,False,,,False,final,,,REUTILIZADO de benchmark_minibarrido.csv (corrida del 2026-10-01)
MA,MA,busqueda_libre_v2,1148,sana,0.75,4000.0,1040.0,440.0,300.032917,1.0,0.85,0.75,0.8,0.8,0.8,0.001,300,0.5,303.55,TeqpVerificado(x=0.5),CORREGIBLE,0.1135827495070911,True,,CORREGIBLE,0.113583,365.9055,9,"[CORREGIBLE] O2: succión de la bomba bifásica bajo el peor caso de T_amb (riesgo de cavitación) (medido=313.0475930788955, esperado=<= 310.093 K). Causa probable: subenfriamiento insuficiente a la sal",49.39,0,0.0,False,,,False,final,,,REUTILIZADO de benchmark_minibarrido.csv (corrida del 2026-10-01)
MA,MA,busqueda_libre_v2,1186,sana,0.7,2800.0,1400.0,460.0,300.032917,1.0,0.85,0.75,0.8,0.8,0.8,0.001,300,0.5,303.55,TeqpVerificado(x=0.5),CORREGIBLE,0.0558697155976144,True,,CORREGIBLE,0.05587,357.5977,9,"[CORREGIBLE] O2: succión de la bomba bifásica bajo el peor caso de T_amb (riesgo de cavitación) (medido=329.9551299346347, esperado=<= 324.738 K). Causa probable: subenfriamiento insuficiente a la sal",41.09,0,0.0,False,,,False,final,,,REUTILIZADO de benchmark_minibarrido.csv (corrida del 2026-10-01)
MA,MA,busqueda_libre_v2,1241,sana,0.85,4500.0,1440.0,460.0,300.032917,1.0,0.85,0.75,0.8,0.8,0.8,0.001,300,0.5,303.55,TeqpVerificado(x=0.5),CORREGIBLE,0.1046162858242531,True,,CORREGIBLE,0.104616,362.2158,10,"[CORREGIBLE] O2: succión de la bomba bifásica bajo el peor caso de T_amb (riesgo de cavitación) (medido=317.98050827821675, esperado=<= 316.510 K). Causa probable: subenfriamiento insuficiente a la sa",52.2,0,0.0,False,,,False,final,,,REUTILIZADO de benchmark_minibarrido.csv (corrida del 2026-10-01)
MA,MA,busqueda_libre_v2,1251,f2_T_from_Ph,0.7,4000.0,1280.0,470.0,300.032917,1.0,0.85,0.75,0.8,0.8,0.8,0.001,300,0.5,303.55,TeqpVerificado(x=0.5),NO_CONVERGIO,,True,,CORREGIBLE,0.092556,373.1748,14,"[CORREGIBLE] O2: succión de la bomba bifásica bajo el peor caso de T_amb (riesgo de cavitación) (medido=326.4793798479543, esperado=<= 321.293 K). Causa probable: subenfriamiento insuficiente a la sal",73.81,0,0.0,False,hrvg.T2,,False,final,,,REUTILIZADO de benchmark_minibarrido.csv (corrida del 2026-10-01)
MA,MA,busqueda_libre_v2,1293,f2_h_Ps,0.85,3600.0,2520.0,470.0,300.032917,1.0,0.85,0.75,0.8,0.8,0.8,0.001,300,0.5,303.55,TeqpVerificado(x=0.5),NO_CONVERGIO,,False,NoBracket,NO_CONVERGIO,,,12,"NoBracket: sin dos extremos evaluables en 5.0 K (f_lo=None, f_hi=None)",21.83,0,0.0,False,turb.h4s,,False,bracket,,,REUTILIZADO de benchmark_minibarrido.csv (corrida del 2026-10-01)
MA,MA,busqueda_libre_v2,1307,f2_T_from_Ph,0.7,3600.0,1150.0,480.0,300.032917,1.0,0.85,0.75,0.8,0.8,0.8,0.001,300,0.5,303.55,TeqpVerificado(x=0.5),NO_CONVERGIO,,True,,CORREGIBLE,0.090219,368.4642,14,"[CORREGIBLE] O2: succión de la bomba bifásica bajo el peor caso de T_amb (riesgo de cavitación) (medido=323.19991254083595, esperado=<= 317.287 K). Causa probable: subenfriamiento insuficiente a la sa",70.4,0,0.0,False,abs.T8,,False,final,,,REUTILIZADO de benchmark_minibarrido.csv (corrida del 2026-10-01)
MA,MA,busqueda_libre_v2,1363,f2_T_from_Ph,0.7,2800.0,1960.0,500.0,300.032917,1.0,0.85,0.75,0.8,0.8,0.8,0.001,300,0.5,303.55,TeqpVerificado(x=0.5),NO_CONVERGIO,,False,NoBracket,NO_CONVERGIO,,,7,"NoBracket: sin dos extremos evaluables en 5.0 K (f_lo=56.60351980408666, f_hi=None)",24.92,0,0.0,False,abs.T8,,False,bracket,,,REUTILIZADO de benchmark_minibarrido.csv (corrida del 2026-10-01)
MA,MA,busqueda_libre_v2,1431,sana,0.8,4000.0,1540.0,380.0,300.032917,1.0,0.85,0.75,0.8,0.8,0.8,0.001,300,0.5,303.55,TeqpVerificado(x=0.5),CORREGIBLE,0.0765602074387088,True,,CORREGIBLE,0.07656,348.9911,12,"[CORREGIBLE] O2: succión de la bomba bifásica bajo el peor caso de T_amb (riesgo de cavitación) (medido=321.7966808474985, esperado=<= 321.622 K). Causa probable: subenfriamiento insuficiente a la sal",38.22,0,0.0,False,,,False,final,,,REUTILIZADO de benchmark_minibarrido.csv (corrida del 2026-10-01)
MA,MA,busqueda_libre_v2,1462,sana,0.75,4000.0,1440.0,380.0,300.032917,1.0,0.85,0.75,0.85,0.85,0.8,0.001,300,0.5,303.55,TeqpVerificado(x=0.5),KALINA,0.074872616243143,True,,KALINA,0.074873,354.8956,11,"KALINA: régimen Kalina genuino y admisible, sin fallas.",44.19,0,0.0,False,,,False,final,True,-1.196,REUTILIZADO de benchmark_minibarrido.csv (corrida del 2026-10-01)
MA,MA,busqueda_libre_v2,1495,sana,0.7,3600.0,1655.0,400.0,300.032917,1.0,0.85,0.75,0.8,0.8,0.75,0.001,300,0.5,303.55,TeqpVerificado(x=0.5),CORREGIBLE,0.066558133134209,True,,CORREGIBLE,0.066558,361.5923,12,"[CORREGIBLE] O2: succión de la bomba bifásica bajo el peor caso de T_amb (riesgo de cavitación) (medido=331.94242643202, esperado=<= 331.408 K). Causa probable: subenfriamiento insuficiente a la salid",53.79,0,0.0,False,,,False,final,,,REUTILIZADO de benchmark_minibarrido.csv (corrida del 2026-10-01)
MA,MA,busqueda_libre_v2,1505,f2_T_from_Ph,0.75,4000.0,1840.0,400.0,300.032917,1.0,0.85,0.75,0.8,0.8,0.85,0.001,300,0.5,303.55,TeqpVerificado(x=0.5),NO_CONVERGIO,,False,PuntoNoEvaluable,NO_CONVERGIO,,,6,PuntoNoEvaluable: punto interior no evaluable (T=351.8451 K),21.65,0,0.0,False,hrvg.T2,,False,brentq,,,REUTILIZADO de benchmark_minibarrido.csv (corrida del 2026-10-01)
MA,MA,busqueda_libre_v2,1527,sana,0.75,4000.0,1440.0,380.0,300.032917,1.0,0.9,0.75,0.85,0.85,0.8,0.001,300,0.5,303.55,TeqpVerificado(x=0.5),KALINA,0.0800284884366018,True,,KALINA,0.080028,354.8631,11,"KALINA: régimen Kalina genuino y admisible, sin fallas.",43.74,0,0.0,False,,,False,final,True,-1.196,REUTILIZADO de benchmark_minibarrido.csv (corrida del 2026-10-01)
MA,MA,busqueda_libre_v2,1559,sana,0.75,4000.0,1335.0,380.0,300.032917,1.0,0.85,0.75,0.8,0.8,0.8,0.001,300,0.5,303.55,TeqpVerificado(x=0.5),CORREGIBLE,0.0758518754047487,True,,CORREGIBLE,0.075852,352.9239,10,"[CORREGIBLE] O2: succión de la bomba bifásica bajo el peor caso de T_amb (riesgo de cavitación) (medido=319.246292118617, esperado=<= 319.214 K). Causa probable: subenfriamiento insuficiente a la sali",40.8,0,0.0,False,,,False,final,,,REUTILIZADO de benchmark_minibarrido.csv (corrida del 2026-10-01)
MA,MA,busqueda_libre_v2,1590,sana,0.75,4000.0,1008.0,380.0,300.032917,1.0,0.8,0.75,0.8,0.8,0.8,0.001,300,0.5,303.55,TeqpVerificado(x=0.5),CORREGIBLE,0.0869523746210086,True,,CORREGIBLE,0.086952,352.9251,11,"[CORREGIBLE] O2: succión de la bomba bifásica bajo el peor caso de T_amb (riesgo de cavitación) (medido=309.67042085605476, esperado=<= 308.994 K). Causa probable: subenfriamiento insuficiente a la sa",39.7,0,0.0,False,,,False,final,,,REUTILIZADO de benchmark_minibarrido.csv (corrida del 2026-10-01)
MB_sintope_STno,MB_sintope_STno,barrido_literatura_kcs11,0,ctl_literatura,0.55,1000.0,273.545422,373.0,283.0,1.0,0.8,0.8,0.916686,0.925541,0.972711,0.001,300,0.55,303.55,TeqpVerificado(x=0.55),CORREGIBLE,0.087667,True,,CORREGIBLE,0.087667,329.1763,8,"[CORREGIBLE] O2: succión de la bomba bifásica bajo el peor caso de T_amb (riesgo de cavitación) (medido=303.8947420791578, esperado=<= 287.000 K). Causa probable: subenfriamiento insuficiente a la sal",54.31,0,0.0,False,,,False,final,,,MEDIDO en esta tarea (2026-10-01-benchmark-continuacion)
MB_sintope_STno,MB_sintope_STno,barrido_literatura_kcs11,5,lit_T_from_Ph,0.55,1000.0,273.545422,423.0,283.0,1.0,0.8,0.8,0.85,0.75,0.8,0.001,300,0.55,303.55,TeqpVerificado(x=0.55),NO_CONVERGIO,,True,,CORREGIBLE,0.075082,338.8243,10,"[CORREGIBLE] O2: succión de la bomba bifásica bajo el peor caso de T_amb (riesgo de cavitación) (medido=322.14902629775247, esperado=<= 287.000 K). Causa probable: subenfriamiento insuficiente a la sa",59.35,1,2.36,True,valv.T7,"PropertyRangeError: T_from_Ph(P, h, x): el motor teqp no cubre el estado pedido (ver TASK_CONTEXT 2026-09-18-validar-teqp-nh3h2o). Detalle: equilibrio no resoluble en T=277.42 K, P=2.7355e+05 Pa, x=0.",False,final,,,MEDIDO en esta tarea (2026-10-01-benchmark-continuacion)
MB_sintope_STno,MB_sintope_STno,barrido_literatura_kcs11,8,sana,0.55,3000.0,273.545422,423.0,283.0,1.0,0.8,0.8,0.921687,0.96169,0.974499,0.001,300,0.55,303.55,TeqpVerificado(x=0.55),CORREGIBLE,0.152782,True,,CORREGIBLE,0.152782,363.2777,9,"[CORREGIBLE] O2: succión de la bomba bifásica bajo el peor caso de T_amb (riesgo de cavitación) (medido=303.8968705817564, esperado=<= 287.000 K). Causa probable: subenfriamiento insuficiente a la sal",61.93,0,0.0,False,,,False,final,,,MEDIDO en esta tarea (2026-10-01-benchmark-continuacion)
MB_sintope_STno,MB_sintope_STno,barrido_literatura_kcs11,1,sana,0.55,1500.0,273.545421,373.0,283.0,1.0,0.8,0.8,0.888202,0.938033,0.962503,0.001,300,0.55,303.55,TeqpVerificado(x=0.55),CORREGIBLE,0.110554,True,,CORREGIBLE,0.110554,342.9587,11,"[CORREGIBLE] O2: succión de la bomba bifásica bajo el peor caso de T_amb (riesgo de cavitación) (medido=303.5837267104237, esperado=<= 287.000 K). Causa probable: subenfriamiento insuficiente a la sal",65.74,0,0.0,False,,,False,final,,,MEDIDO en esta tarea (2026-10-01-benchmark-continuacion)
MB_sintope_STno,MB_sintope_STno,barrido_literatura_kcs11,2,sana,0.55,2000.0,273.54542,373.0,283.0,1.0,0.8,0.8,0.819915,0.945653,0.946358,0.001,300,0.55,303.55,TeqpVerificado(x=0.55),CORREGIBLE,0.117791,True,,CORREGIBLE,0.117791,352.635,11,"[CORREGIBLE] O2: succión de la bomba bifásica bajo el peor caso de T_amb (riesgo de cavitación) (medido=303.0858792389994, esperado=<= 287.000 K). Causa probable: subenfriamiento insuficiente a la sal",74.78,0,0.0,False,,,False,final,,,MEDIDO en esta tarea (2026-10-01-benchmark-continuacion)
MB_sintope_STno,MB_sintope_STno,barrido_literatura_kcs11,9,sana,0.55,5000.0,273.545422,423.0,283.0,1.0,0.8,0.8,0.855626,0.967971,0.953649,0.001,300,0.55,303.55,TeqpVerificado(x=0.55),CORREGIBLE,0.158315,True,,CORREGIBLE,0.158315,395.3246,11,"[CORREGIBLE] O2: succión de la bomba bifásica bajo el peor caso de T_amb (riesgo de cavitación) (medido=303.17054840489965, esperado=<= 287.000 K). Causa probable: subenfriamiento insuficiente a la sa",76.06,0,0.0,False,,,False,final,,,MEDIDO en esta tarea (2026-10-01-benchmark-continuacion)
MB_sintope_STno,MB_sintope_STno,barrido_literatura_kcs11,15,sana,0.6,1000.0,336.094584,373.0,283.0,1.0,0.8,0.8,0.928246,0.915983,0.976133,0.001,300,0.6,303.55,TeqpVerificado(x=0.6),CORREGIBLE,0.07686,True,,CORREGIBLE,0.07686,322.62,8,"[CORREGIBLE] O2: succión de la bomba bifásica bajo el peor caso de T_amb (riesgo de cavitación) (medido=303.9505560525446, esperado=<= 287.000 K). Causa probable: subenfriamiento insuficiente a la sal",43.98,0,0.0,False,,,False,final,,,MEDIDO en esta tarea (2026-10-01-benchmark-continuacion)
MB_sintope_STno,MB_sintope_STno,barrido_literatura_kcs11,10,lit_bifasico,0.55,1000.0,273.545422,463.0,283.0,1.0,0.8,0.8,0.85,0.75,0.8,0.001,300,0.55,303.55,TeqpVerificado(x=0.55),NO_CONVERGIO,,True,,CORREGIBLE,0.074722,339.3539,21,"[CORREGIBLE] O2: succión de la bomba bifásica bajo el peor caso de T_amb (riesgo de cavitación) (medido=323.38905505787176, esperado=<= 287.000 K). Causa probable: subenfriamiento insuficiente a la sa",74.19,2,10.0,True,sep.ELV,"PropertyRangeError: equilibrio_liquido_vapor(P=1000.0 kPa, T=462.8499610351539 K): no existe equilibrio bifásico para ninguna composición (T fuera de la campana binaria a esa P, motor teqp).",False,final,,,MEDIDO en esta tarea (2026-10-01-benchmark-continuacion)
MB_sintope_STno,MB_sintope_STno,barrido_literatura_kcs11,17,ctl_literatura,0.6,2000.0,336.094594,373.0,283.0,1.0,0.8,0.8,0.875161,0.939973,0.9596,0.001,300,0.6,303.55,TeqpVerificado(x=0.6),CORREGIBLE,0.115983,True,,CORREGIBLE,0.115983,344.3513,9,"[CORREGIBLE] O2: succión de la bomba bifásica bajo el peor caso de T_amb (riesgo de cavitación) (medido=303.4126319136307, esperado=<= 287.000 K). Causa probable: subenfriamiento insuficiente a la sal",52.97,0,0.0,False,,,False,final,,,MEDIDO en esta tarea (2026-10-01-benchmark-continuacion)
MB_sintope_STno,MB_sintope_STno,barrido_literatura_kcs11,14,sana,0.55,5000.0,273.545422,463.0,283.0,1.0,0.8,0.8,0.927413,0.970841,0.980428,0.001,300,0.55,303.55,TeqpVerificado(x=0.55),CORREGIBLE,0.176485,True,,CORREGIBLE,0.176485,368.5274,10,"[CORREGIBLE] O1: título de vapor a la salida de la turbina bajo el umbral tecnológico usual (erosión de álabes) (medido=0.879648358323753, esperado=>= 0.90). Causa probable: expansión hasta P_baja dej",67.59,1,6.0,True,valv.T7,"PropertyRangeError: T_from_Ph(P, h, x): el motor teqp no cubre el estado pedido (ver TASK_CONTEXT 2026-09-18-validar-teqp-nh3h2o). Detalle: equilibrio no resoluble en T=263.16 K, P=2.7355e+05 Pa, x=0.",False,final,,,MEDIDO en esta tarea (2026-10-01-benchmark-continuacion)
MB_sintope_STno,MB_sintope_STno,barrido_literatura_kcs11,16,sana,0.6,1500.0,336.094595,373.0,283.0,1.0,0.8,0.8,0.912256,0.930972,0.969014,0.001,300,0.6,303.55,TeqpVerificado(x=0.6),CORREGIBLE,0.102503,True,,CORREGIBLE,0.102503,335.6289,11,"[CORREGIBLE] O2: succión de la bomba bifásica bajo el peor caso de T_amb (riesgo de cavitación) (medido=303.7224744549866, esperado=<= 287.000 K). Causa probable: subenfriamiento insuficiente a la sal",57.07,0,0.0,False,,,False,final,,,MEDIDO en esta tarea (2026-10-01-benchmark-continuacion)
MB_sintope_STno,MB_sintope_STno,barrido_literatura_kcs11,12,lit_T_from_Ph,0.55,2000.0,273.54542,463.0,283.0,1.0,0.8,0.8,0.85,0.75,0.8,0.001,300,0.55,303.55,TeqpVerificado(x=0.55),NO_CONVERGIO,,True,,CORREGIBLE,0.117849,361.3612,14,"[CORREGIBLE] O2: succión de la bomba bifásica bajo el peor caso de T_amb (riesgo de cavitación) (medido=321.7027875074426, esperado=<= 287.000 K). Causa probable: subenfriamiento insuficiente a la sal",80.25,2,12.7,True,abs.T8,"PropertyRangeError: T_from_Ph(P, h, x): el motor teqp no cubre el estado pedido (ver TASK_CONTEXT 2026-09-18-validar-teqp-nh3h2o). Detalle: h=55398.8 fuera de dominio a P=2.7355e+05 Pa, x=0.5639",False,final,,,MEDIDO en esta tarea (2026-10-01-benchmark-continuacion)
MB_sintope_STno,MB_sintope_STno,barrido_literatura_kcs11,28,sana,0.6,3000.0,336.094619,463.0,283.0,1.0,0.8,0.8,0.92764,0.958812,0.988927,0.001,300,0.6,303.55,TeqpVerificado(x=0.6),CORREGIBLE,0.135085,False,PropertyRangeError,NO_CONVERGIO,,,4,"PropertyRangeError: T_from_Ph(P, h, x): el motor teqp no cubre el estado pedido (ver TASK_CONTEXT 2026-09-18-validar-teqp-nh3h2o). Detalle: equilibrio no resoluble en T=293.87 K, P=3.3609e+05 Pa, x=0.",19.67,0,0.0,False,valv.T7,,False,brentq,,,MEDIDO en esta tarea (2026-10-01-benchmark-continuacion)
MB_sintope_STno,MB_sintope_STno,barrido_literatura_kcs11,21,sana,0.6,1500.0,336.094595,423.0,283.0,1.0,0.8,0.8,0.916648,0.949046,0.986515,0.001,300,0.6,303.55,TeqpVerificado(x=0.6),CORREGIBLE,0.098449,True,,CORREGIBLE,0.098449,318.4182,9,"[CORREGIBLE] O2: succión de la bomba bifásica bajo el peor caso de T_amb (riesgo de cavitación) (medido=304.25684469682477, esperado=<= 287.000 K). Causa probable: subenfriamiento insuficiente a la sa",50.56,0,0.0,False,,,False,final,,,MEDIDO en esta tarea (2026-10-01-benchmark-continuacion)
MB_sintope_STno,MB_sintope_STno,barrido_literatura_kcs11,22,sana,0.6,2000.0,336.094594,423.0,283.0,1.0,0.8,0.8,0.928591,0.951967,0.983282,0.001,300,0.6,303.55,TeqpVerificado(x=0.6),CORREGIBLE,0.118688,True,,CORREGIBLE,0.118688,333.0184,9,"[CORREGIBLE] O2: succión de la bomba bifásica bajo el peor caso de T_amb (riesgo de cavitación) (medido=304.15380726692695, esperado=<= 287.000 K). Causa probable: subenfriamiento insuficiente a la sa",49.7,0,0.0,False,,,False,final,,,MEDIDO en esta tarea (2026-10-01-benchmark-continuacion)
MB_sintope_STno,MB_sintope_STno,barrido_literatura_kcs11,24,sana,0.6,5000.0,336.094595,423.0,283.0,1.0,0.8,0.8,0.895441,0.965926,0.963874,0.001,300,0.6,303.55,TeqpVerificado(x=0.6),CORREGIBLE,0.164886,True,,CORREGIBLE,0.164886,381.3449,9,"[CORREGIBLE] O2: succión de la bomba bifásica bajo el peor caso de T_amb (riesgo de cavitación) (medido=303.4597177569027, esperado=<= 287.000 K). Causa probable: subenfriamiento insuficiente a la sal",50.84,0,0.0,False,,,False,final,,,MEDIDO en esta tarea (2026-10-01-benchmark-continuacion)
MB_sintope_STno,MB_sintope_STno,barrido_literatura_kcs11,23,sana,0.6,3000.0,336.094619,423.0,283.0,1.0,0.8,0.8,0.93128,0.9591,0.977621,0.001,300,0.6,303.55,TeqpVerificado(x=0.6),CORREGIBLE,0.145299,True,,CORREGIBLE,0.145299,351.7609,9,"[CORREGIBLE] O2: succión de la bomba bifásica bajo el peor caso de T_amb (riesgo de cavitación) (medido=303.9623563561833, esperado=<= 287.000 K). Causa probable: subenfriamiento insuficiente a la sal",53.21,0,0.0,False,,,False,final,,,MEDIDO en esta tarea (2026-10-01-benchmark-continuacion)
MB_sintope_STno,MB_sintope_STno,barrido_literatura_kcs11,30,sana,0.65,1000.0,398.118722,373.0,283.0,1.0,0.8,0.8,0.936203,0.915043,0.978494,0.001,300,0.65,303.55,TeqpVerificado(x=0.65),CORREGIBLE,0.067535,True,,CORREGIBLE,0.067535,317.0718,8,"[CORREGIBLE] O2: succión de la bomba bifásica bajo el peor caso de T_amb (riesgo de cavitación) (medido=303.97614203033334, esperado=<= 287.000 K). Causa probable: subenfriamiento insuficiente a la sa",46.13,0,0.0,False,,,False,final,,,MEDIDO en esta tarea (2026-10-01-benchmark-continuacion)
MB_sintope_STno,MB_sintope_STno,barrido_literatura_kcs11,29,sana,0.6,5000.0,336.094595,463.0,283.0,1.0,0.8,0.8,0.933309,0.96922,0.982503,0.001,300,0.6,303.55,TeqpVerificado(x=0.6),CORREGIBLE,0.169504,True,,CORREGIBLE,0.169504,351.7687,9,"[CORREGIBLE] O1: título de vapor a la salida de la turbina bajo el umbral tecnológico usual (erosión de álabes) (medido=0.8845236283750243, esperado=>= 0.90). Causa probable: expansión hasta P_baja de",49.91,0,0.0,False,,,False,final,,,MEDIDO en esta tarea (2026-10-01-benchmark-continuacion)
MB_sintope_STno,MB_sintope_STno,barrido_literatura_kcs11,27,lit_T_from_Ph,0.6,2000.0,336.094594,463.0,283.0,1.0,0.8,0.8,0.85,0.75,0.8,0.001,300,0.6,303.55,TeqpVerificado(x=0.6),NO_CONVERGIO,,True,,CORREGIBLE,0.108686,354.6054,15,"[CORREGIBLE] O2: succión de la bomba bifásica bajo el peor caso de T_amb (riesgo de cavitación) (medido=320.7599095137797, esperado=<= 287.000 K). Causa probable: subenfriamiento insuficiente a la sal",84.85,2,13.03,True,abs.T8,"PropertyRangeError: T_from_Ph(P, h, x): el motor teqp no cubre el estado pedido (ver TASK_CONTEXT 2026-09-18-validar-teqp-nh3h2o). Detalle: h=61287.7 fuera de dominio a P=3.3609e+05 Pa, x=0.6134",False,final,,,MEDIDO en esta tarea (2026-10-01-benchmark-continuacion)
MB_sintope_STno,MB_sintope_STno,barrido_literatura_kcs11,31,ctl_literatura,0.65,1500.0,398.118725,373.0,283.0,1.0,0.8,0.8,0.92825,0.922336,0.97341,0.001,300,0.65,303.55,TeqpVerificado(x=0.65),CORREGIBLE,0.094917,True,,CORREGIBLE,0.094917,328.5372,8,"[CORREGIBLE] O2: succión de la bomba bifásica bajo el peor caso de T_amb (riesgo de cavitación) (medido=303.7943311382204, esperado=<= 287.000 K). Causa probable: subenfriamiento insuficiente a la sal",43.95,0,0.0,False,,,False,final,,,MEDIDO en esta tarea (2026-10-01-benchmark-continuacion)
MB_sintope_STno,MB_sintope_STno,barrido_literatura_kcs11,32,sana,0.65,2000.0,398.118724,373.0,283.0,1.0,0.8,0.8,0.906293,0.933124,0.96728,0.001,300,0.65,303.55,TeqpVerificado(x=0.65),CORREGIBLE,0.111221,True,,CORREGIBLE,0.111221,336.331,9,"[CORREGIBLE] O2: succión de la bomba bifásica bajo el peor caso de T_amb (riesgo de cavitación) (medido=303.5765256942538, esperado=<= 287.000 K). Causa probable: subenfriamiento insuficiente a la sal",52.48,0,0.0,False,,,False,final,,,MEDIDO en esta tarea (2026-10-01-benchmark-continuacion)
MB_sintope_STno,MB_sintope_STno,barrido_literatura_kcs11,33,sana,0.65,3000.0,398.118703,373.0,283.0,1.0,0.8,0.8,0.743978,0.947236,0.941294,0.001,300,0.65,303.55,TeqpVerificado(x=0.65),CORREGIBLE,0.112592,True,,CORREGIBLE,0.112592,354.9828,9,"[CORREGIBLE] O2: succión de la bomba bifásica bajo el peor caso de T_amb (riesgo de cavitación) (medido=302.6349480508676, esperado=<= 287.000 K). Causa probable: subenfriamiento insuficiente a la sal",64.83,0,0.0,False,,,False,final,,,MEDIDO en esta tarea (2026-10-01-benchmark-continuacion)
MB_sintope_STno,MB_sintope_STno,barrido_literatura_kcs11,36,sana,0.65,1500.0,398.118725,423.0,283.0,1.0,0.8,0.8,0.91834,0.951733,0.987491,0.001,300,0.65,303.55,TeqpVerificado(x=0.65),CORREGIBLE,0.089812,True,,CORREGIBLE,0.089812,308.1303,10,"[CORREGIBLE] O2: succión de la bomba bifásica bajo el peor caso de T_amb (riesgo de cavitación) (medido=304.25829374615, esperado=<= 287.000 K). Causa probable: subenfriamiento insuficiente a la salid",46.56,0,0.0,False,,,False,final,,,MEDIDO en esta tarea (2026-10-01-benchmark-continuacion)
MB_sintope_STno,MB_sintope_STno,barrido_literatura_kcs11,38,sana,0.65,3000.0,398.118703,423.0,283.0,1.0,0.8,0.8,0.938187,0.956272,0.979967,0.001,300,0.65,303.55,TeqpVerificado(x=0.65),CORREGIBLE,0.138786,True,,CORREGIBLE,0.138786,340.5166,10,"[CORREGIBLE] O2: succión de la bomba bifásica bajo el peor caso de T_amb (riesgo de cavitación) (medido=303.99551287226063, esperado=<= 287.000 K). Causa probable: subenfriamiento insuficiente a la sa",51.99,0,0.0,False,,,False,final,,,MEDIDO en esta tarea (2026-10-01-benchmark-continuacion)
MB_sintope_STno,MB_sintope_STno,barrido_literatura_kcs11,39,sana,0.65,5000.0,398.118726,423.0,283.0,1.0,0.8,0.8,0.918306,0.963675,0.970142,0.001,300,0.65,303.55,TeqpVerificado(x=0.65),CORREGIBLE,0.164618,True,,CORREGIBLE,0.164618,367.5862,9,"[CORREGIBLE] O2: succión de la bomba bifásica bajo el peor caso de T_amb (riesgo de cavitación) (medido=303.6146460962418, esperado=<= 287.000 K). Causa probable: subenfriamiento insuficiente a la sal",48.42,0,0.0,False,,,False,final,,,MEDIDO en esta tarea (2026-10-01-benchmark-continuacion)
MB_sintope_STno,MB_sintope_STno,barrido_literatura_kcs11,43,sana,0.65,3000.0,398.118703,463.0,283.0,1.0,0.8,0.8,0.993292,0.957123,0.988621,0.001,300,0.65,303.55,TeqpVerificado(x=0.65),NO_CONVERGIO,0.130277,True,,NO_CONVERGIO,0.130276,284.4852,8,"[NO_CONVERGIO] N2: el balance global de energía no cierra dentro de la tolerancia (medido=42.35952518626124, esperado=<= 2.1792 kW (1e-3 relativo a Qi)). Causa probable: residuo numérico del lazo de c",44.69,0,0.0,False,,,False,final,,,MEDIDO en esta tarea (2026-10-01-benchmark-continuacion)
MB_sintope_STno,MB_sintope_STno,barrido_literatura_kcs11,44,sana,0.65,5000.0,398.118726,463.0,283.0,1.0,0.8,0.8,0.937586,0.967498,0.984122,0.001,300,0.65,303.55,TeqpVerificado(x=0.65),CORREGIBLE,0.163589,True,,CORREGIBLE,0.163589,335.2236,9,"[CORREGIBLE] O1: título de vapor a la salida de la turbina bajo el umbral tecnológico usual (erosión de álabes) (medido=0.8886914720493286, esperado=>= 0.90). Causa probable: expansión hasta P_baja de",53.28,0,0.0,False,,,False,final,,,MEDIDO en esta tarea (2026-10-01-benchmark-continuacion)
MB_sintope_STno,MB_sintope_STno,barrido_literatura_kcs11,46,sana,0.7,1500.0,456.322836,373.0,283.0,1.0,0.8,0.8,0.939737,0.911463,0.976578,0.001,300,0.7,303.55,TeqpVerificado(x=0.7),CORREGIBLE,0.088348,True,,CORREGIBLE,0.088348,321.6257,8,"[CORREGIBLE] O2: succión de la bomba bifásica bajo el peor caso de T_amb (riesgo de cavitación) (medido=303.82860832107787, esperado=<= 287.000 K). Causa probable: subenfriamiento insuficiente a la sa",46.98,0,0.0,False,,,False,final,,,MEDIDO en esta tarea (2026-10-01-benchmark-continuacion)
MB_sintope_STno,MB_sintope_STno,barrido_literatura_kcs11,45,ctl_literatura,0.7,1000.0,456.322836,373.0,283.0,1.0,0.8,0.8,0.942333,0.919685,0.980309,0.001,300,0.7,303.55,TeqpVerificado(x=0.7),CORREGIBLE,0.059646,True,,CORREGIBLE,0.059646,312.4824,8,"[CORREGIBLE] O2: succión de la bomba bifásica bajo el peor caso de T_amb (riesgo de cavitación) (medido=303.9840365694721, esperado=<= 287.000 K). Causa probable: subenfriamiento insuficiente a la sal",52.73,0,0.0,False,,,False,final,,,MEDIDO en esta tarea (2026-10-01-benchmark-continuacion)
MB_sintope_STno,MB_sintope_STno,barrido_literatura_kcs11,42,lit_T_from_Ph,0.65,2000.0,398.118724,463.0,283.0,1.0,0.8,0.8,0.85,0.75,0.8,0.001,300,0.65,303.55,TeqpVerificado(x=0.65),NO_CONVERGIO,,True,,CORREGIBLE,0.101496,348.3531,16,"[CORREGIBLE] O2: succión de la bomba bifásica bajo el peor caso de T_amb (riesgo de cavitación) (medido=319.5935883255965, esperado=<= 287.000 K). Causa probable: subenfriamiento insuficiente a la sal",92.85,2,14.0,True,abs.T8,"PropertyRangeError: T_from_Ph(P, h, x): el motor teqp no cubre el estado pedido (ver TASK_CONTEXT 2026-09-18-validar-teqp-nh3h2o). Detalle: h=67244 fuera de dominio a P=3.9812e+05 Pa, x=0.6627",False,final,,,MEDIDO en esta tarea (2026-10-01-benchmark-continuacion)
MB_sintope_STno,MB_sintope_STno,barrido_literatura_kcs11,47,sana,0.7,2000.0,456.322835,373.0,283.0,1.0,0.8,0.8,0.926461,0.924619,0.9723,0.001,300,0.7,303.55,TeqpVerificado(x=0.7),CORREGIBLE,0.106329,True,,CORREGIBLE,0.106329,328.5062,9,"[CORREGIBLE] O2: succión de la bomba bifásica bajo el peor caso de T_amb (riesgo de cavitación) (medido=303.6610285722793, esperado=<= 287.000 K). Causa probable: subenfriamiento insuficiente a la sal",48.58,0,0.0,False,,,False,final,,,MEDIDO en esta tarea (2026-10-01-benchmark-continuacion)
MB_sintope_STno,MB_sintope_STno,barrido_literatura_kcs11,51,sana,0.7,1500.0,456.322836,423.0,283.0,1.0,0.8,0.8,0.919743,0.954046,0.988344,0.001,300,0.7,303.55,TeqpVerificado(x=0.7),CORREGIBLE,0.082675,True,,CORREGIBLE,0.082675,297.8388,9,"[CORREGIBLE] O2: succión de la bomba bifásica bajo el peor caso de T_amb (riesgo de cavitación) (medido=304.25655330769655, esperado=<= 287.000 K). Causa probable: subenfriamiento insuficiente a la sa",41.18,0,0.0,False,,,False,final,,,MEDIDO en esta tarea (2026-10-01-benchmark-continuacion)
MB_sintope_STno,MB_sintope_STno,barrido_literatura_kcs11,52,sana,0.7,2000.0,456.322835,423.0,283.0,1.0,0.8,0.8,0.934446,0.947298,0.985784,0.001,300,0.7,303.55,TeqpVerificado(x=0.7),CORREGIBLE,0.104255,True,,CORREGIBLE,0.104255,312.3692,10,"[CORREGIBLE] O2: succión de la bomba bifásica bajo el peor caso de T_amb (riesgo de cavitación) (medido=304.16457188144005, esperado=<= 287.000 K). Causa probable: subenfriamiento insuficiente a la sa",44.47,0,0.0,False,,,False,final,,,MEDIDO en esta tarea (2026-10-01-benchmark-continuacion)
MB_sintope_STno,MB_sintope_STno,barrido_literatura_kcs11,48,sana,0.7,3000.0,456.322818,373.0,283.0,1.0,0.8,0.8,0.839954,0.941475,0.958132,0.001,300,0.7,303.55,TeqpVerificado(x=0.7),CORREGIBLE,0.121842,True,,CORREGIBLE,0.121842,344.8455,9,"[CORREGIBLE] O2: succión de la bomba bifásica bajo el peor caso de T_amb (riesgo de cavitación) (medido=303.08120886132605, esperado=<= 287.000 K). Causa probable: subenfriamiento insuficiente a la sa",77.47,0,0.0,False,,,False,final,,,MEDIDO en esta tarea (2026-10-01-benchmark-continuacion)
MB_sintope_STno,MB_sintope_STno,barrido_literatura_kcs11,53,sana,0.7,3000.0,456.322818,423.0,283.0,1.0,0.8,0.8,0.943381,0.953185,0.98179,0.001,300,0.7,303.55,TeqpVerificado(x=0.7),CORREGIBLE,0.133456,True,,CORREGIBLE,0.133456,329.4721,10,"[CORREGIBLE] O2: succión de la bomba bifásica bajo el peor caso de T_amb (riesgo de cavitación) (medido=304.0107887647358, esperado=<= 287.000 K). Causa probable: subenfriamiento insuficiente a la sal",53.47,0,0.0,False,,,False,final,,,MEDIDO en esta tarea (2026-10-01-benchmark-continuacion)
MB_sintope_STno,MB_sintope_STno,barrido_literatura_kcs11,54,sana,0.7,5000.0,456.322837,423.0,283.0,1.0,0.8,0.8,0.93322,0.961169,0.97438,0.001,300,0.7,303.55,TeqpVerificado(x=0.7),CORREGIBLE,0.162815,True,,CORREGIBLE,0.162815,354.0001,9,"[CORREGIBLE] O2: succión de la bomba bifásica bajo el peor caso de T_amb (riesgo de cavitación) (medido=303.69965164871434, esperado=<= 287.000 K). Causa probable: subenfriamiento insuficiente a la sa",48.4,0,0.0,False,,,False,final,,,MEDIDO en esta tarea (2026-10-01-benchmark-continuacion)
MB_sintope_STno,MB_sintope_STno,barrido_literatura_kcs11,59,ctl_literatura,0.7,5000.0,456.322837,463.0,283.0,1.0,0.8,0.8,0.940784,0.965676,0.985417,0.001,300,0.7,303.55,TeqpVerificado(x=0.7),CORREGIBLE,0.158862,True,,CORREGIBLE,0.158862,318.7957,10,"[CORREGIBLE] O1: título de vapor a la salida de la turbina bajo el umbral tecnológico usual (erosión de álabes) (medido=0.8921689120172435, esperado=>= 0.90). Causa probable: expansión hasta P_baja de",51.53,0,0.0,False,,,False,final,,,MEDIDO en esta tarea (2026-10-01-benchmark-continuacion)
MB_sintope_STno,MB_sintope_STno,barrido_literatura_kcs11,55,lit_T_from_Ph,0.7,1000.0,456.322836,463.0,283.0,1.0,0.8,0.8,0.85,0.75,0.8,0.001,300,0.7,303.55,TeqpVerificado(x=0.7),NO_CONVERGIO,,True,,CORREGIBLE,0.049347,318.8571,26,"[CORREGIBLE] O2: succión de la bomba bifásica bajo el peor caso de T_amb (riesgo de cavitación) (medido=320.12853970502437, esperado=<= 287.000 K). Causa probable: subenfriamiento insuficiente a la sa",92.8,2,8.92,True,sep.ELV,"PropertyRangeError: equilibrio_liquido_vapor(P=1000.0 kPa, T=462.8499888883884 K): no existe equilibrio bifásico para ninguna composición (T fuera de la campana binaria a esa P, motor teqp).",False,final,,,MEDIDO en esta tarea (2026-10-01-benchmark-continuacion)
MB_sintope_STno,MB_sintope_STno,busqueda_libre_v2,8,f2_T_from_Ph,0.35,3000.0,500.0,470.0,300.032917,1.0,0.85,0.75,0.85,0.75,0.95,0.001,300,0.5,303.55,TeqpVerificado(x=0.5),NO_CONVERGIO,,False,PropertyRangeError,NO_CONVERGIO,,,5,"PropertyRangeError: T_from_Ph(P, h, x): el motor teqp no cubre el estado pedido (ver TASK_CONTEXT 2026-09-18-validar-teqp-nh3h2o). Detalle: equilibrio no resoluble en T=296.92 K, P=5e+05 Pa, x=0.1626",33.47,0,0.0,False,valv.T7,,False,brentq,,,MEDIDO en esta tarea (2026-10-01-benchmark-continuacion)
MB_sintope_STno,MB_sintope_STno,busqueda_libre_v2,0,ctl_KALINA_f2,0.35,3000.0,400.0,470.0,300.032917,1.0,0.85,0.75,0.85,0.75,0.95,0.001,300,0.5,303.55,TeqpVerificado(x=0.5),KALINA,0.1182603625456353,True,,KALINA,0.11826,373.0129,9,"KALINA: régimen Kalina genuino y admisible, sin fallas.",70.25,0,0.0,False,,,False,final,True,-1.1441,MEDIDO en esta tarea (2026-10-01-benchmark-continuacion)
MB_sintope_STno,MB_sintope_STno,barrido_literatura_kcs11,57,lit_T_from_Ph,0.7,2000.0,456.322835,463.0,283.0,1.0,0.8,0.8,0.85,0.75,0.8,0.001,300,0.7,303.55,TeqpVerificado(x=0.7),NO_CONVERGIO,,True,,CORREGIBLE,0.096283,342.7348,18,"[CORREGIBLE] O2: succión de la bomba bifásica bajo el peor caso de T_amb (riesgo de cavitación) (medido=318.29989647590503, esperado=<= 287.000 K). Causa probable: subenfriamiento insuficiente a la sa",101.1,2,12.67,True,abs.T8,"PropertyRangeError: T_from_Ph(P, h, x): el motor teqp no cubre el estado pedido (ver TASK_CONTEXT 2026-09-18-validar-teqp-nh3h2o). Detalle: h=73219.5 fuera de dominio a P=4.5632e+05 Pa, x=0.7117",False,final,,,MEDIDO en esta tarea (2026-10-01-benchmark-continuacion)
MB_sintope_STno,MB_sintope_STno,busqueda_libre_v2,99,sana,0.475,3000.0,550.0,470.0,300.032917,1.0,0.85,0.75,0.85,0.75,0.93,0.001,300,0.5,303.55,TeqpVerificado(x=0.5),CORREGIBLE,0.1141088210663729,True,,CORREGIBLE,0.114109,350.3585,9,"[CORREGIBLE] O2: succión de la bomba bifásica bajo el peor caso de T_amb (riesgo de cavitación) (medido=320.1844003442912, esperado=<= 318.413 K). Causa probable: subenfriamiento insuficiente a la sal",58.24,0,0.0,False,,,False,final,,,MEDIDO en esta tarea (2026-10-01-benchmark-continuacion)
MB_sintope_STno,MB_sintope_STno,busqueda_libre_v2,132,sana,0.45,3000.0,480.0,470.0,300.032917,1.0,0.85,0.75,0.85,0.75,0.93,0.001,300,0.5,303.55,TeqpVerificado(x=0.5),CORREGIBLE,0.1203056344094943,True,,CORREGIBLE,0.120306,355.0407,9,"[CORREGIBLE] O2: succión de la bomba bifásica bajo el peor caso de T_amb (riesgo de cavitación) (medido=319.6537076238184, esperado=<= 318.039 K). Causa probable: subenfriamiento insuficiente a la sal",59.6,0,0.0,False,,,False,final,,,MEDIDO en esta tarea (2026-10-01-benchmark-continuacion)
MB_sintope_STno,MB_sintope_STno,busqueda_libre_v2,33,ctl_KALINA_f2,0.4,3000.0,550.0,470.0,300.032917,1.0,0.85,0.75,0.85,0.75,0.9,0.001,300,0.5,303.55,TeqpVerificado(x=0.5),KALINA,0.1099230068595296,True,,KALINA,0.109923,370.8385,12,"KALINA: régimen Kalina genuino y admisible, sin fallas.",85.3,0,0.0,False,,,False,final,True,-1.2232,MEDIDO en esta tarea (2026-10-01-benchmark-continuacion)
MB_sintope_STno,MB_sintope_STno,busqueda_libre_v2,67,sana,0.5,3000.0,450.0,470.0,300.032917,1.0,0.85,0.75,0.85,0.75,0.85,0.001,300,0.5,303.55,TeqpVerificado(x=0.5),CORREGIBLE,0.1288182577198451,True,,CORREGIBLE,0.128818,371.1749,9,"[CORREGIBLE] O2: succión de la bomba bifásica bajo el peor caso de T_amb (riesgo de cavitación) (medido=318.8871655679635, esperado=<= 308.147 K). Causa probable: subenfriamiento insuficiente a la sal",77.98,0,0.0,False,,,False,final,,,MEDIDO en esta tarea (2026-10-01-benchmark-continuacion)
MB_sintope_STno,MB_sintope_STno,barrido_literatura_kcs11,34,lit_bifasico,0.65,5000.0,398.118726,373.0,283.0,1.0,0.8,0.8,0.85,0.75,0.8,0.001,300,0.65,303.55,TeqpVerificado(x=0.65),NO_CONVERGIO,,False,NoBracket,NO_CONVERGIO,,,20,"NoBracket: sin dos extremos evaluables en 5.0 K (f_lo=None, f_hi=None)",367.52,1,0.13,True,sep.ELV,"PropertyRangeError: equilibrio_liquido_vapor(P=5000.0 kPa, T=360.26299351030735 K): no existe equilibrio bifásico para ninguna composición (T fuera de la campana binaria a esa P, motor teqp).",False,bracket,,,MEDIDO en esta tarea (2026-10-01-benchmark-continuacion)
MB_sintope_STno,MB_sintope_STno,busqueda_libre_v2,166,sana,0.5,3150.0,640.0,470.0,300.032917,1.0,0.85,0.75,0.85,0.75,0.95,0.001,300,0.5,303.55,TeqpVerificado(x=0.5),CORREGIBLE,0.1076464504412673,True,,CORREGIBLE,0.107646,344.1957,9,"[CORREGIBLE] O2: succión de la bomba bifásica bajo el peor caso de T_amb (riesgo de cavitación) (medido=319.621675090896, esperado=<= 319.600 K). Causa probable: subenfriamiento insuficiente a la sali",53.59,0,0.0,False,,,False,final,,,MEDIDO en esta tarea (2026-10-01-benchmark-continuacion)
MB_sintope_STno,MB_sintope_STno,busqueda_libre_v2,197,sana,0.4,3000.0,800.0,470.0,300.032917,1.0,0.85,0.75,0.8,0.8,0.85,0.001,300,0.5,303.55,TeqpVerificado(x=0.5),KALINA,0.0906702118290015,True,,KALINA,0.09067,384.3079,10,"KALINA: régimen Kalina genuino y admisible, sin fallas.",103.07,0,0.0,False,,,False,final,True,-1.3494,MEDIDO en esta tarea (2026-10-01-benchmark-continuacion)
MB_sintope_STno,MB_sintope_STno,busqueda_libre_v2,229,sana,0.425,3000.0,850.0,470.0,300.032917,1.0,0.85,0.75,0.8,0.8,0.8,0.001,300,0.5,303.55,TeqpVerificado(x=0.5),CORREGIBLE,0.0910984193737075,True,,CORREGIBLE,0.091098,391.4338,9,"[CORREGIBLE] O2: succión de la bomba bifásica bajo el peor caso de T_amb (riesgo de cavitación) (medido=347.81892635690474, esperado=<= 342.495 K). Causa probable: subenfriamiento insuficiente a la sa",108.11,0,0.0,False,,,False,final,,,MEDIDO en esta tarea (2026-10-01-benchmark-continuacion)
MB_sintope_STno,MB_sintope_STno,busqueda_libre_v2,292,sana,0.5,3000.0,1100.0,470.0,300.032917,1.0,0.85,0.75,0.8,0.8,0.8,0.001,300,0.5,303.55,TeqpVerificado(x=0.5),CORREGIBLE,0.0755236059921295,True,,CORREGIBLE,0.075524,386.1799,9,"[CORREGIBLE] O2: succión de la bomba bifásica bajo el peor caso de T_amb (riesgo de cavitación) (medido=347.82415806606605, esperado=<= 339.419 K). Causa probable: subenfriamiento insuficiente a la sa",88.06,0,0.0,False,,,False,final,,,MEDIDO en esta tarea (2026-10-01-benchmark-continuacion)
MB_sintope_STno,MB_sintope_STno,busqueda_libre_v2,260,sana,0.45,3000.0,1850.0,470.0,300.032917,1.0,0.85,0.75,0.8,0.8,0.85,0.001,300,0.5,303.55,TeqpVerificado(x=0.5),KALINA,0.0360788121773843,True,,KALINA,0.036079,379.3694,9,"KALINA: régimen Kalina genuino y admisible, sin fallas.",106.28,0,0.0,False,,,False,final,True,-1.6081,MEDIDO en esta tarea (2026-10-01-benchmark-continuacion)
MB_sintope_STno,MB_sintope_STno,busqueda_libre_v2,324,sana,0.5,3000.0,650.0,470.0,300.032917,1.0,0.85,0.75,0.75,0.75,0.85,0.001,300,0.5,303.55,TeqpVerificado(x=0.5),CORREGIBLE,0.1085316232226424,True,,CORREGIBLE,0.108532,371.8736,10,"[CORREGIBLE] O2: succión de la bomba bifásica bajo el peor caso de T_amb (riesgo de cavitación) (medido=326.9556949688547, esperado=<= 320.129 K). Causa probable: subenfriamiento insuficiente a la sal",88.82,0,0.0,False,,,False,final,,,MEDIDO en esta tarea (2026-10-01-benchmark-continuacion)
MB_sintope_STno,MB_sintope_STno,busqueda_libre_v2,356,sana,0.5,3000.0,1850.0,470.0,300.032917,1.0,0.85,0.75,0.75,0.8,0.85,0.001,300,0.5,303.55,TeqpVerificado(x=0.5),KALINA,0.0374624321716557,True,,KALINA,0.037462,374.6951,9,"KALINA: régimen Kalina genuino y admisible, sin fallas.",102.38,0,0.0,False,,,False,final,True,-1.6617,MEDIDO en esta tarea (2026-10-01-benchmark-continuacion)
MB_sintope_STno,MB_sintope_STno,busqueda_libre_v2,452,sana,0.45,3000.0,1100.0,470.0,300.032917,1.0,0.85,0.75,0.85,0.8,0.85,0.001,300,0.5,303.55,TeqpVerificado(x=0.5),CORREGIBLE,0.0735658194241247,True,,CORREGIBLE,0.073566,377.3548,10,"[CORREGIBLE] O2: succión de la bomba bifásica bajo el peor caso de T_amb (riesgo de cavitación) (medido=349.27791091100624, esperado=<= 347.997 K). Causa probable: subenfriamiento insuficiente a la sa",91.89,0,0.0,False,,,False,final,,,MEDIDO en esta tarea (2026-10-01-benchmark-continuacion)
MB_sintope_STno,MB_sintope_STno,busqueda_libre_v2,389,sana,0.45,3000.0,1100.0,470.0,300.032917,1.0,0.85,0.75,0.8,0.75,0.8,0.001,300,0.5,303.55,TeqpVerificado(x=0.5),CORREGIBLE,0.0748019671645302,True,,CORREGIBLE,0.074802,388.7733,11,"[CORREGIBLE] O2: succión de la bomba bifásica bajo el peor caso de T_amb (riesgo de cavitación) (medido=353.0287005520281, esperado=<= 347.997 K). Causa probable: subenfriamiento insuficiente a la sal",115.13,0,0.0,False,,,False,final,,,MEDIDO en esta tarea (2026-10-01-benchmark-continuacion)
MB_sintope_STno,MB_sintope_STno,busqueda_libre_v2,420,sana,0.45,3000.0,2400.0,470.0,300.032917,1.0,0.85,0.75,0.85,0.75,0.8,0.001,300,0.5,303.55,TeqpVerificado(x=0.5),KALINA,0.0176848172950173,True,,KALINA,0.017685,391.4831,9,"KALINA: régimen Kalina genuino y admisible, sin fallas.",119.58,0,0.0,False,,,False,final,True,-1.6422,MEDIDO en esta tarea (2026-10-01-benchmark-continuacion)
MB_sintope_STno,MB_sintope_STno,busqueda_libre_v2,483,sana,0.45,3000.0,2400.0,470.0,300.032917,1.0,0.85,0.75,0.85,0.85,0.85,0.001,300,0.5,303.55,TeqpVerificado(x=0.5),KALINA,0.0170134585643959,True,,KALINA,0.017013,380.5627,11,"KALINA: régimen Kalina genuino y admisible, sin fallas.",110.97,0,0.0,False,,,False,final,True,-1.6469,MEDIDO en esta tarea (2026-10-01-benchmark-continuacion)
MB_sintope_STno,MB_sintope_STno,barrido_literatura_kcs11,49,lit_bifasico,0.7,5000.0,456.322837,373.0,283.0,1.0,0.8,0.8,0.85,0.75,0.8,0.001,300,0.7,303.55,TeqpVerificado(x=0.7),NO_CONVERGIO,,False,NoBracket,NO_CONVERGIO,,,20,"NoBracket: sin dos extremos evaluables en 5.0 K (f_lo=None, f_hi=None)",479.45,1,0.14,True,sep.ELV,"PropertyRangeError: equilibrio_liquido_vapor(P=5000.0 kPa, T=360.3439259844327 K): no existe equilibrio bifásico para ninguna composición (T fuera de la campana binaria a esa P, motor teqp).",False,bracket,,,MEDIDO en esta tarea (2026-10-01-benchmark-continuacion)
MB_sintope_STno,MB_sintope_STno,busqueda_libre_v2,515,sana,0.5,3000.0,1100.0,470.0,300.032917,1.0,0.85,0.75,0.8,0.85,0.8,0.001,300,0.5,303.55,TeqpVerificado(x=0.5),CORREGIBLE,0.0758002108820254,True,,CORREGIBLE,0.0758,386.4111,9,"[CORREGIBLE] O2: succión de la bomba bifásica bajo el peor caso de T_amb (riesgo de cavitación) (medido=347.7750472678269, esperado=<= 339.419 K). Causa probable: subenfriamiento insuficiente a la sal",91.03,0,0.0,False,,,False,final,,,MEDIDO en esta tarea (2026-10-01-benchmark-continuacion)
MB_sintope_STno,MB_sintope_STno,busqueda_libre_v2,546,sana,0.5,3000.0,2400.0,470.0,300.032917,1.0,0.8,0.8,0.8,0.8,0.85,0.001,300,0.5,303.55,TeqpVerificado(x=0.5),KALINA,0.0165308360054732,True,,KALINA,0.016531,374.7095,10,"KALINA: régimen Kalina genuino y admisible, sin fallas.",113.65,0,0.0,False,,,False,final,True,-1.7025,MEDIDO en esta tarea (2026-10-01-benchmark-continuacion)
MB_sintope_STno,MB_sintope_STno,busqueda_libre_v2,577,sana,0.45,3000.0,850.0,470.0,300.032917,1.0,0.9,0.8,0.8,0.8,0.8,0.001,300,0.5,303.55,TeqpVerificado(x=0.5),CORREGIBLE,0.0978729185349187,True,,CORREGIBLE,0.097873,389.4462,10,"[CORREGIBLE] O2: succión de la bomba bifásica bajo el peor caso de T_amb (riesgo de cavitación) (medido=345.1192192959675, esperado=<= 337.959 K). Causa probable: subenfriamiento insuficiente a la sal",106.95,0,0.0,False,,,False,final,,,MEDIDO en esta tarea (2026-10-01-benchmark-continuacion)
MB_sintope_STno,MB_sintope_STno,busqueda_libre_v2,609,sana,0.45,3300.0,2400.0,470.0,300.032917,1.0,0.85,0.75,0.8,0.8,0.8,0.001,300,0.5,303.55,TeqpVerificado(x=0.5),KALINA,0.0244393132246963,True,,KALINA,0.024439,392.6803,9,"KALINA: régimen Kalina genuino y admisible, sin fallas.",118.18,0,0.0,False,,,False,final,True,-1.7708,MEDIDO en esta tarea (2026-10-01-benchmark-continuacion)
MB_sintope_STno,MB_sintope_STno,busqueda_libre_v2,672,sana,0.45,3000.0,1327.5,470.0,300.032917,1.0,0.85,0.75,0.85,0.75,0.85,0.001,300,0.5,303.55,TeqpVerificado(x=0.5),KALINA,0.0600235911541133,True,,KALINA,0.060024,376.3485,10,"KALINA: régimen Kalina genuino y admisible, sin fallas.",106.39,0,0.0,False,,,False,final,True,-1.462,MEDIDO en esta tarea (2026-10-01-benchmark-continuacion)
MB_sintope_STno,MB_sintope_STno,busqueda_libre_v2,640,sana,0.45,3000.0,1012.5,470.0,300.032917,1.0,0.85,0.75,0.75,0.75,0.85,0.001,300,0.5,303.55,TeqpVerificado(x=0.5),CORREGIBLE,0.0778864188832888,True,,CORREGIBLE,0.077886,377.1884,10,"[CORREGIBLE] O2: succión de la bomba bifásica bajo el peor caso de T_amb (riesgo de cavitación) (medido=345.27750902752126, esperado=<= 344.691 K). Causa probable: subenfriamiento insuficiente a la sa",115.45,0,0.0,False,,,False,final,,,MEDIDO en esta tarea (2026-10-01-benchmark-continuacion)
MB_sintope_STno,MB_sintope_STno,busqueda_libre_v2,704,sana,0.45,3000.0,1710.0,470.0,300.032917,1.0,0.8,0.8,0.8,0.8,0.8,0.001,300,0.5,303.55,TeqpVerificado(x=0.5),CORREGIBLE,0.0411997631629175,True,,CORREGIBLE,0.0412,391.1876,10,"[CORREGIBLE] O2: succión de la bomba bifásica bajo el peor caso de T_amb (riesgo de cavitación) (medido=367.3867415821421, esperado=<= 366.988 K). Causa probable: subenfriamiento insuficiente a la sal",116.89,0,0.0,False,,,False,final,,,MEDIDO en esta tarea (2026-10-01-benchmark-continuacion)
MB_sintope_STno,MB_sintope_STno,busqueda_libre_v2,865,f2_h_Ps,0.8,4000.0,2200.0,470.0,300.032917,1.0,0.85,0.75,0.8,0.8,0.8,0.001,300,0.5,303.55,TeqpVerificado(x=0.5),NO_CONVERGIO,,False,NoBracket,NO_CONVERGIO,,,19,"NoBracket: extremos [371.0, 459.0] K sin cambio de signo (f_lo=-6.6243, f_hi=-93.837)",69.86,1,2.3,True,turb.h4s,"PropertyRangeError: h(P, s, x): el motor teqp no cubre el estado pedido (ver TASK_CONTEXT 2026-09-18-validar-teqp-nh3h2o). Detalle: equilibrio no resoluble en T=469.60 K, P=2.2e+06 Pa, x=0.8861",False,bracket,,,MEDIDO en esta tarea (2026-10-01-benchmark-continuacion)
MB_sintope_STno,MB_sintope_STno,busqueda_libre_v2,737,sana,0.475,3000.0,2100.25,470.0,300.032917,1.0,0.85,0.75,0.8,0.8,0.8,0.001,300,0.5,303.55,TeqpVerificado(x=0.5),CORREGIBLE,0.0286815183967108,True,,CORREGIBLE,0.028682,390.222,9,"[CORREGIBLE] O2: succión de la bomba bifásica bajo el peor caso de T_amb (riesgo de cavitación) (medido=372.1220082585337, esperado=<= 371.976 K). Causa probable: subenfriamiento insuficiente a la sal",114.44,0,0.0,False,,,False,final,,,MEDIDO en esta tarea (2026-10-01-benchmark-continuacion)
MB_sintope_STno,MB_sintope_STno,busqueda_libre_v2,768,sana,0.5,3000.0,1541.0,470.0,300.032917,1.0,0.85,0.75,0.75,0.85,0.85,0.001,300,0.5,303.55,TeqpVerificado(x=0.5),KALINA,0.051461527211415,True,,KALINA,0.051462,375.5553,10,"KALINA: régimen Kalina genuino y admisible, sin fallas.",107.57,0,0.0,False,,,False,final,True,-1.6,MEDIDO en esta tarea (2026-10-01-benchmark-continuacion)
MB_sintope_STno,MB_sintope_STno,busqueda_libre_v2,810,sana,0.7,3600.0,2800.0,470.0,300.032917,1.0,0.85,0.75,0.8,0.8,0.8,0.001,300,0.5,303.55,TeqpVerificado(x=0.5),CORREGIBLE,0.0229447166844775,True,,CORREGIBLE,0.022945,368.4513,9,"[CORREGIBLE] O2: succión de la bomba bifásica bajo el peor caso de T_amb (riesgo de cavitación) (medido=356.53477985054997, esperado=<= 354.665 K). Causa probable: subenfriamiento insuficiente a la sa",104.1,0,0.0,False,,,False,final,,,MEDIDO en esta tarea (2026-10-01-benchmark-continuacion)
MB_sintope_STno,MB_sintope_STno,busqueda_libre_v2,853,f2_T_from_Ph,0.8,2800.0,2500.0,470.0,300.032917,1.0,0.85,0.75,0.8,0.8,0.8,0.001,300,0.5,303.55,TeqpVerificado(x=0.5),NO_CONVERGIO,,False,PuntoNoEvaluable,NO_CONVERGIO,,,16,PuntoNoEvaluable: punto interior no evaluable (T=348.5788 K),102.37,2,15.81,True,abs.T8,"PropertyRangeError: T_from_Ph(P, h, x): el motor teqp no cubre el estado pedido (ver TASK_CONTEXT 2026-09-18-validar-teqp-nh3h2o). Detalle: h=69842.5 fuera de dominio a P=2.5e+06 Pa, x=0.8088",False,brentq,,,MEDIDO en esta tarea (2026-10-01-benchmark-continuacion)
MB_sintope_STno,MB_sintope_STno,busqueda_libre_v2,997,f2_T_from_Ph,0.85,3600.0,1655.0,380.0,300.032917,1.0,0.85,0.75,0.8,0.8,0.8,0.001,300,0.5,303.55,TeqpVerificado(x=0.5),NO_CONVERGIO,,False,PropertyRangeError,NO_CONVERGIO,,,5,"PropertyRangeError: T_from_Ph(P, h, x): el motor teqp no cubre el estado pedido (ver TASK_CONTEXT 2026-09-18-validar-teqp-nh3h2o). Detalle: h=-2.35123e+07 fuera de dominio a P=3.6e+06 Pa, x=0.8570",28.87,0,0.0,False,hrvg.T2,,False,brentq,,,MEDIDO en esta tarea (2026-10-01-benchmark-continuacion)
MB_sintope_STno,MB_sintope_STno,busqueda_libre_v2,876,sana,0.8,4400.0,1600.0,470.0,300.032917,1.0,0.85,0.75,0.8,0.8,0.8,0.001,300,0.5,303.55,TeqpVerificado(x=0.5),CORREGIBLE,0.09075374540442,True,,CORREGIBLE,0.090754,366.9875,9,"[CORREGIBLE] O2: succión de la bomba bifásica bajo el peor caso de T_amb (riesgo de cavitación) (medido=325.3122678118725, esperado=<= 323.106 K). Causa probable: subenfriamiento insuficiente a la sal",90.37,0,0.0,False,,,False,final,,,MEDIDO en esta tarea (2026-10-01-benchmark-continuacion)
MB_sintope_STno,MB_sintope_STno,busqueda_libre_v2,1046,sana,0.8,4500.0,1170.0,400.0,300.032917,1.0,0.85,0.75,0.8,0.8,0.8,0.001,300,0.5,303.55,TeqpVerificado(x=0.5),CORREGIBLE,0.1109237552465948,True,,CORREGIBLE,0.110924,353.8761,10,"[CORREGIBLE] O2: succión de la bomba bifásica bajo el peor caso de T_amb (riesgo de cavitación) (medido=312.3508949258003, esperado=<= 311.392 K). Causa probable: subenfriamiento insuficiente a la sal",49.63,0,0.0,False,,,False,final,,,MEDIDO en esta tarea (2026-10-01-benchmark-continuacion)
MB_sintope_STno,MB_sintope_STno,busqueda_libre_v2,979,sana,0.8,3200.0,830.0,380.0,300.032917,1.0,0.85,0.75,0.8,0.8,0.8,0.001,300,0.5,303.55,TeqpVerificado(x=0.5),CORREGIBLE,0.100643559636686,True,,CORREGIBLE,0.100644,351.9839,9,"[CORREGIBLE] O2: succión de la bomba bifásica bajo el peor caso de T_amb (riesgo de cavitación) (medido=305.01815194245194, esperado=<= 299.603 K). Causa probable: subenfriamiento insuficiente a la sa",75.49,0,0.0,False,,,False,final,,,MEDIDO en esta tarea (2026-10-01-benchmark-continuacion)
MB_sintope_STno,MB_sintope_STno,busqueda_libre_v2,1015,sana,0.7,4000.0,1440.0,400.0,300.032917,1.0,0.85,0.75,0.8,0.8,0.8,0.001,300,0.5,303.55,TeqpVerificado(x=0.5),CORREGIBLE,0.0795808243327078,True,,CORREGIBLE,0.079581,359.5886,12,"[CORREGIBLE] O2: succión de la bomba bifásica bajo el peor caso de T_amb (riesgo de cavitación) (medido=325.88569416445597, esperado=<= 325.839 K). Causa probable: subenfriamiento insuficiente a la sa",64.7,0,0.0,False,,,False,final,,,MEDIDO en esta tarea (2026-10-01-benchmark-continuacion)
MB_sintope_STno,MB_sintope_STno,busqueda_libre_v2,944,sana,0.8,4500.0,4000.0,470.0,300.032917,1.0,0.85,0.75,0.75,0.75,0.8,0.001,300,0.5,303.55,TeqpVerificado(x=0.5),KALINA,0.0117842259089404,True,,KALINA,0.011784,366.7,10,"KALINA: régimen Kalina genuino y admisible, sin fallas.",120.54,0,0.0,False,,,False,final,False,-2.2284,MEDIDO en esta tarea (2026-10-01-benchmark-continuacion)
MB_sintope_STno,MB_sintope_STno,busqueda_libre_v2,1113,sana,0.85,3200.0,830.0,420.0,300.032917,1.0,0.85,0.75,0.8,0.8,0.8,0.001,300,0.5,303.55,TeqpVerificado(x=0.5),CORREGIBLE,0.0810359152893891,True,,CORREGIBLE,0.081036,355.6069,9,"[CORREGIBLE] O2: succión de la bomba bifásica bajo el peor caso de T_amb (riesgo de cavitación) (medido=307.4238653854857, esperado=<= 297.352 K). Causa probable: subenfriamiento insuficiente a la sal",54.42,0,0.0,False,,,False,final,,,MEDIDO en esta tarea (2026-10-01-benchmark-continuacion)
MB_sintope_STno,MB_sintope_STno,busqueda_libre_v2,1081,sana,0.75,2800.0,1010.0,420.0,300.032917,1.0,0.85,0.75,0.8,0.8,0.8,0.001,300,0.5,303.55,TeqpVerificado(x=0.5),CORREGIBLE,0.0861023977526724,True,,CORREGIBLE,0.086102,351.3611,9,"[CORREGIBLE] O2: succión de la bomba bifásica bajo el peor caso de T_amb (riesgo de cavitación) (medido=311.90596894222, esperado=<= 309.063 K). Causa probable: subenfriamiento insuficiente a la salid",91.45,0,0.0,False,,,False,final,,,MEDIDO en esta tarea (2026-10-01-benchmark-continuacion)
MB_sintope_STno,MB_sintope_STno,busqueda_libre_v2,1186,sana,0.7,2800.0,1400.0,460.0,300.032917,1.0,0.85,0.75,0.8,0.8,0.8,0.001,300,0.5,303.55,TeqpVerificado(x=0.5),CORREGIBLE,0.0558697155976144,True,,CORREGIBLE,0.05587,357.5977,9,"[CORREGIBLE] O2: succión de la bomba bifásica bajo el peor caso de T_amb (riesgo de cavitación) (medido=329.9551299346027, esperado=<= 324.738 K). Causa probable: subenfriamiento insuficiente a la sal",64.4,0,0.0,False,,,False,final,,,MEDIDO en esta tarea (2026-10-01-benchmark-continuacion)
MB_sintope_STno,MB_sintope_STno,busqueda_libre_v2,1148,sana,0.75,4000.0,1040.0,440.0,300.032917,1.0,0.85,0.75,0.8,0.8,0.8,0.001,300,0.5,303.55,TeqpVerificado(x=0.5),CORREGIBLE,0.1135827495070911,True,,CORREGIBLE,0.113583,365.9055,9,"[CORREGIBLE] O2: succión de la bomba bifásica bajo el peor caso de T_amb (riesgo de cavitación) (medido=313.04759307885774, esperado=<= 310.093 K). Causa probable: subenfriamiento insuficiente a la sa",75.84,0,0.0,False,,,False,final,,,MEDIDO en esta tarea (2026-10-01-benchmark-continuacion)
MB_sintope_STno,MB_sintope_STno,busqueda_libre_v2,1241,sana,0.85,4500.0,1440.0,460.0,300.032917,1.0,0.85,0.75,0.8,0.8,0.8,0.001,300,0.5,303.55,TeqpVerificado(x=0.5),CORREGIBLE,0.1046162858242531,True,,CORREGIBLE,0.104616,362.2158,10,"[CORREGIBLE] O2: succión de la bomba bifásica bajo el peor caso de T_amb (riesgo de cavitación) (medido=317.98050827820117, esperado=<= 316.510 K). Causa probable: subenfriamiento insuficiente a la sa",80.84,0,0.0,False,,,False,final,,,MEDIDO en esta tarea (2026-10-01-benchmark-continuacion)
MB_sintope_STno,MB_sintope_STno,busqueda_libre_v2,1293,f2_h_Ps,0.85,3600.0,2520.0,470.0,300.032917,1.0,0.85,0.75,0.8,0.8,0.8,0.001,300,0.5,303.55,TeqpVerificado(x=0.5),NO_CONVERGIO,,False,NoBracket,NO_CONVERGIO,,,23,"NoBracket: extremos [361.0, 429.0] K sin cambio de signo (f_lo=-5.114, f_hi=-72.602)",82.17,1,2.24,True,turb.h4s,"PropertyRangeError: h(P, s, x): el motor teqp no cubre el estado pedido (ver TASK_CONTEXT 2026-09-18-validar-teqp-nh3h2o). Detalle: equilibrio no resoluble en T=454.86 K, P=2.52e+06 Pa, x=0.9185",False,bracket,,,MEDIDO en esta tarea (2026-10-01-benchmark-continuacion)
MB_sintope_STno,MB_sintope_STno,busqueda_libre_v2,1431,sana,0.8,4000.0,1540.0,380.0,300.032917,1.0,0.85,0.75,0.8,0.8,0.8,0.001,300,0.5,303.55,TeqpVerificado(x=0.5),CORREGIBLE,0.0765602074387088,True,,CORREGIBLE,0.07656,348.9911,12,"[CORREGIBLE] O2: succión de la bomba bifásica bajo el peor caso de T_amb (riesgo de cavitación) (medido=321.7966808474782, esperado=<= 321.622 K). Causa probable: subenfriamiento insuficiente a la sal",56.74,0,0.0,False,,,False,final,,,MEDIDO en esta tarea (2026-10-01-benchmark-continuacion)
MB_sintope_STno,MB_sintope_STno,busqueda_libre_v2,1251,f2_T_from_Ph,0.7,4000.0,1280.0,470.0,300.032917,1.0,0.85,0.75,0.8,0.8,0.8,0.001,300,0.5,303.55,TeqpVerificado(x=0.5),NO_CONVERGIO,,True,,CORREGIBLE,0.092556,373.1748,15,"[CORREGIBLE] O2: succión de la bomba bifásica bajo el peor caso de T_amb (riesgo de cavitación) (medido=326.4793798479543, esperado=<= 321.293 K). Causa probable: subenfriamiento insuficiente a la sal",115.14,1,0.8,True,hrvg.T2,"PropertyRangeError: T_from_Ph(P, h, x): el motor teqp no cubre el estado pedido (ver TASK_CONTEXT 2026-09-18-validar-teqp-nh3h2o). Detalle: equilibrio no resoluble en T=516.61 K, P=4e+06 Pa, x=0.7117",False,final,,,MEDIDO en esta tarea (2026-10-01-benchmark-continuacion)
MB_sintope_STno,MB_sintope_STno,busqueda_libre_v2,1462,sana,0.75,4000.0,1440.0,380.0,300.032917,1.0,0.85,0.75,0.85,0.85,0.8,0.001,300,0.5,303.55,TeqpVerificado(x=0.5),KALINA,0.074872616243143,True,,KALINA,0.074873,354.8956,11,"KALINA: régimen Kalina genuino y admisible, sin fallas.",67.63,0,0.0,False,,,False,final,True,-1.196,MEDIDO en esta tarea (2026-10-01-benchmark-continuacion)
MB_sintope_STno,MB_sintope_STno,busqueda_libre_v2,1505,f2_T_from_Ph,0.75,4000.0,1840.0,400.0,300.032917,1.0,0.85,0.75,0.8,0.8,0.85,0.001,300,0.5,303.55,TeqpVerificado(x=0.5),NO_CONVERGIO,,False,PropertyRangeError,NO_CONVERGIO,,,6,"PropertyRangeError: T_from_Ph(P, h, x): el motor teqp no cubre el estado pedido (ver TASK_CONTEXT 2026-09-18-validar-teqp-nh3h2o). Detalle: h=-5.83279e+08 fuera de dominio a P=4e+06 Pa, x=0.7604",33.62,0,0.0,False,hrvg.T2,,False,brentq,,,MEDIDO en esta tarea (2026-10-01-benchmark-continuacion)
MB_sintope_STno,MB_sintope_STno,busqueda_libre_v2,1307,f2_T_from_Ph,0.7,3600.0,1150.0,480.0,300.032917,1.0,0.85,0.75,0.8,0.8,0.8,0.001,300,0.5,303.55,TeqpVerificado(x=0.5),NO_CONVERGIO,,True,,CORREGIBLE,0.090219,368.4642,16,"[CORREGIBLE] O2: succión de la bomba bifásica bajo el peor caso de T_amb (riesgo de cavitación) (medido=323.19991254081486, esperado=<= 317.287 K). Causa probable: subenfriamiento insuficiente a la sa",130.97,2,22.03,True,abs.T8,"PropertyRangeError: T_from_Ph(P, h, x): el motor teqp no cubre el estado pedido (ver TASK_CONTEXT 2026-09-18-validar-teqp-nh3h2o). Detalle: h=53841.7 fuera de dominio a P=1.15e+06 Pa, x=0.7117",False,final,,,MEDIDO en esta tarea (2026-10-01-benchmark-continuacion)
MB_sintope_STno,MB_sintope_STno,busqueda_libre_v2,1495,sana,0.7,3600.0,1655.0,400.0,300.032917,1.0,0.85,0.75,0.8,0.8,0.75,0.001,300,0.5,303.55,TeqpVerificado(x=0.5),CORREGIBLE,0.066558133134209,True,,CORREGIBLE,0.066558,361.5923,12,"[CORREGIBLE] O2: succión de la bomba bifásica bajo el peor caso de T_amb (riesgo de cavitación) (medido=331.9424264320466, esperado=<= 331.408 K). Causa probable: subenfriamiento insuficiente a la sal",79.81,0,0.0,False,,,False,final,,,MEDIDO en esta tarea (2026-10-01-benchmark-continuacion)
MB_sintope_STno,MB_sintope_STno,busqueda_libre_v2,1363,f2_T_from_Ph,0.7,2800.0,1960.0,500.0,300.032917,1.0,0.85,0.75,0.8,0.8,0.8,0.001,300,0.5,303.55,TeqpVerificado(x=0.5),NO_CONVERGIO,,True,,CORREGIBLE,0.029726,357.8573,25,"[CORREGIBLE] O2: succión de la bomba bifásica bajo el peor caso de T_amb (riesgo de cavitación) (medido=342.9286836089011, esperado=<= 338.489 K). Causa probable: subenfriamiento insuficiente a la sal",145.15,2,14.37,True,abs.T8,"PropertyRangeError: T_from_Ph(P, h, x): el motor teqp no cubre el estado pedido (ver TASK_CONTEXT 2026-09-18-validar-teqp-nh3h2o). Detalle: h=553036 fuera de dominio a P=1.96e+06 Pa, x=0.7117",False,final,,,MEDIDO en esta tarea (2026-10-01-benchmark-continuacion)
MB_sintope_STno,MB_sintope_STno,busqueda_libre_v2,1559,sana,0.75,4000.0,1335.0,380.0,300.032917,1.0,0.85,0.75,0.8,0.8,0.8,0.001,300,0.5,303.55,TeqpVerificado(x=0.5),CORREGIBLE,0.0758518754047487,True,,CORREGIBLE,0.075852,352.9239,10,"[CORREGIBLE] O2: succión de la bomba bifásica bajo el peor caso de T_amb (riesgo de cavitación) (medido=319.24629211862907, esperado=<= 319.214 K). Causa probable: subenfriamiento insuficiente a la sa",56.18,0,0.0,False,,,False,final,,,MEDIDO en esta tarea (2026-10-01-benchmark-continuacion)
MB_sintope_STno,MB_sintope_STno,busqueda_libre_v2,1590,sana,0.75,4000.0,1008.0,380.0,300.032917,1.0,0.8,0.75,0.8,0.8,0.8,0.001,300,0.5,303.55,TeqpVerificado(x=0.5),CORREGIBLE,0.0869523746210086,True,,CORREGIBLE,0.086952,352.9251,11,"[CORREGIBLE] O2: succión de la bomba bifásica bajo el peor caso de T_amb (riesgo de cavitación) (medido=309.6704208560545, esperado=<= 308.994 K). Causa probable: subenfriamiento insuficiente a la sal",54.8,0,0.0,False,,,False,final,,,MEDIDO en esta tarea (2026-10-01-benchmark-continuacion)
MB_sintope_STno,MB_sintope_STno,busqueda_libre_v2,1527,sana,0.75,4000.0,1440.0,380.0,300.032917,1.0,0.9,0.75,0.85,0.85,0.8,0.001,300,0.5,303.55,TeqpVerificado(x=0.5),KALINA,0.0800284884366018,True,,KALINA,0.080028,354.8631,11,"KALINA: régimen Kalina genuino y admisible, sin fallas.",62.47,0,0.0,False,,,False,final,True,-1.196,MEDIDO en esta tarea (2026-10-01-benchmark-continuacion)
