etapa,config,csv_origen,fila_csv,grupo,x_b,P_alta,P_baja,T_fuente,T_sumidero,m_b,eta_t,eta_p,eps_hrvg,eps_reg,eps_cond,tol_T10,max_iter_frio,x_backend,T_amb_diseno,backend,clasificacion_original,eta_original,convergio,causa,clasificacion,eta,T1_sol,nF,msg,t_s,nF_intento1,t_intento1_s,reintento_usado,punto_cascada,msg_intento1,st_disparo,fase_fallo,B_verificado,B_dh4s
A1,M0,barrido_literatura_kcs11,3,lit_T_from_Ph,0.55,3000.0,273.545422,373.0,283.0,1.0,0.8,0.8,0.85,0.75,0.8,0.001,300,0.55,303.55,TeqpVerificado(x=0.55),NO_CONVERGIO,,False,PropertyRangeError,NO_CONVERGIO,,,1,"PropertyRangeError: T_from_Ph(P, h, x): el motor teqp no cubre el estado pedido (ver TASK_CONTEXT 2026-09-18-validar-teqp-nh3h2o). Detalle: h=-6412.95 fuera de dominio a P=2.7355e+05 Pa, x=0.5639",1.15,0,0.0,False,abs.T8,,False,bracket,,
A1,M0,barrido_literatura_kcs11,4,lit_bifasico,0.55,5000.0,273.545422,373.0,283.0,1.0,0.8,0.8,0.85,0.75,0.8,0.001,300,0.55,303.55,TeqpVerificado(x=0.55),NO_CONVERGIO,,False,PropertyRangeError,NO_CONVERGIO,,,1,"PropertyRangeError: equilibrio_liquido_vapor(P=5000.0 kPa, T=360.1588970163568 K): no existe equilibrio bifásico para ninguna composición (T fuera de la campana binaria a esa P, motor teqp).",0.07,0,0.0,False,sep.ELV,,False,bracket,,
A1,M0,barrido_literatura_kcs11,5,lit_T_from_Ph,0.55,1000.0,273.545422,423.0,283.0,1.0,0.8,0.8,0.85,0.75,0.8,0.001,300,0.55,303.55,TeqpVerificado(x=0.55),NO_CONVERGIO,,False,PropertyRangeError,NO_CONVERGIO,,,1,"PropertyRangeError: T_from_Ph(P, h, x): el motor teqp no cubre el estado pedido (ver TASK_CONTEXT 2026-09-18-validar-teqp-nh3h2o). Detalle: equilibrio no resoluble en T=277.42 K, P=2.7355e+05 Pa, x=0.",1.45,0,0.0,False,valv.T7,,False,bracket,,
A1,M0,barrido_literatura_kcs11,10,lit_bifasico,0.55,1000.0,273.545422,463.0,283.0,1.0,0.8,0.8,0.85,0.75,0.8,0.001,300,0.55,303.55,TeqpVerificado(x=0.55),NO_CONVERGIO,,False,PropertyRangeError,NO_CONVERGIO,,,2,"PropertyRangeError: equilibrio_liquido_vapor(P=1000.0 kPa, T=462.8499610351539 K): no existe equilibrio bifásico para ninguna composición (T fuera de la campana binaria a esa P, motor teqp).",6.09,0,0.0,False,sep.ELV,,False,bracket,,
A1,M0,barrido_literatura_kcs11,11,lit_T_from_Ph,0.55,1500.0,273.545421,463.0,283.0,1.0,0.8,0.8,0.85,0.75,0.8,0.001,300,0.55,303.55,TeqpVerificado(x=0.55),NO_CONVERGIO,,False,PropertyRangeError,NO_CONVERGIO,,,2,"PropertyRangeError: T_from_Ph(P, h, x): el motor teqp no cubre el estado pedido (ver TASK_CONTEXT 2026-09-18-validar-teqp-nh3h2o). Detalle: h=134105 fuera de dominio a P=2.7355e+05 Pa, x=0.5639",7.79,0,0.0,False,abs.T8,,False,bracket,,
A1,M0,barrido_literatura_kcs11,12,lit_T_from_Ph,0.55,2000.0,273.54542,463.0,283.0,1.0,0.8,0.8,0.85,0.75,0.8,0.001,300,0.55,303.55,TeqpVerificado(x=0.55),NO_CONVERGIO,,False,PropertyRangeError,NO_CONVERGIO,,,2,"PropertyRangeError: T_from_Ph(P, h, x): el motor teqp no cubre el estado pedido (ver TASK_CONTEXT 2026-09-18-validar-teqp-nh3h2o). Detalle: h=55398.8 fuera de dominio a P=2.7355e+05 Pa, x=0.5639",8.04,0,0.0,False,abs.T8,,False,bracket,,
A1,M0,barrido_literatura_kcs11,19,lit_bifasico,0.6,5000.0,336.094595,373.0,283.0,1.0,0.8,0.8,0.85,0.75,0.8,0.001,300,0.6,303.55,TeqpVerificado(x=0.6),NO_CONVERGIO,,False,PropertyRangeError,NO_CONVERGIO,,,1,"PropertyRangeError: equilibrio_liquido_vapor(P=5000.0 kPa, T=360.20055414536876 K): no existe equilibrio bifásico para ninguna composición (T fuera de la campana binaria a esa P, motor teqp).",0.08,0,0.0,False,sep.ELV,,False,bracket,,
A1,M0,barrido_literatura_kcs11,20,lit_T_from_Ph,0.6,1000.0,336.094584,423.0,283.0,1.0,0.8,0.8,0.85,0.75,0.8,0.001,300,0.6,303.55,TeqpVerificado(x=0.6),NO_CONVERGIO,,False,PropertyRangeError,NO_CONVERGIO,,,4,"PropertyRangeError: T_from_Ph(P, h, x): el motor teqp no cubre el estado pedido (ver TASK_CONTEXT 2026-09-18-validar-teqp-nh3h2o). Detalle: equilibrio no resoluble en T=296.41 K, P=3.3609e+05 Pa, x=0.",18.0,0,0.0,False,valv.T7,,False,brentq,,
A1,M0,barrido_literatura_kcs11,25,lit_bifasico,0.6,1000.0,336.094584,463.0,283.0,1.0,0.8,0.8,0.85,0.75,0.8,0.001,300,0.6,303.55,TeqpVerificado(x=0.6),NO_CONVERGIO,,False,PropertyRangeError,NO_CONVERGIO,,,2,"PropertyRangeError: equilibrio_liquido_vapor(P=1000.0 kPa, T=462.8499711017988 K): no existe equilibrio bifásico para ninguna composición (T fuera de la campana binaria a esa P, motor teqp).",4.59,0,0.0,False,sep.ELV,,False,bracket,,
A1,M0,barrido_literatura_kcs11,27,lit_T_from_Ph,0.6,2000.0,336.094594,463.0,283.0,1.0,0.8,0.8,0.85,0.75,0.8,0.001,300,0.6,303.55,TeqpVerificado(x=0.6),NO_CONVERGIO,,False,PropertyRangeError,NO_CONVERGIO,,,2,"PropertyRangeError: T_from_Ph(P, h, x): el motor teqp no cubre el estado pedido (ver TASK_CONTEXT 2026-09-18-validar-teqp-nh3h2o). Detalle: h=61287.7 fuera de dominio a P=3.3609e+05 Pa, x=0.6134",8.32,0,0.0,False,abs.T8,,False,bracket,,
A1,M0,barrido_literatura_kcs11,34,lit_bifasico,0.65,5000.0,398.118726,373.0,283.0,1.0,0.8,0.8,0.85,0.75,0.8,0.001,300,0.65,303.55,TeqpVerificado(x=0.65),NO_CONVERGIO,,False,PropertyRangeError,NO_CONVERGIO,,,1,"PropertyRangeError: equilibrio_liquido_vapor(P=5000.0 kPa, T=360.26299351030735 K): no existe equilibrio bifásico para ninguna composición (T fuera de la campana binaria a esa P, motor teqp).",0.08,0,0.0,False,sep.ELV,,False,bracket,,
A1,M0,barrido_literatura_kcs11,35,lit_T_from_Ph,0.65,1000.0,398.118722,423.0,283.0,1.0,0.8,0.8,0.85,0.75,0.8,0.001,300,0.65,303.55,TeqpVerificado(x=0.65),NO_CONVERGIO,,False,PropertyRangeError,NO_CONVERGIO,,,2,"PropertyRangeError: T_from_Ph(P, h, x): el motor teqp no cubre el estado pedido (ver TASK_CONTEXT 2026-09-18-validar-teqp-nh3h2o). Detalle: equilibrio no resoluble en T=293.90 K, P=3.9812e+05 Pa, x=0.",7.44,0,0.0,False,valv.T7,,False,bracket,,
A1,M0,barrido_literatura_kcs11,40,lit_bifasico,0.65,1000.0,398.118722,463.0,283.0,1.0,0.8,0.8,0.85,0.75,0.8,0.001,300,0.65,303.55,TeqpVerificado(x=0.65),NO_CONVERGIO,,False,PropertyRangeError,NO_CONVERGIO,,,2,"PropertyRangeError: equilibrio_liquido_vapor(P=1000.0 kPa, T=462.8499803665554 K): no existe equilibrio bifásico para ninguna composición (T fuera de la campana binaria a esa P, motor teqp).",5.05,0,0.0,False,sep.ELV,,False,bracket,,
A1,M0,barrido_literatura_kcs11,41,lit_T_from_Ph,0.65,1500.0,398.118725,463.0,283.0,1.0,0.8,0.8,0.85,0.75,0.8,0.001,300,0.65,303.55,TeqpVerificado(x=0.65),NO_CONVERGIO,,False,PropertyRangeError,NO_CONVERGIO,,,2,"PropertyRangeError: T_from_Ph(P, h, x): el motor teqp no cubre el estado pedido (ver TASK_CONTEXT 2026-09-18-validar-teqp-nh3h2o). Detalle: h=163463 fuera de dominio a P=3.9812e+05 Pa, x=0.6627",8.13,0,0.0,False,abs.T8,,False,bracket,,
A1,M0,barrido_literatura_kcs11,42,lit_T_from_Ph,0.65,2000.0,398.118724,463.0,283.0,1.0,0.8,0.8,0.85,0.75,0.8,0.001,300,0.65,303.55,TeqpVerificado(x=0.65),NO_CONVERGIO,,False,PropertyRangeError,NO_CONVERGIO,,,2,"PropertyRangeError: T_from_Ph(P, h, x): el motor teqp no cubre el estado pedido (ver TASK_CONTEXT 2026-09-18-validar-teqp-nh3h2o). Detalle: h=67244 fuera de dominio a P=3.9812e+05 Pa, x=0.6627",8.93,0,0.0,False,abs.T8,,False,bracket,,
A1,M0,barrido_literatura_kcs11,49,lit_bifasico,0.7,5000.0,456.322837,373.0,283.0,1.0,0.8,0.8,0.85,0.75,0.8,0.001,300,0.7,303.55,TeqpVerificado(x=0.7),NO_CONVERGIO,,False,PropertyRangeError,NO_CONVERGIO,,,1,"PropertyRangeError: equilibrio_liquido_vapor(P=5000.0 kPa, T=360.3439259844327 K): no existe equilibrio bifásico para ninguna composición (T fuera de la campana binaria a esa P, motor teqp).",0.09,0,0.0,False,sep.ELV,,False,bracket,,
A1,M0,barrido_literatura_kcs11,50,lit_T_from_Ph,0.7,1000.0,456.322836,423.0,283.0,1.0,0.8,0.8,0.85,0.75,0.8,0.001,300,0.7,303.55,TeqpVerificado(x=0.7),NO_CONVERGIO,,False,PropertyRangeError,NO_CONVERGIO,,,2,"PropertyRangeError: T_from_Ph(P, h, x): el motor teqp no cubre el estado pedido (ver TASK_CONTEXT 2026-09-18-validar-teqp-nh3h2o). Detalle: h=49698.1 fuera de dominio a P=4.5632e+05 Pa, x=0.7117",7.77,0,0.0,False,abs.T8,,False,bracket,,
A1,M0,barrido_literatura_kcs11,55,lit_T_from_Ph,0.7,1000.0,456.322836,463.0,283.0,1.0,0.8,0.8,0.85,0.75,0.8,0.001,300,0.7,303.55,TeqpVerificado(x=0.7),NO_CONVERGIO,,False,PropertyRangeError,NO_CONVERGIO,,,2,"PropertyRangeError: equilibrio_liquido_vapor(P=1000.0 kPa, T=462.8499888883884 K): no existe equilibrio bifásico para ninguna composición (T fuera de la campana binaria a esa P, motor teqp).",5.26,0,0.0,False,sep.ELV,,False,bracket,,
A1,M0,barrido_literatura_kcs11,56,lit_T_from_Ph,0.7,1500.0,456.322836,463.0,283.0,1.0,0.8,0.8,0.85,0.75,0.8,0.001,300,0.7,303.55,TeqpVerificado(x=0.7),NO_CONVERGIO,,False,PropertyRangeError,NO_CONVERGIO,,,2,"PropertyRangeError: T_from_Ph(P, h, x): el motor teqp no cubre el estado pedido (ver TASK_CONTEXT 2026-09-18-validar-teqp-nh3h2o). Detalle: h=178144 fuera de dominio a P=4.5632e+05 Pa, x=0.7117",7.56,0,0.0,False,abs.T8,,False,bracket,,
A1,M0,barrido_literatura_kcs11,57,lit_T_from_Ph,0.7,2000.0,456.322835,463.0,283.0,1.0,0.8,0.8,0.85,0.75,0.8,0.001,300,0.7,303.55,TeqpVerificado(x=0.7),NO_CONVERGIO,,False,PropertyRangeError,NO_CONVERGIO,,,2,"PropertyRangeError: T_from_Ph(P, h, x): el motor teqp no cubre el estado pedido (ver TASK_CONTEXT 2026-09-18-validar-teqp-nh3h2o). Detalle: h=73219.5 fuera de dominio a P=4.5632e+05 Pa, x=0.7117",7.45,0,0.0,False,abs.T8,,False,bracket,,
A1,M0,busqueda_libre_v2,8,f2_T_from_Ph,0.35,3000.0,500.0,470.0,300.032917,1.0,0.85,0.75,0.85,0.75,0.95,0.001,300,0.5,303.55,TeqpVerificado(x=0.5),NO_CONVERGIO,,False,PropertyRangeError,NO_CONVERGIO,,,5,"PropertyRangeError: T_from_Ph(P, h, x): el motor teqp no cubre el estado pedido (ver TASK_CONTEXT 2026-09-18-validar-teqp-nh3h2o). Detalle: equilibrio no resoluble en T=296.92 K, P=5e+05 Pa, x=0.1626",20.84,0,0.0,False,valv.T7,,False,brentq,,
A1,M0,busqueda_libre_v2,379,f2_h_Ps,0.5,3000.0,850.0,470.0,300.032917,1.0,0.85,0.75,0.75,0.85,0.85,0.001,300,0.5,303.55,TeqpVerificado(x=0.5),NO_CONVERGIO,,False,PropertyRangeError,NO_CONVERGIO,,,3,"PropertyRangeError: h(P, s, x): el motor teqp no cubre el estado pedido (ver TASK_CONTEXT 2026-09-18-validar-teqp-nh3h2o). Detalle: equilibrio no resoluble en T=345.03 K, P=3e+06 Pa, x=0.5140",24.3,0,0.0,False,bom.h10s,,False,brentq,,
A1,M0,busqueda_libre_v2,802,f2_T_from_Ph,0.7,3300.0,2500.0,470.0,300.032917,1.0,0.85,0.75,0.8,0.8,0.8,0.001,300,0.5,303.55,TeqpVerificado(x=0.5),NO_CONVERGIO,,False,PropertyRangeError,NO_CONVERGIO,,,2,"PropertyRangeError: T_from_Ph(P, h, x): el motor teqp no cubre el estado pedido (ver TASK_CONTEXT 2026-09-18-validar-teqp-nh3h2o). Detalle: h=49522.8 fuera de dominio a P=2.5e+06 Pa, x=0.7117",10.94,0,0.0,False,abs.T8,,False,bracket,,
A1,M0,busqueda_libre_v2,853,f2_T_from_Ph,0.8,2800.0,2500.0,470.0,300.032917,1.0,0.85,0.75,0.8,0.8,0.8,0.001,300,0.5,303.55,TeqpVerificado(x=0.5),NO_CONVERGIO,,False,PropertyRangeError,NO_CONVERGIO,,,2,"PropertyRangeError: T_from_Ph(P, h, x): el motor teqp no cubre el estado pedido (ver TASK_CONTEXT 2026-09-18-validar-teqp-nh3h2o). Detalle: h=69842.5 fuera de dominio a P=2.5e+06 Pa, x=0.8088",9.21,0,0.0,False,abs.T8,,False,bracket,,
A1,M0,busqueda_libre_v2,865,f2_h_Ps,0.8,4000.0,2200.0,470.0,300.032917,1.0,0.85,0.75,0.8,0.8,0.8,0.001,300,0.5,303.55,TeqpVerificado(x=0.5),NO_CONVERGIO,,False,PropertyRangeError,NO_CONVERGIO,,,1,"PropertyRangeError: h(P, s, x): el motor teqp no cubre el estado pedido (ver TASK_CONTEXT 2026-09-18-validar-teqp-nh3h2o). Detalle: equilibrio no resoluble en T=469.60 K, P=2.2e+06 Pa, x=0.8861",1.44,0,0.0,False,turb.h4s,,False,bracket,,
A1,M0,busqueda_libre_v2,885,f2_T_from_Ph,0.85,3000.0,1500.0,470.0,300.032917,1.0,0.85,0.75,0.8,0.8,0.8,0.001,300,0.5,303.55,TeqpVerificado(x=0.5),NO_CONVERGIO,,False,PropertyRangeError,NO_CONVERGIO,,,2,"PropertyRangeError: T_from_Ph(P, h, x): el motor teqp no cubre el estado pedido (ver TASK_CONTEXT 2026-09-18-validar-teqp-nh3h2o). Detalle: h=65584.5 fuera de dominio a P=1.5e+06 Pa, x=0.8570",9.02,0,0.0,False,abs.T8,,False,bracket,,
A1,M0,busqueda_libre_v2,907,f2_T_from_Ph,0.85,4500.0,1600.0,470.0,300.032917,1.0,0.85,0.75,0.8,0.8,0.8,0.001,300,0.5,303.55,TeqpVerificado(x=0.5),NO_CONVERGIO,,False,PropertyRangeError,NO_CONVERGIO,,,2,"PropertyRangeError: T_from_Ph(P, h, x): el motor teqp no cubre el estado pedido (ver TASK_CONTEXT 2026-09-18-validar-teqp-nh3h2o). Detalle: equilibrio no resoluble en T=479.01 K, P=4.5e+06 Pa, x=0.857",5.37,0,0.0,False,hrvg.T2,,False,bracket,,
A1,M0,busqueda_libre_v2,997,f2_T_from_Ph,0.85,3600.0,1655.0,380.0,300.032917,1.0,0.85,0.75,0.8,0.8,0.8,0.001,300,0.5,303.55,TeqpVerificado(x=0.5),NO_CONVERGIO,,False,PropertyRangeError,NO_CONVERGIO,,,5,"PropertyRangeError: T_from_Ph(P, h, x): el motor teqp no cubre el estado pedido (ver TASK_CONTEXT 2026-09-18-validar-teqp-nh3h2o). Detalle: h=-2.35123e+07 fuera de dominio a P=3.6e+06 Pa, x=0.8570",18.48,0,0.0,False,hrvg.T2,,False,brentq,,
A1,M0,busqueda_libre_v2,1178,f2_h_Ps,0.85,4000.0,2800.0,440.0,300.032917,1.0,0.85,0.75,0.8,0.8,0.8,0.001,300,0.5,303.55,TeqpVerificado(x=0.5),NO_CONVERGIO,,False,PropertyRangeError,NO_CONVERGIO,,,1,"PropertyRangeError: h(P, s, x): el motor teqp no cubre el estado pedido (ver TASK_CONTEXT 2026-09-18-validar-teqp-nh3h2o). Detalle: equilibrio no resoluble en T=447.38 K, P=2.8e+06 Pa, x=0.9350",1.22,0,0.0,False,turb.h4s,,False,bracket,,
A1,M0,busqueda_libre_v2,1214,f2_T_from_Ph,0.8,2800.0,1400.0,460.0,300.032917,1.0,0.85,0.75,0.8,0.8,0.8,0.001,300,0.5,303.55,TeqpVerificado(x=0.5),NO_CONVERGIO,,False,PropertyRangeError,NO_CONVERGIO,,,2,"PropertyRangeError: T_from_Ph(P, h, x): el motor teqp no cubre el estado pedido (ver TASK_CONTEXT 2026-09-18-validar-teqp-nh3h2o). Detalle: h=52162 fuera de dominio a P=1.4e+06 Pa, x=0.8088",8.51,0,0.0,False,abs.T8,,False,bracket,,
A1,M0,busqueda_libre_v2,1251,f2_T_from_Ph,0.7,4000.0,1280.0,470.0,300.032917,1.0,0.85,0.75,0.8,0.8,0.8,0.001,300,0.5,303.55,TeqpVerificado(x=0.5),NO_CONVERGIO,,False,PropertyRangeError,NO_CONVERGIO,,,1,"PropertyRangeError: T_from_Ph(P, h, x): el motor teqp no cubre el estado pedido (ver TASK_CONTEXT 2026-09-18-validar-teqp-nh3h2o). Detalle: equilibrio no resoluble en T=516.61 K, P=4e+06 Pa, x=0.7117",0.51,0,0.0,False,hrvg.T2,,False,bracket,,
A1,M0,busqueda_libre_v2,1285,f2_T_from_Ph,0.85,2800.0,895.0,470.0,300.032917,1.0,0.85,0.75,0.8,0.8,0.8,0.001,300,0.5,303.55,TeqpVerificado(x=0.5),NO_CONVERGIO,,False,PropertyRangeError,NO_CONVERGIO,,,2,"PropertyRangeError: T_from_Ph(P, h, x): el motor teqp no cubre el estado pedido (ver TASK_CONTEXT 2026-09-18-validar-teqp-nh3h2o). Detalle: h=68987.7 fuera de dominio a P=8.95e+05 Pa, x=0.8570",8.79,0,0.0,False,abs.T8,,False,bracket,,
A1,M0,busqueda_libre_v2,1293,f2_h_Ps,0.85,3600.0,2520.0,470.0,300.032917,1.0,0.85,0.75,0.8,0.8,0.8,0.001,300,0.5,303.55,TeqpVerificado(x=0.5),NO_CONVERGIO,,False,PropertyRangeError,NO_CONVERGIO,,,1,"PropertyRangeError: h(P, s, x): el motor teqp no cubre el estado pedido (ver TASK_CONTEXT 2026-09-18-validar-teqp-nh3h2o). Detalle: equilibrio no resoluble en T=454.86 K, P=2.52e+06 Pa, x=0.9185",1.41,0,0.0,False,turb.h4s,,False,bracket,,
A1,M0,busqueda_libre_v2,1307,f2_T_from_Ph,0.7,3600.0,1150.0,480.0,300.032917,1.0,0.85,0.75,0.8,0.8,0.8,0.001,300,0.5,303.55,TeqpVerificado(x=0.5),NO_CONVERGIO,,False,PropertyRangeError,NO_CONVERGIO,,,2,"PropertyRangeError: T_from_Ph(P, h, x): el motor teqp no cubre el estado pedido (ver TASK_CONTEXT 2026-09-18-validar-teqp-nh3h2o). Detalle: h=53841.7 fuera de dominio a P=1.15e+06 Pa, x=0.7117",13.47,0,0.0,False,abs.T8,,False,bracket,,
A1,M0,busqueda_libre_v2,1327,f2_T_from_Ph,0.75,4000.0,2800.0,480.0,300.032917,1.0,0.85,0.75,0.8,0.8,0.8,0.001,300,0.5,303.55,TeqpVerificado(x=0.5),NO_CONVERGIO,,False,PropertyRangeError,NO_CONVERGIO,,,2,"PropertyRangeError: T_from_Ph(P, h, x): el motor teqp no cubre el estado pedido (ver TASK_CONTEXT 2026-09-18-validar-teqp-nh3h2o). Detalle: h=54694.6 fuera de dominio a P=2.8e+06 Pa, x=0.7604",13.93,0,0.0,False,abs.T8,,False,bracket,,
A1,M0,busqueda_libre_v2,1363,f2_T_from_Ph,0.7,2800.0,1960.0,500.0,300.032917,1.0,0.85,0.75,0.8,0.8,0.8,0.001,300,0.5,303.55,TeqpVerificado(x=0.5),NO_CONVERGIO,,False,PropertyRangeError,NO_CONVERGIO,,,2,"PropertyRangeError: T_from_Ph(P, h, x): el motor teqp no cubre el estado pedido (ver TASK_CONTEXT 2026-09-18-validar-teqp-nh3h2o). Detalle: h=553036 fuera de dominio a P=1.96e+06 Pa, x=0.7117",8.87,0,0.0,False,abs.T8,,False,bracket,,
A1,M0,busqueda_libre_v2,1382,f2_T_from_Ph,0.75,3600.0,1150.0,500.0,300.032917,1.0,0.85,0.75,0.8,0.8,0.8,0.001,300,0.5,303.55,TeqpVerificado(x=0.5),NO_CONVERGIO,,False,PropertyRangeError,NO_CONVERGIO,,,2,"PropertyRangeError: T_from_Ph(P, h, x): el motor teqp no cubre el estado pedido (ver TASK_CONTEXT 2026-09-18-validar-teqp-nh3h2o). Detalle: equilibrio no resoluble en T=507.15 K, P=3.6e+06 Pa, x=0.760",7.66,0,0.0,False,hrvg.T2,,False,bracket,,
A1,M0,busqueda_libre_v2,1402,f2_T_from_Ph,0.8,4000.0,2800.0,500.0,300.032917,1.0,0.85,0.75,0.8,0.8,0.8,0.001,300,0.5,303.55,TeqpVerificado(x=0.5),NO_CONVERGIO,,False,PropertyRangeError,NO_CONVERGIO,,,2,"PropertyRangeError: T_from_Ph(P, h, x): el motor teqp no cubre el estado pedido (ver TASK_CONTEXT 2026-09-18-validar-teqp-nh3h2o). Detalle: h=105570 fuera de dominio a P=2.8e+06 Pa, x=0.8088",13.65,0,0.0,False,abs.T8,,False,bracket,,
A1,M0,busqueda_libre_v2,1411,f2_h_Ps,0.85,3600.0,2520.0,500.0,300.032917,1.0,0.85,0.75,0.8,0.8,0.8,0.001,300,0.5,303.55,TeqpVerificado(x=0.5),NO_CONVERGIO,,False,PropertyRangeError,NO_CONVERGIO,,,1,"PropertyRangeError: h(P, s, x): el motor teqp no cubre el estado pedido (ver TASK_CONTEXT 2026-09-18-validar-teqp-nh3h2o). Detalle: equilibrio no resoluble en T=463.61 K, P=2.52e+06 Pa, x=0.9030",1.28,0,0.0,False,turb.h4s,,False,bracket,,
A1,M0,busqueda_libre_v2,1505,f2_T_from_Ph,0.75,4000.0,1840.0,400.0,300.032917,1.0,0.85,0.75,0.8,0.8,0.85,0.001,300,0.5,303.55,TeqpVerificado(x=0.5),NO_CONVERGIO,,False,PropertyRangeError,NO_CONVERGIO,,,6,"PropertyRangeError: T_from_Ph(P, h, x): el motor teqp no cubre el estado pedido (ver TASK_CONTEXT 2026-09-18-validar-teqp-nh3h2o). Detalle: h=-5.83279e+08 fuera de dominio a P=4e+06 Pa, x=0.7604",21.32,0,0.0,False,hrvg.T2,,False,brentq,,
A1,MB_t2_STno,barrido_literatura_kcs11,3,lit_T_from_Ph,0.55,3000.0,273.545422,373.0,283.0,1.0,0.8,0.8,0.85,0.75,0.8,0.001,300,0.55,303.55,TeqpVerificado(x=0.55),NO_CONVERGIO,,False,NoBracket,NO_CONVERGIO,,,4,"NoBracket: sin dos extremos evaluables en 5.0 K (f_lo=None, f_hi=-15.73177165108325)",12.55,1,1.2,True,abs.T8,"PropertyRangeError: T_from_Ph(P, h, x): el motor teqp no cubre el estado pedido (ver TASK_CONTEXT 2026-09-18-validar-teqp-nh3h2o). Detalle: h=-6412.95 fuera de dominio a P=2.7355e+05 Pa, x=0.5639",False,bracket,,
A1,MB_t2_STno,barrido_literatura_kcs11,4,lit_bifasico,0.55,5000.0,273.545422,373.0,283.0,1.0,0.8,0.8,0.85,0.75,0.8,0.001,300,0.55,303.55,TeqpVerificado(x=0.55),NO_CONVERGIO,,False,NoBracket,NO_CONVERGIO,,,5,"NoBracket: sin dos extremos evaluables en 5.0 K (f_lo=None, f_hi=None)",18.23,1,0.08,True,sep.ELV,"PropertyRangeError: equilibrio_liquido_vapor(P=5000.0 kPa, T=360.1588970163568 K): no existe equilibrio bifásico para ninguna composición (T fuera de la campana binaria a esa P, motor teqp).",False,bracket,,
A1,MB_t2_STno,barrido_literatura_kcs11,5,lit_T_from_Ph,0.55,1000.0,273.545422,423.0,283.0,1.0,0.8,0.8,0.85,0.75,0.8,0.001,300,0.55,303.55,TeqpVerificado(x=0.55),NO_CONVERGIO,,True,,CORREGIBLE,0.075082,338.8243,10,"[CORREGIBLE] O2: succión de la bomba bifásica bajo el peor caso de T_amb (riesgo de cavitación) (medido=322.14902629775247, esperado=<= 287.000 K). Causa probable: subenfriamiento insuficiente a la sa",36.82,1,1.48,True,valv.T7,"PropertyRangeError: T_from_Ph(P, h, x): el motor teqp no cubre el estado pedido (ver TASK_CONTEXT 2026-09-18-validar-teqp-nh3h2o). Detalle: equilibrio no resoluble en T=277.42 K, P=2.7355e+05 Pa, x=0.",False,final,,
A1,MB_t2_STno,barrido_literatura_kcs11,10,lit_bifasico,0.55,1000.0,273.545422,463.0,283.0,1.0,0.8,0.8,0.85,0.75,0.8,0.001,300,0.55,303.55,TeqpVerificado(x=0.55),NO_CONVERGIO,,False,NoBracket,NO_CONVERGIO,,,5,"NoBracket: sin dos extremos evaluables en 5.0 K (f_lo=54.93951413730673, f_hi=None)",12.29,2,6.32,True,sep.ELV,"PropertyRangeError: equilibrio_liquido_vapor(P=1000.0 kPa, T=462.8499610351539 K): no existe equilibrio bifásico para ninguna composición (T fuera de la campana binaria a esa P, motor teqp).",False,bracket,,
A1,MB_t2_STno,barrido_literatura_kcs11,11,lit_T_from_Ph,0.55,1500.0,273.545421,463.0,283.0,1.0,0.8,0.8,0.85,0.75,0.8,0.001,300,0.55,303.55,TeqpVerificado(x=0.55),NO_CONVERGIO,,False,NoBracket,NO_CONVERGIO,,,5,"NoBracket: sin dos extremos evaluables en 5.0 K (f_lo=67.40799088752499, f_hi=None)",17.77,2,7.84,True,abs.T8,"PropertyRangeError: T_from_Ph(P, h, x): el motor teqp no cubre el estado pedido (ver TASK_CONTEXT 2026-09-18-validar-teqp-nh3h2o). Detalle: h=134105 fuera de dominio a P=2.7355e+05 Pa, x=0.5639",False,bracket,,
A1,MB_t2_STno,barrido_literatura_kcs11,12,lit_T_from_Ph,0.55,2000.0,273.54542,463.0,283.0,1.0,0.8,0.8,0.85,0.75,0.8,0.001,300,0.55,303.55,TeqpVerificado(x=0.55),NO_CONVERGIO,,False,NoBracket,NO_CONVERGIO,,,5,"NoBracket: sin dos extremos evaluables en 5.0 K (f_lo=76.99894256503342, f_hi=None)",18.22,2,8.07,True,abs.T8,"PropertyRangeError: T_from_Ph(P, h, x): el motor teqp no cubre el estado pedido (ver TASK_CONTEXT 2026-09-18-validar-teqp-nh3h2o). Detalle: h=55398.8 fuera de dominio a P=2.7355e+05 Pa, x=0.5639",False,bracket,,
A1,MB_t2_STno,barrido_literatura_kcs11,19,lit_bifasico,0.6,5000.0,336.094595,373.0,283.0,1.0,0.8,0.8,0.85,0.75,0.8,0.001,300,0.6,303.55,TeqpVerificado(x=0.6),NO_CONVERGIO,,False,NoBracket,NO_CONVERGIO,,,5,"NoBracket: sin dos extremos evaluables en 5.0 K (f_lo=None, f_hi=None)",35.83,1,0.08,True,sep.ELV,"PropertyRangeError: equilibrio_liquido_vapor(P=5000.0 kPa, T=360.20055414536876 K): no existe equilibrio bifásico para ninguna composición (T fuera de la campana binaria a esa P, motor teqp).",False,bracket,,
A1,MB_t2_STno,barrido_literatura_kcs11,20,lit_T_from_Ph,0.6,1000.0,336.094584,423.0,283.0,1.0,0.8,0.8,0.85,0.75,0.8,0.001,300,0.6,303.55,TeqpVerificado(x=0.6),NO_CONVERGIO,,False,PropertyRangeError,NO_CONVERGIO,,,4,"PropertyRangeError: T_from_Ph(P, h, x): el motor teqp no cubre el estado pedido (ver TASK_CONTEXT 2026-09-18-validar-teqp-nh3h2o). Detalle: equilibrio no resoluble en T=296.41 K, P=3.3609e+05 Pa, x=0.",18.5,0,0.0,False,valv.T7,,False,brentq,,
A1,MB_t2_STno,barrido_literatura_kcs11,25,lit_bifasico,0.6,1000.0,336.094584,463.0,283.0,1.0,0.8,0.8,0.85,0.75,0.8,0.001,300,0.6,303.55,TeqpVerificado(x=0.6),NO_CONVERGIO,,False,NoBracket,NO_CONVERGIO,,,6,"NoBracket: sin dos extremos evaluables en 5.0 K (f_lo=None, f_hi=None)",7.61,2,4.73,True,sep.ELV,"PropertyRangeError: equilibrio_liquido_vapor(P=1000.0 kPa, T=462.8499711017988 K): no existe equilibrio bifásico para ninguna composición (T fuera de la campana binaria a esa P, motor teqp).",False,bracket,,
A1,MB_t2_STno,barrido_literatura_kcs11,27,lit_T_from_Ph,0.6,2000.0,336.094594,463.0,283.0,1.0,0.8,0.8,0.85,0.75,0.8,0.001,300,0.6,303.55,TeqpVerificado(x=0.6),NO_CONVERGIO,,False,NoBracket,NO_CONVERGIO,,,5,"NoBracket: sin dos extremos evaluables en 5.0 K (f_lo=70.29379856306406, f_hi=None)",18.8,2,8.3,True,abs.T8,"PropertyRangeError: T_from_Ph(P, h, x): el motor teqp no cubre el estado pedido (ver TASK_CONTEXT 2026-09-18-validar-teqp-nh3h2o). Detalle: h=61287.7 fuera de dominio a P=3.3609e+05 Pa, x=0.6134",False,bracket,,
A1,MB_t2_STno,barrido_literatura_kcs11,34,lit_bifasico,0.65,5000.0,398.118726,373.0,283.0,1.0,0.8,0.8,0.85,0.75,0.8,0.001,300,0.65,303.55,TeqpVerificado(x=0.65),NO_CONVERGIO,,False,NoBracket,NO_CONVERGIO,,,5,"NoBracket: sin dos extremos evaluables en 5.0 K (f_lo=None, f_hi=None)",14.53,1,0.08,True,sep.ELV,"PropertyRangeError: equilibrio_liquido_vapor(P=5000.0 kPa, T=360.26299351030735 K): no existe equilibrio bifásico para ninguna composición (T fuera de la campana binaria a esa P, motor teqp).",False,bracket,,
A1,MB_t2_STno,barrido_literatura_kcs11,35,lit_T_from_Ph,0.65,1000.0,398.118722,423.0,283.0,1.0,0.8,0.8,0.85,0.75,0.8,0.001,300,0.65,303.55,TeqpVerificado(x=0.65),NO_CONVERGIO,,True,,CORREGIBLE,0.056526,324.746,11,"[CORREGIBLE] O2: succión de la bomba bifásica bajo el peor caso de T_amb (riesgo de cavitación) (medido=320.0187551391912, esperado=<= 287.000 K). Causa probable: subenfriamiento insuficiente a la sal",45.57,2,7.41,True,valv.T7,"PropertyRangeError: T_from_Ph(P, h, x): el motor teqp no cubre el estado pedido (ver TASK_CONTEXT 2026-09-18-validar-teqp-nh3h2o). Detalle: equilibrio no resoluble en T=293.90 K, P=3.9812e+05 Pa, x=0.",False,final,,
A1,MB_t2_STno,barrido_literatura_kcs11,40,lit_bifasico,0.65,1000.0,398.118722,463.0,283.0,1.0,0.8,0.8,0.85,0.75,0.8,0.001,300,0.65,303.55,TeqpVerificado(x=0.65),NO_CONVERGIO,,False,NoBracket,NO_CONVERGIO,,,6,"NoBracket: sin dos extremos evaluables en 5.0 K (f_lo=35.863067033210655, f_hi=None)",11.66,2,5.11,True,sep.ELV,"PropertyRangeError: equilibrio_liquido_vapor(P=1000.0 kPa, T=462.8499803665554 K): no existe equilibrio bifásico para ninguna composición (T fuera de la campana binaria a esa P, motor teqp).",False,bracket,,
A1,MB_t2_STno,barrido_literatura_kcs11,41,lit_T_from_Ph,0.65,1500.0,398.118725,463.0,283.0,1.0,0.8,0.8,0.85,0.75,0.8,0.001,300,0.65,303.55,TeqpVerificado(x=0.65),NO_CONVERGIO,,False,NoBracket,NO_CONVERGIO,,,5,"NoBracket: sin dos extremos evaluables en 5.0 K (f_lo=53.95766645979512, f_hi=None)",18.66,2,8.21,True,abs.T8,"PropertyRangeError: T_from_Ph(P, h, x): el motor teqp no cubre el estado pedido (ver TASK_CONTEXT 2026-09-18-validar-teqp-nh3h2o). Detalle: h=163463 fuera de dominio a P=3.9812e+05 Pa, x=0.6627",False,bracket,,
A1,MB_t2_STno,barrido_literatura_kcs11,42,lit_T_from_Ph,0.65,2000.0,398.118724,463.0,283.0,1.0,0.8,0.8,0.85,0.75,0.8,0.001,300,0.65,303.55,TeqpVerificado(x=0.65),NO_CONVERGIO,,False,NoBracket,NO_CONVERGIO,,,5,"NoBracket: sin dos extremos evaluables en 5.0 K (f_lo=64.09696373992995, f_hi=None)",19.35,2,9.3,True,abs.T8,"PropertyRangeError: T_from_Ph(P, h, x): el motor teqp no cubre el estado pedido (ver TASK_CONTEXT 2026-09-18-validar-teqp-nh3h2o). Detalle: h=67244 fuera de dominio a P=3.9812e+05 Pa, x=0.6627",False,bracket,,
A1,MB_t2_STno,barrido_literatura_kcs11,49,lit_bifasico,0.7,5000.0,456.322837,373.0,283.0,1.0,0.8,0.8,0.85,0.75,0.8,0.001,300,0.7,303.55,TeqpVerificado(x=0.7),NO_CONVERGIO,,False,NoBracket,NO_CONVERGIO,,,5,"NoBracket: sin dos extremos evaluables en 5.0 K (f_lo=None, f_hi=None)",36.29,1,0.09,True,sep.ELV,"PropertyRangeError: equilibrio_liquido_vapor(P=5000.0 kPa, T=360.3439259844327 K): no existe equilibrio bifásico para ninguna composición (T fuera de la campana binaria a esa P, motor teqp).",False,bracket,,
A1,MB_t2_STno,barrido_literatura_kcs11,50,lit_T_from_Ph,0.7,1000.0,456.322836,423.0,283.0,1.0,0.8,0.8,0.85,0.75,0.8,0.001,300,0.7,303.55,TeqpVerificado(x=0.7),NO_CONVERGIO,,False,NoBracket,NO_CONVERGIO,,,5,"NoBracket: sin dos extremos evaluables en 5.0 K (f_lo=34.33153793578299, f_hi=None)",18.15,2,7.87,True,abs.T8,"PropertyRangeError: T_from_Ph(P, h, x): el motor teqp no cubre el estado pedido (ver TASK_CONTEXT 2026-09-18-validar-teqp-nh3h2o). Detalle: h=49698.1 fuera de dominio a P=4.5632e+05 Pa, x=0.7117",False,bracket,,
A1,MB_t2_STno,barrido_literatura_kcs11,55,lit_T_from_Ph,0.7,1000.0,456.322836,463.0,283.0,1.0,0.8,0.8,0.85,0.75,0.8,0.001,300,0.7,303.55,TeqpVerificado(x=0.7),NO_CONVERGIO,,False,NoBracket,NO_CONVERGIO,,,5,"NoBracket: sin dos extremos evaluables en 5.0 K (f_lo=34.639706605350455, f_hi=None)",10.88,2,5.4,True,sep.ELV,"PropertyRangeError: equilibrio_liquido_vapor(P=1000.0 kPa, T=462.8499888883884 K): no existe equilibrio bifásico para ninguna composición (T fuera de la campana binaria a esa P, motor teqp).",False,bracket,,
A1,MB_t2_STno,barrido_literatura_kcs11,56,lit_T_from_Ph,0.7,1500.0,456.322836,463.0,283.0,1.0,0.8,0.8,0.85,0.75,0.8,0.001,300,0.7,303.55,TeqpVerificado(x=0.7),NO_CONVERGIO,,False,NoBracket,NO_CONVERGIO,,,5,"NoBracket: sin dos extremos evaluables en 5.0 K (f_lo=48.10778876876532, f_hi=None)",17.02,2,7.56,True,abs.T8,"PropertyRangeError: T_from_Ph(P, h, x): el motor teqp no cubre el estado pedido (ver TASK_CONTEXT 2026-09-18-validar-teqp-nh3h2o). Detalle: h=178144 fuera de dominio a P=4.5632e+05 Pa, x=0.7117",False,bracket,,
A1,MB_t2_STno,barrido_literatura_kcs11,57,lit_T_from_Ph,0.7,2000.0,456.322835,463.0,283.0,1.0,0.8,0.8,0.85,0.75,0.8,0.001,300,0.7,303.55,TeqpVerificado(x=0.7),NO_CONVERGIO,,False,NoBracket,NO_CONVERGIO,,,5,"NoBracket: sin dos extremos evaluables en 5.0 K (f_lo=58.53613008739097, f_hi=None)",17.08,2,7.39,True,abs.T8,"PropertyRangeError: T_from_Ph(P, h, x): el motor teqp no cubre el estado pedido (ver TASK_CONTEXT 2026-09-18-validar-teqp-nh3h2o). Detalle: h=73219.5 fuera de dominio a P=4.5632e+05 Pa, x=0.7117",False,bracket,,
A1,MB_t2_STno,busqueda_libre_v2,8,f2_T_from_Ph,0.35,3000.0,500.0,470.0,300.032917,1.0,0.85,0.75,0.85,0.75,0.95,0.001,300,0.5,303.55,TeqpVerificado(x=0.5),NO_CONVERGIO,,False,PropertyRangeError,NO_CONVERGIO,,,5,"PropertyRangeError: T_from_Ph(P, h, x): el motor teqp no cubre el estado pedido (ver TASK_CONTEXT 2026-09-18-validar-teqp-nh3h2o). Detalle: equilibrio no resoluble en T=296.92 K, P=5e+05 Pa, x=0.1626",21.18,0,0.0,False,valv.T7,,False,brentq,,
A1,MB_t2_STno,busqueda_libre_v2,379,f2_h_Ps,0.5,3000.0,850.0,470.0,300.032917,1.0,0.85,0.75,0.75,0.85,0.85,0.001,300,0.5,303.55,TeqpVerificado(x=0.5),NO_CONVERGIO,,False,PropertyRangeError,NO_CONVERGIO,,,3,"PropertyRangeError: h(P, s, x): el motor teqp no cubre el estado pedido (ver TASK_CONTEXT 2026-09-18-validar-teqp-nh3h2o). Detalle: equilibrio no resoluble en T=345.03 K, P=3e+06 Pa, x=0.5140",24.45,0,0.0,False,bom.h10s,,False,brentq,,
A1,MB_t2_STno,busqueda_libre_v2,802,f2_T_from_Ph,0.7,3300.0,2500.0,470.0,300.032917,1.0,0.85,0.75,0.8,0.8,0.8,0.001,300,0.5,303.55,TeqpVerificado(x=0.5),NO_CONVERGIO,,False,NoBracket,NO_CONVERGIO,,,5,"NoBracket: sin dos extremos evaluables en 5.0 K (f_lo=63.363129562988036, f_hi=None)",25.46,2,10.99,True,abs.T8,"PropertyRangeError: T_from_Ph(P, h, x): el motor teqp no cubre el estado pedido (ver TASK_CONTEXT 2026-09-18-validar-teqp-nh3h2o). Detalle: h=49522.8 fuera de dominio a P=2.5e+06 Pa, x=0.7117",False,bracket,,
A1,MB_t2_STno,busqueda_libre_v2,853,f2_T_from_Ph,0.8,2800.0,2500.0,470.0,300.032917,1.0,0.85,0.75,0.8,0.8,0.8,0.001,300,0.5,303.55,TeqpVerificado(x=0.5),NO_CONVERGIO,,False,NoBracket,NO_CONVERGIO,,,5,"NoBracket: sin dos extremos evaluables en 5.0 K (f_lo=47.22014554636854, f_hi=None)",23.52,2,9.89,True,abs.T8,"PropertyRangeError: T_from_Ph(P, h, x): el motor teqp no cubre el estado pedido (ver TASK_CONTEXT 2026-09-18-validar-teqp-nh3h2o). Detalle: h=69842.5 fuera de dominio a P=2.5e+06 Pa, x=0.8088",False,bracket,,
A1,MB_t2_STno,busqueda_libre_v2,865,f2_h_Ps,0.8,4000.0,2200.0,470.0,300.032917,1.0,0.85,0.75,0.8,0.8,0.8,0.001,300,0.5,303.55,TeqpVerificado(x=0.5),NO_CONVERGIO,,False,NoBracket,NO_CONVERGIO,,,5,"NoBracket: sin dos extremos evaluables en 5.0 K (f_lo=None, f_hi=None)",10.47,1,1.43,True,turb.h4s,"PropertyRangeError: h(P, s, x): el motor teqp no cubre el estado pedido (ver TASK_CONTEXT 2026-09-18-validar-teqp-nh3h2o). Detalle: equilibrio no resoluble en T=469.60 K, P=2.2e+06 Pa, x=0.8861",False,bracket,,
A1,MB_t2_STno,busqueda_libre_v2,885,f2_T_from_Ph,0.85,3000.0,1500.0,470.0,300.032917,1.0,0.85,0.75,0.8,0.8,0.8,0.001,300,0.5,303.55,TeqpVerificado(x=0.5),NO_CONVERGIO,,False,NoBracket,NO_CONVERGIO,,,5,"NoBracket: sin dos extremos evaluables en 5.0 K (f_lo=46.580450094153434, f_hi=None)",20.11,2,9.15,True,abs.T8,"PropertyRangeError: T_from_Ph(P, h, x): el motor teqp no cubre el estado pedido (ver TASK_CONTEXT 2026-09-18-validar-teqp-nh3h2o). Detalle: h=65584.5 fuera de dominio a P=1.5e+06 Pa, x=0.8570",False,bracket,,
A1,MB_t2_STno,busqueda_libre_v2,907,f2_T_from_Ph,0.85,4500.0,1600.0,470.0,300.032917,1.0,0.85,0.75,0.8,0.8,0.8,0.001,300,0.5,303.55,TeqpVerificado(x=0.5),NO_CONVERGIO,,True,,CORREGIBLE,0.096148,362.6177,13,"[CORREGIBLE] O2: succión de la bomba bifásica bajo el peor caso de T_amb (riesgo de cavitación) (medido=321.91562608170227, esperado=<= 320.496 K). Causa probable: subenfriamiento insuficiente a la sa",56.15,2,5.44,True,hrvg.T2,"PropertyRangeError: T_from_Ph(P, h, x): el motor teqp no cubre el estado pedido (ver TASK_CONTEXT 2026-09-18-validar-teqp-nh3h2o). Detalle: equilibrio no resoluble en T=479.01 K, P=4.5e+06 Pa, x=0.857",False,final,,
A1,MB_t2_STno,busqueda_libre_v2,997,f2_T_from_Ph,0.85,3600.0,1655.0,380.0,300.032917,1.0,0.85,0.75,0.8,0.8,0.8,0.001,300,0.5,303.55,TeqpVerificado(x=0.5),NO_CONVERGIO,,False,PropertyRangeError,NO_CONVERGIO,,,5,"PropertyRangeError: T_from_Ph(P, h, x): el motor teqp no cubre el estado pedido (ver TASK_CONTEXT 2026-09-18-validar-teqp-nh3h2o). Detalle: h=-2.35123e+07 fuera de dominio a P=3.6e+06 Pa, x=0.8570",18.46,0,0.0,False,hrvg.T2,,False,brentq,,
A1,MB_t2_STno,busqueda_libre_v2,1178,f2_h_Ps,0.85,4000.0,2800.0,440.0,300.032917,1.0,0.85,0.75,0.8,0.8,0.8,0.001,300,0.5,303.55,TeqpVerificado(x=0.5),NO_CONVERGIO,,False,NoBracket,NO_CONVERGIO,,,4,"NoBracket: sin dos extremos evaluables en 5.0 K (f_lo=None, f_hi=-78.01781545476678)",11.14,1,1.2,True,turb.h4s,"PropertyRangeError: h(P, s, x): el motor teqp no cubre el estado pedido (ver TASK_CONTEXT 2026-09-18-validar-teqp-nh3h2o). Detalle: equilibrio no resoluble en T=447.38 K, P=2.8e+06 Pa, x=0.9350",False,bracket,,
A1,MB_t2_STno,busqueda_libre_v2,1214,f2_T_from_Ph,0.8,2800.0,1400.0,460.0,300.032917,1.0,0.85,0.75,0.8,0.8,0.8,0.001,300,0.5,303.55,TeqpVerificado(x=0.5),NO_CONVERGIO,,False,NoBracket,NO_CONVERGIO,,,5,"NoBracket: sin dos extremos evaluables en 5.0 K (f_lo=47.17074524702059, f_hi=None)",20.44,2,8.58,True,abs.T8,"PropertyRangeError: T_from_Ph(P, h, x): el motor teqp no cubre el estado pedido (ver TASK_CONTEXT 2026-09-18-validar-teqp-nh3h2o). Detalle: h=52162 fuera de dominio a P=1.4e+06 Pa, x=0.8088",False,bracket,,
A1,MB_t2_STno,busqueda_libre_v2,1251,f2_T_from_Ph,0.7,4000.0,1280.0,470.0,300.032917,1.0,0.85,0.75,0.8,0.8,0.8,0.001,300,0.5,303.55,TeqpVerificado(x=0.5),NO_CONVERGIO,,False,NoBracket,NO_CONVERGIO,,,4,"NoBracket: sin dos extremos evaluables en 5.0 K (f_lo=None, f_hi=-94.68412343938138)",9.13,1,0.54,True,hrvg.T2,"PropertyRangeError: T_from_Ph(P, h, x): el motor teqp no cubre el estado pedido (ver TASK_CONTEXT 2026-09-18-validar-teqp-nh3h2o). Detalle: equilibrio no resoluble en T=516.61 K, P=4e+06 Pa, x=0.7117",False,bracket,,
A1,MB_t2_STno,busqueda_libre_v2,1285,f2_T_from_Ph,0.85,2800.0,895.0,470.0,300.032917,1.0,0.85,0.75,0.8,0.8,0.8,0.001,300,0.5,303.55,TeqpVerificado(x=0.5),NO_CONVERGIO,,False,NoBracket,NO_CONVERGIO,,,5,"NoBracket: sin dos extremos evaluables en 5.0 K (f_lo=44.06384115778371, f_hi=None)",21.02,2,8.61,True,abs.T8,"PropertyRangeError: T_from_Ph(P, h, x): el motor teqp no cubre el estado pedido (ver TASK_CONTEXT 2026-09-18-validar-teqp-nh3h2o). Detalle: h=68987.7 fuera de dominio a P=8.95e+05 Pa, x=0.8570",False,bracket,,
A1,MB_t2_STno,busqueda_libre_v2,1293,f2_h_Ps,0.85,3600.0,2520.0,470.0,300.032917,1.0,0.85,0.75,0.8,0.8,0.8,0.001,300,0.5,303.55,TeqpVerificado(x=0.5),NO_CONVERGIO,,False,NoBracket,NO_CONVERGIO,,,5,"NoBracket: sin dos extremos evaluables en 5.0 K (f_lo=None, f_hi=None)",6.49,1,1.46,True,turb.h4s,"PropertyRangeError: h(P, s, x): el motor teqp no cubre el estado pedido (ver TASK_CONTEXT 2026-09-18-validar-teqp-nh3h2o). Detalle: equilibrio no resoluble en T=454.86 K, P=2.52e+06 Pa, x=0.9185",False,bracket,,
A1,MB_t2_STno,busqueda_libre_v2,1307,f2_T_from_Ph,0.7,3600.0,1150.0,480.0,300.032917,1.0,0.85,0.75,0.8,0.8,0.8,0.001,300,0.5,303.55,TeqpVerificado(x=0.5),NO_CONVERGIO,,False,NoBracket,NO_CONVERGIO,,,5,"NoBracket: sin dos extremos evaluables en 5.0 K (f_lo=67.24216441030677, f_hi=None)",29.96,2,13.71,True,abs.T8,"PropertyRangeError: T_from_Ph(P, h, x): el motor teqp no cubre el estado pedido (ver TASK_CONTEXT 2026-09-18-validar-teqp-nh3h2o). Detalle: h=53841.7 fuera de dominio a P=1.15e+06 Pa, x=0.7117",False,bracket,,
A1,MB_t2_STno,busqueda_libre_v2,1327,f2_T_from_Ph,0.75,4000.0,2800.0,480.0,300.032917,1.0,0.85,0.75,0.8,0.8,0.8,0.001,300,0.5,303.55,TeqpVerificado(x=0.5),NO_CONVERGIO,,False,NoBracket,NO_CONVERGIO,,,5,"NoBracket: sin dos extremos evaluables en 5.0 K (f_lo=67.37888825989421, f_hi=None)",31.53,2,14.03,True,abs.T8,"PropertyRangeError: T_from_Ph(P, h, x): el motor teqp no cubre el estado pedido (ver TASK_CONTEXT 2026-09-18-validar-teqp-nh3h2o). Detalle: h=54694.6 fuera de dominio a P=2.8e+06 Pa, x=0.7604",False,bracket,,
A1,MB_t2_STno,busqueda_libre_v2,1363,f2_T_from_Ph,0.7,2800.0,1960.0,500.0,300.032917,1.0,0.85,0.75,0.8,0.8,0.8,0.001,300,0.5,303.55,TeqpVerificado(x=0.5),NO_CONVERGIO,,False,NoBracket,NO_CONVERGIO,,,5,"NoBracket: sin dos extremos evaluables en 5.0 K (f_lo=56.60351980407671, f_hi=None)",21.11,2,8.91,True,abs.T8,"PropertyRangeError: T_from_Ph(P, h, x): el motor teqp no cubre el estado pedido (ver TASK_CONTEXT 2026-09-18-validar-teqp-nh3h2o). Detalle: h=553036 fuera de dominio a P=1.96e+06 Pa, x=0.7117",False,bracket,,
A1,MB_t2_STno,busqueda_libre_v2,1382,f2_T_from_Ph,0.75,3600.0,1150.0,500.0,300.032917,1.0,0.85,0.75,0.8,0.8,0.8,0.001,300,0.5,303.55,TeqpVerificado(x=0.5),NO_CONVERGIO,,False,NoBracket,NO_CONVERGIO,,,5,"NoBracket: sin dos extremos evaluables en 5.0 K (f_lo=62.594661735773514, f_hi=None)",17.11,2,8.12,True,hrvg.T2,"PropertyRangeError: T_from_Ph(P, h, x): el motor teqp no cubre el estado pedido (ver TASK_CONTEXT 2026-09-18-validar-teqp-nh3h2o). Detalle: equilibrio no resoluble en T=507.15 K, P=3.6e+06 Pa, x=0.760",False,bracket,,
A1,MB_t2_STno,busqueda_libre_v2,1402,f2_T_from_Ph,0.8,4000.0,2800.0,500.0,300.032917,1.0,0.85,0.75,0.8,0.8,0.8,0.001,300,0.5,303.55,TeqpVerificado(x=0.5),NO_CONVERGIO,,False,NoBracket,NO_CONVERGIO,,,5,"NoBracket: sin dos extremos evaluables en 5.0 K (f_lo=63.321426403029704, f_hi=None)",27.55,2,13.64,True,abs.T8,"PropertyRangeError: T_from_Ph(P, h, x): el motor teqp no cubre el estado pedido (ver TASK_CONTEXT 2026-09-18-validar-teqp-nh3h2o). Detalle: h=105570 fuera de dominio a P=2.8e+06 Pa, x=0.8088",False,bracket,,
A1,MB_t2_STno,busqueda_libre_v2,1411,f2_h_Ps,0.85,3600.0,2520.0,500.0,300.032917,1.0,0.85,0.75,0.8,0.8,0.8,0.001,300,0.5,303.55,TeqpVerificado(x=0.5),NO_CONVERGIO,,False,NoBracket,NO_CONVERGIO,,,5,"NoBracket: sin dos extremos evaluables en 5.0 K (f_lo=None, f_hi=None)",9.82,1,1.28,True,turb.h4s,"PropertyRangeError: h(P, s, x): el motor teqp no cubre el estado pedido (ver TASK_CONTEXT 2026-09-18-validar-teqp-nh3h2o). Detalle: equilibrio no resoluble en T=463.61 K, P=2.52e+06 Pa, x=0.9030",False,bracket,,
A1,MB_t2_STno,busqueda_libre_v2,1505,f2_T_from_Ph,0.75,4000.0,1840.0,400.0,300.032917,1.0,0.85,0.75,0.8,0.8,0.85,0.001,300,0.5,303.55,TeqpVerificado(x=0.5),NO_CONVERGIO,,False,PropertyRangeError,NO_CONVERGIO,,,6,"PropertyRangeError: T_from_Ph(P, h, x): el motor teqp no cubre el estado pedido (ver TASK_CONTEXT 2026-09-18-validar-teqp-nh3h2o). Detalle: h=-5.83279e+08 fuera de dominio a P=4e+06 Pa, x=0.7604",21.5,0,0.0,False,hrvg.T2,,False,brentq,,
A1,MB_t2_STsi,barrido_literatura_kcs11,3,lit_T_from_Ph,0.55,3000.0,273.545422,373.0,283.0,1.0,0.8,0.8,0.85,0.75,0.8,0.001,300,0.55,303.55,TeqpVerificado(x=0.55),NO_CONVERGIO,,False,NoBracket,NO_CONVERGIO,,,4,"NoBracket: sin dos extremos evaluables en 5.0 K (f_lo=None, f_hi=-15.73177165108325)",12.64,1,1.18,True,abs.T8,"PropertyRangeError: T_from_Ph(P, h, x): el motor teqp no cubre el estado pedido (ver TASK_CONTEXT 2026-09-18-validar-teqp-nh3h2o). Detalle: h=-6412.95 fuera de dominio a P=2.7355e+05 Pa, x=0.5639",False,bracket,,
A1,MB_t2_STsi,barrido_literatura_kcs11,4,lit_bifasico,0.55,5000.0,273.545422,373.0,283.0,1.0,0.8,0.8,0.85,0.75,0.8,0.001,300,0.55,303.55,TeqpVerificado(x=0.55),NO_CONVERGIO,,False,NoBracket,NO_CONVERGIO,,,5,"NoBracket: sin dos extremos evaluables en 5.0 K (f_lo=None, f_hi=None)",18.37,1,0.08,True,sep.ELV,"PropertyRangeError: equilibrio_liquido_vapor(P=5000.0 kPa, T=360.1588970163568 K): no existe equilibrio bifásico para ninguna composición (T fuera de la campana binaria a esa P, motor teqp).",False,bracket,,
A1,MB_t2_STsi,barrido_literatura_kcs11,5,lit_T_from_Ph,0.55,1000.0,273.545422,423.0,283.0,1.0,0.8,0.8,0.85,0.75,0.8,0.001,300,0.55,303.55,TeqpVerificado(x=0.55),NO_CONVERGIO,,True,,CORREGIBLE,0.075082,338.8243,10,"[CORREGIBLE] O2: succión de la bomba bifásica bajo el peor caso de T_amb (riesgo de cavitación) (medido=322.14902629775247, esperado=<= 287.000 K). Causa probable: subenfriamiento insuficiente a la sa",36.78,1,1.46,True,valv.T7,"PropertyRangeError: T_from_Ph(P, h, x): el motor teqp no cubre el estado pedido (ver TASK_CONTEXT 2026-09-18-validar-teqp-nh3h2o). Detalle: equilibrio no resoluble en T=277.42 K, P=2.7355e+05 Pa, x=0.",False,final,,
A1,MB_t2_STsi,barrido_literatura_kcs11,10,lit_bifasico,0.55,1000.0,273.545422,463.0,283.0,1.0,0.8,0.8,0.85,0.75,0.8,0.001,300,0.55,303.55,TeqpVerificado(x=0.55),NO_CONVERGIO,,False,NoBracket,NO_CONVERGIO,,,5,"NoBracket: sin dos extremos evaluables en 5.0 K (f_lo=54.93951413730673, f_hi=None)",12.26,2,6.3,True,sep.ELV,"PropertyRangeError: equilibrio_liquido_vapor(P=1000.0 kPa, T=462.8499610351539 K): no existe equilibrio bifásico para ninguna composición (T fuera de la campana binaria a esa P, motor teqp).",False,bracket,,
A1,MB_t2_STsi,barrido_literatura_kcs11,11,lit_T_from_Ph,0.55,1500.0,273.545421,463.0,283.0,1.0,0.8,0.8,0.85,0.75,0.8,0.001,300,0.55,303.55,TeqpVerificado(x=0.55),NO_CONVERGIO,,False,NoBracket,NO_CONVERGIO,,,5,"NoBracket: sin dos extremos evaluables en 5.0 K (f_lo=67.40799088752499, f_hi=None)",17.79,2,7.85,True,abs.T8,"PropertyRangeError: T_from_Ph(P, h, x): el motor teqp no cubre el estado pedido (ver TASK_CONTEXT 2026-09-18-validar-teqp-nh3h2o). Detalle: h=134105 fuera de dominio a P=2.7355e+05 Pa, x=0.5639",False,bracket,,
A1,MB_t2_STsi,barrido_literatura_kcs11,12,lit_T_from_Ph,0.55,2000.0,273.54542,463.0,283.0,1.0,0.8,0.8,0.85,0.75,0.8,0.001,300,0.55,303.55,TeqpVerificado(x=0.55),NO_CONVERGIO,,False,NoBracket,NO_CONVERGIO,,,5,"NoBracket: sin dos extremos evaluables en 5.0 K (f_lo=76.99894256503342, f_hi=None)",18.25,2,8.08,True,abs.T8,"PropertyRangeError: T_from_Ph(P, h, x): el motor teqp no cubre el estado pedido (ver TASK_CONTEXT 2026-09-18-validar-teqp-nh3h2o). Detalle: h=55398.8 fuera de dominio a P=2.7355e+05 Pa, x=0.5639",False,bracket,,
A1,MB_t2_STsi,barrido_literatura_kcs11,19,lit_bifasico,0.6,5000.0,336.094595,373.0,283.0,1.0,0.8,0.8,0.85,0.75,0.8,0.001,300,0.6,303.55,TeqpVerificado(x=0.6),NO_CONVERGIO,,False,NoBracket,NO_CONVERGIO,,,5,"NoBracket: sin dos extremos evaluables en 5.0 K (f_lo=None, f_hi=None)",36.32,1,0.08,True,sep.ELV,"PropertyRangeError: equilibrio_liquido_vapor(P=5000.0 kPa, T=360.20055414536876 K): no existe equilibrio bifásico para ninguna composición (T fuera de la campana binaria a esa P, motor teqp).",False,bracket,,
A1,MB_t2_STsi,barrido_literatura_kcs11,20,lit_T_from_Ph,0.6,1000.0,336.094584,423.0,283.0,1.0,0.8,0.8,0.85,0.75,0.8,0.001,300,0.6,303.55,TeqpVerificado(x=0.6),NO_CONVERGIO,,False,PropertyRangeError,NO_CONVERGIO,,,4,"PropertyRangeError: T_from_Ph(P, h, x): el motor teqp no cubre el estado pedido (ver TASK_CONTEXT 2026-09-18-validar-teqp-nh3h2o). Detalle: equilibrio no resoluble en T=296.41 K, P=3.3609e+05 Pa, x=0.",18.47,0,0.0,False,valv.T7,,False,brentq,,
A1,MB_t2_STsi,barrido_literatura_kcs11,25,lit_bifasico,0.6,1000.0,336.094584,463.0,283.0,1.0,0.8,0.8,0.85,0.75,0.8,0.001,300,0.6,303.55,TeqpVerificado(x=0.6),NO_CONVERGIO,,False,NoBracket,NO_CONVERGIO,,,6,"NoBracket: sin dos extremos evaluables en 5.0 K (f_lo=None, f_hi=None)",7.56,2,4.67,True,sep.ELV,"PropertyRangeError: equilibrio_liquido_vapor(P=1000.0 kPa, T=462.8499711017988 K): no existe equilibrio bifásico para ninguna composición (T fuera de la campana binaria a esa P, motor teqp).",False,bracket,,
A1,MB_t2_STsi,barrido_literatura_kcs11,27,lit_T_from_Ph,0.6,2000.0,336.094594,463.0,283.0,1.0,0.8,0.8,0.85,0.75,0.8,0.001,300,0.6,303.55,TeqpVerificado(x=0.6),NO_CONVERGIO,,False,NoBracket,NO_CONVERGIO,,,5,"NoBracket: sin dos extremos evaluables en 5.0 K (f_lo=70.29379856306406, f_hi=None)",18.86,2,8.34,True,abs.T8,"PropertyRangeError: T_from_Ph(P, h, x): el motor teqp no cubre el estado pedido (ver TASK_CONTEXT 2026-09-18-validar-teqp-nh3h2o). Detalle: h=61287.7 fuera de dominio a P=3.3609e+05 Pa, x=0.6134",False,bracket,,
A1,MB_t2_STsi,barrido_literatura_kcs11,34,lit_bifasico,0.65,5000.0,398.118726,373.0,283.0,1.0,0.8,0.8,0.85,0.75,0.8,0.001,300,0.65,303.55,TeqpVerificado(x=0.65),NO_CONVERGIO,,False,NoBracket,NO_CONVERGIO,,,5,"NoBracket: sin dos extremos evaluables en 5.0 K (f_lo=None, f_hi=None)",14.57,1,0.08,True,sep.ELV,"PropertyRangeError: equilibrio_liquido_vapor(P=5000.0 kPa, T=360.26299351030735 K): no existe equilibrio bifásico para ninguna composición (T fuera de la campana binaria a esa P, motor teqp).",False,bracket,,
A1,MB_t2_STsi,barrido_literatura_kcs11,35,lit_T_from_Ph,0.65,1000.0,398.118722,423.0,283.0,1.0,0.8,0.8,0.85,0.75,0.8,0.001,300,0.65,303.55,TeqpVerificado(x=0.65),NO_CONVERGIO,,True,,CORREGIBLE,0.056526,324.746,11,"[CORREGIBLE] O2: succión de la bomba bifásica bajo el peor caso de T_amb (riesgo de cavitación) (medido=320.0187551391912, esperado=<= 287.000 K). Causa probable: subenfriamiento insuficiente a la sal",45.63,2,7.47,True,valv.T7,"PropertyRangeError: T_from_Ph(P, h, x): el motor teqp no cubre el estado pedido (ver TASK_CONTEXT 2026-09-18-validar-teqp-nh3h2o). Detalle: equilibrio no resoluble en T=293.90 K, P=3.9812e+05 Pa, x=0.",False,final,,
A1,MB_t2_STsi,barrido_literatura_kcs11,40,lit_bifasico,0.65,1000.0,398.118722,463.0,283.0,1.0,0.8,0.8,0.85,0.75,0.8,0.001,300,0.65,303.55,TeqpVerificado(x=0.65),NO_CONVERGIO,,False,NoBracket,NO_CONVERGIO,,,6,"NoBracket: sin dos extremos evaluables en 5.0 K (f_lo=35.863067033210655, f_hi=None)",11.68,2,5.08,True,sep.ELV,"PropertyRangeError: equilibrio_liquido_vapor(P=1000.0 kPa, T=462.8499803665554 K): no existe equilibrio bifásico para ninguna composición (T fuera de la campana binaria a esa P, motor teqp).",False,bracket,,
A1,MB_t2_STsi,barrido_literatura_kcs11,41,lit_T_from_Ph,0.65,1500.0,398.118725,463.0,283.0,1.0,0.8,0.8,0.85,0.75,0.8,0.001,300,0.65,303.55,TeqpVerificado(x=0.65),NO_CONVERGIO,,False,NoBracket,NO_CONVERGIO,,,5,"NoBracket: sin dos extremos evaluables en 5.0 K (f_lo=53.95766645979512, f_hi=None)",18.49,2,8.13,True,abs.T8,"PropertyRangeError: T_from_Ph(P, h, x): el motor teqp no cubre el estado pedido (ver TASK_CONTEXT 2026-09-18-validar-teqp-nh3h2o). Detalle: h=163463 fuera de dominio a P=3.9812e+05 Pa, x=0.6627",False,bracket,,
A1,MB_t2_STsi,barrido_literatura_kcs11,42,lit_T_from_Ph,0.65,2000.0,398.118724,463.0,283.0,1.0,0.8,0.8,0.85,0.75,0.8,0.001,300,0.65,303.55,TeqpVerificado(x=0.65),NO_CONVERGIO,,False,NoBracket,NO_CONVERGIO,,,5,"NoBracket: sin dos extremos evaluables en 5.0 K (f_lo=64.09696373992995, f_hi=None)",19.15,2,9.16,True,abs.T8,"PropertyRangeError: T_from_Ph(P, h, x): el motor teqp no cubre el estado pedido (ver TASK_CONTEXT 2026-09-18-validar-teqp-nh3h2o). Detalle: h=67244 fuera de dominio a P=3.9812e+05 Pa, x=0.6627",False,bracket,,
A1,MB_t2_STsi,barrido_literatura_kcs11,49,lit_bifasico,0.7,5000.0,456.322837,373.0,283.0,1.0,0.8,0.8,0.85,0.75,0.8,0.001,300,0.7,303.55,TeqpVerificado(x=0.7),NO_CONVERGIO,,False,NoBracket,NO_CONVERGIO,,,5,"NoBracket: sin dos extremos evaluables en 5.0 K (f_lo=None, f_hi=None)",36.32,1,0.09,True,sep.ELV,"PropertyRangeError: equilibrio_liquido_vapor(P=5000.0 kPa, T=360.3439259844327 K): no existe equilibrio bifásico para ninguna composición (T fuera de la campana binaria a esa P, motor teqp).",False,bracket,,
A1,MB_t2_STsi,barrido_literatura_kcs11,50,lit_T_from_Ph,0.7,1000.0,456.322836,423.0,283.0,1.0,0.8,0.8,0.85,0.75,0.8,0.001,300,0.7,303.55,TeqpVerificado(x=0.7),NO_CONVERGIO,,False,NoBracket,NO_CONVERGIO,,,5,"NoBracket: sin dos extremos evaluables en 5.0 K (f_lo=34.33153793578299, f_hi=None)",18.2,2,7.91,True,abs.T8,"PropertyRangeError: T_from_Ph(P, h, x): el motor teqp no cubre el estado pedido (ver TASK_CONTEXT 2026-09-18-validar-teqp-nh3h2o). Detalle: h=49698.1 fuera de dominio a P=4.5632e+05 Pa, x=0.7117",False,bracket,,
A1,MB_t2_STsi,barrido_literatura_kcs11,55,lit_T_from_Ph,0.7,1000.0,456.322836,463.0,283.0,1.0,0.8,0.8,0.85,0.75,0.8,0.001,300,0.7,303.55,TeqpVerificado(x=0.7),NO_CONVERGIO,,False,NoBracket,NO_CONVERGIO,,,5,"NoBracket: sin dos extremos evaluables en 5.0 K (f_lo=34.639706605350455, f_hi=None)",10.72,2,5.33,True,sep.ELV,"PropertyRangeError: equilibrio_liquido_vapor(P=1000.0 kPa, T=462.8499888883884 K): no existe equilibrio bifásico para ninguna composición (T fuera de la campana binaria a esa P, motor teqp).",False,bracket,,
A1,MB_t2_STsi,barrido_literatura_kcs11,56,lit_T_from_Ph,0.7,1500.0,456.322836,463.0,283.0,1.0,0.8,0.8,0.85,0.75,0.8,0.001,300,0.7,303.55,TeqpVerificado(x=0.7),NO_CONVERGIO,,False,NoBracket,NO_CONVERGIO,,,5,"NoBracket: sin dos extremos evaluables en 5.0 K (f_lo=48.10778876876532, f_hi=None)",16.99,2,7.53,True,abs.T8,"PropertyRangeError: T_from_Ph(P, h, x): el motor teqp no cubre el estado pedido (ver TASK_CONTEXT 2026-09-18-validar-teqp-nh3h2o). Detalle: h=178144 fuera de dominio a P=4.5632e+05 Pa, x=0.7117",False,bracket,,
A1,MB_t2_STsi,barrido_literatura_kcs11,57,lit_T_from_Ph,0.7,2000.0,456.322835,463.0,283.0,1.0,0.8,0.8,0.85,0.75,0.8,0.001,300,0.7,303.55,TeqpVerificado(x=0.7),NO_CONVERGIO,,False,NoBracket,NO_CONVERGIO,,,5,"NoBracket: sin dos extremos evaluables en 5.0 K (f_lo=58.53613008739097, f_hi=None)",17.06,2,7.42,True,abs.T8,"PropertyRangeError: T_from_Ph(P, h, x): el motor teqp no cubre el estado pedido (ver TASK_CONTEXT 2026-09-18-validar-teqp-nh3h2o). Detalle: h=73219.5 fuera de dominio a P=4.5632e+05 Pa, x=0.7117",False,bracket,,
A1,MB_t2_STsi,busqueda_libre_v2,8,f2_T_from_Ph,0.35,3000.0,500.0,470.0,300.032917,1.0,0.85,0.75,0.85,0.75,0.95,0.001,300,0.5,303.55,TeqpVerificado(x=0.5),NO_CONVERGIO,,False,PropertyRangeError,NO_CONVERGIO,,,5,"PropertyRangeError: T_from_Ph(P, h, x): el motor teqp no cubre el estado pedido (ver TASK_CONTEXT 2026-09-18-validar-teqp-nh3h2o). Detalle: equilibrio no resoluble en T=296.92 K, P=5e+05 Pa, x=0.1626",21.17,0,0.0,False,valv.T7,,False,brentq,,
A1,MB_t2_STsi,busqueda_libre_v2,379,f2_h_Ps,0.5,3000.0,850.0,470.0,300.032917,1.0,0.85,0.75,0.75,0.85,0.85,0.001,300,0.5,303.55,TeqpVerificado(x=0.5),NO_CONVERGIO,,False,PropertyRangeError,NO_CONVERGIO,,,3,"PropertyRangeError: h(P, s, x): el motor teqp no cubre el estado pedido (ver TASK_CONTEXT 2026-09-18-validar-teqp-nh3h2o). Detalle: equilibrio no resoluble en T=345.03 K, P=3e+06 Pa, x=0.5140",24.35,0,0.0,False,bom.h10s,,False,brentq,,
A1,MB_t2_STsi,busqueda_libre_v2,802,f2_T_from_Ph,0.7,3300.0,2500.0,470.0,300.032917,1.0,0.85,0.75,0.8,0.8,0.8,0.001,300,0.5,303.55,TeqpVerificado(x=0.5),NO_CONVERGIO,,False,NoBracket,NO_CONVERGIO,,,5,"NoBracket: sin dos extremos evaluables en 5.0 K (f_lo=63.363129562988036, f_hi=None)",25.6,2,11.01,True,abs.T8,"PropertyRangeError: T_from_Ph(P, h, x): el motor teqp no cubre el estado pedido (ver TASK_CONTEXT 2026-09-18-validar-teqp-nh3h2o). Detalle: h=49522.8 fuera de dominio a P=2.5e+06 Pa, x=0.7117",False,bracket,,
A1,MB_t2_STsi,busqueda_libre_v2,853,f2_T_from_Ph,0.8,2800.0,2500.0,470.0,300.032917,1.0,0.85,0.75,0.8,0.8,0.8,0.001,300,0.5,303.55,TeqpVerificado(x=0.5),NO_CONVERGIO,,False,NoBracket,NO_CONVERGIO,,,5,"NoBracket: sin dos extremos evaluables en 5.0 K (f_lo=47.22014554636854, f_hi=None)",23.57,2,9.88,True,abs.T8,"PropertyRangeError: T_from_Ph(P, h, x): el motor teqp no cubre el estado pedido (ver TASK_CONTEXT 2026-09-18-validar-teqp-nh3h2o). Detalle: h=69842.5 fuera de dominio a P=2.5e+06 Pa, x=0.8088",False,bracket,,
A1,MB_t2_STsi,busqueda_libre_v2,865,f2_h_Ps,0.8,4000.0,2200.0,470.0,300.032917,1.0,0.85,0.75,0.8,0.8,0.8,0.001,300,0.5,303.55,TeqpVerificado(x=0.5),NO_CONVERGIO,,False,NoBracket,NO_CONVERGIO,,,5,"NoBracket: sin dos extremos evaluables en 5.0 K (f_lo=None, f_hi=None)",10.49,1,1.45,True,turb.h4s,"PropertyRangeError: h(P, s, x): el motor teqp no cubre el estado pedido (ver TASK_CONTEXT 2026-09-18-validar-teqp-nh3h2o). Detalle: equilibrio no resoluble en T=469.60 K, P=2.2e+06 Pa, x=0.8861",False,bracket,,
A1,MB_t2_STsi,busqueda_libre_v2,885,f2_T_from_Ph,0.85,3000.0,1500.0,470.0,300.032917,1.0,0.85,0.75,0.8,0.8,0.8,0.001,300,0.5,303.55,TeqpVerificado(x=0.5),NO_CONVERGIO,,False,NoBracket,NO_CONVERGIO,,,5,"NoBracket: sin dos extremos evaluables en 5.0 K (f_lo=46.580450094153434, f_hi=None)",20.0,2,9.11,True,abs.T8,"PropertyRangeError: T_from_Ph(P, h, x): el motor teqp no cubre el estado pedido (ver TASK_CONTEXT 2026-09-18-validar-teqp-nh3h2o). Detalle: h=65584.5 fuera de dominio a P=1.5e+06 Pa, x=0.8570",False,bracket,,
A1,MB_t2_STsi,busqueda_libre_v2,907,f2_T_from_Ph,0.85,4500.0,1600.0,470.0,300.032917,1.0,0.85,0.75,0.8,0.8,0.8,0.001,300,0.5,303.55,TeqpVerificado(x=0.5),NO_CONVERGIO,,True,,CORREGIBLE,0.096148,362.6177,13,"[CORREGIBLE] O2: succión de la bomba bifásica bajo el peor caso de T_amb (riesgo de cavitación) (medido=321.91562608170227, esperado=<= 320.496 K). Causa probable: subenfriamiento insuficiente a la sa",56.35,2,5.4,True,hrvg.T2,"PropertyRangeError: T_from_Ph(P, h, x): el motor teqp no cubre el estado pedido (ver TASK_CONTEXT 2026-09-18-validar-teqp-nh3h2o). Detalle: equilibrio no resoluble en T=479.01 K, P=4.5e+06 Pa, x=0.857",False,final,,
A1,MB_t2_STsi,busqueda_libre_v2,997,f2_T_from_Ph,0.85,3600.0,1655.0,380.0,300.032917,1.0,0.85,0.75,0.8,0.8,0.8,0.001,300,0.5,303.55,TeqpVerificado(x=0.5),NO_CONVERGIO,,False,PropertyRangeError,NO_CONVERGIO,,,5,"PropertyRangeError: T_from_Ph(P, h, x): el motor teqp no cubre el estado pedido (ver TASK_CONTEXT 2026-09-18-validar-teqp-nh3h2o). Detalle: h=-2.35123e+07 fuera de dominio a P=3.6e+06 Pa, x=0.8570",18.38,0,0.0,False,hrvg.T2,,False,brentq,,
A1,MB_t2_STsi,busqueda_libre_v2,1178,f2_h_Ps,0.85,4000.0,2800.0,440.0,300.032917,1.0,0.85,0.75,0.8,0.8,0.8,0.001,300,0.5,303.55,TeqpVerificado(x=0.5),NO_CONVERGIO,,False,NoBracket,NO_CONVERGIO,,,4,"NoBracket: sin dos extremos evaluables en 5.0 K (f_lo=None, f_hi=-78.01781545476678)",11.13,1,1.18,True,turb.h4s,"PropertyRangeError: h(P, s, x): el motor teqp no cubre el estado pedido (ver TASK_CONTEXT 2026-09-18-validar-teqp-nh3h2o). Detalle: equilibrio no resoluble en T=447.38 K, P=2.8e+06 Pa, x=0.9350",False,bracket,,
A1,MB_t2_STsi,busqueda_libre_v2,1214,f2_T_from_Ph,0.8,2800.0,1400.0,460.0,300.032917,1.0,0.85,0.75,0.8,0.8,0.8,0.001,300,0.5,303.55,TeqpVerificado(x=0.5),NO_CONVERGIO,,False,NoBracket,NO_CONVERGIO,,,5,"NoBracket: sin dos extremos evaluables en 5.0 K (f_lo=47.17074524702059, f_hi=None)",20.47,2,8.59,True,abs.T8,"PropertyRangeError: T_from_Ph(P, h, x): el motor teqp no cubre el estado pedido (ver TASK_CONTEXT 2026-09-18-validar-teqp-nh3h2o). Detalle: h=52162 fuera de dominio a P=1.4e+06 Pa, x=0.8088",False,bracket,,
A1,MB_t2_STsi,busqueda_libre_v2,1251,f2_T_from_Ph,0.7,4000.0,1280.0,470.0,300.032917,1.0,0.85,0.75,0.8,0.8,0.8,0.001,300,0.5,303.55,TeqpVerificado(x=0.5),NO_CONVERGIO,,False,NoBracket,NO_CONVERGIO,,,4,"NoBracket: sin dos extremos evaluables en 5.0 K (f_lo=None, f_hi=-94.68412343938138)",9.01,1,0.51,True,hrvg.T2,"PropertyRangeError: T_from_Ph(P, h, x): el motor teqp no cubre el estado pedido (ver TASK_CONTEXT 2026-09-18-validar-teqp-nh3h2o). Detalle: equilibrio no resoluble en T=516.61 K, P=4e+06 Pa, x=0.7117",False,bracket,,
A1,MB_t2_STsi,busqueda_libre_v2,1285,f2_T_from_Ph,0.85,2800.0,895.0,470.0,300.032917,1.0,0.85,0.75,0.8,0.8,0.8,0.001,300,0.5,303.55,TeqpVerificado(x=0.5),NO_CONVERGIO,,False,NoBracket,NO_CONVERGIO,,,5,"NoBracket: sin dos extremos evaluables en 5.0 K (f_lo=44.06384115778371, f_hi=None)",20.93,2,8.61,True,abs.T8,"PropertyRangeError: T_from_Ph(P, h, x): el motor teqp no cubre el estado pedido (ver TASK_CONTEXT 2026-09-18-validar-teqp-nh3h2o). Detalle: h=68987.7 fuera de dominio a P=8.95e+05 Pa, x=0.8570",False,bracket,,
A1,MB_t2_STsi,busqueda_libre_v2,1293,f2_h_Ps,0.85,3600.0,2520.0,470.0,300.032917,1.0,0.85,0.75,0.8,0.8,0.8,0.001,300,0.5,303.55,TeqpVerificado(x=0.5),NO_CONVERGIO,,False,NoBracket,NO_CONVERGIO,,,5,"NoBracket: sin dos extremos evaluables en 5.0 K (f_lo=None, f_hi=None)",6.56,1,1.44,True,turb.h4s,"PropertyRangeError: h(P, s, x): el motor teqp no cubre el estado pedido (ver TASK_CONTEXT 2026-09-18-validar-teqp-nh3h2o). Detalle: equilibrio no resoluble en T=454.86 K, P=2.52e+06 Pa, x=0.9185",False,bracket,,
A1,MB_t2_STsi,busqueda_libre_v2,1307,f2_T_from_Ph,0.7,3600.0,1150.0,480.0,300.032917,1.0,0.85,0.75,0.8,0.8,0.8,0.001,300,0.5,303.55,TeqpVerificado(x=0.5),NO_CONVERGIO,,False,NoBracket,NO_CONVERGIO,,,5,"NoBracket: sin dos extremos evaluables en 5.0 K (f_lo=67.24216441030677, f_hi=None)",29.85,2,13.58,True,abs.T8,"PropertyRangeError: T_from_Ph(P, h, x): el motor teqp no cubre el estado pedido (ver TASK_CONTEXT 2026-09-18-validar-teqp-nh3h2o). Detalle: h=53841.7 fuera de dominio a P=1.15e+06 Pa, x=0.7117",False,bracket,,
A1,MB_t2_STsi,busqueda_libre_v2,1327,f2_T_from_Ph,0.75,4000.0,2800.0,480.0,300.032917,1.0,0.85,0.75,0.8,0.8,0.8,0.001,300,0.5,303.55,TeqpVerificado(x=0.5),NO_CONVERGIO,,False,NoBracket,NO_CONVERGIO,,,5,"NoBracket: sin dos extremos evaluables en 5.0 K (f_lo=67.37888825989421, f_hi=None)",31.69,2,14.11,True,abs.T8,"PropertyRangeError: T_from_Ph(P, h, x): el motor teqp no cubre el estado pedido (ver TASK_CONTEXT 2026-09-18-validar-teqp-nh3h2o). Detalle: h=54694.6 fuera de dominio a P=2.8e+06 Pa, x=0.7604",False,bracket,,
A1,MB_t2_STsi,busqueda_libre_v2,1363,f2_T_from_Ph,0.7,2800.0,1960.0,500.0,300.032917,1.0,0.85,0.75,0.8,0.8,0.8,0.001,300,0.5,303.55,TeqpVerificado(x=0.5),NO_CONVERGIO,,False,NoBracket,NO_CONVERGIO,,,5,"NoBracket: sin dos extremos evaluables en 5.0 K (f_lo=56.60351980407671, f_hi=None)",20.98,2,8.92,True,abs.T8,"PropertyRangeError: T_from_Ph(P, h, x): el motor teqp no cubre el estado pedido (ver TASK_CONTEXT 2026-09-18-validar-teqp-nh3h2o). Detalle: h=553036 fuera de dominio a P=1.96e+06 Pa, x=0.7117",False,bracket,,
A1,MB_t2_STsi,busqueda_libre_v2,1382,f2_T_from_Ph,0.75,3600.0,1150.0,500.0,300.032917,1.0,0.85,0.75,0.8,0.8,0.8,0.001,300,0.5,303.55,TeqpVerificado(x=0.5),NO_CONVERGIO,,False,NoBracket,NO_CONVERGIO,,,5,"NoBracket: sin dos extremos evaluables en 5.0 K (f_lo=62.594661735773514, f_hi=None)",17.01,2,7.99,True,hrvg.T2,"PropertyRangeError: T_from_Ph(P, h, x): el motor teqp no cubre el estado pedido (ver TASK_CONTEXT 2026-09-18-validar-teqp-nh3h2o). Detalle: equilibrio no resoluble en T=507.15 K, P=3.6e+06 Pa, x=0.760",False,bracket,,
A1,MB_t2_STsi,busqueda_libre_v2,1402,f2_T_from_Ph,0.8,4000.0,2800.0,500.0,300.032917,1.0,0.85,0.75,0.8,0.8,0.8,0.001,300,0.5,303.55,TeqpVerificado(x=0.5),NO_CONVERGIO,,False,NoBracket,NO_CONVERGIO,,,5,"NoBracket: sin dos extremos evaluables en 5.0 K (f_lo=63.321426403029704, f_hi=None)",27.6,2,13.64,True,abs.T8,"PropertyRangeError: T_from_Ph(P, h, x): el motor teqp no cubre el estado pedido (ver TASK_CONTEXT 2026-09-18-validar-teqp-nh3h2o). Detalle: h=105570 fuera de dominio a P=2.8e+06 Pa, x=0.8088",False,bracket,,
A1,MB_t2_STsi,busqueda_libre_v2,1411,f2_h_Ps,0.85,3600.0,2520.0,500.0,300.032917,1.0,0.85,0.75,0.8,0.8,0.8,0.001,300,0.5,303.55,TeqpVerificado(x=0.5),NO_CONVERGIO,,False,NoBracket,NO_CONVERGIO,,,5,"NoBracket: sin dos extremos evaluables en 5.0 K (f_lo=None, f_hi=None)",9.82,1,1.25,True,turb.h4s,"PropertyRangeError: h(P, s, x): el motor teqp no cubre el estado pedido (ver TASK_CONTEXT 2026-09-18-validar-teqp-nh3h2o). Detalle: equilibrio no resoluble en T=463.61 K, P=2.52e+06 Pa, x=0.9030",False,bracket,,
A1,MB_t2_STsi,busqueda_libre_v2,1505,f2_T_from_Ph,0.75,4000.0,1840.0,400.0,300.032917,1.0,0.85,0.75,0.8,0.8,0.85,0.001,300,0.5,303.55,TeqpVerificado(x=0.5),NO_CONVERGIO,,False,PropertyRangeError,NO_CONVERGIO,,,6,"PropertyRangeError: T_from_Ph(P, h, x): el motor teqp no cubre el estado pedido (ver TASK_CONTEXT 2026-09-18-validar-teqp-nh3h2o). Detalle: h=-5.83279e+08 fuera de dominio a P=4e+06 Pa, x=0.7604",21.59,0,0.0,False,hrvg.T2,,False,brentq,,
A1,MB_t3_STno,barrido_literatura_kcs11,3,lit_T_from_Ph,0.55,3000.0,273.545422,373.0,283.0,1.0,0.8,0.8,0.85,0.75,0.8,0.001,300,0.55,303.55,TeqpVerificado(x=0.55),NO_CONVERGIO,,False,NoBracket,NO_CONVERGIO,,,5,"NoBracket: sin dos extremos evaluables en 5.0 K (f_lo=None, f_hi=-15.73177165108325)",13.84,1,1.18,True,abs.T8,"PropertyRangeError: T_from_Ph(P, h, x): el motor teqp no cubre el estado pedido (ver TASK_CONTEXT 2026-09-18-validar-teqp-nh3h2o). Detalle: h=-6412.95 fuera de dominio a P=2.7355e+05 Pa, x=0.5639",False,bracket,,
A1,MB_t3_STno,barrido_literatura_kcs11,4,lit_bifasico,0.55,5000.0,273.545422,373.0,283.0,1.0,0.8,0.8,0.85,0.75,0.8,0.001,300,0.55,303.55,TeqpVerificado(x=0.55),NO_CONVERGIO,,False,NoBracket,NO_CONVERGIO,,,7,"NoBracket: sin dos extremos evaluables en 5.0 K (f_lo=None, f_hi=None)",26.41,1,0.07,True,sep.ELV,"PropertyRangeError: equilibrio_liquido_vapor(P=5000.0 kPa, T=360.1588970163568 K): no existe equilibrio bifásico para ninguna composición (T fuera de la campana binaria a esa P, motor teqp).",False,bracket,,
A1,MB_t3_STno,barrido_literatura_kcs11,5,lit_T_from_Ph,0.55,1000.0,273.545422,423.0,283.0,1.0,0.8,0.8,0.85,0.75,0.8,0.001,300,0.55,303.55,TeqpVerificado(x=0.55),NO_CONVERGIO,,True,,CORREGIBLE,0.075082,338.8243,10,"[CORREGIBLE] O2: succión de la bomba bifásica bajo el peor caso de T_amb (riesgo de cavitación) (medido=322.14902629775247, esperado=<= 287.000 K). Causa probable: subenfriamiento insuficiente a la sa",36.54,1,1.45,True,valv.T7,"PropertyRangeError: T_from_Ph(P, h, x): el motor teqp no cubre el estado pedido (ver TASK_CONTEXT 2026-09-18-validar-teqp-nh3h2o). Detalle: equilibrio no resoluble en T=277.42 K, P=2.7355e+05 Pa, x=0.",False,final,,
A1,MB_t3_STno,barrido_literatura_kcs11,10,lit_bifasico,0.55,1000.0,273.545422,463.0,283.0,1.0,0.8,0.8,0.85,0.75,0.8,0.001,300,0.55,303.55,TeqpVerificado(x=0.55),NO_CONVERGIO,,False,NoBracket,NO_CONVERGIO,,,6,"NoBracket: sin dos extremos evaluables en 5.0 K (f_lo=54.93951413730673, f_hi=None)",12.25,2,6.08,True,sep.ELV,"PropertyRangeError: equilibrio_liquido_vapor(P=1000.0 kPa, T=462.8499610351539 K): no existe equilibrio bifásico para ninguna composición (T fuera de la campana binaria a esa P, motor teqp).",False,bracket,,
A1,MB_t3_STno,barrido_literatura_kcs11,11,lit_T_from_Ph,0.55,1500.0,273.545421,463.0,283.0,1.0,0.8,0.8,0.85,0.75,0.8,0.001,300,0.55,303.55,TeqpVerificado(x=0.55),NO_CONVERGIO,,False,NoBracket,NO_CONVERGIO,,,6,"NoBracket: sin dos extremos evaluables en 5.0 K (f_lo=67.40799088752499, f_hi=None)",20.02,2,7.8,True,abs.T8,"PropertyRangeError: T_from_Ph(P, h, x): el motor teqp no cubre el estado pedido (ver TASK_CONTEXT 2026-09-18-validar-teqp-nh3h2o). Detalle: h=134105 fuera de dominio a P=2.7355e+05 Pa, x=0.5639",False,bracket,,
A1,MB_t3_STno,barrido_literatura_kcs11,12,lit_T_from_Ph,0.55,2000.0,273.54542,463.0,283.0,1.0,0.8,0.8,0.85,0.75,0.8,0.001,300,0.55,303.55,TeqpVerificado(x=0.55),NO_CONVERGIO,,False,NoBracket,NO_CONVERGIO,,,6,"NoBracket: sin dos extremos evaluables en 5.0 K (f_lo=76.99894256503342, f_hi=None)",20.01,2,8.01,True,abs.T8,"PropertyRangeError: T_from_Ph(P, h, x): el motor teqp no cubre el estado pedido (ver TASK_CONTEXT 2026-09-18-validar-teqp-nh3h2o). Detalle: h=55398.8 fuera de dominio a P=2.7355e+05 Pa, x=0.5639",False,bracket,,
A1,MB_t3_STno,barrido_literatura_kcs11,19,lit_bifasico,0.6,5000.0,336.094595,373.0,283.0,1.0,0.8,0.8,0.85,0.75,0.8,0.001,300,0.6,303.55,TeqpVerificado(x=0.6),NO_CONVERGIO,,False,NoBracket,NO_CONVERGIO,,,7,"NoBracket: sin dos extremos evaluables en 5.0 K (f_lo=None, f_hi=None)",43.44,1,0.08,True,sep.ELV,"PropertyRangeError: equilibrio_liquido_vapor(P=5000.0 kPa, T=360.20055414536876 K): no existe equilibrio bifásico para ninguna composición (T fuera de la campana binaria a esa P, motor teqp).",False,bracket,,
A1,MB_t3_STno,barrido_literatura_kcs11,20,lit_T_from_Ph,0.6,1000.0,336.094584,423.0,283.0,1.0,0.8,0.8,0.85,0.75,0.8,0.001,300,0.6,303.55,TeqpVerificado(x=0.6),NO_CONVERGIO,,False,PropertyRangeError,NO_CONVERGIO,,,4,"PropertyRangeError: T_from_Ph(P, h, x): el motor teqp no cubre el estado pedido (ver TASK_CONTEXT 2026-09-18-validar-teqp-nh3h2o). Detalle: equilibrio no resoluble en T=296.41 K, P=3.3609e+05 Pa, x=0.",18.49,0,0.0,False,valv.T7,,False,brentq,,
A1,MB_t3_STno,barrido_literatura_kcs11,25,lit_bifasico,0.6,1000.0,336.094584,463.0,283.0,1.0,0.8,0.8,0.85,0.75,0.8,0.001,300,0.6,303.55,TeqpVerificado(x=0.6),NO_CONVERGIO,,False,NoBracket,NO_CONVERGIO,,,8,"NoBracket: sin dos extremos evaluables en 5.0 K (f_lo=37.71416367149686, f_hi=None)",12.36,2,4.57,True,sep.ELV,"PropertyRangeError: equilibrio_liquido_vapor(P=1000.0 kPa, T=462.8499711017988 K): no existe equilibrio bifásico para ninguna composición (T fuera de la campana binaria a esa P, motor teqp).",False,bracket,,
A1,MB_t3_STno,barrido_literatura_kcs11,27,lit_T_from_Ph,0.6,2000.0,336.094594,463.0,283.0,1.0,0.8,0.8,0.85,0.75,0.8,0.001,300,0.6,303.55,TeqpVerificado(x=0.6),NO_CONVERGIO,,False,NoBracket,NO_CONVERGIO,,,6,"NoBracket: sin dos extremos evaluables en 5.0 K (f_lo=70.29379856306406, f_hi=None)",21.29,2,8.41,True,abs.T8,"PropertyRangeError: T_from_Ph(P, h, x): el motor teqp no cubre el estado pedido (ver TASK_CONTEXT 2026-09-18-validar-teqp-nh3h2o). Detalle: h=61287.7 fuera de dominio a P=3.3609e+05 Pa, x=0.6134",False,bracket,,
A1,MB_t3_STno,barrido_literatura_kcs11,34,lit_bifasico,0.65,5000.0,398.118726,373.0,283.0,1.0,0.8,0.8,0.85,0.75,0.8,0.001,300,0.65,303.55,TeqpVerificado(x=0.65),NO_CONVERGIO,,False,NoBracket,NO_CONVERGIO,,,7,"NoBracket: sin dos extremos evaluables en 5.0 K (f_lo=None, f_hi=None)",20.52,1,0.09,True,sep.ELV,"PropertyRangeError: equilibrio_liquido_vapor(P=5000.0 kPa, T=360.26299351030735 K): no existe equilibrio bifásico para ninguna composición (T fuera de la campana binaria a esa P, motor teqp).",False,bracket,,
A1,MB_t3_STno,barrido_literatura_kcs11,35,lit_T_from_Ph,0.65,1000.0,398.118722,423.0,283.0,1.0,0.8,0.8,0.85,0.75,0.8,0.001,300,0.65,303.55,TeqpVerificado(x=0.65),NO_CONVERGIO,,True,,CORREGIBLE,0.056526,324.746,11,"[CORREGIBLE] O2: succión de la bomba bifásica bajo el peor caso de T_amb (riesgo de cavitación) (medido=320.0187551391912, esperado=<= 287.000 K). Causa probable: subenfriamiento insuficiente a la sal",45.54,2,7.45,True,valv.T7,"PropertyRangeError: T_from_Ph(P, h, x): el motor teqp no cubre el estado pedido (ver TASK_CONTEXT 2026-09-18-validar-teqp-nh3h2o). Detalle: equilibrio no resoluble en T=293.90 K, P=3.9812e+05 Pa, x=0.",False,final,,
A1,MB_t3_STno,barrido_literatura_kcs11,40,lit_bifasico,0.65,1000.0,398.118722,463.0,283.0,1.0,0.8,0.8,0.85,0.75,0.8,0.001,300,0.65,303.55,TeqpVerificado(x=0.65),NO_CONVERGIO,,False,NoBracket,NO_CONVERGIO,,,7,"NoBracket: sin dos extremos evaluables en 5.0 K (f_lo=35.863067033210655, f_hi=None)",12.05,2,5.02,True,sep.ELV,"PropertyRangeError: equilibrio_liquido_vapor(P=1000.0 kPa, T=462.8499803665554 K): no existe equilibrio bifásico para ninguna composición (T fuera de la campana binaria a esa P, motor teqp).",False,bracket,,
A1,MB_t3_STno,barrido_literatura_kcs11,41,lit_T_from_Ph,0.65,1500.0,398.118725,463.0,283.0,1.0,0.8,0.8,0.85,0.75,0.8,0.001,300,0.65,303.55,TeqpVerificado(x=0.65),NO_CONVERGIO,,False,NoBracket,NO_CONVERGIO,,,6,"NoBracket: sin dos extremos evaluables en 5.0 K (f_lo=53.95766645979512, f_hi=None)",21.32,2,8.22,True,abs.T8,"PropertyRangeError: T_from_Ph(P, h, x): el motor teqp no cubre el estado pedido (ver TASK_CONTEXT 2026-09-18-validar-teqp-nh3h2o). Detalle: h=163463 fuera de dominio a P=3.9812e+05 Pa, x=0.6627",False,bracket,,
A1,MB_t3_STno,barrido_literatura_kcs11,42,lit_T_from_Ph,0.65,2000.0,398.118724,463.0,283.0,1.0,0.8,0.8,0.85,0.75,0.8,0.001,300,0.65,303.55,TeqpVerificado(x=0.65),NO_CONVERGIO,,False,NoBracket,NO_CONVERGIO,,,6,"NoBracket: sin dos extremos evaluables en 5.0 K (f_lo=64.09696373992995, f_hi=None)",21.63,2,9.05,True,abs.T8,"PropertyRangeError: T_from_Ph(P, h, x): el motor teqp no cubre el estado pedido (ver TASK_CONTEXT 2026-09-18-validar-teqp-nh3h2o). Detalle: h=67244 fuera de dominio a P=3.9812e+05 Pa, x=0.6627",False,bracket,,
A1,MB_t3_STno,barrido_literatura_kcs11,49,lit_bifasico,0.7,5000.0,456.322837,373.0,283.0,1.0,0.8,0.8,0.85,0.75,0.8,0.001,300,0.7,303.55,TeqpVerificado(x=0.7),NO_CONVERGIO,,False,NoBracket,NO_CONVERGIO,,,7,"NoBracket: sin dos extremos evaluables en 5.0 K (f_lo=None, f_hi=None)",60.32,1,0.09,True,sep.ELV,"PropertyRangeError: equilibrio_liquido_vapor(P=5000.0 kPa, T=360.3439259844327 K): no existe equilibrio bifásico para ninguna composición (T fuera de la campana binaria a esa P, motor teqp).",False,bracket,,
A1,MB_t3_STno,barrido_literatura_kcs11,50,lit_T_from_Ph,0.7,1000.0,456.322836,423.0,283.0,1.0,0.8,0.8,0.85,0.75,0.8,0.001,300,0.7,303.55,TeqpVerificado(x=0.7),NO_CONVERGIO,,True,,CORREGIBLE,0.049876,318.5512,13,"[CORREGIBLE] O2: succión de la bomba bifásica bajo el peor caso de T_amb (riesgo de cavitación) (medido=318.7120061693637, esperado=<= 287.000 K). Causa probable: subenfriamiento insuficiente a la sal",52.94,2,7.89,True,abs.T8,"PropertyRangeError: T_from_Ph(P, h, x): el motor teqp no cubre el estado pedido (ver TASK_CONTEXT 2026-09-18-validar-teqp-nh3h2o). Detalle: h=49698.1 fuera de dominio a P=4.5632e+05 Pa, x=0.7117",False,final,,
A1,MB_t3_STno,barrido_literatura_kcs11,55,lit_T_from_Ph,0.7,1000.0,456.322836,463.0,283.0,1.0,0.8,0.8,0.85,0.75,0.8,0.001,300,0.7,303.55,TeqpVerificado(x=0.7),NO_CONVERGIO,,False,NoBracket,NO_CONVERGIO,,,6,"NoBracket: sin dos extremos evaluables en 5.0 K (f_lo=34.639706605350455, f_hi=None)",11.38,2,5.62,True,sep.ELV,"PropertyRangeError: equilibrio_liquido_vapor(P=1000.0 kPa, T=462.8499888883884 K): no existe equilibrio bifásico para ninguna composición (T fuera de la campana binaria a esa P, motor teqp).",False,bracket,,
A1,MB_t3_STno,barrido_literatura_kcs11,56,lit_T_from_Ph,0.7,1500.0,456.322836,463.0,283.0,1.0,0.8,0.8,0.85,0.75,0.8,0.001,300,0.7,303.55,TeqpVerificado(x=0.7),NO_CONVERGIO,,False,NoBracket,NO_CONVERGIO,,,6,"NoBracket: sin dos extremos evaluables en 5.0 K (f_lo=48.10778876876532, f_hi=None)",19.15,2,7.57,True,abs.T8,"PropertyRangeError: T_from_Ph(P, h, x): el motor teqp no cubre el estado pedido (ver TASK_CONTEXT 2026-09-18-validar-teqp-nh3h2o). Detalle: h=178144 fuera de dominio a P=4.5632e+05 Pa, x=0.7117",False,bracket,,
A1,MB_t3_STno,barrido_literatura_kcs11,57,lit_T_from_Ph,0.7,2000.0,456.322835,463.0,283.0,1.0,0.8,0.8,0.85,0.75,0.8,0.001,300,0.7,303.55,TeqpVerificado(x=0.7),NO_CONVERGIO,,False,NoBracket,NO_CONVERGIO,,,6,"NoBracket: sin dos extremos evaluables en 5.0 K (f_lo=58.53613008739097, f_hi=None)",19.38,2,7.42,True,abs.T8,"PropertyRangeError: T_from_Ph(P, h, x): el motor teqp no cubre el estado pedido (ver TASK_CONTEXT 2026-09-18-validar-teqp-nh3h2o). Detalle: h=73219.5 fuera de dominio a P=4.5632e+05 Pa, x=0.7117",False,bracket,,
A1,MB_t3_STno,busqueda_libre_v2,8,f2_T_from_Ph,0.35,3000.0,500.0,470.0,300.032917,1.0,0.85,0.75,0.85,0.75,0.95,0.001,300,0.5,303.55,TeqpVerificado(x=0.5),NO_CONVERGIO,,False,PropertyRangeError,NO_CONVERGIO,,,5,"PropertyRangeError: T_from_Ph(P, h, x): el motor teqp no cubre el estado pedido (ver TASK_CONTEXT 2026-09-18-validar-teqp-nh3h2o). Detalle: equilibrio no resoluble en T=296.92 K, P=5e+05 Pa, x=0.1626",21.14,0,0.0,False,valv.T7,,False,brentq,,
A1,MB_t3_STno,busqueda_libre_v2,379,f2_h_Ps,0.5,3000.0,850.0,470.0,300.032917,1.0,0.85,0.75,0.75,0.85,0.85,0.001,300,0.5,303.55,TeqpVerificado(x=0.5),NO_CONVERGIO,,False,PropertyRangeError,NO_CONVERGIO,,,3,"PropertyRangeError: h(P, s, x): el motor teqp no cubre el estado pedido (ver TASK_CONTEXT 2026-09-18-validar-teqp-nh3h2o). Detalle: equilibrio no resoluble en T=345.03 K, P=3e+06 Pa, x=0.5140",24.52,0,0.0,False,bom.h10s,,False,brentq,,
A1,MB_t3_STno,busqueda_libre_v2,802,f2_T_from_Ph,0.7,3300.0,2500.0,470.0,300.032917,1.0,0.85,0.75,0.8,0.8,0.8,0.001,300,0.5,303.55,TeqpVerificado(x=0.5),NO_CONVERGIO,,False,NoBracket,NO_CONVERGIO,,,6,"NoBracket: sin dos extremos evaluables en 5.0 K (f_lo=63.363129562988036, f_hi=None)",29.11,2,11.05,True,abs.T8,"PropertyRangeError: T_from_Ph(P, h, x): el motor teqp no cubre el estado pedido (ver TASK_CONTEXT 2026-09-18-validar-teqp-nh3h2o). Detalle: h=49522.8 fuera de dominio a P=2.5e+06 Pa, x=0.7117",False,bracket,,
A1,MB_t3_STno,busqueda_libre_v2,853,f2_T_from_Ph,0.8,2800.0,2500.0,470.0,300.032917,1.0,0.85,0.75,0.8,0.8,0.8,0.001,300,0.5,303.55,TeqpVerificado(x=0.5),NO_CONVERGIO,,False,NoBracket,NO_CONVERGIO,,,6,"NoBracket: sin dos extremos evaluables en 5.0 K (f_lo=47.22014554636854, f_hi=None)",27.12,2,10.05,True,abs.T8,"PropertyRangeError: T_from_Ph(P, h, x): el motor teqp no cubre el estado pedido (ver TASK_CONTEXT 2026-09-18-validar-teqp-nh3h2o). Detalle: h=69842.5 fuera de dominio a P=2.5e+06 Pa, x=0.8088",False,bracket,,
A1,MB_t3_STno,busqueda_libre_v2,865,f2_h_Ps,0.8,4000.0,2200.0,470.0,300.032917,1.0,0.85,0.75,0.8,0.8,0.8,0.001,300,0.5,303.55,TeqpVerificado(x=0.5),NO_CONVERGIO,,False,NoBracket,NO_CONVERGIO,,,7,"NoBracket: sin dos extremos evaluables en 5.0 K (f_lo=None, f_hi=None)",15.2,1,1.44,True,turb.h4s,"PropertyRangeError: h(P, s, x): el motor teqp no cubre el estado pedido (ver TASK_CONTEXT 2026-09-18-validar-teqp-nh3h2o). Detalle: equilibrio no resoluble en T=469.60 K, P=2.2e+06 Pa, x=0.8861",False,bracket,,
A1,MB_t3_STno,busqueda_libre_v2,885,f2_T_from_Ph,0.85,3000.0,1500.0,470.0,300.032917,1.0,0.85,0.75,0.8,0.8,0.8,0.001,300,0.5,303.55,TeqpVerificado(x=0.5),NO_CONVERGIO,,False,NoBracket,NO_CONVERGIO,,,6,"NoBracket: sin dos extremos evaluables en 5.0 K (f_lo=46.580450094153434, f_hi=None)",20.85,2,9.53,True,abs.T8,"PropertyRangeError: T_from_Ph(P, h, x): el motor teqp no cubre el estado pedido (ver TASK_CONTEXT 2026-09-18-validar-teqp-nh3h2o). Detalle: h=65584.5 fuera de dominio a P=1.5e+06 Pa, x=0.8570",False,bracket,,
A1,MB_t3_STno,busqueda_libre_v2,907,f2_T_from_Ph,0.85,4500.0,1600.0,470.0,300.032917,1.0,0.85,0.75,0.8,0.8,0.8,0.001,300,0.5,303.55,TeqpVerificado(x=0.5),NO_CONVERGIO,,True,,CORREGIBLE,0.096148,362.6177,13,"[CORREGIBLE] O2: succión de la bomba bifásica bajo el peor caso de T_amb (riesgo de cavitación) (medido=321.91562608170227, esperado=<= 320.496 K). Causa probable: subenfriamiento insuficiente a la sa",56.79,2,5.64,True,hrvg.T2,"PropertyRangeError: T_from_Ph(P, h, x): el motor teqp no cubre el estado pedido (ver TASK_CONTEXT 2026-09-18-validar-teqp-nh3h2o). Detalle: equilibrio no resoluble en T=479.01 K, P=4.5e+06 Pa, x=0.857",False,final,,
A1,MB_t3_STno,busqueda_libre_v2,997,f2_T_from_Ph,0.85,3600.0,1655.0,380.0,300.032917,1.0,0.85,0.75,0.8,0.8,0.8,0.001,300,0.5,303.55,TeqpVerificado(x=0.5),NO_CONVERGIO,,False,PropertyRangeError,NO_CONVERGIO,,,5,"PropertyRangeError: T_from_Ph(P, h, x): el motor teqp no cubre el estado pedido (ver TASK_CONTEXT 2026-09-18-validar-teqp-nh3h2o). Detalle: h=-2.35123e+07 fuera de dominio a P=3.6e+06 Pa, x=0.8570",18.81,0,0.0,False,hrvg.T2,,False,brentq,,
A1,MB_t3_STno,busqueda_libre_v2,1178,f2_h_Ps,0.85,4000.0,2800.0,440.0,300.032917,1.0,0.85,0.75,0.8,0.8,0.8,0.001,300,0.5,303.55,TeqpVerificado(x=0.5),NO_CONVERGIO,,False,NoBracket,NO_CONVERGIO,,,5,"NoBracket: sin dos extremos evaluables en 5.0 K (f_lo=None, f_hi=-78.01781545476678)",12.23,1,1.22,True,turb.h4s,"PropertyRangeError: h(P, s, x): el motor teqp no cubre el estado pedido (ver TASK_CONTEXT 2026-09-18-validar-teqp-nh3h2o). Detalle: equilibrio no resoluble en T=447.38 K, P=2.8e+06 Pa, x=0.9350",False,bracket,,
A1,MB_t3_STno,busqueda_libre_v2,1214,f2_T_from_Ph,0.8,2800.0,1400.0,460.0,300.032917,1.0,0.85,0.75,0.8,0.8,0.8,0.001,300,0.5,303.55,TeqpVerificado(x=0.5),NO_CONVERGIO,,False,NoBracket,NO_CONVERGIO,,,6,"NoBracket: sin dos extremos evaluables en 5.0 K (f_lo=47.17074524702059, f_hi=None)",23.38,2,8.45,True,abs.T8,"PropertyRangeError: T_from_Ph(P, h, x): el motor teqp no cubre el estado pedido (ver TASK_CONTEXT 2026-09-18-validar-teqp-nh3h2o). Detalle: h=52162 fuera de dominio a P=1.4e+06 Pa, x=0.8088",False,bracket,,
A1,MB_t3_STno,busqueda_libre_v2,1251,f2_T_from_Ph,0.7,4000.0,1280.0,470.0,300.032917,1.0,0.85,0.75,0.8,0.8,0.8,0.001,300,0.5,303.55,TeqpVerificado(x=0.5),NO_CONVERGIO,,False,NoBracket,NO_CONVERGIO,,,5,"NoBracket: sin dos extremos evaluables en 5.0 K (f_lo=None, f_hi=-94.68412343938138)",9.49,1,0.52,True,hrvg.T2,"PropertyRangeError: T_from_Ph(P, h, x): el motor teqp no cubre el estado pedido (ver TASK_CONTEXT 2026-09-18-validar-teqp-nh3h2o). Detalle: equilibrio no resoluble en T=516.61 K, P=4e+06 Pa, x=0.7117",False,bracket,,
A1,MB_t3_STno,busqueda_libre_v2,1285,f2_T_from_Ph,0.85,2800.0,895.0,470.0,300.032917,1.0,0.85,0.75,0.8,0.8,0.8,0.001,300,0.5,303.55,TeqpVerificado(x=0.5),NO_CONVERGIO,,False,NoBracket,NO_CONVERGIO,,,6,"NoBracket: sin dos extremos evaluables en 5.0 K (f_lo=44.06384115778371, f_hi=None)",21.86,2,8.62,True,abs.T8,"PropertyRangeError: T_from_Ph(P, h, x): el motor teqp no cubre el estado pedido (ver TASK_CONTEXT 2026-09-18-validar-teqp-nh3h2o). Detalle: h=68987.7 fuera de dominio a P=8.95e+05 Pa, x=0.8570",False,bracket,,
A1,MB_t3_STno,busqueda_libre_v2,1293,f2_h_Ps,0.85,3600.0,2520.0,470.0,300.032917,1.0,0.85,0.75,0.8,0.8,0.8,0.001,300,0.5,303.55,TeqpVerificado(x=0.5),NO_CONVERGIO,,False,NoBracket,NO_CONVERGIO,,,7,"NoBracket: sin dos extremos evaluables en 5.0 K (f_lo=None, f_hi=None)",8.73,1,1.42,True,turb.h4s,"PropertyRangeError: h(P, s, x): el motor teqp no cubre el estado pedido (ver TASK_CONTEXT 2026-09-18-validar-teqp-nh3h2o). Detalle: equilibrio no resoluble en T=454.86 K, P=2.52e+06 Pa, x=0.9185",False,bracket,,
A1,MB_t3_STno,busqueda_libre_v2,1307,f2_T_from_Ph,0.7,3600.0,1150.0,480.0,300.032917,1.0,0.85,0.75,0.8,0.8,0.8,0.001,300,0.5,303.55,TeqpVerificado(x=0.5),NO_CONVERGIO,,False,NoBracket,NO_CONVERGIO,,,6,"NoBracket: sin dos extremos evaluables en 5.0 K (f_lo=67.24216441030677, f_hi=None)",32.94,2,13.29,True,abs.T8,"PropertyRangeError: T_from_Ph(P, h, x): el motor teqp no cubre el estado pedido (ver TASK_CONTEXT 2026-09-18-validar-teqp-nh3h2o). Detalle: h=53841.7 fuera de dominio a P=1.15e+06 Pa, x=0.7117",False,bracket,,
A1,MB_t3_STno,busqueda_libre_v2,1327,f2_T_from_Ph,0.75,4000.0,2800.0,480.0,300.032917,1.0,0.85,0.75,0.8,0.8,0.8,0.001,300,0.5,303.55,TeqpVerificado(x=0.5),NO_CONVERGIO,,False,NoBracket,NO_CONVERGIO,,,6,"NoBracket: sin dos extremos evaluables en 5.0 K (f_lo=67.37888825989421, f_hi=None)",35.21,2,13.98,True,abs.T8,"PropertyRangeError: T_from_Ph(P, h, x): el motor teqp no cubre el estado pedido (ver TASK_CONTEXT 2026-09-18-validar-teqp-nh3h2o). Detalle: h=54694.6 fuera de dominio a P=2.8e+06 Pa, x=0.7604",False,bracket,,
A1,MB_t3_STno,busqueda_libre_v2,1363,f2_T_from_Ph,0.7,2800.0,1960.0,500.0,300.032917,1.0,0.85,0.75,0.8,0.8,0.8,0.001,300,0.5,303.55,TeqpVerificado(x=0.5),NO_CONVERGIO,,False,NoBracket,NO_CONVERGIO,,,6,"NoBracket: sin dos extremos evaluables en 5.0 K (f_lo=56.60351980407671, f_hi=None)",23.93,2,8.88,True,abs.T8,"PropertyRangeError: T_from_Ph(P, h, x): el motor teqp no cubre el estado pedido (ver TASK_CONTEXT 2026-09-18-validar-teqp-nh3h2o). Detalle: h=553036 fuera de dominio a P=1.96e+06 Pa, x=0.7117",False,bracket,,
A1,MB_t3_STno,busqueda_libre_v2,1382,f2_T_from_Ph,0.75,3600.0,1150.0,500.0,300.032917,1.0,0.85,0.75,0.8,0.8,0.8,0.001,300,0.5,303.55,TeqpVerificado(x=0.5),NO_CONVERGIO,,False,NoBracket,NO_CONVERGIO,,,6,"NoBracket: sin dos extremos evaluables en 5.0 K (f_lo=62.594661735773514, f_hi=None)",17.45,2,7.71,True,hrvg.T2,"PropertyRangeError: T_from_Ph(P, h, x): el motor teqp no cubre el estado pedido (ver TASK_CONTEXT 2026-09-18-validar-teqp-nh3h2o). Detalle: equilibrio no resoluble en T=507.15 K, P=3.6e+06 Pa, x=0.760",False,bracket,,
A1,MB_t3_STno,busqueda_libre_v2,1402,f2_T_from_Ph,0.8,4000.0,2800.0,500.0,300.032917,1.0,0.85,0.75,0.8,0.8,0.8,0.001,300,0.5,303.55,TeqpVerificado(x=0.5),NO_CONVERGIO,,False,NoBracket,NO_CONVERGIO,,,6,"NoBracket: sin dos extremos evaluables en 5.0 K (f_lo=63.321426403029704, f_hi=None)",31.73,2,13.58,True,abs.T8,"PropertyRangeError: T_from_Ph(P, h, x): el motor teqp no cubre el estado pedido (ver TASK_CONTEXT 2026-09-18-validar-teqp-nh3h2o). Detalle: h=105570 fuera de dominio a P=2.8e+06 Pa, x=0.8088",False,bracket,,
A1,MB_t3_STno,busqueda_libre_v2,1411,f2_h_Ps,0.85,3600.0,2520.0,500.0,300.032917,1.0,0.85,0.75,0.8,0.8,0.8,0.001,300,0.5,303.55,TeqpVerificado(x=0.5),NO_CONVERGIO,,False,NoBracket,NO_CONVERGIO,,,7,"NoBracket: sin dos extremos evaluables en 5.0 K (f_lo=None, f_hi=None)",13.5,1,1.25,True,turb.h4s,"PropertyRangeError: h(P, s, x): el motor teqp no cubre el estado pedido (ver TASK_CONTEXT 2026-09-18-validar-teqp-nh3h2o). Detalle: equilibrio no resoluble en T=463.61 K, P=2.52e+06 Pa, x=0.9030",False,bracket,,
A1,MB_t3_STno,busqueda_libre_v2,1505,f2_T_from_Ph,0.75,4000.0,1840.0,400.0,300.032917,1.0,0.85,0.75,0.8,0.8,0.85,0.001,300,0.5,303.55,TeqpVerificado(x=0.5),NO_CONVERGIO,,False,PropertyRangeError,NO_CONVERGIO,,,6,"PropertyRangeError: T_from_Ph(P, h, x): el motor teqp no cubre el estado pedido (ver TASK_CONTEXT 2026-09-18-validar-teqp-nh3h2o). Detalle: h=-5.83279e+08 fuera de dominio a P=4e+06 Pa, x=0.7604",21.45,0,0.0,False,hrvg.T2,,False,brentq,,
A1,MB_t3_STsi,barrido_literatura_kcs11,3,lit_T_from_Ph,0.55,3000.0,273.545422,373.0,283.0,1.0,0.8,0.8,0.85,0.75,0.8,0.001,300,0.55,303.55,TeqpVerificado(x=0.55),NO_CONVERGIO,,False,NoBracket,NO_CONVERGIO,,,5,"NoBracket: sin dos extremos evaluables en 5.0 K (f_lo=None, f_hi=-15.73177165108325)",13.91,1,1.23,True,abs.T8,"PropertyRangeError: T_from_Ph(P, h, x): el motor teqp no cubre el estado pedido (ver TASK_CONTEXT 2026-09-18-validar-teqp-nh3h2o). Detalle: h=-6412.95 fuera de dominio a P=2.7355e+05 Pa, x=0.5639",False,bracket,,
A1,MB_t3_STsi,barrido_literatura_kcs11,4,lit_bifasico,0.55,5000.0,273.545422,373.0,283.0,1.0,0.8,0.8,0.85,0.75,0.8,0.001,300,0.55,303.55,TeqpVerificado(x=0.55),NO_CONVERGIO,,False,NoBracket,NO_CONVERGIO,,,7,"NoBracket: sin dos extremos evaluables en 5.0 K (f_lo=None, f_hi=None)",26.38,1,0.08,True,sep.ELV,"PropertyRangeError: equilibrio_liquido_vapor(P=5000.0 kPa, T=360.1588970163568 K): no existe equilibrio bifásico para ninguna composición (T fuera de la campana binaria a esa P, motor teqp).",False,bracket,,
A1,MB_t3_STsi,barrido_literatura_kcs11,5,lit_T_from_Ph,0.55,1000.0,273.545422,423.0,283.0,1.0,0.8,0.8,0.85,0.75,0.8,0.001,300,0.55,303.55,TeqpVerificado(x=0.55),NO_CONVERGIO,,True,,CORREGIBLE,0.075082,338.8243,10,"[CORREGIBLE] O2: succión de la bomba bifásica bajo el peor caso de T_amb (riesgo de cavitación) (medido=322.14902629775247, esperado=<= 287.000 K). Causa probable: subenfriamiento insuficiente a la sa",36.76,1,1.52,True,valv.T7,"PropertyRangeError: T_from_Ph(P, h, x): el motor teqp no cubre el estado pedido (ver TASK_CONTEXT 2026-09-18-validar-teqp-nh3h2o). Detalle: equilibrio no resoluble en T=277.42 K, P=2.7355e+05 Pa, x=0.",False,final,,
A1,MB_t3_STsi,barrido_literatura_kcs11,10,lit_bifasico,0.55,1000.0,273.545422,463.0,283.0,1.0,0.8,0.8,0.85,0.75,0.8,0.001,300,0.55,303.55,TeqpVerificado(x=0.55),NO_CONVERGIO,,False,NoBracket,NO_CONVERGIO,,,6,"NoBracket: sin dos extremos evaluables en 5.0 K (f_lo=54.93951413730673, f_hi=None)",12.32,2,6.11,True,sep.ELV,"PropertyRangeError: equilibrio_liquido_vapor(P=1000.0 kPa, T=462.8499610351539 K): no existe equilibrio bifásico para ninguna composición (T fuera de la campana binaria a esa P, motor teqp).",False,bracket,,
A1,MB_t3_STsi,barrido_literatura_kcs11,11,lit_T_from_Ph,0.55,1500.0,273.545421,463.0,283.0,1.0,0.8,0.8,0.85,0.75,0.8,0.001,300,0.55,303.55,TeqpVerificado(x=0.55),NO_CONVERGIO,,False,NoBracket,NO_CONVERGIO,,,6,"NoBracket: sin dos extremos evaluables en 5.0 K (f_lo=67.40799088752499, f_hi=None)",20.09,2,7.87,True,abs.T8,"PropertyRangeError: T_from_Ph(P, h, x): el motor teqp no cubre el estado pedido (ver TASK_CONTEXT 2026-09-18-validar-teqp-nh3h2o). Detalle: h=134105 fuera de dominio a P=2.7355e+05 Pa, x=0.5639",False,bracket,,
A1,MB_t3_STsi,barrido_literatura_kcs11,12,lit_T_from_Ph,0.55,2000.0,273.54542,463.0,283.0,1.0,0.8,0.8,0.85,0.75,0.8,0.001,300,0.55,303.55,TeqpVerificado(x=0.55),NO_CONVERGIO,,False,NoBracket,NO_CONVERGIO,,,6,"NoBracket: sin dos extremos evaluables en 5.0 K (f_lo=76.99894256503342, f_hi=None)",20.04,2,8.02,True,abs.T8,"PropertyRangeError: T_from_Ph(P, h, x): el motor teqp no cubre el estado pedido (ver TASK_CONTEXT 2026-09-18-validar-teqp-nh3h2o). Detalle: h=55398.8 fuera de dominio a P=2.7355e+05 Pa, x=0.5639",False,bracket,,
A1,MB_t3_STsi,barrido_literatura_kcs11,19,lit_bifasico,0.6,5000.0,336.094595,373.0,283.0,1.0,0.8,0.8,0.85,0.75,0.8,0.001,300,0.6,303.55,TeqpVerificado(x=0.6),NO_CONVERGIO,,False,NoBracket,NO_CONVERGIO,,,7,"NoBracket: sin dos extremos evaluables en 5.0 K (f_lo=None, f_hi=None)",43.62,1,0.08,True,sep.ELV,"PropertyRangeError: equilibrio_liquido_vapor(P=5000.0 kPa, T=360.20055414536876 K): no existe equilibrio bifásico para ninguna composición (T fuera de la campana binaria a esa P, motor teqp).",False,bracket,,
A1,MB_t3_STsi,barrido_literatura_kcs11,20,lit_T_from_Ph,0.6,1000.0,336.094584,423.0,283.0,1.0,0.8,0.8,0.85,0.75,0.8,0.001,300,0.6,303.55,TeqpVerificado(x=0.6),NO_CONVERGIO,,False,PropertyRangeError,NO_CONVERGIO,,,4,"PropertyRangeError: T_from_Ph(P, h, x): el motor teqp no cubre el estado pedido (ver TASK_CONTEXT 2026-09-18-validar-teqp-nh3h2o). Detalle: equilibrio no resoluble en T=296.41 K, P=3.3609e+05 Pa, x=0.",18.59,0,0.0,False,valv.T7,,False,brentq,,
A1,MB_t3_STsi,barrido_literatura_kcs11,25,lit_bifasico,0.6,1000.0,336.094584,463.0,283.0,1.0,0.8,0.8,0.85,0.75,0.8,0.001,300,0.6,303.55,TeqpVerificado(x=0.6),NO_CONVERGIO,,False,NoBracket,NO_CONVERGIO,,,8,"NoBracket: sin dos extremos evaluables en 5.0 K (f_lo=37.71416367149686, f_hi=None)",12.39,2,4.57,True,sep.ELV,"PropertyRangeError: equilibrio_liquido_vapor(P=1000.0 kPa, T=462.8499711017988 K): no existe equilibrio bifásico para ninguna composición (T fuera de la campana binaria a esa P, motor teqp).",False,bracket,,
A1,MB_t3_STsi,barrido_literatura_kcs11,27,lit_T_from_Ph,0.6,2000.0,336.094594,463.0,283.0,1.0,0.8,0.8,0.85,0.75,0.8,0.001,300,0.6,303.55,TeqpVerificado(x=0.6),NO_CONVERGIO,,False,NoBracket,NO_CONVERGIO,,,6,"NoBracket: sin dos extremos evaluables en 5.0 K (f_lo=70.29379856306406, f_hi=None)",21.05,2,8.28,True,abs.T8,"PropertyRangeError: T_from_Ph(P, h, x): el motor teqp no cubre el estado pedido (ver TASK_CONTEXT 2026-09-18-validar-teqp-nh3h2o). Detalle: h=61287.7 fuera de dominio a P=3.3609e+05 Pa, x=0.6134",False,bracket,,
A1,MB_t3_STsi,barrido_literatura_kcs11,34,lit_bifasico,0.65,5000.0,398.118726,373.0,283.0,1.0,0.8,0.8,0.85,0.75,0.8,0.001,300,0.65,303.55,TeqpVerificado(x=0.65),NO_CONVERGIO,,False,NoBracket,NO_CONVERGIO,,,7,"NoBracket: sin dos extremos evaluables en 5.0 K (f_lo=None, f_hi=None)",20.46,1,0.09,True,sep.ELV,"PropertyRangeError: equilibrio_liquido_vapor(P=5000.0 kPa, T=360.26299351030735 K): no existe equilibrio bifásico para ninguna composición (T fuera de la campana binaria a esa P, motor teqp).",False,bracket,,
A1,MB_t3_STsi,barrido_literatura_kcs11,35,lit_T_from_Ph,0.65,1000.0,398.118722,423.0,283.0,1.0,0.8,0.8,0.85,0.75,0.8,0.001,300,0.65,303.55,TeqpVerificado(x=0.65),NO_CONVERGIO,,True,,CORREGIBLE,0.056526,324.746,11,"[CORREGIBLE] O2: succión de la bomba bifásica bajo el peor caso de T_amb (riesgo de cavitación) (medido=320.0187551391912, esperado=<= 287.000 K). Causa probable: subenfriamiento insuficiente a la sal",45.47,2,7.44,True,valv.T7,"PropertyRangeError: T_from_Ph(P, h, x): el motor teqp no cubre el estado pedido (ver TASK_CONTEXT 2026-09-18-validar-teqp-nh3h2o). Detalle: equilibrio no resoluble en T=293.90 K, P=3.9812e+05 Pa, x=0.",False,final,,
A1,MB_t3_STsi,barrido_literatura_kcs11,40,lit_bifasico,0.65,1000.0,398.118722,463.0,283.0,1.0,0.8,0.8,0.85,0.75,0.8,0.001,300,0.65,303.55,TeqpVerificado(x=0.65),NO_CONVERGIO,,False,NoBracket,NO_CONVERGIO,,,7,"NoBracket: sin dos extremos evaluables en 5.0 K (f_lo=35.863067033210655, f_hi=None)",12.03,2,5.02,True,sep.ELV,"PropertyRangeError: equilibrio_liquido_vapor(P=1000.0 kPa, T=462.8499803665554 K): no existe equilibrio bifásico para ninguna composición (T fuera de la campana binaria a esa P, motor teqp).",False,bracket,,
A1,MB_t3_STsi,barrido_literatura_kcs11,41,lit_T_from_Ph,0.65,1500.0,398.118725,463.0,283.0,1.0,0.8,0.8,0.85,0.75,0.8,0.001,300,0.65,303.55,TeqpVerificado(x=0.65),NO_CONVERGIO,,False,NoBracket,NO_CONVERGIO,,,6,"NoBracket: sin dos extremos evaluables en 5.0 K (f_lo=53.95766645979512, f_hi=None)",21.31,2,8.13,True,abs.T8,"PropertyRangeError: T_from_Ph(P, h, x): el motor teqp no cubre el estado pedido (ver TASK_CONTEXT 2026-09-18-validar-teqp-nh3h2o). Detalle: h=163463 fuera de dominio a P=3.9812e+05 Pa, x=0.6627",False,bracket,,
A1,MB_t3_STsi,barrido_literatura_kcs11,42,lit_T_from_Ph,0.65,2000.0,398.118724,463.0,283.0,1.0,0.8,0.8,0.85,0.75,0.8,0.001,300,0.65,303.55,TeqpVerificado(x=0.65),NO_CONVERGIO,,False,NoBracket,NO_CONVERGIO,,,6,"NoBracket: sin dos extremos evaluables en 5.0 K (f_lo=64.09696373992995, f_hi=None)",21.69,2,9.09,True,abs.T8,"PropertyRangeError: T_from_Ph(P, h, x): el motor teqp no cubre el estado pedido (ver TASK_CONTEXT 2026-09-18-validar-teqp-nh3h2o). Detalle: h=67244 fuera de dominio a P=3.9812e+05 Pa, x=0.6627",False,bracket,,
A1,MB_t3_STsi,barrido_literatura_kcs11,49,lit_bifasico,0.7,5000.0,456.322837,373.0,283.0,1.0,0.8,0.8,0.85,0.75,0.8,0.001,300,0.7,303.55,TeqpVerificado(x=0.7),NO_CONVERGIO,,False,NoBracket,NO_CONVERGIO,,,7,"NoBracket: sin dos extremos evaluables en 5.0 K (f_lo=None, f_hi=None)",60.48,1,0.09,True,sep.ELV,"PropertyRangeError: equilibrio_liquido_vapor(P=5000.0 kPa, T=360.3439259844327 K): no existe equilibrio bifásico para ninguna composición (T fuera de la campana binaria a esa P, motor teqp).",False,bracket,,
A1,MB_t3_STsi,barrido_literatura_kcs11,50,lit_T_from_Ph,0.7,1000.0,456.322836,423.0,283.0,1.0,0.8,0.8,0.85,0.75,0.8,0.001,300,0.7,303.55,TeqpVerificado(x=0.7),NO_CONVERGIO,,True,,CORREGIBLE,0.049876,318.5512,13,"[CORREGIBLE] O2: succión de la bomba bifásica bajo el peor caso de T_amb (riesgo de cavitación) (medido=318.7120061693637, esperado=<= 287.000 K). Causa probable: subenfriamiento insuficiente a la sal",53.05,2,7.92,True,abs.T8,"PropertyRangeError: T_from_Ph(P, h, x): el motor teqp no cubre el estado pedido (ver TASK_CONTEXT 2026-09-18-validar-teqp-nh3h2o). Detalle: h=49698.1 fuera de dominio a P=4.5632e+05 Pa, x=0.7117",False,final,,
A1,MB_t3_STsi,barrido_literatura_kcs11,55,lit_T_from_Ph,0.7,1000.0,456.322836,463.0,283.0,1.0,0.8,0.8,0.85,0.75,0.8,0.001,300,0.7,303.55,TeqpVerificado(x=0.7),NO_CONVERGIO,,False,NoBracket,NO_CONVERGIO,,,6,"NoBracket: sin dos extremos evaluables en 5.0 K (f_lo=34.639706605350455, f_hi=None)",11.32,2,5.62,True,sep.ELV,"PropertyRangeError: equilibrio_liquido_vapor(P=1000.0 kPa, T=462.8499888883884 K): no existe equilibrio bifásico para ninguna composición (T fuera de la campana binaria a esa P, motor teqp).",False,bracket,,
A1,MB_t3_STsi,barrido_literatura_kcs11,56,lit_T_from_Ph,0.7,1500.0,456.322836,463.0,283.0,1.0,0.8,0.8,0.85,0.75,0.8,0.001,300,0.7,303.55,TeqpVerificado(x=0.7),NO_CONVERGIO,,False,NoBracket,NO_CONVERGIO,,,6,"NoBracket: sin dos extremos evaluables en 5.0 K (f_lo=48.10778876876532, f_hi=None)",19.06,2,7.54,True,abs.T8,"PropertyRangeError: T_from_Ph(P, h, x): el motor teqp no cubre el estado pedido (ver TASK_CONTEXT 2026-09-18-validar-teqp-nh3h2o). Detalle: h=178144 fuera de dominio a P=4.5632e+05 Pa, x=0.7117",False,bracket,,
A1,MB_t3_STsi,barrido_literatura_kcs11,57,lit_T_from_Ph,0.7,2000.0,456.322835,463.0,283.0,1.0,0.8,0.8,0.85,0.75,0.8,0.001,300,0.7,303.55,TeqpVerificado(x=0.7),NO_CONVERGIO,,False,NoBracket,NO_CONVERGIO,,,6,"NoBracket: sin dos extremos evaluables en 5.0 K (f_lo=58.53613008739097, f_hi=None)",19.4,2,7.37,True,abs.T8,"PropertyRangeError: T_from_Ph(P, h, x): el motor teqp no cubre el estado pedido (ver TASK_CONTEXT 2026-09-18-validar-teqp-nh3h2o). Detalle: h=73219.5 fuera de dominio a P=4.5632e+05 Pa, x=0.7117",False,bracket,,
A1,MB_t3_STsi,busqueda_libre_v2,8,f2_T_from_Ph,0.35,3000.0,500.0,470.0,300.032917,1.0,0.85,0.75,0.85,0.75,0.95,0.001,300,0.5,303.55,TeqpVerificado(x=0.5),NO_CONVERGIO,,False,PropertyRangeError,NO_CONVERGIO,,,5,"PropertyRangeError: T_from_Ph(P, h, x): el motor teqp no cubre el estado pedido (ver TASK_CONTEXT 2026-09-18-validar-teqp-nh3h2o). Detalle: equilibrio no resoluble en T=296.92 K, P=5e+05 Pa, x=0.1626",21.3,0,0.0,False,valv.T7,,False,brentq,,
A1,MB_t3_STsi,busqueda_libre_v2,379,f2_h_Ps,0.5,3000.0,850.0,470.0,300.032917,1.0,0.85,0.75,0.75,0.85,0.85,0.001,300,0.5,303.55,TeqpVerificado(x=0.5),NO_CONVERGIO,,False,PropertyRangeError,NO_CONVERGIO,,,3,"PropertyRangeError: h(P, s, x): el motor teqp no cubre el estado pedido (ver TASK_CONTEXT 2026-09-18-validar-teqp-nh3h2o). Detalle: equilibrio no resoluble en T=345.03 K, P=3e+06 Pa, x=0.5140",24.58,0,0.0,False,bom.h10s,,False,brentq,,
A1,MB_t3_STsi,busqueda_libre_v2,802,f2_T_from_Ph,0.7,3300.0,2500.0,470.0,300.032917,1.0,0.85,0.75,0.8,0.8,0.8,0.001,300,0.5,303.55,TeqpVerificado(x=0.5),NO_CONVERGIO,,False,NoBracket,NO_CONVERGIO,,,6,"NoBracket: sin dos extremos evaluables en 5.0 K (f_lo=63.363129562988036, f_hi=None)",29.34,2,11.13,True,abs.T8,"PropertyRangeError: T_from_Ph(P, h, x): el motor teqp no cubre el estado pedido (ver TASK_CONTEXT 2026-09-18-validar-teqp-nh3h2o). Detalle: h=49522.8 fuera de dominio a P=2.5e+06 Pa, x=0.7117",False,bracket,,
A1,MB_t3_STsi,busqueda_libre_v2,853,f2_T_from_Ph,0.8,2800.0,2500.0,470.0,300.032917,1.0,0.85,0.75,0.8,0.8,0.8,0.001,300,0.5,303.55,TeqpVerificado(x=0.5),NO_CONVERGIO,,False,NoBracket,NO_CONVERGIO,,,6,"NoBracket: sin dos extremos evaluables en 5.0 K (f_lo=47.22014554636854, f_hi=None)",27.01,2,10.0,True,abs.T8,"PropertyRangeError: T_from_Ph(P, h, x): el motor teqp no cubre el estado pedido (ver TASK_CONTEXT 2026-09-18-validar-teqp-nh3h2o). Detalle: h=69842.5 fuera de dominio a P=2.5e+06 Pa, x=0.8088",False,bracket,,
A1,MB_t3_STsi,busqueda_libre_v2,865,f2_h_Ps,0.8,4000.0,2200.0,470.0,300.032917,1.0,0.85,0.75,0.8,0.8,0.8,0.001,300,0.5,303.55,TeqpVerificado(x=0.5),NO_CONVERGIO,,False,NoBracket,NO_CONVERGIO,,,7,"NoBracket: sin dos extremos evaluables en 5.0 K (f_lo=None, f_hi=None)",15.07,1,1.42,True,turb.h4s,"PropertyRangeError: h(P, s, x): el motor teqp no cubre el estado pedido (ver TASK_CONTEXT 2026-09-18-validar-teqp-nh3h2o). Detalle: equilibrio no resoluble en T=469.60 K, P=2.2e+06 Pa, x=0.8861",False,bracket,,
A1,MB_t3_STsi,busqueda_libre_v2,885,f2_T_from_Ph,0.85,3000.0,1500.0,470.0,300.032917,1.0,0.85,0.75,0.8,0.8,0.8,0.001,300,0.5,303.55,TeqpVerificado(x=0.5),NO_CONVERGIO,,False,NoBracket,NO_CONVERGIO,,,6,"NoBracket: sin dos extremos evaluables en 5.0 K (f_lo=46.580450094153434, f_hi=None)",20.86,2,9.49,True,abs.T8,"PropertyRangeError: T_from_Ph(P, h, x): el motor teqp no cubre el estado pedido (ver TASK_CONTEXT 2026-09-18-validar-teqp-nh3h2o). Detalle: h=65584.5 fuera de dominio a P=1.5e+06 Pa, x=0.8570",False,bracket,,
A1,MB_t3_STsi,busqueda_libre_v2,907,f2_T_from_Ph,0.85,4500.0,1600.0,470.0,300.032917,1.0,0.85,0.75,0.8,0.8,0.8,0.001,300,0.5,303.55,TeqpVerificado(x=0.5),NO_CONVERGIO,,True,,CORREGIBLE,0.096148,362.6177,13,"[CORREGIBLE] O2: succión de la bomba bifásica bajo el peor caso de T_amb (riesgo de cavitación) (medido=321.91562608170227, esperado=<= 320.496 K). Causa probable: subenfriamiento insuficiente a la sa",56.48,2,5.57,True,hrvg.T2,"PropertyRangeError: T_from_Ph(P, h, x): el motor teqp no cubre el estado pedido (ver TASK_CONTEXT 2026-09-18-validar-teqp-nh3h2o). Detalle: equilibrio no resoluble en T=479.01 K, P=4.5e+06 Pa, x=0.857",False,final,,
A1,MB_t3_STsi,busqueda_libre_v2,997,f2_T_from_Ph,0.85,3600.0,1655.0,380.0,300.032917,1.0,0.85,0.75,0.8,0.8,0.8,0.001,300,0.5,303.55,TeqpVerificado(x=0.5),NO_CONVERGIO,,False,PropertyRangeError,NO_CONVERGIO,,,5,"PropertyRangeError: T_from_Ph(P, h, x): el motor teqp no cubre el estado pedido (ver TASK_CONTEXT 2026-09-18-validar-teqp-nh3h2o). Detalle: h=-2.35123e+07 fuera de dominio a P=3.6e+06 Pa, x=0.8570",18.71,0,0.0,False,hrvg.T2,,False,brentq,,
A1,MB_t3_STsi,busqueda_libre_v2,1178,f2_h_Ps,0.85,4000.0,2800.0,440.0,300.032917,1.0,0.85,0.75,0.8,0.8,0.8,0.001,300,0.5,303.55,TeqpVerificado(x=0.5),NO_CONVERGIO,,False,NoBracket,NO_CONVERGIO,,,5,"NoBracket: sin dos extremos evaluables en 5.0 K (f_lo=None, f_hi=-78.01781545476678)",12.25,1,1.22,True,turb.h4s,"PropertyRangeError: h(P, s, x): el motor teqp no cubre el estado pedido (ver TASK_CONTEXT 2026-09-18-validar-teqp-nh3h2o). Detalle: equilibrio no resoluble en T=447.38 K, P=2.8e+06 Pa, x=0.9350",False,bracket,,
A1,MB_t3_STsi,busqueda_libre_v2,1214,f2_T_from_Ph,0.8,2800.0,1400.0,460.0,300.032917,1.0,0.85,0.75,0.8,0.8,0.8,0.001,300,0.5,303.55,TeqpVerificado(x=0.5),NO_CONVERGIO,,False,NoBracket,NO_CONVERGIO,,,6,"NoBracket: sin dos extremos evaluables en 5.0 K (f_lo=47.17074524702059, f_hi=None)",23.28,2,8.39,True,abs.T8,"PropertyRangeError: T_from_Ph(P, h, x): el motor teqp no cubre el estado pedido (ver TASK_CONTEXT 2026-09-18-validar-teqp-nh3h2o). Detalle: h=52162 fuera de dominio a P=1.4e+06 Pa, x=0.8088",False,bracket,,
A1,MB_t3_STsi,busqueda_libre_v2,1251,f2_T_from_Ph,0.7,4000.0,1280.0,470.0,300.032917,1.0,0.85,0.75,0.8,0.8,0.8,0.001,300,0.5,303.55,TeqpVerificado(x=0.5),NO_CONVERGIO,,False,NoBracket,NO_CONVERGIO,,,5,"NoBracket: sin dos extremos evaluables en 5.0 K (f_lo=None, f_hi=-94.68412343938138)",9.49,1,0.51,True,hrvg.T2,"PropertyRangeError: T_from_Ph(P, h, x): el motor teqp no cubre el estado pedido (ver TASK_CONTEXT 2026-09-18-validar-teqp-nh3h2o). Detalle: equilibrio no resoluble en T=516.61 K, P=4e+06 Pa, x=0.7117",False,bracket,,
A1,MB_t3_STsi,busqueda_libre_v2,1285,f2_T_from_Ph,0.85,2800.0,895.0,470.0,300.032917,1.0,0.85,0.75,0.8,0.8,0.8,0.001,300,0.5,303.55,TeqpVerificado(x=0.5),NO_CONVERGIO,,False,NoBracket,NO_CONVERGIO,,,6,"NoBracket: sin dos extremos evaluables en 5.0 K (f_lo=44.06384115778371, f_hi=None)",21.87,2,8.57,True,abs.T8,"PropertyRangeError: T_from_Ph(P, h, x): el motor teqp no cubre el estado pedido (ver TASK_CONTEXT 2026-09-18-validar-teqp-nh3h2o). Detalle: h=68987.7 fuera de dominio a P=8.95e+05 Pa, x=0.8570",False,bracket,,
A1,MB_t3_STsi,busqueda_libre_v2,1293,f2_h_Ps,0.85,3600.0,2520.0,470.0,300.032917,1.0,0.85,0.75,0.8,0.8,0.8,0.001,300,0.5,303.55,TeqpVerificado(x=0.5),NO_CONVERGIO,,False,NoBracket,NO_CONVERGIO,,,7,"NoBracket: sin dos extremos evaluables en 5.0 K (f_lo=None, f_hi=None)",8.77,1,1.45,True,turb.h4s,"PropertyRangeError: h(P, s, x): el motor teqp no cubre el estado pedido (ver TASK_CONTEXT 2026-09-18-validar-teqp-nh3h2o). Detalle: equilibrio no resoluble en T=454.86 K, P=2.52e+06 Pa, x=0.9185",False,bracket,,
A1,MB_t3_STsi,busqueda_libre_v2,1307,f2_T_from_Ph,0.7,3600.0,1150.0,480.0,300.032917,1.0,0.85,0.75,0.8,0.8,0.8,0.001,300,0.5,303.55,TeqpVerificado(x=0.5),NO_CONVERGIO,,False,NoBracket,NO_CONVERGIO,,,6,"NoBracket: sin dos extremos evaluables en 5.0 K (f_lo=67.24216441030677, f_hi=None)",32.99,2,13.36,True,abs.T8,"PropertyRangeError: T_from_Ph(P, h, x): el motor teqp no cubre el estado pedido (ver TASK_CONTEXT 2026-09-18-validar-teqp-nh3h2o). Detalle: h=53841.7 fuera de dominio a P=1.15e+06 Pa, x=0.7117",False,bracket,,
A1,MB_t3_STsi,busqueda_libre_v2,1327,f2_T_from_Ph,0.75,4000.0,2800.0,480.0,300.032917,1.0,0.85,0.75,0.8,0.8,0.8,0.001,300,0.5,303.55,TeqpVerificado(x=0.5),NO_CONVERGIO,,False,NoBracket,NO_CONVERGIO,,,6,"NoBracket: sin dos extremos evaluables en 5.0 K (f_lo=67.37888825989421, f_hi=None)",35.15,2,13.98,True,abs.T8,"PropertyRangeError: T_from_Ph(P, h, x): el motor teqp no cubre el estado pedido (ver TASK_CONTEXT 2026-09-18-validar-teqp-nh3h2o). Detalle: h=54694.6 fuera de dominio a P=2.8e+06 Pa, x=0.7604",False,bracket,,
A1,MB_t3_STsi,busqueda_libre_v2,1363,f2_T_from_Ph,0.7,2800.0,1960.0,500.0,300.032917,1.0,0.85,0.75,0.8,0.8,0.8,0.001,300,0.5,303.55,TeqpVerificado(x=0.5),NO_CONVERGIO,,False,NoBracket,NO_CONVERGIO,,,6,"NoBracket: sin dos extremos evaluables en 5.0 K (f_lo=56.60351980407671, f_hi=None)",23.89,2,8.85,True,abs.T8,"PropertyRangeError: T_from_Ph(P, h, x): el motor teqp no cubre el estado pedido (ver TASK_CONTEXT 2026-09-18-validar-teqp-nh3h2o). Detalle: h=553036 fuera de dominio a P=1.96e+06 Pa, x=0.7117",False,bracket,,
A1,MB_t3_STsi,busqueda_libre_v2,1382,f2_T_from_Ph,0.75,3600.0,1150.0,500.0,300.032917,1.0,0.85,0.75,0.8,0.8,0.8,0.001,300,0.5,303.55,TeqpVerificado(x=0.5),NO_CONVERGIO,,False,NoBracket,NO_CONVERGIO,,,6,"NoBracket: sin dos extremos evaluables en 5.0 K (f_lo=62.594661735773514, f_hi=None)",17.38,2,7.65,True,hrvg.T2,"PropertyRangeError: T_from_Ph(P, h, x): el motor teqp no cubre el estado pedido (ver TASK_CONTEXT 2026-09-18-validar-teqp-nh3h2o). Detalle: equilibrio no resoluble en T=507.15 K, P=3.6e+06 Pa, x=0.760",False,bracket,,
A1,MB_t3_STsi,busqueda_libre_v2,1402,f2_T_from_Ph,0.8,4000.0,2800.0,500.0,300.032917,1.0,0.85,0.75,0.8,0.8,0.8,0.001,300,0.5,303.55,TeqpVerificado(x=0.5),NO_CONVERGIO,,False,NoBracket,NO_CONVERGIO,,,6,"NoBracket: sin dos extremos evaluables en 5.0 K (f_lo=63.321426403029704, f_hi=None)",31.65,2,13.53,True,abs.T8,"PropertyRangeError: T_from_Ph(P, h, x): el motor teqp no cubre el estado pedido (ver TASK_CONTEXT 2026-09-18-validar-teqp-nh3h2o). Detalle: h=105570 fuera de dominio a P=2.8e+06 Pa, x=0.8088",False,bracket,,
A1,MB_t3_STsi,busqueda_libre_v2,1411,f2_h_Ps,0.85,3600.0,2520.0,500.0,300.032917,1.0,0.85,0.75,0.8,0.8,0.8,0.001,300,0.5,303.55,TeqpVerificado(x=0.5),NO_CONVERGIO,,False,NoBracket,NO_CONVERGIO,,,7,"NoBracket: sin dos extremos evaluables en 5.0 K (f_lo=None, f_hi=None)",13.65,1,1.24,True,turb.h4s,"PropertyRangeError: h(P, s, x): el motor teqp no cubre el estado pedido (ver TASK_CONTEXT 2026-09-18-validar-teqp-nh3h2o). Detalle: equilibrio no resoluble en T=463.61 K, P=2.52e+06 Pa, x=0.9030",False,bracket,,
A1,MB_t3_STsi,busqueda_libre_v2,1505,f2_T_from_Ph,0.75,4000.0,1840.0,400.0,300.032917,1.0,0.85,0.75,0.8,0.8,0.85,0.001,300,0.5,303.55,TeqpVerificado(x=0.5),NO_CONVERGIO,,False,PropertyRangeError,NO_CONVERGIO,,,6,"PropertyRangeError: T_from_Ph(P, h, x): el motor teqp no cubre el estado pedido (ver TASK_CONTEXT 2026-09-18-validar-teqp-nh3h2o). Detalle: h=-5.83279e+08 fuera de dominio a P=4e+06 Pa, x=0.7604",21.49,0,0.0,False,hrvg.T2,,False,brentq,,
A1,MB_t6_STno,barrido_literatura_kcs11,3,lit_T_from_Ph,0.55,3000.0,273.545422,373.0,283.0,1.0,0.8,0.8,0.85,0.75,0.8,0.001,300,0.55,303.55,TeqpVerificado(x=0.55),NO_CONVERGIO,,False,NoBracket,NO_CONVERGIO,,,8,"NoBracket: sin dos extremos evaluables en 5.0 K (f_lo=None, f_hi=-15.73177165108325)",19.21,1,1.17,True,abs.T8,"PropertyRangeError: T_from_Ph(P, h, x): el motor teqp no cubre el estado pedido (ver TASK_CONTEXT 2026-09-18-validar-teqp-nh3h2o). Detalle: h=-6412.95 fuera de dominio a P=2.7355e+05 Pa, x=0.5639",False,bracket,,
A1,MB_t6_STno,barrido_literatura_kcs11,4,lit_bifasico,0.55,5000.0,273.545422,373.0,283.0,1.0,0.8,0.8,0.85,0.75,0.8,0.001,300,0.55,303.55,TeqpVerificado(x=0.55),NO_CONVERGIO,,False,NoBracket,NO_CONVERGIO,,,13,"NoBracket: sin dos extremos evaluables en 5.0 K (f_lo=None, f_hi=None)",139.73,1,0.07,True,sep.ELV,"PropertyRangeError: equilibrio_liquido_vapor(P=5000.0 kPa, T=360.1588970163568 K): no existe equilibrio bifásico para ninguna composición (T fuera de la campana binaria a esa P, motor teqp).",False,bracket,,
A1,MB_t6_STno,barrido_literatura_kcs11,5,lit_T_from_Ph,0.55,1000.0,273.545422,423.0,283.0,1.0,0.8,0.8,0.85,0.75,0.8,0.001,300,0.55,303.55,TeqpVerificado(x=0.55),NO_CONVERGIO,,True,,CORREGIBLE,0.075082,338.8243,10,"[CORREGIBLE] O2: succión de la bomba bifásica bajo el peor caso de T_amb (riesgo de cavitación) (medido=322.14902629775247, esperado=<= 287.000 K). Causa probable: subenfriamiento insuficiente a la sa",36.53,1,1.48,True,valv.T7,"PropertyRangeError: T_from_Ph(P, h, x): el motor teqp no cubre el estado pedido (ver TASK_CONTEXT 2026-09-18-validar-teqp-nh3h2o). Detalle: equilibrio no resoluble en T=277.42 K, P=2.7355e+05 Pa, x=0.",False,final,,
A1,MB_t6_STno,barrido_literatura_kcs11,10,lit_bifasico,0.55,1000.0,273.545422,463.0,283.0,1.0,0.8,0.8,0.85,0.75,0.8,0.001,300,0.55,303.55,TeqpVerificado(x=0.55),NO_CONVERGIO,,False,NoBracket,NO_CONVERGIO,,,9,"NoBracket: sin dos extremos evaluables en 5.0 K (f_lo=54.93951413730673, f_hi=None)",12.85,2,6.09,True,sep.ELV,"PropertyRangeError: equilibrio_liquido_vapor(P=1000.0 kPa, T=462.8499610351539 K): no existe equilibrio bifásico para ninguna composición (T fuera de la campana binaria a esa P, motor teqp).",False,bracket,,
A1,MB_t6_STno,barrido_literatura_kcs11,11,lit_T_from_Ph,0.55,1500.0,273.545421,463.0,283.0,1.0,0.8,0.8,0.85,0.75,0.8,0.001,300,0.55,303.55,TeqpVerificado(x=0.55),NO_CONVERGIO,,False,NoBracket,NO_CONVERGIO,,,9,"NoBracket: sin dos extremos evaluables en 5.0 K (f_lo=67.40799088752499, f_hi=None)",26.88,2,7.82,True,abs.T8,"PropertyRangeError: T_from_Ph(P, h, x): el motor teqp no cubre el estado pedido (ver TASK_CONTEXT 2026-09-18-validar-teqp-nh3h2o). Detalle: h=134105 fuera de dominio a P=2.7355e+05 Pa, x=0.5639",False,bracket,,
A1,MB_t6_STno,barrido_literatura_kcs11,12,lit_T_from_Ph,0.55,2000.0,273.54542,463.0,283.0,1.0,0.8,0.8,0.85,0.75,0.8,0.001,300,0.55,303.55,TeqpVerificado(x=0.55),NO_CONVERGIO,,True,,CORREGIBLE,0.117849,361.3612,14,"[CORREGIBLE] O2: succión de la bomba bifásica bajo el peor caso de T_amb (riesgo de cavitación) (medido=321.7027875074426, esperado=<= 287.000 K). Causa probable: subenfriamiento insuficiente a la sal",50.11,2,8.02,True,abs.T8,"PropertyRangeError: T_from_Ph(P, h, x): el motor teqp no cubre el estado pedido (ver TASK_CONTEXT 2026-09-18-validar-teqp-nh3h2o). Detalle: h=55398.8 fuera de dominio a P=2.7355e+05 Pa, x=0.5639",False,final,,
A1,MB_t6_STno,barrido_literatura_kcs11,19,lit_bifasico,0.6,5000.0,336.094595,373.0,283.0,1.0,0.8,0.8,0.85,0.75,0.8,0.001,300,0.6,303.55,TeqpVerificado(x=0.6),NO_CONVERGIO,,False,NoBracket,NO_CONVERGIO,,,13,"NoBracket: sin dos extremos evaluables en 5.0 K (f_lo=None, f_hi=None)",125.82,1,0.08,True,sep.ELV,"PropertyRangeError: equilibrio_liquido_vapor(P=5000.0 kPa, T=360.20055414536876 K): no existe equilibrio bifásico para ninguna composición (T fuera de la campana binaria a esa P, motor teqp).",False,bracket,,
A1,MB_t6_STno,barrido_literatura_kcs11,20,lit_T_from_Ph,0.6,1000.0,336.094584,423.0,283.0,1.0,0.8,0.8,0.85,0.75,0.8,0.001,300,0.6,303.55,TeqpVerificado(x=0.6),NO_CONVERGIO,,False,PropertyRangeError,NO_CONVERGIO,,,4,"PropertyRangeError: T_from_Ph(P, h, x): el motor teqp no cubre el estado pedido (ver TASK_CONTEXT 2026-09-18-validar-teqp-nh3h2o). Detalle: equilibrio no resoluble en T=296.41 K, P=3.3609e+05 Pa, x=0.",17.83,0,0.0,False,valv.T7,,False,brentq,,
A1,MB_t6_STno,barrido_literatura_kcs11,25,lit_bifasico,0.6,1000.0,336.094584,463.0,283.0,1.0,0.8,0.8,0.85,0.75,0.8,0.001,300,0.6,303.55,TeqpVerificado(x=0.6),NO_CONVERGIO,,False,NoBracket,NO_CONVERGIO,,,11,"NoBracket: sin dos extremos evaluables en 5.0 K (f_lo=37.71416367149686, f_hi=None)",13.09,2,4.55,True,sep.ELV,"PropertyRangeError: equilibrio_liquido_vapor(P=1000.0 kPa, T=462.8499711017988 K): no existe equilibrio bifásico para ninguna composición (T fuera de la campana binaria a esa P, motor teqp).",False,bracket,,
A1,MB_t6_STno,barrido_literatura_kcs11,27,lit_T_from_Ph,0.6,2000.0,336.094594,463.0,283.0,1.0,0.8,0.8,0.85,0.75,0.8,0.001,300,0.6,303.55,TeqpVerificado(x=0.6),NO_CONVERGIO,,True,,CORREGIBLE,0.108686,354.6054,15,"[CORREGIBLE] O2: succión de la bomba bifásica bajo el peor caso de T_amb (riesgo de cavitación) (medido=320.7599095137797, esperado=<= 287.000 K). Causa probable: subenfriamiento insuficiente a la sal",53.53,2,8.19,True,abs.T8,"PropertyRangeError: T_from_Ph(P, h, x): el motor teqp no cubre el estado pedido (ver TASK_CONTEXT 2026-09-18-validar-teqp-nh3h2o). Detalle: h=61287.7 fuera de dominio a P=3.3609e+05 Pa, x=0.6134",False,final,,
A1,MB_t6_STno,barrido_literatura_kcs11,34,lit_bifasico,0.65,5000.0,398.118726,373.0,283.0,1.0,0.8,0.8,0.85,0.75,0.8,0.001,300,0.65,303.55,TeqpVerificado(x=0.65),NO_CONVERGIO,,False,NoBracket,NO_CONVERGIO,,,13,"NoBracket: sin dos extremos evaluables en 5.0 K (f_lo=None, f_hi=None)",120.37,1,0.08,True,sep.ELV,"PropertyRangeError: equilibrio_liquido_vapor(P=5000.0 kPa, T=360.26299351030735 K): no existe equilibrio bifásico para ninguna composición (T fuera de la campana binaria a esa P, motor teqp).",False,bracket,,
A1,MB_t6_STno,barrido_literatura_kcs11,35,lit_T_from_Ph,0.65,1000.0,398.118722,423.0,283.0,1.0,0.8,0.8,0.85,0.75,0.8,0.001,300,0.65,303.55,TeqpVerificado(x=0.65),NO_CONVERGIO,,True,,CORREGIBLE,0.056526,324.746,11,"[CORREGIBLE] O2: succión de la bomba bifásica bajo el peor caso de T_amb (riesgo de cavitación) (medido=320.0187551391912, esperado=<= 287.000 K). Causa probable: subenfriamiento insuficiente a la sal",44.91,2,7.36,True,valv.T7,"PropertyRangeError: T_from_Ph(P, h, x): el motor teqp no cubre el estado pedido (ver TASK_CONTEXT 2026-09-18-validar-teqp-nh3h2o). Detalle: equilibrio no resoluble en T=293.90 K, P=3.9812e+05 Pa, x=0.",False,final,,
A1,MB_t6_STno,barrido_literatura_kcs11,40,lit_bifasico,0.65,1000.0,398.118722,463.0,283.0,1.0,0.8,0.8,0.85,0.75,0.8,0.001,300,0.65,303.55,TeqpVerificado(x=0.65),NO_CONVERGIO,,False,NoBracket,NO_CONVERGIO,,,10,"NoBracket: sin dos extremos evaluables en 5.0 K (f_lo=35.863067033210655, f_hi=None)",12.53,2,5.1,True,sep.ELV,"PropertyRangeError: equilibrio_liquido_vapor(P=1000.0 kPa, T=462.8499803665554 K): no existe equilibrio bifásico para ninguna composición (T fuera de la campana binaria a esa P, motor teqp).",False,bracket,,
A1,MB_t6_STno,barrido_literatura_kcs11,41,lit_T_from_Ph,0.65,1500.0,398.118725,463.0,283.0,1.0,0.8,0.8,0.85,0.75,0.8,0.001,300,0.65,303.55,TeqpVerificado(x=0.65),NO_CONVERGIO,,False,NoBracket,NO_CONVERGIO,,,9,"NoBracket: sin dos extremos evaluables en 5.0 K (f_lo=53.95766645979512, f_hi=None)",29.16,2,8.17,True,abs.T8,"PropertyRangeError: T_from_Ph(P, h, x): el motor teqp no cubre el estado pedido (ver TASK_CONTEXT 2026-09-18-validar-teqp-nh3h2o). Detalle: h=163463 fuera de dominio a P=3.9812e+05 Pa, x=0.6627",False,bracket,,
A1,MB_t6_STno,barrido_literatura_kcs11,42,lit_T_from_Ph,0.65,2000.0,398.118724,463.0,283.0,1.0,0.8,0.8,0.85,0.75,0.8,0.001,300,0.65,303.55,TeqpVerificado(x=0.65),NO_CONVERGIO,,True,,CORREGIBLE,0.101496,348.3531,16,"[CORREGIBLE] O2: succión de la bomba bifásica bajo el peor caso de T_amb (riesgo de cavitación) (medido=319.5935883255965, esperado=<= 287.000 K). Causa probable: subenfriamiento insuficiente a la sal",59.42,2,9.09,True,abs.T8,"PropertyRangeError: T_from_Ph(P, h, x): el motor teqp no cubre el estado pedido (ver TASK_CONTEXT 2026-09-18-validar-teqp-nh3h2o). Detalle: h=67244 fuera de dominio a P=3.9812e+05 Pa, x=0.6627",False,final,,
A1,MB_t6_STno,barrido_literatura_kcs11,49,lit_bifasico,0.7,5000.0,456.322837,373.0,283.0,1.0,0.8,0.8,0.85,0.75,0.8,0.001,300,0.7,303.55,TeqpVerificado(x=0.7),NO_CONVERGIO,,False,NoBracket,NO_CONVERGIO,,,13,"NoBracket: sin dos extremos evaluables en 5.0 K (f_lo=None, f_hi=None)",184.61,1,0.09,True,sep.ELV,"PropertyRangeError: equilibrio_liquido_vapor(P=5000.0 kPa, T=360.3439259844327 K): no existe equilibrio bifásico para ninguna composición (T fuera de la campana binaria a esa P, motor teqp).",False,bracket,,
A1,MB_t6_STno,barrido_literatura_kcs11,50,lit_T_from_Ph,0.7,1000.0,456.322836,423.0,283.0,1.0,0.8,0.8,0.85,0.75,0.8,0.001,300,0.7,303.55,TeqpVerificado(x=0.7),NO_CONVERGIO,,True,,CORREGIBLE,0.049876,318.5512,13,"[CORREGIBLE] O2: succión de la bomba bifásica bajo el peor caso de T_amb (riesgo de cavitación) (medido=318.7120061693637, esperado=<= 287.000 K). Causa probable: subenfriamiento insuficiente a la sal",53.24,2,7.86,True,abs.T8,"PropertyRangeError: T_from_Ph(P, h, x): el motor teqp no cubre el estado pedido (ver TASK_CONTEXT 2026-09-18-validar-teqp-nh3h2o). Detalle: h=49698.1 fuera de dominio a P=4.5632e+05 Pa, x=0.7117",False,final,,
A1,MB_t6_STno,barrido_literatura_kcs11,55,lit_T_from_Ph,0.7,1000.0,456.322836,463.0,283.0,1.0,0.8,0.8,0.85,0.75,0.8,0.001,300,0.7,303.55,TeqpVerificado(x=0.7),NO_CONVERGIO,,False,NoBracket,NO_CONVERGIO,,,9,"NoBracket: sin dos extremos evaluables en 5.0 K (f_lo=34.639706605350455, f_hi=None)",12.11,2,5.61,True,sep.ELV,"PropertyRangeError: equilibrio_liquido_vapor(P=1000.0 kPa, T=462.8499888883884 K): no existe equilibrio bifásico para ninguna composición (T fuera de la campana binaria a esa P, motor teqp).",False,bracket,,
A1,MB_t6_STno,barrido_literatura_kcs11,56,lit_T_from_Ph,0.7,1500.0,456.322836,463.0,283.0,1.0,0.8,0.8,0.85,0.75,0.8,0.001,300,0.7,303.55,TeqpVerificado(x=0.7),NO_CONVERGIO,,False,NoBracket,NO_CONVERGIO,,,9,"NoBracket: sin dos extremos evaluables en 5.0 K (f_lo=48.10778876876532, f_hi=None)",25.7,2,7.53,True,abs.T8,"PropertyRangeError: T_from_Ph(P, h, x): el motor teqp no cubre el estado pedido (ver TASK_CONTEXT 2026-09-18-validar-teqp-nh3h2o). Detalle: h=178144 fuera de dominio a P=4.5632e+05 Pa, x=0.7117",False,bracket,,
A1,MB_t6_STno,barrido_literatura_kcs11,57,lit_T_from_Ph,0.7,2000.0,456.322835,463.0,283.0,1.0,0.8,0.8,0.85,0.75,0.8,0.001,300,0.7,303.55,TeqpVerificado(x=0.7),NO_CONVERGIO,,False,NoBracket,NO_CONVERGIO,,,9,"NoBracket: sin dos extremos evaluables en 5.0 K (f_lo=58.53613008739097, f_hi=None)",25.72,2,7.49,True,abs.T8,"PropertyRangeError: T_from_Ph(P, h, x): el motor teqp no cubre el estado pedido (ver TASK_CONTEXT 2026-09-18-validar-teqp-nh3h2o). Detalle: h=73219.5 fuera de dominio a P=4.5632e+05 Pa, x=0.7117",False,bracket,,
A1,MB_t6_STno,busqueda_libre_v2,8,f2_T_from_Ph,0.35,3000.0,500.0,470.0,300.032917,1.0,0.85,0.75,0.85,0.75,0.95,0.001,300,0.5,303.55,TeqpVerificado(x=0.5),NO_CONVERGIO,,False,PropertyRangeError,NO_CONVERGIO,,,5,"PropertyRangeError: T_from_Ph(P, h, x): el motor teqp no cubre el estado pedido (ver TASK_CONTEXT 2026-09-18-validar-teqp-nh3h2o). Detalle: equilibrio no resoluble en T=296.92 K, P=5e+05 Pa, x=0.1626",21.28,0,0.0,False,valv.T7,,False,brentq,,
A1,MB_t6_STno,busqueda_libre_v2,379,f2_h_Ps,0.5,3000.0,850.0,470.0,300.032917,1.0,0.85,0.75,0.75,0.85,0.85,0.001,300,0.5,303.55,TeqpVerificado(x=0.5),NO_CONVERGIO,,False,PropertyRangeError,NO_CONVERGIO,,,3,"PropertyRangeError: h(P, s, x): el motor teqp no cubre el estado pedido (ver TASK_CONTEXT 2026-09-18-validar-teqp-nh3h2o). Detalle: equilibrio no resoluble en T=345.03 K, P=3e+06 Pa, x=0.5140",24.5,0,0.0,False,bom.h10s,,False,brentq,,
A1,MB_t6_STno,busqueda_libre_v2,802,f2_T_from_Ph,0.7,3300.0,2500.0,470.0,300.032917,1.0,0.85,0.75,0.8,0.8,0.8,0.001,300,0.5,303.55,TeqpVerificado(x=0.5),NO_CONVERGIO,,True,,CORREGIBLE,0.024697,364.6174,14,"[CORREGIBLE] O2: succión de la bomba bifásica bajo el peor caso de T_amb (riesgo de cavitación) (medido=351.9187629396136, esperado=<= 349.329 K). Causa probable: subenfriamiento insuficiente a la sal",72.76,2,11.05,True,abs.T8,"PropertyRangeError: T_from_Ph(P, h, x): el motor teqp no cubre el estado pedido (ver TASK_CONTEXT 2026-09-18-validar-teqp-nh3h2o). Detalle: h=49522.8 fuera de dominio a P=2.5e+06 Pa, x=0.7117",False,final,,
A1,MB_t6_STno,busqueda_libre_v2,853,f2_T_from_Ph,0.8,2800.0,2500.0,470.0,300.032917,1.0,0.85,0.75,0.8,0.8,0.8,0.001,300,0.5,303.55,TeqpVerificado(x=0.5),NO_CONVERGIO,,False,NoBracket,NO_CONVERGIO,,,9,"NoBracket: sin dos extremos evaluables en 5.0 K (f_lo=47.22014554636854, f_hi=None)",37.21,2,9.44,True,abs.T8,"PropertyRangeError: T_from_Ph(P, h, x): el motor teqp no cubre el estado pedido (ver TASK_CONTEXT 2026-09-18-validar-teqp-nh3h2o). Detalle: h=69842.5 fuera de dominio a P=2.5e+06 Pa, x=0.8088",False,bracket,,
A1,MB_t6_STno,busqueda_libre_v2,865,f2_h_Ps,0.8,4000.0,2200.0,470.0,300.032917,1.0,0.85,0.75,0.8,0.8,0.8,0.001,300,0.5,303.55,TeqpVerificado(x=0.5),NO_CONVERGIO,,False,NoBracket,NO_CONVERGIO,,,11,"NoBracket: sin dos extremos evaluables en 5.0 K (f_lo=None, f_hi=-88.85834794434072)",26.0,1,1.48,True,turb.h4s,"PropertyRangeError: h(P, s, x): el motor teqp no cubre el estado pedido (ver TASK_CONTEXT 2026-09-18-validar-teqp-nh3h2o). Detalle: equilibrio no resoluble en T=469.60 K, P=2.2e+06 Pa, x=0.8861",False,bracket,,
A1,MB_t6_STno,busqueda_libre_v2,885,f2_T_from_Ph,0.85,3000.0,1500.0,470.0,300.032917,1.0,0.85,0.75,0.8,0.8,0.8,0.001,300,0.5,303.55,TeqpVerificado(x=0.5),NO_CONVERGIO,,False,NoBracket,NO_CONVERGIO,,,9,"NoBracket: sin dos extremos evaluables en 5.0 K (f_lo=46.580450094153434, f_hi=None)",30.0,2,9.51,True,abs.T8,"PropertyRangeError: T_from_Ph(P, h, x): el motor teqp no cubre el estado pedido (ver TASK_CONTEXT 2026-09-18-validar-teqp-nh3h2o). Detalle: h=65584.5 fuera de dominio a P=1.5e+06 Pa, x=0.8570",False,bracket,,
A1,MB_t6_STno,busqueda_libre_v2,907,f2_T_from_Ph,0.85,4500.0,1600.0,470.0,300.032917,1.0,0.85,0.75,0.8,0.8,0.8,0.001,300,0.5,303.55,TeqpVerificado(x=0.5),NO_CONVERGIO,,True,,CORREGIBLE,0.096148,362.6177,13,"[CORREGIBLE] O2: succión de la bomba bifásica bajo el peor caso de T_amb (riesgo de cavitación) (medido=321.91562608170227, esperado=<= 320.496 K). Causa probable: subenfriamiento insuficiente a la sa",55.77,2,5.93,True,hrvg.T2,"PropertyRangeError: T_from_Ph(P, h, x): el motor teqp no cubre el estado pedido (ver TASK_CONTEXT 2026-09-18-validar-teqp-nh3h2o). Detalle: equilibrio no resoluble en T=479.01 K, P=4.5e+06 Pa, x=0.857",False,final,,
A1,MB_t6_STno,busqueda_libre_v2,997,f2_T_from_Ph,0.85,3600.0,1655.0,380.0,300.032917,1.0,0.85,0.75,0.8,0.8,0.8,0.001,300,0.5,303.55,TeqpVerificado(x=0.5),NO_CONVERGIO,,False,PropertyRangeError,NO_CONVERGIO,,,5,"PropertyRangeError: T_from_Ph(P, h, x): el motor teqp no cubre el estado pedido (ver TASK_CONTEXT 2026-09-18-validar-teqp-nh3h2o). Detalle: h=-2.35123e+07 fuera de dominio a P=3.6e+06 Pa, x=0.8570",18.77,0,0.0,False,hrvg.T2,,False,brentq,,
A1,MB_t6_STno,busqueda_libre_v2,1178,f2_h_Ps,0.85,4000.0,2800.0,440.0,300.032917,1.0,0.85,0.75,0.8,0.8,0.8,0.001,300,0.5,303.55,TeqpVerificado(x=0.5),NO_CONVERGIO,,False,NoBracket,NO_CONVERGIO,,,8,"NoBracket: sin dos extremos evaluables en 5.0 K (f_lo=None, f_hi=-78.01781545476678)",15.88,1,1.21,True,turb.h4s,"PropertyRangeError: h(P, s, x): el motor teqp no cubre el estado pedido (ver TASK_CONTEXT 2026-09-18-validar-teqp-nh3h2o). Detalle: equilibrio no resoluble en T=447.38 K, P=2.8e+06 Pa, x=0.9350",False,bracket,,
A1,MB_t6_STno,busqueda_libre_v2,1214,f2_T_from_Ph,0.8,2800.0,1400.0,460.0,300.032917,1.0,0.85,0.75,0.8,0.8,0.8,0.001,300,0.5,303.55,TeqpVerificado(x=0.5),NO_CONVERGIO,,False,NoBracket,NO_CONVERGIO,,,9,"NoBracket: sin dos extremos evaluables en 5.0 K (f_lo=47.17074524702059, f_hi=None)",32.3,2,8.36,True,abs.T8,"PropertyRangeError: T_from_Ph(P, h, x): el motor teqp no cubre el estado pedido (ver TASK_CONTEXT 2026-09-18-validar-teqp-nh3h2o). Detalle: h=52162 fuera de dominio a P=1.4e+06 Pa, x=0.8088",False,bracket,,
A1,MB_t6_STno,busqueda_libre_v2,1251,f2_T_from_Ph,0.7,4000.0,1280.0,470.0,300.032917,1.0,0.85,0.75,0.8,0.8,0.8,0.001,300,0.5,303.55,TeqpVerificado(x=0.5),NO_CONVERGIO,,True,,CORREGIBLE,0.092556,373.1748,15,"[CORREGIBLE] O2: succión de la bomba bifásica bajo el peor caso de T_amb (riesgo de cavitación) (medido=326.4793798479543, esperado=<= 321.293 K). Causa probable: subenfriamiento insuficiente a la sal",74.04,1,0.51,True,hrvg.T2,"PropertyRangeError: T_from_Ph(P, h, x): el motor teqp no cubre el estado pedido (ver TASK_CONTEXT 2026-09-18-validar-teqp-nh3h2o). Detalle: equilibrio no resoluble en T=516.61 K, P=4e+06 Pa, x=0.7117",False,final,,
A1,MB_t6_STno,busqueda_libre_v2,1285,f2_T_from_Ph,0.85,2800.0,895.0,470.0,300.032917,1.0,0.85,0.75,0.8,0.8,0.8,0.001,300,0.5,303.55,TeqpVerificado(x=0.5),NO_CONVERGIO,,False,NoBracket,NO_CONVERGIO,,,9,"NoBracket: sin dos extremos evaluables en 5.0 K (f_lo=44.06384115778371, f_hi=None)",27.6,2,8.6,True,abs.T8,"PropertyRangeError: T_from_Ph(P, h, x): el motor teqp no cubre el estado pedido (ver TASK_CONTEXT 2026-09-18-validar-teqp-nh3h2o). Detalle: h=68987.7 fuera de dominio a P=8.95e+05 Pa, x=0.8570",False,bracket,,
A1,MB_t6_STno,busqueda_libre_v2,1293,f2_h_Ps,0.85,3600.0,2520.0,470.0,300.032917,1.0,0.85,0.75,0.8,0.8,0.8,0.001,300,0.5,303.55,TeqpVerificado(x=0.5),NO_CONVERGIO,,False,NoBracket,NO_CONVERGIO,,,13,"NoBracket: sin dos extremos evaluables en 5.0 K (f_lo=None, f_hi=None)",23.55,1,1.43,True,turb.h4s,"PropertyRangeError: h(P, s, x): el motor teqp no cubre el estado pedido (ver TASK_CONTEXT 2026-09-18-validar-teqp-nh3h2o). Detalle: equilibrio no resoluble en T=454.86 K, P=2.52e+06 Pa, x=0.9185",False,bracket,,
A1,MB_t6_STno,busqueda_libre_v2,1307,f2_T_from_Ph,0.7,3600.0,1150.0,480.0,300.032917,1.0,0.85,0.75,0.8,0.8,0.8,0.001,300,0.5,303.55,TeqpVerificado(x=0.5),NO_CONVERGIO,,True,,CORREGIBLE,0.090219,368.4642,16,"[CORREGIBLE] O2: succión de la bomba bifásica bajo el peor caso de T_amb (riesgo de cavitación) (medido=323.19991254081486, esperado=<= 317.287 K). Causa probable: subenfriamiento insuficiente a la sa",83.31,2,13.31,True,abs.T8,"PropertyRangeError: T_from_Ph(P, h, x): el motor teqp no cubre el estado pedido (ver TASK_CONTEXT 2026-09-18-validar-teqp-nh3h2o). Detalle: h=53841.7 fuera de dominio a P=1.15e+06 Pa, x=0.7117",False,final,,
A1,MB_t6_STno,busqueda_libre_v2,1327,f2_T_from_Ph,0.75,4000.0,2800.0,480.0,300.032917,1.0,0.85,0.75,0.8,0.8,0.8,0.001,300,0.5,303.55,TeqpVerificado(x=0.5),NO_CONVERGIO,,True,,CORREGIBLE,0.033516,368.5306,16,"[CORREGIBLE] O2: succión de la bomba bifásica bajo el peor caso de T_amb (riesgo de cavitación) (medido=351.9420907373, esperado=<= 350.374 K). Causa probable: subenfriamiento insuficiente a la salida",98.1,2,14.06,True,abs.T8,"PropertyRangeError: T_from_Ph(P, h, x): el motor teqp no cubre el estado pedido (ver TASK_CONTEXT 2026-09-18-validar-teqp-nh3h2o). Detalle: h=54694.6 fuera de dominio a P=2.8e+06 Pa, x=0.7604",False,final,,
A1,MB_t6_STno,busqueda_libre_v2,1363,f2_T_from_Ph,0.7,2800.0,1960.0,500.0,300.032917,1.0,0.85,0.75,0.8,0.8,0.8,0.001,300,0.5,303.55,TeqpVerificado(x=0.5),NO_CONVERGIO,,False,NoBracket,NO_CONVERGIO,,,9,"NoBracket: sin dos extremos evaluables en 5.0 K (f_lo=56.60351980407671, f_hi=None)",33.91,2,8.88,True,abs.T8,"PropertyRangeError: T_from_Ph(P, h, x): el motor teqp no cubre el estado pedido (ver TASK_CONTEXT 2026-09-18-validar-teqp-nh3h2o). Detalle: h=553036 fuera de dominio a P=1.96e+06 Pa, x=0.7117",False,bracket,,
A1,MB_t6_STno,busqueda_libre_v2,1382,f2_T_from_Ph,0.75,3600.0,1150.0,500.0,300.032917,1.0,0.85,0.75,0.8,0.8,0.8,0.001,300,0.5,303.55,TeqpVerificado(x=0.5),NO_CONVERGIO,,False,NoBracket,NO_CONVERGIO,,,9,"NoBracket: sin dos extremos evaluables en 5.0 K (f_lo=62.594661735773514, f_hi=None)",28.14,2,7.76,True,hrvg.T2,"PropertyRangeError: T_from_Ph(P, h, x): el motor teqp no cubre el estado pedido (ver TASK_CONTEXT 2026-09-18-validar-teqp-nh3h2o). Detalle: equilibrio no resoluble en T=507.15 K, P=3.6e+06 Pa, x=0.760",False,bracket,,
A1,MB_t6_STno,busqueda_libre_v2,1402,f2_T_from_Ph,0.8,4000.0,2800.0,500.0,300.032917,1.0,0.85,0.75,0.8,0.8,0.8,0.001,300,0.5,303.55,TeqpVerificado(x=0.5),NO_CONVERGIO,,False,NoBracket,NO_CONVERGIO,,,9,"NoBracket: sin dos extremos evaluables en 5.0 K (f_lo=63.321426403029704, f_hi=None)",39.27,2,13.49,True,abs.T8,"PropertyRangeError: T_from_Ph(P, h, x): el motor teqp no cubre el estado pedido (ver TASK_CONTEXT 2026-09-18-validar-teqp-nh3h2o). Detalle: h=105570 fuera de dominio a P=2.8e+06 Pa, x=0.8088",False,bracket,,
A1,MB_t6_STno,busqueda_libre_v2,1411,f2_h_Ps,0.85,3600.0,2520.0,500.0,300.032917,1.0,0.85,0.75,0.8,0.8,0.8,0.001,300,0.5,303.55,TeqpVerificado(x=0.5),NO_CONVERGIO,,False,NoBracket,NO_CONVERGIO,,,13,"NoBracket: sin dos extremos evaluables en 5.0 K (f_lo=None, f_hi=None)",23.56,1,1.43,True,turb.h4s,"PropertyRangeError: h(P, s, x): el motor teqp no cubre el estado pedido (ver TASK_CONTEXT 2026-09-18-validar-teqp-nh3h2o). Detalle: equilibrio no resoluble en T=463.61 K, P=2.52e+06 Pa, x=0.9030",False,bracket,,
A1,MB_t6_STno,busqueda_libre_v2,1505,f2_T_from_Ph,0.75,4000.0,1840.0,400.0,300.032917,1.0,0.85,0.75,0.8,0.8,0.85,0.001,300,0.5,303.55,TeqpVerificado(x=0.5),NO_CONVERGIO,,False,PropertyRangeError,NO_CONVERGIO,,,6,"PropertyRangeError: T_from_Ph(P, h, x): el motor teqp no cubre el estado pedido (ver TASK_CONTEXT 2026-09-18-validar-teqp-nh3h2o). Detalle: h=-5.83279e+08 fuera de dominio a P=4e+06 Pa, x=0.7604",21.38,0,0.0,False,hrvg.T2,,False,brentq,,
A1,MB_t6_STsi,barrido_literatura_kcs11,3,lit_T_from_Ph,0.55,3000.0,273.545422,373.0,283.0,1.0,0.8,0.8,0.85,0.75,0.8,0.001,300,0.55,303.55,TeqpVerificado(x=0.55),NO_CONVERGIO,,False,NoBracket,NO_CONVERGIO,,,8,"NoBracket: sin dos extremos evaluables en 5.0 K (f_lo=None, f_hi=-15.73177165108325)",19.27,1,1.19,True,abs.T8,"PropertyRangeError: T_from_Ph(P, h, x): el motor teqp no cubre el estado pedido (ver TASK_CONTEXT 2026-09-18-validar-teqp-nh3h2o). Detalle: h=-6412.95 fuera de dominio a P=2.7355e+05 Pa, x=0.5639",False,bracket,,
A1,MB_t6_STsi,barrido_literatura_kcs11,4,lit_bifasico,0.55,5000.0,273.545422,373.0,283.0,1.0,0.8,0.8,0.85,0.75,0.8,0.001,300,0.55,303.55,TeqpVerificado(x=0.55),NO_CONVERGIO,,False,NoBracket,NO_CONVERGIO,,,13,"NoBracket: sin dos extremos evaluables en 5.0 K (f_lo=None, f_hi=None)",139.71,1,0.08,True,sep.ELV,"PropertyRangeError: equilibrio_liquido_vapor(P=5000.0 kPa, T=360.1588970163568 K): no existe equilibrio bifásico para ninguna composición (T fuera de la campana binaria a esa P, motor teqp).",False,bracket,,
A1,MB_t6_STsi,barrido_literatura_kcs11,5,lit_T_from_Ph,0.55,1000.0,273.545422,423.0,283.0,1.0,0.8,0.8,0.85,0.75,0.8,0.001,300,0.55,303.55,TeqpVerificado(x=0.55),NO_CONVERGIO,,True,,CORREGIBLE,0.075082,338.8243,10,"[CORREGIBLE] O2: succión de la bomba bifásica bajo el peor caso de T_amb (riesgo de cavitación) (medido=322.14902629775247, esperado=<= 287.000 K). Causa probable: subenfriamiento insuficiente a la sa",36.72,1,1.47,True,valv.T7,"PropertyRangeError: T_from_Ph(P, h, x): el motor teqp no cubre el estado pedido (ver TASK_CONTEXT 2026-09-18-validar-teqp-nh3h2o). Detalle: equilibrio no resoluble en T=277.42 K, P=2.7355e+05 Pa, x=0.",False,final,,
A1,MB_t6_STsi,barrido_literatura_kcs11,10,lit_bifasico,0.55,1000.0,273.545422,463.0,283.0,1.0,0.8,0.8,0.85,0.75,0.8,0.001,300,0.55,303.55,TeqpVerificado(x=0.55),NO_CONVERGIO,,False,NoBracket,NO_CONVERGIO,,,9,"NoBracket: sin dos extremos evaluables en 5.0 K (f_lo=54.93951413730673, f_hi=None)",13.0,2,6.17,True,sep.ELV,"PropertyRangeError: equilibrio_liquido_vapor(P=1000.0 kPa, T=462.8499610351539 K): no existe equilibrio bifásico para ninguna composición (T fuera de la campana binaria a esa P, motor teqp).",False,bracket,,
A1,MB_t6_STsi,barrido_literatura_kcs11,11,lit_T_from_Ph,0.55,1500.0,273.545421,463.0,283.0,1.0,0.8,0.8,0.85,0.75,0.8,0.001,300,0.55,303.55,TeqpVerificado(x=0.55),NO_CONVERGIO,,False,NoBracket,NO_CONVERGIO,,,9,"NoBracket: sin dos extremos evaluables en 5.0 K (f_lo=67.40799088752499, f_hi=None)",27.1,2,7.88,True,abs.T8,"PropertyRangeError: T_from_Ph(P, h, x): el motor teqp no cubre el estado pedido (ver TASK_CONTEXT 2026-09-18-validar-teqp-nh3h2o). Detalle: h=134105 fuera de dominio a P=2.7355e+05 Pa, x=0.5639",False,bracket,,
A1,MB_t6_STsi,barrido_literatura_kcs11,12,lit_T_from_Ph,0.55,2000.0,273.54542,463.0,283.0,1.0,0.8,0.8,0.85,0.75,0.8,0.001,300,0.55,303.55,TeqpVerificado(x=0.55),NO_CONVERGIO,,True,,CORREGIBLE,0.117849,361.3612,14,"[CORREGIBLE] O2: succión de la bomba bifásica bajo el peor caso de T_amb (riesgo de cavitación) (medido=321.7027875074426, esperado=<= 287.000 K). Causa probable: subenfriamiento insuficiente a la sal",50.13,2,8.08,True,abs.T8,"PropertyRangeError: T_from_Ph(P, h, x): el motor teqp no cubre el estado pedido (ver TASK_CONTEXT 2026-09-18-validar-teqp-nh3h2o). Detalle: h=55398.8 fuera de dominio a P=2.7355e+05 Pa, x=0.5639",False,final,,
A1,MB_t6_STsi,barrido_literatura_kcs11,19,lit_bifasico,0.6,5000.0,336.094595,373.0,283.0,1.0,0.8,0.8,0.85,0.75,0.8,0.001,300,0.6,303.55,TeqpVerificado(x=0.6),NO_CONVERGIO,,False,NoBracket,NO_CONVERGIO,,,13,"NoBracket: sin dos extremos evaluables en 5.0 K (f_lo=None, f_hi=None)",125.93,1,0.08,True,sep.ELV,"PropertyRangeError: equilibrio_liquido_vapor(P=5000.0 kPa, T=360.20055414536876 K): no existe equilibrio bifásico para ninguna composición (T fuera de la campana binaria a esa P, motor teqp).",False,bracket,,
A1,MB_t6_STsi,barrido_literatura_kcs11,20,lit_T_from_Ph,0.6,1000.0,336.094584,423.0,283.0,1.0,0.8,0.8,0.85,0.75,0.8,0.001,300,0.6,303.55,TeqpVerificado(x=0.6),NO_CONVERGIO,,False,PropertyRangeError,NO_CONVERGIO,,,4,"PropertyRangeError: T_from_Ph(P, h, x): el motor teqp no cubre el estado pedido (ver TASK_CONTEXT 2026-09-18-validar-teqp-nh3h2o). Detalle: equilibrio no resoluble en T=296.41 K, P=3.3609e+05 Pa, x=0.",18.1,0,0.0,False,valv.T7,,False,brentq,,
A1,MB_t6_STsi,barrido_literatura_kcs11,25,lit_bifasico,0.6,1000.0,336.094584,463.0,283.0,1.0,0.8,0.8,0.85,0.75,0.8,0.001,300,0.6,303.55,TeqpVerificado(x=0.6),NO_CONVERGIO,,False,NoBracket,NO_CONVERGIO,,,11,"NoBracket: sin dos extremos evaluables en 5.0 K (f_lo=37.71416367149686, f_hi=None)",13.15,2,4.62,True,sep.ELV,"PropertyRangeError: equilibrio_liquido_vapor(P=1000.0 kPa, T=462.8499711017988 K): no existe equilibrio bifásico para ninguna composición (T fuera de la campana binaria a esa P, motor teqp).",False,bracket,,
A1,MB_t6_STsi,barrido_literatura_kcs11,27,lit_T_from_Ph,0.6,2000.0,336.094594,463.0,283.0,1.0,0.8,0.8,0.85,0.75,0.8,0.001,300,0.6,303.55,TeqpVerificado(x=0.6),NO_CONVERGIO,,True,,CORREGIBLE,0.108686,354.6054,15,"[CORREGIBLE] O2: succión de la bomba bifásica bajo el peor caso de T_amb (riesgo de cavitación) (medido=320.7599095137797, esperado=<= 287.000 K). Causa probable: subenfriamiento insuficiente a la sal",53.88,2,8.29,True,abs.T8,"PropertyRangeError: T_from_Ph(P, h, x): el motor teqp no cubre el estado pedido (ver TASK_CONTEXT 2026-09-18-validar-teqp-nh3h2o). Detalle: h=61287.7 fuera de dominio a P=3.3609e+05 Pa, x=0.6134",False,final,,
A1,MB_t6_STsi,barrido_literatura_kcs11,34,lit_bifasico,0.65,5000.0,398.118726,373.0,283.0,1.0,0.8,0.8,0.85,0.75,0.8,0.001,300,0.65,303.55,TeqpVerificado(x=0.65),NO_CONVERGIO,,False,NoBracket,NO_CONVERGIO,,,13,"NoBracket: sin dos extremos evaluables en 5.0 K (f_lo=None, f_hi=None)",118.83,1,0.09,True,sep.ELV,"PropertyRangeError: equilibrio_liquido_vapor(P=5000.0 kPa, T=360.26299351030735 K): no existe equilibrio bifásico para ninguna composición (T fuera de la campana binaria a esa P, motor teqp).",False,bracket,,
A1,MB_t6_STsi,barrido_literatura_kcs11,35,lit_T_from_Ph,0.65,1000.0,398.118722,423.0,283.0,1.0,0.8,0.8,0.85,0.75,0.8,0.001,300,0.65,303.55,TeqpVerificado(x=0.65),NO_CONVERGIO,,True,,CORREGIBLE,0.056526,324.746,11,"[CORREGIBLE] O2: succión de la bomba bifásica bajo el peor caso de T_amb (riesgo de cavitación) (medido=320.0187551391912, esperado=<= 287.000 K). Causa probable: subenfriamiento insuficiente a la sal",45.19,2,7.38,True,valv.T7,"PropertyRangeError: T_from_Ph(P, h, x): el motor teqp no cubre el estado pedido (ver TASK_CONTEXT 2026-09-18-validar-teqp-nh3h2o). Detalle: equilibrio no resoluble en T=293.90 K, P=3.9812e+05 Pa, x=0.",False,final,,
A1,MB_t6_STsi,barrido_literatura_kcs11,40,lit_bifasico,0.65,1000.0,398.118722,463.0,283.0,1.0,0.8,0.8,0.85,0.75,0.8,0.001,300,0.65,303.55,TeqpVerificado(x=0.65),NO_CONVERGIO,,False,NoBracket,NO_CONVERGIO,,,10,"NoBracket: sin dos extremos evaluables en 5.0 K (f_lo=35.863067033210655, f_hi=None)",12.5,2,5.05,True,sep.ELV,"PropertyRangeError: equilibrio_liquido_vapor(P=1000.0 kPa, T=462.8499803665554 K): no existe equilibrio bifásico para ninguna composición (T fuera de la campana binaria a esa P, motor teqp).",False,bracket,,
A1,MB_t6_STsi,barrido_literatura_kcs11,41,lit_T_from_Ph,0.65,1500.0,398.118725,463.0,283.0,1.0,0.8,0.8,0.85,0.75,0.8,0.001,300,0.65,303.55,TeqpVerificado(x=0.65),NO_CONVERGIO,,False,NoBracket,NO_CONVERGIO,,,9,"NoBracket: sin dos extremos evaluables en 5.0 K (f_lo=53.95766645979512, f_hi=None)",28.95,2,8.07,True,abs.T8,"PropertyRangeError: T_from_Ph(P, h, x): el motor teqp no cubre el estado pedido (ver TASK_CONTEXT 2026-09-18-validar-teqp-nh3h2o). Detalle: h=163463 fuera de dominio a P=3.9812e+05 Pa, x=0.6627",False,bracket,,
A1,MB_t6_STsi,barrido_literatura_kcs11,42,lit_T_from_Ph,0.65,2000.0,398.118724,463.0,283.0,1.0,0.8,0.8,0.85,0.75,0.8,0.001,300,0.65,303.55,TeqpVerificado(x=0.65),NO_CONVERGIO,,True,,CORREGIBLE,0.101496,348.3531,16,"[CORREGIBLE] O2: succión de la bomba bifásica bajo el peor caso de T_amb (riesgo de cavitación) (medido=319.5935883255965, esperado=<= 287.000 K). Causa probable: subenfriamiento insuficiente a la sal",58.93,2,9.05,True,abs.T8,"PropertyRangeError: T_from_Ph(P, h, x): el motor teqp no cubre el estado pedido (ver TASK_CONTEXT 2026-09-18-validar-teqp-nh3h2o). Detalle: h=67244 fuera de dominio a P=3.9812e+05 Pa, x=0.6627",False,final,,
A1,MB_t6_STsi,barrido_literatura_kcs11,49,lit_bifasico,0.7,5000.0,456.322837,373.0,283.0,1.0,0.8,0.8,0.85,0.75,0.8,0.001,300,0.7,303.55,TeqpVerificado(x=0.7),NO_CONVERGIO,,False,NoBracket,NO_CONVERGIO,,,13,"NoBracket: sin dos extremos evaluables en 5.0 K (f_lo=None, f_hi=None)",185.26,1,0.09,True,sep.ELV,"PropertyRangeError: equilibrio_liquido_vapor(P=5000.0 kPa, T=360.3439259844327 K): no existe equilibrio bifásico para ninguna composición (T fuera de la campana binaria a esa P, motor teqp).",False,bracket,,
A1,MB_t6_STsi,barrido_literatura_kcs11,50,lit_T_from_Ph,0.7,1000.0,456.322836,423.0,283.0,1.0,0.8,0.8,0.85,0.75,0.8,0.001,300,0.7,303.55,TeqpVerificado(x=0.7),NO_CONVERGIO,,True,,CORREGIBLE,0.049876,318.5512,13,"[CORREGIBLE] O2: succión de la bomba bifásica bajo el peor caso de T_amb (riesgo de cavitación) (medido=318.7120061693637, esperado=<= 287.000 K). Causa probable: subenfriamiento insuficiente a la sal",53.05,2,7.83,True,abs.T8,"PropertyRangeError: T_from_Ph(P, h, x): el motor teqp no cubre el estado pedido (ver TASK_CONTEXT 2026-09-18-validar-teqp-nh3h2o). Detalle: h=49698.1 fuera de dominio a P=4.5632e+05 Pa, x=0.7117",False,final,,
A1,MB_t6_STsi,barrido_literatura_kcs11,55,lit_T_from_Ph,0.7,1000.0,456.322836,463.0,283.0,1.0,0.8,0.8,0.85,0.75,0.8,0.001,300,0.7,303.55,TeqpVerificado(x=0.7),NO_CONVERGIO,,False,NoBracket,NO_CONVERGIO,,,9,"NoBracket: sin dos extremos evaluables en 5.0 K (f_lo=34.639706605350455, f_hi=None)",12.26,2,5.67,True,sep.ELV,"PropertyRangeError: equilibrio_liquido_vapor(P=1000.0 kPa, T=462.8499888883884 K): no existe equilibrio bifásico para ninguna composición (T fuera de la campana binaria a esa P, motor teqp).",False,bracket,,
A1,MB_t6_STsi,barrido_literatura_kcs11,56,lit_T_from_Ph,0.7,1500.0,456.322836,463.0,283.0,1.0,0.8,0.8,0.85,0.75,0.8,0.001,300,0.7,303.55,TeqpVerificado(x=0.7),NO_CONVERGIO,,False,NoBracket,NO_CONVERGIO,,,9,"NoBracket: sin dos extremos evaluables en 5.0 K (f_lo=48.10778876876532, f_hi=None)",25.73,2,7.53,True,abs.T8,"PropertyRangeError: T_from_Ph(P, h, x): el motor teqp no cubre el estado pedido (ver TASK_CONTEXT 2026-09-18-validar-teqp-nh3h2o). Detalle: h=178144 fuera de dominio a P=4.5632e+05 Pa, x=0.7117",False,bracket,,
A1,MB_t6_STsi,barrido_literatura_kcs11,57,lit_T_from_Ph,0.7,2000.0,456.322835,463.0,283.0,1.0,0.8,0.8,0.85,0.75,0.8,0.001,300,0.7,303.55,TeqpVerificado(x=0.7),NO_CONVERGIO,,False,NoBracket,NO_CONVERGIO,,,9,"NoBracket: sin dos extremos evaluables en 5.0 K (f_lo=58.53613008739097, f_hi=None)",25.73,2,7.52,True,abs.T8,"PropertyRangeError: T_from_Ph(P, h, x): el motor teqp no cubre el estado pedido (ver TASK_CONTEXT 2026-09-18-validar-teqp-nh3h2o). Detalle: h=73219.5 fuera de dominio a P=4.5632e+05 Pa, x=0.7117",False,bracket,,
A1,MB_t6_STsi,busqueda_libre_v2,8,f2_T_from_Ph,0.35,3000.0,500.0,470.0,300.032917,1.0,0.85,0.75,0.85,0.75,0.95,0.001,300,0.5,303.55,TeqpVerificado(x=0.5),NO_CONVERGIO,,False,PropertyRangeError,NO_CONVERGIO,,,5,"PropertyRangeError: T_from_Ph(P, h, x): el motor teqp no cubre el estado pedido (ver TASK_CONTEXT 2026-09-18-validar-teqp-nh3h2o). Detalle: equilibrio no resoluble en T=296.92 K, P=5e+05 Pa, x=0.1626",21.29,0,0.0,False,valv.T7,,False,brentq,,
A1,MB_t6_STsi,busqueda_libre_v2,379,f2_h_Ps,0.5,3000.0,850.0,470.0,300.032917,1.0,0.85,0.75,0.75,0.85,0.85,0.001,300,0.5,303.55,TeqpVerificado(x=0.5),NO_CONVERGIO,,False,PropertyRangeError,NO_CONVERGIO,,,3,"PropertyRangeError: h(P, s, x): el motor teqp no cubre el estado pedido (ver TASK_CONTEXT 2026-09-18-validar-teqp-nh3h2o). Detalle: equilibrio no resoluble en T=345.03 K, P=3e+06 Pa, x=0.5140",24.42,0,0.0,False,bom.h10s,,False,brentq,,
A1,MB_t6_STsi,busqueda_libre_v2,802,f2_T_from_Ph,0.7,3300.0,2500.0,470.0,300.032917,1.0,0.85,0.75,0.8,0.8,0.8,0.001,300,0.5,303.55,TeqpVerificado(x=0.5),NO_CONVERGIO,,True,,CORREGIBLE,0.024697,364.6174,14,"[CORREGIBLE] O2: succión de la bomba bifásica bajo el peor caso de T_amb (riesgo de cavitación) (medido=351.9187629396136, esperado=<= 349.329 K). Causa probable: subenfriamiento insuficiente a la sal",72.27,2,11.09,True,abs.T8,"PropertyRangeError: T_from_Ph(P, h, x): el motor teqp no cubre el estado pedido (ver TASK_CONTEXT 2026-09-18-validar-teqp-nh3h2o). Detalle: h=49522.8 fuera de dominio a P=2.5e+06 Pa, x=0.7117",False,final,,
A1,MB_t6_STsi,busqueda_libre_v2,853,f2_T_from_Ph,0.8,2800.0,2500.0,470.0,300.032917,1.0,0.85,0.75,0.8,0.8,0.8,0.001,300,0.5,303.55,TeqpVerificado(x=0.5),NO_CONVERGIO,,False,NoBracket,NO_CONVERGIO,,,9,"NoBracket: sin dos extremos evaluables en 5.0 K (f_lo=47.22014554636854, f_hi=None)",37.28,2,9.47,True,abs.T8,"PropertyRangeError: T_from_Ph(P, h, x): el motor teqp no cubre el estado pedido (ver TASK_CONTEXT 2026-09-18-validar-teqp-nh3h2o). Detalle: h=69842.5 fuera de dominio a P=2.5e+06 Pa, x=0.8088",False,bracket,,
A1,MB_t6_STsi,busqueda_libre_v2,865,f2_h_Ps,0.8,4000.0,2200.0,470.0,300.032917,1.0,0.85,0.75,0.8,0.8,0.8,0.001,300,0.5,303.55,TeqpVerificado(x=0.5),NO_CONVERGIO,,False,NoBracket,NO_CONVERGIO,,,11,"NoBracket: sin dos extremos evaluables en 5.0 K (f_lo=None, f_hi=-88.85834794434072)",25.93,1,1.42,True,turb.h4s,"PropertyRangeError: h(P, s, x): el motor teqp no cubre el estado pedido (ver TASK_CONTEXT 2026-09-18-validar-teqp-nh3h2o). Detalle: equilibrio no resoluble en T=469.60 K, P=2.2e+06 Pa, x=0.8861",False,bracket,,
A1,MB_t6_STsi,busqueda_libre_v2,885,f2_T_from_Ph,0.85,3000.0,1500.0,470.0,300.032917,1.0,0.85,0.75,0.8,0.8,0.8,0.001,300,0.5,303.55,TeqpVerificado(x=0.5),NO_CONVERGIO,,False,NoBracket,NO_CONVERGIO,,,9,"NoBracket: sin dos extremos evaluables en 5.0 K (f_lo=46.580450094153434, f_hi=None)",29.72,2,9.43,True,abs.T8,"PropertyRangeError: T_from_Ph(P, h, x): el motor teqp no cubre el estado pedido (ver TASK_CONTEXT 2026-09-18-validar-teqp-nh3h2o). Detalle: h=65584.5 fuera de dominio a P=1.5e+06 Pa, x=0.8570",False,bracket,,
A1,MB_t6_STsi,busqueda_libre_v2,907,f2_T_from_Ph,0.85,4500.0,1600.0,470.0,300.032917,1.0,0.85,0.75,0.8,0.8,0.8,0.001,300,0.5,303.55,TeqpVerificado(x=0.5),NO_CONVERGIO,,True,,CORREGIBLE,0.096148,362.6177,13,"[CORREGIBLE] O2: succión de la bomba bifásica bajo el peor caso de T_amb (riesgo de cavitación) (medido=321.91562608170227, esperado=<= 320.496 K). Causa probable: subenfriamiento insuficiente a la sa",55.67,2,5.77,True,hrvg.T2,"PropertyRangeError: T_from_Ph(P, h, x): el motor teqp no cubre el estado pedido (ver TASK_CONTEXT 2026-09-18-validar-teqp-nh3h2o). Detalle: equilibrio no resoluble en T=479.01 K, P=4.5e+06 Pa, x=0.857",False,final,,
A1,MB_t6_STsi,busqueda_libre_v2,997,f2_T_from_Ph,0.85,3600.0,1655.0,380.0,300.032917,1.0,0.85,0.75,0.8,0.8,0.8,0.001,300,0.5,303.55,TeqpVerificado(x=0.5),NO_CONVERGIO,,False,PropertyRangeError,NO_CONVERGIO,,,5,"PropertyRangeError: T_from_Ph(P, h, x): el motor teqp no cubre el estado pedido (ver TASK_CONTEXT 2026-09-18-validar-teqp-nh3h2o). Detalle: h=-2.35123e+07 fuera de dominio a P=3.6e+06 Pa, x=0.8570",18.71,0,0.0,False,hrvg.T2,,False,brentq,,
A1,MB_t6_STsi,busqueda_libre_v2,1178,f2_h_Ps,0.85,4000.0,2800.0,440.0,300.032917,1.0,0.85,0.75,0.8,0.8,0.8,0.001,300,0.5,303.55,TeqpVerificado(x=0.5),NO_CONVERGIO,,False,NoBracket,NO_CONVERGIO,,,8,"NoBracket: sin dos extremos evaluables en 5.0 K (f_lo=None, f_hi=-78.01781545476678)",15.97,1,1.22,True,turb.h4s,"PropertyRangeError: h(P, s, x): el motor teqp no cubre el estado pedido (ver TASK_CONTEXT 2026-09-18-validar-teqp-nh3h2o). Detalle: equilibrio no resoluble en T=447.38 K, P=2.8e+06 Pa, x=0.9350",False,bracket,,
A1,MB_t6_STsi,busqueda_libre_v2,1214,f2_T_from_Ph,0.8,2800.0,1400.0,460.0,300.032917,1.0,0.85,0.75,0.8,0.8,0.8,0.001,300,0.5,303.55,TeqpVerificado(x=0.5),NO_CONVERGIO,,False,NoBracket,NO_CONVERGIO,,,9,"NoBracket: sin dos extremos evaluables en 5.0 K (f_lo=47.17074524702059, f_hi=None)",32.32,2,8.33,True,abs.T8,"PropertyRangeError: T_from_Ph(P, h, x): el motor teqp no cubre el estado pedido (ver TASK_CONTEXT 2026-09-18-validar-teqp-nh3h2o). Detalle: h=52162 fuera de dominio a P=1.4e+06 Pa, x=0.8088",False,bracket,,
A1,MB_t6_STsi,busqueda_libre_v2,1251,f2_T_from_Ph,0.7,4000.0,1280.0,470.0,300.032917,1.0,0.85,0.75,0.8,0.8,0.8,0.001,300,0.5,303.55,TeqpVerificado(x=0.5),NO_CONVERGIO,,True,,CORREGIBLE,0.092556,373.1748,15,"[CORREGIBLE] O2: succión de la bomba bifásica bajo el peor caso de T_amb (riesgo de cavitación) (medido=326.4793798479543, esperado=<= 321.293 K). Causa probable: subenfriamiento insuficiente a la sal",74.04,1,0.52,True,hrvg.T2,"PropertyRangeError: T_from_Ph(P, h, x): el motor teqp no cubre el estado pedido (ver TASK_CONTEXT 2026-09-18-validar-teqp-nh3h2o). Detalle: equilibrio no resoluble en T=516.61 K, P=4e+06 Pa, x=0.7117",False,final,,
A1,MB_t6_STsi,busqueda_libre_v2,1285,f2_T_from_Ph,0.85,2800.0,895.0,470.0,300.032917,1.0,0.85,0.75,0.8,0.8,0.8,0.001,300,0.5,303.55,TeqpVerificado(x=0.5),NO_CONVERGIO,,False,NoBracket,NO_CONVERGIO,,,9,"NoBracket: sin dos extremos evaluables en 5.0 K (f_lo=44.06384115778371, f_hi=None)",27.55,2,8.64,True,abs.T8,"PropertyRangeError: T_from_Ph(P, h, x): el motor teqp no cubre el estado pedido (ver TASK_CONTEXT 2026-09-18-validar-teqp-nh3h2o). Detalle: h=68987.7 fuera de dominio a P=8.95e+05 Pa, x=0.8570",False,bracket,,
A1,MB_t6_STsi,busqueda_libre_v2,1293,f2_h_Ps,0.85,3600.0,2520.0,470.0,300.032917,1.0,0.85,0.75,0.8,0.8,0.8,0.001,300,0.5,303.55,TeqpVerificado(x=0.5),NO_CONVERGIO,,False,NoBracket,NO_CONVERGIO,,,13,"NoBracket: sin dos extremos evaluables en 5.0 K (f_lo=None, f_hi=None)",23.5,1,1.42,True,turb.h4s,"PropertyRangeError: h(P, s, x): el motor teqp no cubre el estado pedido (ver TASK_CONTEXT 2026-09-18-validar-teqp-nh3h2o). Detalle: equilibrio no resoluble en T=454.86 K, P=2.52e+06 Pa, x=0.9185",False,bracket,,
A1,MB_t6_STsi,busqueda_libre_v2,1307,f2_T_from_Ph,0.7,3600.0,1150.0,480.0,300.032917,1.0,0.85,0.75,0.8,0.8,0.8,0.001,300,0.5,303.55,TeqpVerificado(x=0.5),NO_CONVERGIO,,True,,CORREGIBLE,0.090219,368.4642,16,"[CORREGIBLE] O2: succión de la bomba bifásica bajo el peor caso de T_amb (riesgo de cavitación) (medido=323.19991254081486, esperado=<= 317.287 K). Causa probable: subenfriamiento insuficiente a la sa",83.19,2,13.21,True,abs.T8,"PropertyRangeError: T_from_Ph(P, h, x): el motor teqp no cubre el estado pedido (ver TASK_CONTEXT 2026-09-18-validar-teqp-nh3h2o). Detalle: h=53841.7 fuera de dominio a P=1.15e+06 Pa, x=0.7117",False,final,,
A1,MB_t6_STsi,busqueda_libre_v2,1327,f2_T_from_Ph,0.75,4000.0,2800.0,480.0,300.032917,1.0,0.85,0.75,0.8,0.8,0.8,0.001,300,0.5,303.55,TeqpVerificado(x=0.5),NO_CONVERGIO,,True,,CORREGIBLE,0.033516,368.5306,16,"[CORREGIBLE] O2: succión de la bomba bifásica bajo el peor caso de T_amb (riesgo de cavitación) (medido=351.9420907373, esperado=<= 350.374 K). Causa probable: subenfriamiento insuficiente a la salida",98.28,2,14.02,True,abs.T8,"PropertyRangeError: T_from_Ph(P, h, x): el motor teqp no cubre el estado pedido (ver TASK_CONTEXT 2026-09-18-validar-teqp-nh3h2o). Detalle: h=54694.6 fuera de dominio a P=2.8e+06 Pa, x=0.7604",False,final,,
A1,MB_t6_STsi,busqueda_libre_v2,1363,f2_T_from_Ph,0.7,2800.0,1960.0,500.0,300.032917,1.0,0.85,0.75,0.8,0.8,0.8,0.001,300,0.5,303.55,TeqpVerificado(x=0.5),NO_CONVERGIO,,False,NoBracket,NO_CONVERGIO,,,9,"NoBracket: sin dos extremos evaluables en 5.0 K (f_lo=56.60351980407671, f_hi=None)",33.7,2,8.79,True,abs.T8,"PropertyRangeError: T_from_Ph(P, h, x): el motor teqp no cubre el estado pedido (ver TASK_CONTEXT 2026-09-18-validar-teqp-nh3h2o). Detalle: h=553036 fuera de dominio a P=1.96e+06 Pa, x=0.7117",False,bracket,,
A1,MB_t6_STsi,busqueda_libre_v2,1382,f2_T_from_Ph,0.75,3600.0,1150.0,500.0,300.032917,1.0,0.85,0.75,0.8,0.8,0.8,0.001,300,0.5,303.55,TeqpVerificado(x=0.5),NO_CONVERGIO,,False,NoBracket,NO_CONVERGIO,,,9,"NoBracket: sin dos extremos evaluables en 5.0 K (f_lo=62.594661735773514, f_hi=None)",28.08,2,7.71,True,hrvg.T2,"PropertyRangeError: T_from_Ph(P, h, x): el motor teqp no cubre el estado pedido (ver TASK_CONTEXT 2026-09-18-validar-teqp-nh3h2o). Detalle: equilibrio no resoluble en T=507.15 K, P=3.6e+06 Pa, x=0.760",False,bracket,,
A1,MB_t6_STsi,busqueda_libre_v2,1402,f2_T_from_Ph,0.8,4000.0,2800.0,500.0,300.032917,1.0,0.85,0.75,0.8,0.8,0.8,0.001,300,0.5,303.55,TeqpVerificado(x=0.5),NO_CONVERGIO,,False,NoBracket,NO_CONVERGIO,,,9,"NoBracket: sin dos extremos evaluables en 5.0 K (f_lo=63.321426403029704, f_hi=None)",39.34,2,13.51,True,abs.T8,"PropertyRangeError: T_from_Ph(P, h, x): el motor teqp no cubre el estado pedido (ver TASK_CONTEXT 2026-09-18-validar-teqp-nh3h2o). Detalle: h=105570 fuera de dominio a P=2.8e+06 Pa, x=0.8088",False,bracket,,
A1,MB_t6_STsi,busqueda_libre_v2,1411,f2_h_Ps,0.85,3600.0,2520.0,500.0,300.032917,1.0,0.85,0.75,0.8,0.8,0.8,0.001,300,0.5,303.55,TeqpVerificado(x=0.5),NO_CONVERGIO,,False,NoBracket,NO_CONVERGIO,,,13,"NoBracket: sin dos extremos evaluables en 5.0 K (f_lo=None, f_hi=None)",23.6,1,1.4,True,turb.h4s,"PropertyRangeError: h(P, s, x): el motor teqp no cubre el estado pedido (ver TASK_CONTEXT 2026-09-18-validar-teqp-nh3h2o). Detalle: equilibrio no resoluble en T=463.61 K, P=2.52e+06 Pa, x=0.9030",False,bracket,,
A1,MB_t6_STsi,busqueda_libre_v2,1505,f2_T_from_Ph,0.75,4000.0,1840.0,400.0,300.032917,1.0,0.85,0.75,0.8,0.8,0.85,0.001,300,0.5,303.55,TeqpVerificado(x=0.5),NO_CONVERGIO,,False,PropertyRangeError,NO_CONVERGIO,,,6,"PropertyRangeError: T_from_Ph(P, h, x): el motor teqp no cubre el estado pedido (ver TASK_CONTEXT 2026-09-18-validar-teqp-nh3h2o). Detalle: h=-5.83279e+08 fuera de dominio a P=4e+06 Pa, x=0.7604",21.39,0,0.0,False,hrvg.T2,,False,brentq,,
A2,M0,barrido_literatura_kcs11,0,sana,0.55,1000.0,273.545422,373.0,283.0,1.0,0.8,0.8,0.916686,0.925541,0.972711,0.001,300,0.55,303.55,TeqpVerificado(x=0.55),CORREGIBLE,0.087667,True,,CORREGIBLE,0.087667,329.1763,8,"[CORREGIBLE] O2: succión de la bomba bifásica bajo el peor caso de T_amb (riesgo de cavitación) (medido=303.8947420791578, esperado=<= 287.000 K). Causa probable: subenfriamiento insuficiente a la sal",34.36,0,0.0,False,,,False,final,,
A2,M0,barrido_literatura_kcs11,2,sana,0.55,2000.0,273.54542,373.0,283.0,1.0,0.8,0.8,0.819915,0.945653,0.946358,0.001,300,0.55,303.55,TeqpVerificado(x=0.55),CORREGIBLE,0.117791,True,,CORREGIBLE,0.117791,352.635,11,"[CORREGIBLE] O2: succión de la bomba bifásica bajo el peor caso de T_amb (riesgo de cavitación) (medido=303.0858792389994, esperado=<= 287.000 K). Causa probable: subenfriamiento insuficiente a la sal",46.9,0,0.0,False,,,False,final,,
A2,M0,barrido_literatura_kcs11,14,sana,0.55,5000.0,273.545422,463.0,283.0,1.0,0.8,0.8,0.927413,0.970841,0.980428,0.001,300,0.55,303.55,TeqpVerificado(x=0.55),CORREGIBLE,0.176485,False,PropertyRangeError,NO_CONVERGIO,,,1,"PropertyRangeError: T_from_Ph(P, h, x): el motor teqp no cubre el estado pedido (ver TASK_CONTEXT 2026-09-18-validar-teqp-nh3h2o). Detalle: equilibrio no resoluble en T=263.16 K, P=2.7355e+05 Pa, x=0.",3.74,0,0.0,False,valv.T7,,False,bracket,,
A2,M0,barrido_literatura_kcs11,16,sana,0.6,1500.0,336.094595,373.0,283.0,1.0,0.8,0.8,0.912256,0.930972,0.969014,0.001,300,0.6,303.55,TeqpVerificado(x=0.6),CORREGIBLE,0.102503,True,,CORREGIBLE,0.102503,335.6289,11,"[CORREGIBLE] O2: succión de la bomba bifásica bajo el peor caso de T_amb (riesgo de cavitación) (medido=303.7224744549866, esperado=<= 287.000 K). Causa probable: subenfriamiento insuficiente a la sal",35.19,0,0.0,False,,,False,final,,
A2,M0,barrido_literatura_kcs11,21,sana,0.6,1500.0,336.094595,423.0,283.0,1.0,0.8,0.8,0.916648,0.949046,0.986515,0.001,300,0.6,303.55,TeqpVerificado(x=0.6),CORREGIBLE,0.098449,True,,CORREGIBLE,0.098449,318.4182,9,"[CORREGIBLE] O2: succión de la bomba bifásica bajo el peor caso de T_amb (riesgo de cavitación) (medido=304.25684469682477, esperado=<= 287.000 K). Causa probable: subenfriamiento insuficiente a la sa",32.65,0,0.0,False,,,False,final,,
A2,M0,barrido_literatura_kcs11,23,sana,0.6,3000.0,336.094619,423.0,283.0,1.0,0.8,0.8,0.93128,0.9591,0.977621,0.001,300,0.6,303.55,TeqpVerificado(x=0.6),CORREGIBLE,0.145299,True,,CORREGIBLE,0.145299,351.7609,9,"[CORREGIBLE] O2: succión de la bomba bifásica bajo el peor caso de T_amb (riesgo de cavitación) (medido=303.9623563561833, esperado=<= 287.000 K). Causa probable: subenfriamiento insuficiente a la sal",33.93,0,0.0,False,,,False,final,,
A2,M0,barrido_literatura_kcs11,29,sana,0.6,5000.0,336.094595,463.0,283.0,1.0,0.8,0.8,0.933309,0.96922,0.982503,0.001,300,0.6,303.55,TeqpVerificado(x=0.6),CORREGIBLE,0.169504,True,,CORREGIBLE,0.169504,351.7687,9,"[CORREGIBLE] O1: título de vapor a la salida de la turbina bajo el umbral tecnológico usual (erosión de álabes) (medido=0.8845236283750243, esperado=>= 0.90). Causa probable: expansión hasta P_baja de",31.39,0,0.0,False,,,False,final,,
A2,M0,barrido_literatura_kcs11,31,sana,0.65,1500.0,398.118725,373.0,283.0,1.0,0.8,0.8,0.92825,0.922336,0.97341,0.001,300,0.65,303.55,TeqpVerificado(x=0.65),CORREGIBLE,0.094917,True,,CORREGIBLE,0.094917,328.5372,8,"[CORREGIBLE] O2: succión de la bomba bifásica bajo el peor caso de T_amb (riesgo de cavitación) (medido=303.7943311382204, esperado=<= 287.000 K). Causa probable: subenfriamiento insuficiente a la sal",28.34,0,0.0,False,,,False,final,,
A2,M0,barrido_literatura_kcs11,33,sana,0.65,3000.0,398.118703,373.0,283.0,1.0,0.8,0.8,0.743978,0.947236,0.941294,0.001,300,0.65,303.55,TeqpVerificado(x=0.65),CORREGIBLE,0.112592,True,,CORREGIBLE,0.112592,354.9828,9,"[CORREGIBLE] O2: succión de la bomba bifásica bajo el peor caso de T_amb (riesgo de cavitación) (medido=302.6349480508676, esperado=<= 287.000 K). Causa probable: subenfriamiento insuficiente a la sal",41.57,0,0.0,False,,,False,final,,
A2,M0,barrido_literatura_kcs11,39,sana,0.65,5000.0,398.118726,423.0,283.0,1.0,0.8,0.8,0.918306,0.963675,0.970142,0.001,300,0.65,303.55,TeqpVerificado(x=0.65),CORREGIBLE,0.164618,True,,CORREGIBLE,0.164618,367.5862,9,"[CORREGIBLE] O2: succión de la bomba bifásica bajo el peor caso de T_amb (riesgo de cavitación) (medido=303.6146460962418, esperado=<= 287.000 K). Causa probable: subenfriamiento insuficiente a la sal",31.61,0,0.0,False,,,False,final,,
A2,M0,barrido_literatura_kcs11,44,sana,0.65,5000.0,398.118726,463.0,283.0,1.0,0.8,0.8,0.937586,0.967498,0.984122,0.001,300,0.65,303.55,TeqpVerificado(x=0.65),CORREGIBLE,0.163589,True,,CORREGIBLE,0.163589,335.2236,9,"[CORREGIBLE] O1: título de vapor a la salida de la turbina bajo el umbral tecnológico usual (erosión de álabes) (medido=0.8886914720493286, esperado=>= 0.90). Causa probable: expansión hasta P_baja de",34.72,0,0.0,False,,,False,final,,
A2,M0,barrido_literatura_kcs11,46,sana,0.7,1500.0,456.322836,373.0,283.0,1.0,0.8,0.8,0.939737,0.911463,0.976578,0.001,300,0.7,303.55,TeqpVerificado(x=0.7),CORREGIBLE,0.088348,True,,CORREGIBLE,0.088348,321.6257,8,"[CORREGIBLE] O2: succión de la bomba bifásica bajo el peor caso de T_amb (riesgo de cavitación) (medido=303.82860832107787, esperado=<= 287.000 K). Causa probable: subenfriamiento insuficiente a la sa",32.2,0,0.0,False,,,False,final,,
A2,M0,barrido_literatura_kcs11,48,sana,0.7,3000.0,456.322818,373.0,283.0,1.0,0.8,0.8,0.839954,0.941475,0.958132,0.001,300,0.7,303.55,TeqpVerificado(x=0.7),CORREGIBLE,0.121842,True,,CORREGIBLE,0.121842,344.8455,9,"[CORREGIBLE] O2: succión de la bomba bifásica bajo el peor caso de T_amb (riesgo de cavitación) (medido=303.08120886132605, esperado=<= 287.000 K). Causa probable: subenfriamiento insuficiente a la sa",54.55,0,0.0,False,,,False,final,,
A2,M0,barrido_literatura_kcs11,53,sana,0.7,3000.0,456.322818,423.0,283.0,1.0,0.8,0.8,0.943381,0.953185,0.98179,0.001,300,0.7,303.55,TeqpVerificado(x=0.7),CORREGIBLE,0.133456,True,,CORREGIBLE,0.133456,329.4721,10,"[CORREGIBLE] O2: succión de la bomba bifásica bajo el peor caso de T_amb (riesgo de cavitación) (medido=304.0107887647358, esperado=<= 287.000 K). Causa probable: subenfriamiento insuficiente a la sal",38.13,0,0.0,False,,,False,final,,
A2,M0,barrido_literatura_kcs11,59,sana,0.7,5000.0,456.322837,463.0,283.0,1.0,0.8,0.8,0.940784,0.965676,0.985417,0.001,300,0.7,303.55,TeqpVerificado(x=0.7),CORREGIBLE,0.158862,True,,CORREGIBLE,0.158862,318.7957,10,"[CORREGIBLE] O1: título de vapor a la salida de la turbina bajo el umbral tecnológico usual (erosión de álabes) (medido=0.8921689120172435, esperado=>= 0.90). Causa probable: expansión hasta P_baja de",36.43,0,0.0,False,,,False,final,,
A2,M0,busqueda_libre_v2,0,sana,0.35,3000.0,400.0,470.0,300.032917,1.0,0.85,0.75,0.85,0.75,0.95,0.001,300,0.5,303.55,TeqpVerificado(x=0.5),KALINA,0.1182603625456353,True,,KALINA,0.11826,373.0129,9,"KALINA: régimen Kalina genuino y admisible, sin fallas.",44.16,0,0.0,False,,,False,final,True,-1.1441
A2,M0,busqueda_libre_v2,97,sana,0.475,3000.0,520.0,470.0,300.032917,1.0,0.85,0.75,0.85,0.75,0.95,0.001,300,0.5,303.55,TeqpVerificado(x=0.5),CORREGIBLE,0.1158607612973412,True,,CORREGIBLE,0.115861,345.1305,9,"[CORREGIBLE] O2: succión de la bomba bifásica bajo el peor caso de T_amb (riesgo de cavitación) (medido=317.26216332818535, esperado=<= 316.570 K). Causa probable: subenfriamiento insuficiente a la sa",39.17,0,0.0,False,,,False,final,,
A2,M0,busqueda_libre_v2,193,sana,0.5,3000.0,2700.0,470.0,300.032917,1.0,0.85,0.75,0.8,0.8,0.75,0.001,300,0.5,303.55,TeqpVerificado(x=0.5),CORREGIBLE,0.0087380174398006,True,,CORREGIBLE,0.008738,391.7221,9,"[CORREGIBLE] O2: succión de la bomba bifásica bajo el peor caso de T_amb (riesgo de cavitación) (medido=384.5682921005687, esperado=<= 379.993 K). Causa probable: subenfriamiento insuficiente a la sal",46.63,0,0.0,False,,,False,final,,
A2,M0,busqueda_libre_v2,285,sana,0.5,3000.0,850.0,470.0,300.032917,1.0,0.85,0.75,0.8,0.8,0.75,0.001,300,0.5,303.55,TeqpVerificado(x=0.5),CORREGIBLE,0.0879062535185139,True,,CORREGIBLE,0.087906,391.2657,9,"[CORREGIBLE] O2: succión de la bomba bifásica bajo el peor caso de T_amb (riesgo de cavitación) (medido=345.4089483731121, esperado=<= 329.620 K). Causa probable: subenfriamiento insuficiente a la sal",46.31,0,0.0,False,,,False,final,,
A2,M0,busqueda_libre_v2,380,sana,0.5,3000.0,2700.0,470.0,300.032917,1.0,0.85,0.75,0.75,0.85,0.8,0.001,300,0.5,303.55,TeqpVerificado(x=0.5),KALINA,0.0087361514933437,True,,KALINA,0.008736,386.8326,9,"KALINA: régimen Kalina genuino y admisible, sin fallas.",71.78,0,0.0,False,,,False,final,True,-1.7851
A2,M0,busqueda_libre_v2,472,sana,0.45,3000.0,850.0,470.0,300.032917,1.0,0.85,0.75,0.85,0.85,0.8,0.001,300,0.5,303.55,TeqpVerificado(x=0.5),CORREGIBLE,0.0920792397098774,True,,CORREGIBLE,0.092079,391.3357,9,"[CORREGIBLE] O2: succión de la bomba bifásica bajo el peor caso de T_amb (riesgo de cavitación) (medido=346.2117324264535, esperado=<= 337.959 K). Causa probable: subenfriamiento insuficiente a la sal",66.38,0,0.0,False,,,False,final,,
A2,M0,busqueda_libre_v2,564,sana,0.45,3000.0,1100.0,470.0,300.032917,1.0,0.9,0.7,0.8,0.8,0.8,0.001,300,0.5,303.55,TeqpVerificado(x=0.5),CORREGIBLE,0.0796222213393837,True,,CORREGIBLE,0.079622,389.9496,10,"[CORREGIBLE] O2: succión de la bomba bifásica bajo el peor caso de T_amb (riesgo de cavitación) (medido=352.8741164910181, esperado=<= 347.997 K). Causa probable: subenfriamiento insuficiente a la sal",69.65,0,0.0,False,,,False,final,,
A2,M0,busqueda_libre_v2,656,sana,0.45,3000.0,1012.5,470.0,300.032917,1.0,0.85,0.75,0.75,0.85,0.85,0.001,300,0.5,303.55,TeqpVerificado(x=0.5),CORREGIBLE,0.0790840132533024,True,,CORREGIBLE,0.079084,380.9251,9,"[CORREGIBLE] O2: succión de la bomba bifásica bajo el peor caso de T_amb (riesgo de cavitación) (medido=345.1428320141479, esperado=<= 344.691 K). Causa probable: subenfriamiento insuficiente a la sal",68.76,0,0.0,False,,,False,final,,
A2,M0,busqueda_libre_v2,750,sana,0.5,3000.0,2332.625,470.0,300.032917,1.0,0.85,0.75,0.75,0.75,0.8,0.001,300,0.5,303.55,TeqpVerificado(x=0.5),KALINA,0.0205841815556404,True,,KALINA,0.020584,386.1281,9,"KALINA: régimen Kalina genuino y admisible, sin fallas.",66.89,0,0.0,False,,,False,final,True,-1.7341
A2,M0,busqueda_libre_v2,920,sana,0.75,4500.0,3790.0,470.0,300.032917,1.0,0.85,0.75,0.8,0.8,0.8,0.001,300,0.5,303.55,TeqpVerificado(x=0.5),CORREGIBLE,0.0165626571938344,True,,CORREGIBLE,0.016563,372.5857,9,"[CORREGIBLE] O2: succión de la bomba bifásica bajo el peor caso de T_amb (riesgo de cavitación) (medido=365.2894934073085, esperado=<= 365.282 K). Causa probable: subenfriamiento insuficiente a la sal",74.3,0,0.0,False,,,False,final,,
A2,M0,busqueda_libre_v2,1024,sana,0.75,3200.0,1150.0,400.0,300.032917,1.0,0.85,0.75,0.8,0.8,0.8,0.001,300,0.5,303.55,TeqpVerificado(x=0.5),CORREGIBLE,0.0885959911952958,True,,CORREGIBLE,0.088596,353.4276,10,"[CORREGIBLE] O2: succión de la bomba bifásica bajo el peor caso de T_amb (riesgo de cavitación) (medido=315.20026585573356, esperado=<= 313.692 K). Causa probable: subenfriamiento insuficiente a la sa",40.42,0,0.0,False,,,False,final,,
A2,M0,busqueda_libre_v2,1123,sana,0.85,4500.0,1620.0,420.0,300.032917,1.0,0.85,0.75,0.8,0.8,0.8,0.001,300,0.5,303.55,TeqpVerificado(x=0.5),CORREGIBLE,0.0960515570486117,True,,CORREGIBLE,0.096052,355.0529,9,"[CORREGIBLE] O2: succión de la bomba bifásica bajo el peor caso de T_amb (riesgo de cavitación) (medido=321.7791051530505, esperado=<= 320.974 K). Causa probable: subenfriamiento insuficiente a la sal",35.94,0,0.0,False,,,False,final,,
A2,M0,busqueda_libre_v2,1253,sana,0.7,3600.0,1150.0,470.0,300.032917,1.0,0.85,0.75,0.8,0.8,0.8,0.001,300,0.5,303.55,TeqpVerificado(x=0.5),CORREGIBLE,0.0905988181954739,True,,CORREGIBLE,0.090599,368.4012,9,"[CORREGIBLE] O2: succión de la bomba bifásica bajo el peor caso de T_amb (riesgo de cavitación) (medido=323.03395608640045, esperado=<= 317.287 K). Causa probable: subenfriamiento insuficiente a la sa",60.91,0,0.0,False,,,False,final,,
A2,M0,busqueda_libre_v2,1497,sana,0.7,3600.0,1655.0,400.0,300.032917,1.0,0.8,0.75,0.8,0.8,0.8,0.001,300,0.5,303.55,TeqpVerificado(x=0.5),KALINA,0.0601774262755894,True,,KALINA,0.060177,357.8417,11,"KALINA: régimen Kalina genuino y admisible, sin fallas.",43.1,0,0.0,False,,,False,final,True,-1.5166
A2,M0,busqueda_libre_v2,1590,sana,0.75,4000.0,1008.0,380.0,300.032917,1.0,0.8,0.75,0.8,0.8,0.8,0.001,300,0.5,303.55,TeqpVerificado(x=0.5),CORREGIBLE,0.0869523746210086,True,,CORREGIBLE,0.086952,352.9251,11,"[CORREGIBLE] O2: succión de la bomba bifásica bajo el peor caso de T_amb (riesgo de cavitación) (medido=309.6704208560545, esperado=<= 308.994 K). Causa probable: subenfriamiento insuficiente a la sal",39.38,0,0.0,False,,,False,final,,
A2,MB_t6_STno,barrido_literatura_kcs11,0,sana,0.55,1000.0,273.545422,373.0,283.0,1.0,0.8,0.8,0.916686,0.925541,0.972711,0.001,300,0.55,303.55,TeqpVerificado(x=0.55),CORREGIBLE,0.087667,True,,CORREGIBLE,0.087667,329.1763,8,"[CORREGIBLE] O2: succión de la bomba bifásica bajo el peor caso de T_amb (riesgo de cavitación) (medido=303.8947420791578, esperado=<= 287.000 K). Causa probable: subenfriamiento insuficiente a la sal",34.31,0,0.0,False,,,False,final,,
A2,MB_t6_STno,barrido_literatura_kcs11,2,sana,0.55,2000.0,273.54542,373.0,283.0,1.0,0.8,0.8,0.819915,0.945653,0.946358,0.001,300,0.55,303.55,TeqpVerificado(x=0.55),CORREGIBLE,0.117791,True,,CORREGIBLE,0.117791,352.635,11,"[CORREGIBLE] O2: succión de la bomba bifásica bajo el peor caso de T_amb (riesgo de cavitación) (medido=303.0858792389994, esperado=<= 287.000 K). Causa probable: subenfriamiento insuficiente a la sal",46.85,0,0.0,False,,,False,final,,
A2,MB_t6_STno,barrido_literatura_kcs11,14,sana,0.55,5000.0,273.545422,463.0,283.0,1.0,0.8,0.8,0.927413,0.970841,0.980428,0.001,300,0.55,303.55,TeqpVerificado(x=0.55),CORREGIBLE,0.176485,True,,CORREGIBLE,0.176485,368.5274,10,"[CORREGIBLE] O1: título de vapor a la salida de la turbina bajo el umbral tecnológico usual (erosión de álabes) (medido=0.879648358323753, esperado=>= 0.90). Causa probable: expansión hasta P_baja dej",41.96,1,3.69,True,valv.T7,"PropertyRangeError: T_from_Ph(P, h, x): el motor teqp no cubre el estado pedido (ver TASK_CONTEXT 2026-09-18-validar-teqp-nh3h2o). Detalle: equilibrio no resoluble en T=263.16 K, P=2.7355e+05 Pa, x=0.",False,final,,
A2,MB_t6_STno,barrido_literatura_kcs11,16,sana,0.6,1500.0,336.094595,373.0,283.0,1.0,0.8,0.8,0.912256,0.930972,0.969014,0.001,300,0.6,303.55,TeqpVerificado(x=0.6),CORREGIBLE,0.102503,True,,CORREGIBLE,0.102503,335.6289,11,"[CORREGIBLE] O2: succión de la bomba bifásica bajo el peor caso de T_amb (riesgo de cavitación) (medido=303.7224744549866, esperado=<= 287.000 K). Causa probable: subenfriamiento insuficiente a la sal",35.23,0,0.0,False,,,False,final,,
A2,MB_t6_STno,barrido_literatura_kcs11,21,sana,0.6,1500.0,336.094595,423.0,283.0,1.0,0.8,0.8,0.916648,0.949046,0.986515,0.001,300,0.6,303.55,TeqpVerificado(x=0.6),CORREGIBLE,0.098449,True,,CORREGIBLE,0.098449,318.4182,9,"[CORREGIBLE] O2: succión de la bomba bifásica bajo el peor caso de T_amb (riesgo de cavitación) (medido=304.25684469682477, esperado=<= 287.000 K). Causa probable: subenfriamiento insuficiente a la sa",32.59,0,0.0,False,,,False,final,,
A2,MB_t6_STno,barrido_literatura_kcs11,23,sana,0.6,3000.0,336.094619,423.0,283.0,1.0,0.8,0.8,0.93128,0.9591,0.977621,0.001,300,0.6,303.55,TeqpVerificado(x=0.6),CORREGIBLE,0.145299,True,,CORREGIBLE,0.145299,351.7609,9,"[CORREGIBLE] O2: succión de la bomba bifásica bajo el peor caso de T_amb (riesgo de cavitación) (medido=303.9623563561833, esperado=<= 287.000 K). Causa probable: subenfriamiento insuficiente a la sal",34.14,0,0.0,False,,,False,final,,
A2,MB_t6_STno,barrido_literatura_kcs11,29,sana,0.6,5000.0,336.094595,463.0,283.0,1.0,0.8,0.8,0.933309,0.96922,0.982503,0.001,300,0.6,303.55,TeqpVerificado(x=0.6),CORREGIBLE,0.169504,True,,CORREGIBLE,0.169504,351.7687,9,"[CORREGIBLE] O1: título de vapor a la salida de la turbina bajo el umbral tecnológico usual (erosión de álabes) (medido=0.8845236283750243, esperado=>= 0.90). Causa probable: expansión hasta P_baja de",31.66,0,0.0,False,,,False,final,,
A2,MB_t6_STno,barrido_literatura_kcs11,31,sana,0.65,1500.0,398.118725,373.0,283.0,1.0,0.8,0.8,0.92825,0.922336,0.97341,0.001,300,0.65,303.55,TeqpVerificado(x=0.65),CORREGIBLE,0.094917,True,,CORREGIBLE,0.094917,328.5372,8,"[CORREGIBLE] O2: succión de la bomba bifásica bajo el peor caso de T_amb (riesgo de cavitación) (medido=303.7943311382204, esperado=<= 287.000 K). Causa probable: subenfriamiento insuficiente a la sal",28.18,0,0.0,False,,,False,final,,
A2,MB_t6_STno,barrido_literatura_kcs11,33,sana,0.65,3000.0,398.118703,373.0,283.0,1.0,0.8,0.8,0.743978,0.947236,0.941294,0.001,300,0.65,303.55,TeqpVerificado(x=0.65),CORREGIBLE,0.112592,True,,CORREGIBLE,0.112592,354.9828,9,"[CORREGIBLE] O2: succión de la bomba bifásica bajo el peor caso de T_amb (riesgo de cavitación) (medido=302.6349480508676, esperado=<= 287.000 K). Causa probable: subenfriamiento insuficiente a la sal",41.63,0,0.0,False,,,False,final,,
A2,MB_t6_STno,barrido_literatura_kcs11,39,sana,0.65,5000.0,398.118726,423.0,283.0,1.0,0.8,0.8,0.918306,0.963675,0.970142,0.001,300,0.65,303.55,TeqpVerificado(x=0.65),CORREGIBLE,0.164618,True,,CORREGIBLE,0.164618,367.5862,9,"[CORREGIBLE] O2: succión de la bomba bifásica bajo el peor caso de T_amb (riesgo de cavitación) (medido=303.6146460962418, esperado=<= 287.000 K). Causa probable: subenfriamiento insuficiente a la sal",31.56,0,0.0,False,,,False,final,,
A2,MB_t6_STno,barrido_literatura_kcs11,44,sana,0.65,5000.0,398.118726,463.0,283.0,1.0,0.8,0.8,0.937586,0.967498,0.984122,0.001,300,0.65,303.55,TeqpVerificado(x=0.65),CORREGIBLE,0.163589,True,,CORREGIBLE,0.163589,335.2236,9,"[CORREGIBLE] O1: título de vapor a la salida de la turbina bajo el umbral tecnológico usual (erosión de álabes) (medido=0.8886914720493286, esperado=>= 0.90). Causa probable: expansión hasta P_baja de",35.32,0,0.0,False,,,False,final,,
A2,MB_t6_STno,barrido_literatura_kcs11,46,sana,0.7,1500.0,456.322836,373.0,283.0,1.0,0.8,0.8,0.939737,0.911463,0.976578,0.001,300,0.7,303.55,TeqpVerificado(x=0.7),CORREGIBLE,0.088348,True,,CORREGIBLE,0.088348,321.6257,8,"[CORREGIBLE] O2: succión de la bomba bifásica bajo el peor caso de T_amb (riesgo de cavitación) (medido=303.82860832107787, esperado=<= 287.000 K). Causa probable: subenfriamiento insuficiente a la sa",33.63,0,0.0,False,,,False,final,,
A2,MB_t6_STno,barrido_literatura_kcs11,48,sana,0.7,3000.0,456.322818,373.0,283.0,1.0,0.8,0.8,0.839954,0.941475,0.958132,0.001,300,0.7,303.55,TeqpVerificado(x=0.7),CORREGIBLE,0.121842,True,,CORREGIBLE,0.121842,344.8455,9,"[CORREGIBLE] O2: succión de la bomba bifásica bajo el peor caso de T_amb (riesgo de cavitación) (medido=303.08120886132605, esperado=<= 287.000 K). Causa probable: subenfriamiento insuficiente a la sa",54.81,0,0.0,False,,,False,final,,
A2,MB_t6_STno,barrido_literatura_kcs11,53,sana,0.7,3000.0,456.322818,423.0,283.0,1.0,0.8,0.8,0.943381,0.953185,0.98179,0.001,300,0.7,303.55,TeqpVerificado(x=0.7),CORREGIBLE,0.133456,True,,CORREGIBLE,0.133456,329.4721,10,"[CORREGIBLE] O2: succión de la bomba bifásica bajo el peor caso de T_amb (riesgo de cavitación) (medido=304.0107887647358, esperado=<= 287.000 K). Causa probable: subenfriamiento insuficiente a la sal",37.84,0,0.0,False,,,False,final,,
A2,MB_t6_STno,barrido_literatura_kcs11,59,sana,0.7,5000.0,456.322837,463.0,283.0,1.0,0.8,0.8,0.940784,0.965676,0.985417,0.001,300,0.7,303.55,TeqpVerificado(x=0.7),CORREGIBLE,0.158862,True,,CORREGIBLE,0.158862,318.7957,10,"[CORREGIBLE] O1: título de vapor a la salida de la turbina bajo el umbral tecnológico usual (erosión de álabes) (medido=0.8921689120172435, esperado=>= 0.90). Causa probable: expansión hasta P_baja de",34.56,0,0.0,False,,,False,final,,
A2,MB_t6_STno,busqueda_libre_v2,0,sana,0.35,3000.0,400.0,470.0,300.032917,1.0,0.85,0.75,0.85,0.75,0.95,0.001,300,0.5,303.55,TeqpVerificado(x=0.5),KALINA,0.1182603625456353,True,,KALINA,0.11826,373.0129,9,"KALINA: régimen Kalina genuino y admisible, sin fallas.",44.44,0,0.0,False,,,False,final,True,-1.1441
A2,MB_t6_STno,busqueda_libre_v2,97,sana,0.475,3000.0,520.0,470.0,300.032917,1.0,0.85,0.75,0.85,0.75,0.95,0.001,300,0.5,303.55,TeqpVerificado(x=0.5),CORREGIBLE,0.1158607612973412,True,,CORREGIBLE,0.115861,345.1305,9,"[CORREGIBLE] O2: succión de la bomba bifásica bajo el peor caso de T_amb (riesgo de cavitación) (medido=317.26216332818535, esperado=<= 316.570 K). Causa probable: subenfriamiento insuficiente a la sa",38.98,0,0.0,False,,,False,final,,
A2,MB_t6_STno,busqueda_libre_v2,193,sana,0.5,3000.0,2700.0,470.0,300.032917,1.0,0.85,0.75,0.8,0.8,0.75,0.001,300,0.5,303.55,TeqpVerificado(x=0.5),CORREGIBLE,0.0087380174398006,True,,CORREGIBLE,0.008738,391.7221,9,"[CORREGIBLE] O2: succión de la bomba bifásica bajo el peor caso de T_amb (riesgo de cavitación) (medido=384.5682921005687, esperado=<= 379.993 K). Causa probable: subenfriamiento insuficiente a la sal",46.27,0,0.0,False,,,False,final,,
A2,MB_t6_STno,busqueda_libre_v2,285,sana,0.5,3000.0,850.0,470.0,300.032917,1.0,0.85,0.75,0.8,0.8,0.75,0.001,300,0.5,303.55,TeqpVerificado(x=0.5),CORREGIBLE,0.0879062535185139,True,,CORREGIBLE,0.087906,391.2657,9,"[CORREGIBLE] O2: succión de la bomba bifásica bajo el peor caso de T_amb (riesgo de cavitación) (medido=345.4089483731121, esperado=<= 329.620 K). Causa probable: subenfriamiento insuficiente a la sal",46.28,0,0.0,False,,,False,final,,
A2,MB_t6_STno,busqueda_libre_v2,380,sana,0.5,3000.0,2700.0,470.0,300.032917,1.0,0.85,0.75,0.75,0.85,0.8,0.001,300,0.5,303.55,TeqpVerificado(x=0.5),KALINA,0.0087361514933437,True,,KALINA,0.008736,386.8326,9,"KALINA: régimen Kalina genuino y admisible, sin fallas.",71.81,0,0.0,False,,,False,final,True,-1.7851
A2,MB_t6_STno,busqueda_libre_v2,472,sana,0.45,3000.0,850.0,470.0,300.032917,1.0,0.85,0.75,0.85,0.85,0.8,0.001,300,0.5,303.55,TeqpVerificado(x=0.5),CORREGIBLE,0.0920792397098774,True,,CORREGIBLE,0.092079,391.3357,9,"[CORREGIBLE] O2: succión de la bomba bifásica bajo el peor caso de T_amb (riesgo de cavitación) (medido=346.2117324264535, esperado=<= 337.959 K). Causa probable: subenfriamiento insuficiente a la sal",65.7,0,0.0,False,,,False,final,,
A2,MB_t6_STno,busqueda_libre_v2,564,sana,0.45,3000.0,1100.0,470.0,300.032917,1.0,0.9,0.7,0.8,0.8,0.8,0.001,300,0.5,303.55,TeqpVerificado(x=0.5),CORREGIBLE,0.0796222213393837,True,,CORREGIBLE,0.079622,389.9496,10,"[CORREGIBLE] O2: succión de la bomba bifásica bajo el peor caso de T_amb (riesgo de cavitación) (medido=352.8741164910181, esperado=<= 347.997 K). Causa probable: subenfriamiento insuficiente a la sal",69.56,0,0.0,False,,,False,final,,
A2,MB_t6_STno,busqueda_libre_v2,656,sana,0.45,3000.0,1012.5,470.0,300.032917,1.0,0.85,0.75,0.75,0.85,0.85,0.001,300,0.5,303.55,TeqpVerificado(x=0.5),CORREGIBLE,0.0790840132533024,True,,CORREGIBLE,0.079084,380.9251,9,"[CORREGIBLE] O2: succión de la bomba bifásica bajo el peor caso de T_amb (riesgo de cavitación) (medido=345.1428320141479, esperado=<= 344.691 K). Causa probable: subenfriamiento insuficiente a la sal",68.64,0,0.0,False,,,False,final,,
A2,MB_t6_STno,busqueda_libre_v2,750,sana,0.5,3000.0,2332.625,470.0,300.032917,1.0,0.85,0.75,0.75,0.75,0.8,0.001,300,0.5,303.55,TeqpVerificado(x=0.5),KALINA,0.0205841815556404,True,,KALINA,0.020584,386.1281,9,"KALINA: régimen Kalina genuino y admisible, sin fallas.",66.63,0,0.0,False,,,False,final,True,-1.7341
A2,MB_t6_STno,busqueda_libre_v2,920,sana,0.75,4500.0,3790.0,470.0,300.032917,1.0,0.85,0.75,0.8,0.8,0.8,0.001,300,0.5,303.55,TeqpVerificado(x=0.5),CORREGIBLE,0.0165626571938344,True,,CORREGIBLE,0.016563,372.5857,9,"[CORREGIBLE] O2: succión de la bomba bifásica bajo el peor caso de T_amb (riesgo de cavitación) (medido=365.2894934073085, esperado=<= 365.282 K). Causa probable: subenfriamiento insuficiente a la sal",74.23,0,0.0,False,,,False,final,,
A2,MB_t6_STno,busqueda_libre_v2,1024,sana,0.75,3200.0,1150.0,400.0,300.032917,1.0,0.85,0.75,0.8,0.8,0.8,0.001,300,0.5,303.55,TeqpVerificado(x=0.5),CORREGIBLE,0.0885959911952958,True,,CORREGIBLE,0.088596,353.4276,10,"[CORREGIBLE] O2: succión de la bomba bifásica bajo el peor caso de T_amb (riesgo de cavitación) (medido=315.20026585573356, esperado=<= 313.692 K). Causa probable: subenfriamiento insuficiente a la sa",40.42,0,0.0,False,,,False,final,,
A2,MB_t6_STno,busqueda_libre_v2,1123,sana,0.85,4500.0,1620.0,420.0,300.032917,1.0,0.85,0.75,0.8,0.8,0.8,0.001,300,0.5,303.55,TeqpVerificado(x=0.5),CORREGIBLE,0.0960515570486117,True,,CORREGIBLE,0.096052,355.0529,9,"[CORREGIBLE] O2: succión de la bomba bifásica bajo el peor caso de T_amb (riesgo de cavitación) (medido=321.7791051530505, esperado=<= 320.974 K). Causa probable: subenfriamiento insuficiente a la sal",35.66,0,0.0,False,,,False,final,,
A2,MB_t6_STno,busqueda_libre_v2,1253,sana,0.7,3600.0,1150.0,470.0,300.032917,1.0,0.85,0.75,0.8,0.8,0.8,0.001,300,0.5,303.55,TeqpVerificado(x=0.5),CORREGIBLE,0.0905988181954739,True,,CORREGIBLE,0.090599,368.4012,9,"[CORREGIBLE] O2: succión de la bomba bifásica bajo el peor caso de T_amb (riesgo de cavitación) (medido=323.03395608640045, esperado=<= 317.287 K). Causa probable: subenfriamiento insuficiente a la sa",61.01,0,0.0,False,,,False,final,,
A2,MB_t6_STno,busqueda_libre_v2,1497,sana,0.7,3600.0,1655.0,400.0,300.032917,1.0,0.8,0.75,0.8,0.8,0.8,0.001,300,0.5,303.55,TeqpVerificado(x=0.5),KALINA,0.0601774262755894,True,,KALINA,0.060177,357.8417,11,"KALINA: régimen Kalina genuino y admisible, sin fallas.",43.12,0,0.0,False,,,False,final,True,-1.5166
A2,MB_t6_STno,busqueda_libre_v2,1590,sana,0.75,4000.0,1008.0,380.0,300.032917,1.0,0.8,0.75,0.8,0.8,0.8,0.001,300,0.5,303.55,TeqpVerificado(x=0.5),CORREGIBLE,0.0869523746210086,True,,CORREGIBLE,0.086952,352.9251,11,"[CORREGIBLE] O2: succión de la bomba bifásica bajo el peor caso de T_amb (riesgo de cavitación) (medido=309.6704208560545, esperado=<= 308.994 K). Causa probable: subenfriamiento insuficiente a la sal",39.01,0,0.0,False,,,False,final,,
