clave,n_orden,orden_worker,pid,csv_origenes,n_origenes,P_alta,P_baja,T_fuente,T_sumidero,x_b,m_b,eta_t,eta_p,eps_hrvg,eps_reg,eps_cond,T_amb_diseno,eps_supuesta,params_from,mensaje_original,convergio,clasificacion,eta,Wnet,T1,nF,repliegues_lo,repliegues_hi,t_s,causa,msg,fallas,B_verificado,B_dh4s,B_t_s,B_error,A_recurrencias,A_verificacion_incompleta,o5_veredicto
3000|273.545|373|283|0.55|1|0.8|0.8|0.85|0.75|0.8|303.55,1,1,3600,2026-09-22_literatura_kcs11/barrido_literatura_kcs11.csv,1,3000.0,273.545422,373.0,283.0,0.55,1.0,0.8,0.8,0.85,0.75,0.8,303.55,True,csv:P_alta; csv:P_baja; csv:T_fuente; barrido_literatura_kcs11.py:T_SUMIDERO; csv:x_b; extra:m_b; extra:eta_t; extra:eta_p; EPS_PARTIDA,"PropertyRangeError: T_from_Ph(P, h, x): el motor teqp no cubre el estado pedido (ver TASK_CONTEXT 2026-09-18-validar-teqp-nh3h2o). Detalle: h=-6412.95 fuera de dominio a P=2.7355e+05 Pa, x=0.5639",True,NO_CONVERGIO,-0.449588,-30.8241,356.848,11,6,0,105.9,,"[NO_CONVERGIO] N2: el balance global de energía no cierra dentro de la tolerancia (medido=115.41884596581788, esperado=<= 0.0685608 kW (1e-3 relativo a Qi)). Causa probable: residuo numérico del lazo ","N2,S6,O2,O3,O5,C1,C3,C3",,,,,0,False,
5000|273.545|373|283|0.55|1|0.8|0.8|0.85|0.75|0.8|303.55,2,2,3600,2026-09-22_literatura_kcs11/barrido_literatura_kcs11.csv,1,5000.0,273.545422,373.0,283.0,0.55,1.0,0.8,0.8,0.85,0.75,0.8,303.55,True,csv:P_alta; csv:P_baja; csv:T_fuente; barrido_literatura_kcs11.py:T_SUMIDERO; csv:x_b; extra:m_b; extra:eta_t; extra:eta_p; EPS_PARTIDA,"PropertyRangeError: equilibrio_liquido_vapor(P=5000.0 kPa, T=360.1588970163568 K): no existe equilibrio bifásico para ninguna composición (T fuera de la campana binaria a esa P, motor teqp).",False,NO_CONVERGIO,,,,,,,305.2,presupuesto agotado,CicloNoConvergeError: presupuesto de tiempo agotado: 0 evaluaciones de F en 305.2 s (presupuesto 300 s),,,,,,,,
1000|273.545|423|283|0.55|1|0.8|0.8|0.85|0.75|0.8|303.55,3,3,3600,2026-09-22_literatura_kcs11/barrido_literatura_kcs11.csv,1,1000.0,273.545422,423.0,283.0,0.55,1.0,0.8,0.8,0.85,0.75,0.8,303.55,True,csv:P_alta; csv:P_baja; csv:T_fuente; barrido_literatura_kcs11.py:T_SUMIDERO; csv:x_b; extra:m_b; extra:eta_t; extra:eta_p; EPS_PARTIDA,"PropertyRangeError: T_from_Ph(P, h, x): el motor teqp no cubre el estado pedido (ver TASK_CONTEXT 2026-09-18-validar-teqp-nh3h2o). Detalle: equilibrio no resoluble en T=264.78 K, P=2.7355e+05 Pa, x=0.",True,CORREGIBLE,0.075082,119.169,338.8243,8,0,0,38.2,,"[CORREGIBLE] O2: succión de la bomba bifásica bajo el peor caso de T_amb (riesgo de cavitación) (medido=322.14902629775247, esperado=<= 287.000 K). Causa probable: subenfriamiento insuficiente a la sa",O2,,,,,0,False,
1000|273.545|463|283|0.55|1|0.8|0.8|0.85|0.75|0.8|303.55,6,1,26924,2026-09-22_literatura_kcs11/barrido_literatura_kcs11.csv,1,1000.0,273.545422,463.0,283.0,0.55,1.0,0.8,0.8,0.85,0.75,0.8,303.55,True,csv:P_alta; csv:P_baja; csv:T_fuente; barrido_literatura_kcs11.py:T_SUMIDERO; csv:x_b; extra:m_b; extra:eta_t; extra:eta_p; EPS_PARTIDA,"PropertyRangeError: equilibrio_liquido_vapor(P=1000.0 kPa, T=462.8499610351539 K): no existe equilibrio bifásico para ninguna composición (T fuera de la campana binaria a esa P, motor teqp).",False,NO_CONVERGIO,,,,,,,62.0,punto interior no evaluable,CicloNoConvergeError: punto interior no evaluable durante brentq (T=340.462948 K),,,,,,,,
2000|273.545|463|283|0.55|1|0.8|0.8|0.85|0.75|0.8|303.55,8,1,22476,2026-09-22_literatura_kcs11/barrido_literatura_kcs11.csv,1,2000.0,273.54542,463.0,283.0,0.55,1.0,0.8,0.8,0.85,0.75,0.8,303.55,True,csv:P_alta; csv:P_baja; csv:T_fuente; barrido_literatura_kcs11.py:T_SUMIDERO; csv:x_b; extra:m_b; extra:eta_t; extra:eta_p; EPS_PARTIDA,"PropertyRangeError: T_from_Ph(P, h, x): el motor teqp no cubre el estado pedido (ver TASK_CONTEXT 2026-09-18-validar-teqp-nh3h2o). Detalle: h=55398.8 fuera de dominio a P=2.7355e+05 Pa, x=0.5639",True,CORREGIBLE,0.117849,192.724,361.3612,8,0,3,101.4,,"[CORREGIBLE] O2: succión de la bomba bifásica bajo el peor caso de T_amb (riesgo de cavitación) (medido=321.702787507762, esperado=<= 287.000 K). Causa probable: subenfriamiento insuficiente a la sali",O2,,,,,0,False,
1500|273.545|463|283|0.55|1|0.8|0.8|0.85|0.75|0.8|303.55,7,1,20368,2026-09-22_literatura_kcs11/barrido_literatura_kcs11.csv,1,1500.0,273.545421,463.0,283.0,0.55,1.0,0.8,0.8,0.85,0.75,0.8,303.55,True,csv:P_alta; csv:P_baja; csv:T_fuente; barrido_literatura_kcs11.py:T_SUMIDERO; csv:x_b; extra:m_b; extra:eta_t; extra:eta_p; EPS_PARTIDA,"PropertyRangeError: T_from_Ph(P, h, x): el motor teqp no cubre el estado pedido (ver TASK_CONTEXT 2026-09-18-validar-teqp-nh3h2o). Detalle: h=134105 fuera de dominio a P=2.7355e+05 Pa, x=0.5639",True,CORREGIBLE,0.099628,164.2368,351.7954,8,0,6,115.7,,"[CORREGIBLE] O2: succión de la bomba bifásica bajo el peor caso de T_amb (riesgo de cavitación) (medido=322.4347114492652, esperado=<= 287.000 K). Causa probable: subenfriamiento insuficiente a la sal",O2,,,,,0,False,
1500|273.545|423|283|0.55|1|0.8|0.8|0.85|0.75|0.8|303.55,4,1,25144,2026-09-22_literatura_kcs11/barrido_literatura_kcs11.csv,1,1500.0,273.545421,423.0,283.0,0.55,1.0,0.8,0.8,0.85,0.75,0.8,303.55,True,csv:P_alta; csv:P_baja; csv:T_fuente; barrido_literatura_kcs11.py:T_SUMIDERO; csv:x_b; extra:m_b; extra:eta_t; extra:eta_p; EPS_PARTIDA,"PropertyRangeError: T_from_Ph(P, h, x): el motor teqp no cubre el estado pedido (ver TASK_CONTEXT 2026-09-18-validar-teqp-nh3h2o). Detalle: equilibrio no resoluble en T=264.52 K, P=2.7355e+05 Pa, x=0.",True,CORREGIBLE,0.103848,117.2767,348.1257,8,0,0,119.1,,"[CORREGIBLE] O2: succión de la bomba bifásica bajo el peor caso de T_amb (riesgo de cavitación) (medido=314.3017812592161, esperado=<= 287.000 K). Causa probable: subenfriamiento insuficiente a la sal",O2,,,,,0,False,
2000|273.545|423|283|0.55|1|0.8|0.8|0.85|0.75|0.8|303.55,5,1,22892,2026-09-22_literatura_kcs11/barrido_literatura_kcs11.csv,1,2000.0,273.54542,423.0,283.0,0.55,1.0,0.8,0.8,0.85,0.75,0.8,303.55,True,csv:P_alta; csv:P_baja; csv:T_fuente; barrido_literatura_kcs11.py:T_SUMIDERO; csv:x_b; extra:m_b; extra:eta_t; extra:eta_p; EPS_PARTIDA,"PropertyRangeError: T_from_Ph(P, h, x): el motor teqp no cubre el estado pedido (ver TASK_CONTEXT 2026-09-18-validar-teqp-nh3h2o). Detalle: equilibrio no resoluble en T=263.55 K, P=2.7355e+05 Pa, x=0.",True,CORREGIBLE,0.123742,113.2935,357.6537,8,0,0,135.2,,"[CORREGIBLE] O2: succión de la bomba bifásica bajo el peor caso de T_amb (riesgo de cavitación) (medido=310.87113976748964, esperado=<= 287.000 K). Causa probable: subenfriamiento insuficiente a la sa",O2,,,,,0,False,
3000|273.545|463|283|0.55|1|0.8|0.8|0.85|0.75|0.8|303.55,9,1,27548,2026-09-22_literatura_kcs11/barrido_literatura_kcs11.csv,1,3000.0,273.545422,463.0,283.0,0.55,1.0,0.8,0.8,0.85,0.75,0.8,303.55,True,csv:P_alta; csv:P_baja; csv:T_fuente; barrido_literatura_kcs11.py:T_SUMIDERO; csv:x_b; extra:m_b; extra:eta_t; extra:eta_p; EPS_PARTIDA,"PropertyRangeError: T_from_Ph(P, h, x): el motor teqp no cubre el estado pedido (ver TASK_CONTEXT 2026-09-18-validar-teqp-nh3h2o). Detalle: equilibrio no resoluble en T=264.96 K, P=2.7355e+05 Pa, x=0.",True,CORREGIBLE,0.144956,211.9458,372.4488,8,0,0,137.0,,"[CORREGIBLE] O2: succión de la bomba bifásica bajo el peor caso de T_amb (riesgo de cavitación) (medido=318.34929448788836, esperado=<= 287.000 K). Causa probable: subenfriamiento insuficiente a la sa",O2,,,,,0,False,
3000|336.095|373|283|0.6|1|0.8|0.8|0.85|0.75|0.8|303.55,10,2,26924,2026-09-22_literatura_kcs11/barrido_literatura_kcs11.csv,1,3000.0,336.094619,373.0,283.0,0.6,1.0,0.8,0.8,0.85,0.75,0.8,303.55,True,csv:P_alta; csv:P_baja; csv:T_fuente; barrido_literatura_kcs11.py:T_SUMIDERO; csv:x_b; extra:m_b; extra:eta_t; extra:eta_p; EPS_PARTIDA,"PropertyRangeError: T_from_Ph(P, h, x): el motor teqp no cubre el estado pedido (ver TASK_CONTEXT 2026-09-18-validar-teqp-nh3h2o). Detalle: h=-518419 fuera de dominio a P=3.3609e+05 Pa, x=0.6134",True,CORREGIBLE,0.031573,4.8028,349.8433,9,0,0,96.8,,"[CORREGIBLE] O2: succión de la bomba bifásica bajo el peor caso de T_amb (riesgo de cavitación) (medido=300.8795041119201, esperado=<= 287.000 K). Causa probable: subenfriamiento insuficiente a la sal",O2,,,,,0,False,
1000|336.095|423|283|0.6|1|0.8|0.8|0.85|0.75|0.8|303.55,12,2,20368,2026-09-22_literatura_kcs11/barrido_literatura_kcs11.csv,1,1000.0,336.094584,423.0,283.0,0.6,1.0,0.8,0.8,0.85,0.75,0.8,303.55,True,csv:P_alta; csv:P_baja; csv:T_fuente; barrido_literatura_kcs11.py:T_SUMIDERO; csv:x_b; extra:m_b; extra:eta_t; extra:eta_p; EPS_PARTIDA,"PropertyRangeError: T_from_Ph(P, h, x): el motor teqp no cubre el estado pedido (ver TASK_CONTEXT 2026-09-18-validar-teqp-nh3h2o). Detalle: equilibrio no resoluble en T=294.86 K, P=3.3609e+05 Pa, x=0.",True,CORREGIBLE,0.064908,100.0706,331.5664,8,0,0,79.8,,"[CORREGIBLE] O2: succión de la bomba bifásica bajo el peor caso de T_amb (riesgo de cavitación) (medido=321.1977045065501, esperado=<= 287.000 K). Causa probable: subenfriamiento insuficiente a la sal",O2,,,,,0,False,
1000|336.095|463|283|0.6|1|0.8|0.8|0.85|0.75|0.8|303.55,13,2,25144,2026-09-22_literatura_kcs11/barrido_literatura_kcs11.csv,1,1000.0,336.094584,463.0,283.0,0.6,1.0,0.8,0.8,0.85,0.75,0.8,303.55,True,csv:P_alta; csv:P_baja; csv:T_fuente; barrido_literatura_kcs11.py:T_SUMIDERO; csv:x_b; extra:m_b; extra:eta_t; extra:eta_p; EPS_PARTIDA,"PropertyRangeError: equilibrio_liquido_vapor(P=1000.0 kPa, T=462.8499711017988 K): no existe equilibrio bifásico para ninguna composición (T fuera de la campana binaria a esa P, motor teqp).",True,CORREGIBLE,0.06448,104.2782,332.0282,8,2,11,98.1,,"[CORREGIBLE] O2: succión de la bomba bifásica bajo el peor caso de T_amb (riesgo de cavitación) (medido=322.49697053178073, esperado=<= 287.000 K). Causa probable: subenfriamiento insuficiente a la sa",O2,,,,,0,False,
2000|336.095|463|283|0.6|1|0.8|0.8|0.85|0.75|0.8|303.55,15,2,27548,2026-09-22_literatura_kcs11/barrido_literatura_kcs11.csv,1,2000.0,336.094594,463.0,283.0,0.6,1.0,0.8,0.8,0.85,0.75,0.8,303.55,True,csv:P_alta; csv:P_baja; csv:T_fuente; barrido_literatura_kcs11.py:T_SUMIDERO; csv:x_b; extra:m_b; extra:eta_t; extra:eta_p; EPS_PARTIDA,"PropertyRangeError: T_from_Ph(P, h, x): el motor teqp no cubre el estado pedido (ver TASK_CONTEXT 2026-09-18-validar-teqp-nh3h2o). Detalle: h=61287.7 fuera de dominio a P=3.3609e+05 Pa, x=0.6134",True,CORREGIBLE,0.108686,172.8516,354.6054,8,0,4,92.6,,"[CORREGIBLE] O2: succión de la bomba bifásica bajo el peor caso de T_amb (riesgo de cavitación) (medido=320.75990951395016, esperado=<= 287.000 K). Causa probable: subenfriamiento insuficiente a la sa",O2,,,,,0,False,
1500|336.095|463|283|0.6|1|0.8|0.8|0.85|0.75|0.8|303.55,14,2,22892,2026-09-22_literatura_kcs11/barrido_literatura_kcs11.csv,1,1500.0,336.094595,463.0,283.0,0.6,1.0,0.8,0.8,0.85,0.75,0.8,303.55,True,csv:P_alta; csv:P_baja; csv:T_fuente; barrido_literatura_kcs11.py:T_SUMIDERO; csv:x_b; extra:m_b; extra:eta_t; extra:eta_p; EPS_PARTIDA,"PropertyRangeError: T_from_Ph(P, h, x): el motor teqp no cubre el estado pedido (ver TASK_CONTEXT 2026-09-18-validar-teqp-nh3h2o). Detalle: h=148746 fuera de dominio a P=3.3609e+05 Pa, x=0.6134",True,CORREGIBLE,0.089974,144.2315,344.7746,8,0,7,112.4,,"[CORREGIBLE] O2: succión de la bomba bifásica bajo el peor caso de T_amb (riesgo de cavitación) (medido=321.5091729775949, esperado=<= 287.000 K). Causa probable: subenfriamiento insuficiente a la sal",O2,,,,,0,False,
1000|398.119|423|283|0.65|1|0.8|0.8|0.85|0.75|0.8|303.55,17,3,20368,2026-09-22_literatura_kcs11/barrido_literatura_kcs11.csv,1,1000.0,398.118722,423.0,283.0,0.65,1.0,0.8,0.8,0.85,0.75,0.8,303.55,True,csv:P_alta; csv:P_baja; csv:T_fuente; barrido_literatura_kcs11.py:T_SUMIDERO; csv:x_b; extra:m_b; extra:eta_t; extra:eta_p; EPS_PARTIDA,"PropertyRangeError: T_from_Ph(P, h, x): el motor teqp no cubre el estado pedido (ver TASK_CONTEXT 2026-09-18-validar-teqp-nh3h2o). Detalle: equilibrio no resoluble en T=292.08 K, P=3.9812e+05 Pa, x=0.",True,CORREGIBLE,0.056526,84.4022,324.746,8,0,0,70.1,,"[CORREGIBLE] O2: succión de la bomba bifásica bajo el peor caso de T_amb (riesgo de cavitación) (medido=320.01875513904986, esperado=<= 287.000 K). Causa probable: subenfriamiento insuficiente a la sa",O2,,,,,0,False,
2000|398.119|423|283|0.65|1|0.8|0.8|0.85|0.75|0.8|303.55,18,3,25144,2026-09-22_literatura_kcs11/barrido_literatura_kcs11.csv,1,2000.0,398.118724,423.0,283.0,0.65,1.0,0.8,0.8,0.85,0.75,0.8,303.55,True,csv:P_alta; csv:P_baja; csv:T_fuente; barrido_literatura_kcs11.py:T_SUMIDERO; csv:x_b; extra:m_b; extra:eta_t; extra:eta_p; EPS_PARTIDA,"PropertyRangeError: T_from_Ph(P, h, x): el motor teqp no cubre el estado pedido (ver TASK_CONTEXT 2026-09-18-validar-teqp-nh3h2o). Detalle: h=-3.22937e+11 fuera de dominio a P=2e+06 Pa, x=0.6627",True,CORREGIBLE,0.107357,118.0457,346.1359,8,0,0,90.9,,"[CORREGIBLE] O2: succión de la bomba bifásica bajo el peor caso de T_amb (riesgo de cavitación) (medido=312.4163410627718, esperado=<= 287.000 K). Causa probable: subenfriamiento insuficiente a la sal",O2,,,,,0,False,
1000|398.119|463|283|0.65|1|0.8|0.8|0.85|0.75|0.8|303.55,19,3,27548,2026-09-22_literatura_kcs11/barrido_literatura_kcs11.csv,1,1000.0,398.118722,463.0,283.0,0.65,1.0,0.8,0.8,0.85,0.75,0.8,303.55,True,csv:P_alta; csv:P_baja; csv:T_fuente; barrido_literatura_kcs11.py:T_SUMIDERO; csv:x_b; extra:m_b; extra:eta_t; extra:eta_p; EPS_PARTIDA,"PropertyRangeError: equilibrio_liquido_vapor(P=1000.0 kPa, T=462.8499803665554 K): no existe equilibrio bifásico para ninguna composición (T fuera de la campana binaria a esa P, motor teqp).",True,CORREGIBLE,0.056043,87.9085,325.1326,8,1,13,80.6,,"[CORREGIBLE] O2: succión de la bomba bifásica bajo el peor caso de T_amb (riesgo de cavitación) (medido=321.3734479087409, esperado=<= 287.000 K). Causa probable: subenfriamiento insuficiente a la sal",O2,,,,,0,False,
2000|398.119|463|283|0.65|1|0.8|0.8|0.85|0.75|0.8|303.55,21,4,20368,2026-09-22_literatura_kcs11/barrido_literatura_kcs11.csv,1,2000.0,398.118724,463.0,283.0,0.65,1.0,0.8,0.8,0.85,0.75,0.8,303.55,True,csv:P_alta; csv:P_baja; csv:T_fuente; barrido_literatura_kcs11.py:T_SUMIDERO; csv:x_b; extra:m_b; extra:eta_t; extra:eta_p; EPS_PARTIDA,"PropertyRangeError: T_from_Ph(P, h, x): el motor teqp no cubre el estado pedido (ver TASK_CONTEXT 2026-09-18-validar-teqp-nh3h2o). Detalle: h=67244 fuera de dominio a P=3.9812e+05 Pa, x=0.6627",True,CORREGIBLE,0.101496,156.5612,348.3531,8,0,5,86.7,,"[CORREGIBLE] O2: succión de la bomba bifásica bajo el peor caso de T_amb (riesgo de cavitación) (medido=319.5935883255785, esperado=<= 287.000 K). Causa probable: subenfriamiento insuficiente a la sal",O2,,,,,0,False,
1500|398.119|463|283|0.65|1|0.8|0.8|0.85|0.75|0.8|303.55,20,3,22892,2026-09-22_literatura_kcs11/barrido_literatura_kcs11.csv,1,1500.0,398.118725,463.0,283.0,0.65,1.0,0.8,0.8,0.85,0.75,0.8,303.55,True,csv:P_alta; csv:P_baja; csv:T_fuente; barrido_literatura_kcs11.py:T_SUMIDERO; csv:x_b; extra:m_b; extra:eta_t; extra:eta_p; EPS_PARTIDA,"PropertyRangeError: T_from_Ph(P, h, x): el motor teqp no cubre el estado pedido (ver TASK_CONTEXT 2026-09-18-validar-teqp-nh3h2o). Detalle: h=163463 fuera de dominio a P=3.9812e+05 Pa, x=0.6627",True,CORREGIBLE,0.082223,127.824,338.2284,8,0,9,104.9,,"[CORREGIBLE] O2: succión de la bomba bifásica bajo el peor caso de T_amb (riesgo de cavitación) (medido=320.35660097627266, esperado=<= 287.000 K). Causa probable: subenfriamiento insuficiente a la sa",O2,,,,,0,False,
3000|398.119|463|283|0.65|1|0.8|0.8|0.993292|0.957123|0.988621|303.55,22,4,25144,2026-09-22_literatura_kcs11/barrido_literatura_kcs11.csv,1,3000.0,398.118703,463.0,283.0,0.65,1.0,0.8,0.8,0.993292,0.957123,0.988621,303.55,False,csv:P_alta; csv:P_baja; csv:T_fuente; barrido_literatura_kcs11.py:T_SUMIDERO; csv:x_b; extra:m_b; extra:eta_t; extra:eta_p; csv:eps_hrvg; csv:eps_reg; csv:eps_cond,"N2,O2,O5,C1,C3,C3",True,NO_CONVERGIO,0.130276,283.8979,284.4852,7,0,0,48.8,,"[NO_CONVERGIO] N2: el balance global de energía no cierra dentro de la tolerancia (medido=42.359525188195676, esperado=<= 2.1792 kW (1e-3 relativo a Qi)). Causa probable: residuo numérico del lazo de ","N2,O2,O5,C1,C3,C3",,,,,0,False,
5000|336.095|373|283|0.6|1|0.8|0.8|0.85|0.75|0.8|303.55,11,2,22476,2026-09-22_literatura_kcs11/barrido_literatura_kcs11.csv,1,5000.0,336.094595,373.0,283.0,0.6,1.0,0.8,0.8,0.85,0.75,0.8,303.55,True,csv:P_alta; csv:P_baja; csv:T_fuente; barrido_literatura_kcs11.py:T_SUMIDERO; csv:x_b; extra:m_b; extra:eta_t; extra:eta_p; EPS_PARTIDA,"PropertyRangeError: equilibrio_liquido_vapor(P=5000.0 kPa, T=360.20055414536876 K): no existe equilibrio bifásico para ninguna composición (T fuera de la campana binaria a esa P, motor teqp).",False,NO_CONVERGIO,,,,,,,314.5,presupuesto agotado,CicloNoConvergeError: presupuesto de tiempo agotado: 0 evaluaciones de F en 314.5 s (presupuesto 300 s),,,,,,,,
1000|456.323|423|283|0.7|1|0.8|0.8|0.85|0.75|0.8|303.55,24,5,20368,2026-09-22_literatura_kcs11/barrido_literatura_kcs11.csv,1,1000.0,456.322836,423.0,283.0,0.7,1.0,0.8,0.8,0.85,0.75,0.8,303.55,True,csv:P_alta; csv:P_baja; csv:T_fuente; barrido_literatura_kcs11.py:T_SUMIDERO; csv:x_b; extra:m_b; extra:eta_t; extra:eta_p; EPS_PARTIDA,"PropertyRangeError: T_from_Ph(P, h, x): el motor teqp no cubre el estado pedido (ver TASK_CONTEXT 2026-09-18-validar-teqp-nh3h2o). Detalle: h=49698.1 fuera de dominio a P=4.5632e+05 Pa, x=0.7117",True,CORREGIBLE,0.049876,71.9094,318.5512,8,0,2,76.9,,"[CORREGIBLE] O2: succión de la bomba bifásica bajo el peor caso de T_amb (riesgo de cavitación) (medido=318.7120061693926, esperado=<= 287.000 K). Causa probable: subenfriamiento insuficiente a la sal",O2,,,,,0,False,
1000|456.323|463|283|0.7|1|0.8|0.8|0.85|0.75|0.8|303.55,25,4,22892,2026-09-22_literatura_kcs11/barrido_literatura_kcs11.csv,1,1000.0,456.322836,463.0,283.0,0.7,1.0,0.8,0.8,0.85,0.75,0.8,303.55,True,csv:P_alta; csv:P_baja; csv:T_fuente; barrido_literatura_kcs11.py:T_SUMIDERO; csv:x_b; extra:m_b; extra:eta_t; extra:eta_p; EPS_PARTIDA,"PropertyRangeError: T_from_Ph(P, h, x): el motor teqp no cubre el estado pedido (ver TASK_CONTEXT 2026-09-18-validar-teqp-nh3h2o). Detalle: equilibrio no resoluble en T=275.37 K, P=4.5632e+05 Pa, x=0.",True,CORREGIBLE,0.049347,74.866,318.8571,8,0,15,89.7,,"[CORREGIBLE] O2: succión de la bomba bifásica bajo el peor caso de T_amb (riesgo de cavitación) (medido=320.1285397050789, esperado=<= 287.000 K). Causa probable: subenfriamiento insuficiente a la sal",O2,,,,,0,False,
5000|398.119|373|283|0.65|1|0.8|0.8|0.85|0.75|0.8|303.55,16,3,26924,2026-09-22_literatura_kcs11/barrido_literatura_kcs11.csv,1,5000.0,398.118726,373.0,283.0,0.65,1.0,0.8,0.8,0.85,0.75,0.8,303.55,True,csv:P_alta; csv:P_baja; csv:T_fuente; barrido_literatura_kcs11.py:T_SUMIDERO; csv:x_b; extra:m_b; extra:eta_t; extra:eta_p; EPS_PARTIDA,"PropertyRangeError: equilibrio_liquido_vapor(P=5000.0 kPa, T=360.26299351030735 K): no existe equilibrio bifásico para ninguna composición (T fuera de la campana binaria a esa P, motor teqp).",False,NO_CONVERGIO,,,,,,,305.5,presupuesto agotado,CicloNoConvergeError: presupuesto de tiempo agotado: 0 evaluaciones de F en 305.5 s (presupuesto 300 s),,,,,,,,
1500|456.323|463|283|0.7|1|0.8|0.8|0.85|0.75|0.8|303.55,26,5,25144,2026-09-22_literatura_kcs11/barrido_literatura_kcs11.csv,1,1500.0,456.322836,463.0,283.0,0.7,1.0,0.8,0.8,0.85,0.75,0.8,303.55,True,csv:P_alta; csv:P_baja; csv:T_fuente; barrido_literatura_kcs11.py:T_SUMIDERO; csv:x_b; extra:m_b; extra:eta_t; extra:eta_p; EPS_PARTIDA,"PropertyRangeError: T_from_Ph(P, h, x): el motor teqp no cubre el estado pedido (ver TASK_CONTEXT 2026-09-18-validar-teqp-nh3h2o). Detalle: h=178144 fuera de dominio a P=4.5632e+05 Pa, x=0.7117",True,CORREGIBLE,0.076354,114.8022,332.3159,8,0,10,107.8,,"[CORREGIBLE] O2: succión de la bomba bifásica bajo el peor caso de T_amb (riesgo de cavitación) (medido=319.0790489952923, esperado=<= 287.000 K). Causa probable: subenfriamiento insuficiente a la sal",O2,,,,,0,False,
2000|456.323|463|283|0.7|1|0.8|0.8|0.85|0.75|0.8|303.55,27,3,22476,2026-09-22_literatura_kcs11/barrido_literatura_kcs11.csv,1,2000.0,456.322835,463.0,283.0,0.7,1.0,0.8,0.8,0.85,0.75,0.8,303.55,True,csv:P_alta; csv:P_baja; csv:T_fuente; barrido_literatura_kcs11.py:T_SUMIDERO; csv:x_b; extra:m_b; extra:eta_t; extra:eta_p; EPS_PARTIDA,"PropertyRangeError: T_from_Ph(P, h, x): el motor teqp no cubre el estado pedido (ver TASK_CONTEXT 2026-09-18-validar-teqp-nh3h2o). Detalle: h=73219.5 fuera de dominio a P=4.5632e+05 Pa, x=0.7117",True,CORREGIBLE,0.096283,143.6754,342.7348,8,0,7,95.7,,"[CORREGIBLE] O2: succión de la bomba bifásica bajo el peor caso de T_amb (riesgo de cavitación) (medido=318.2998964758642, esperado=<= 287.000 K). Causa probable: subenfriamiento insuficiente a la sal",O2,,,,,0,False,
3000|456.323|463|283|0.7|1|0.8|0.8|0.85|0.75|0.8|303.55,28,6,20368,2026-09-22_literatura_kcs11/barrido_literatura_kcs11.csv,1,3000.0,456.322818,463.0,283.0,0.7,1.0,0.8,0.8,0.85,0.75,0.8,303.55,True,csv:P_alta; csv:P_baja; csv:T_fuente; barrido_literatura_kcs11.py:T_SUMIDERO; csv:x_b; extra:m_b; extra:eta_t; extra:eta_p; EPS_PARTIDA,"PropertyRangeError: T_from_Ph(P, h, x): el motor teqp no cubre el estado pedido (ver TASK_CONTEXT 2026-09-18-validar-teqp-nh3h2o). Detalle: equilibrio no resoluble en T=372.84 K, P=4.5632e+05 Pa, x=0.",True,CORREGIBLE,0.125632,184.8665,358.8399,8,0,0,96.0,,"[CORREGIBLE] O2: succión de la bomba bifásica bajo el peor caso de T_amb (riesgo de cavitación) (medido=317.1166840341682, esperado=<= 287.000 K). Causa probable: subenfriamiento insuficiente a la sal",O2,,,,,0,False,
3000|1184.86|423|283|0.7|1|0.8|0.8|0.85|0.8|0.85|283.15,30,4,26924,2026-09-24_margen2k/barrido_margen2k.csv,1,3000.0,1184.859148,423.0,283.0,0.7,1.0,0.8,0.8,0.85,0.8,0.85,283.15,False,csv:P_alta; csv:P_baja; csv:T_fuente; barrido_margen2k.py:T_SUMIDERO; csv:x_b; barrido_margen2k.py:M_B; barrido_margen2k.py:ETA_T; barrido_margen2k.py:ETA_P; extra:eps_hrvg; extra:eps_reg; extra:eps_cond,RuntimeError: margen no llega a 2 K hasta P=1184.86 (margen max 1.54 K),True,KALINA,0.073381,72.2434,346.064,8,0,0,70.0,,"KALINA: régimen Kalina genuino y admisible, sin fallas.",,True,-1.6628,7.43,,0,False,
3000|1241.81|423|283|0.75|1|0.8|0.8|0.85|0.8|0.85|283.15,31,6,25144,2026-09-24_margen2k/barrido_margen2k.csv,1,3000.0,1241.813047,423.0,283.0,0.75,1.0,0.8,0.8,0.85,0.8,0.85,283.15,False,csv:P_alta; csv:P_baja; csv:T_fuente; barrido_margen2k.py:T_SUMIDERO; csv:x_b; barrido_margen2k.py:M_B; barrido_margen2k.py:ETA_T; barrido_margen2k.py:ETA_P; extra:eps_hrvg; extra:eps_reg; extra:eps_cond,RuntimeError: margen no llega a 2 K hasta P=1241.81 (margen max -0.217 K),True,CORREGIBLE,0.072933,78.3452,341.8254,8,0,0,70.1,,"[CORREGIBLE] O2: succión de la bomba bifásica bajo el peor caso de T_amb (riesgo de cavitación) (medido=316.72451650438535, esperado=<= 316.508 K). Causa probable: subenfriamiento insuficiente a la sa",O2,,,,,0,False,
4000|944.028|423|283|0.75|1|0.8|0.8|0.85|0.8|0.85|283.15,32,4,22476,2026-09-24_margen2k/barrido_margen2k.csv,1,4000.0,944.02827,423.0,283.0,0.75,1.0,0.8,0.8,0.85,0.8,0.85,283.15,False,csv:P_alta; csv:P_baja; csv:T_fuente; barrido_margen2k.py:T_SUMIDERO; csv:x_b; barrido_margen2k.py:M_B; barrido_margen2k.py:ETA_T; barrido_margen2k.py:ETA_P; extra:eps_hrvg; extra:eps_reg; extra:eps_cond,RuntimeError: margen no llega a 2 K hasta P=944.028 (margen max -0.424 K),True,CORREGIBLE,0.112054,104.037,344.3597,8,0,0,52.2,,"[CORREGIBLE] O2: succión de la bomba bifásica bajo el peor caso de T_amb (riesgo de cavitación) (medido=307.14065143881, esperado=<= 306.716 K). Causa probable: subenfriamiento insuficiente a la salid",O2,,,,,0,False,
4000|592.935|423|283|0.8|1|0.8|0.8|0.85|0.8|0.85|283.15,35,7,25144,2026-09-24_margen2k/barrido_margen2k.csv;2026-09-23_eps_fijos_085/barrido_eps_fijos_085.csv,2,4000.0,592.935458,423.0,283.0,0.8,1.0,0.8,0.8,0.85,0.8,0.85,283.15,False,csv:P_alta; csv:P_baja; csv:T_fuente; barrido_margen2k.py:T_SUMIDERO; csv:x_b; barrido_margen2k.py:M_B; barrido_margen2k.py:ETA_T; barrido_margen2k.py:ETA_P; extra:eps_hrvg; extra:eps_reg; extra:eps_cond,"RuntimeError: evaluacion de margen abortada: PropertyRangeError: T_from_Ph(P, h, x): el motor teqp no cubre el estado pedido (ver TASK_CONTEXT 2026-09-18-validar-teqp-nh3h2o). Detalle: equilibrio no r",True,CORREGIBLE,0.145808,148.7061,339.3809,8,0,2,47.6,,"[CORREGIBLE] O2: succión de la bomba bifásica bajo el peor caso de T_amb (riesgo de cavitación) (medido=290.0594892000529, esperado=<= 289.000 K). Causa probable: subenfriamiento insuficiente a la sal",O2,,,,,0,False,
3000|1234.51|394|283|0.8|1|0.8|0.8|0.85|0.8|0.85|283.15,33,7,20368,2026-09-24_margen2k/barrido_margen2k.csv,1,3000.0,1234.507606,394.0,283.0,0.8,1.0,0.8,0.8,0.85,0.8,0.85,283.15,False,csv:P_alta; csv:P_baja; csv:T_fuente; barrido_margen2k.py:T_SUMIDERO; csv:x_b; barrido_margen2k.py:M_B; barrido_margen2k.py:ETA_T; barrido_margen2k.py:ETA_P; extra:eps_hrvg; extra:eps_reg; extra:eps_cond,RuntimeError: margen no llega a 2 K hasta P=1234.51 (margen max 1.25 K),True,KALINA,0.073416,62.0715,333.7584,10,0,0,64.6,,"KALINA: régimen Kalina genuino y admisible, sin fallas.",,True,-1.3566,7.32,,0,False,
5000|456.323|373|283|0.7|1|0.8|0.8|0.85|0.75|0.8|303.55,23,4,27548,2026-09-22_literatura_kcs11/barrido_literatura_kcs11.csv,1,5000.0,456.322837,373.0,283.0,0.7,1.0,0.8,0.8,0.85,0.75,0.8,303.55,True,csv:P_alta; csv:P_baja; csv:T_fuente; barrido_literatura_kcs11.py:T_SUMIDERO; csv:x_b; extra:m_b; extra:eta_t; extra:eta_p; EPS_PARTIDA,"PropertyRangeError: equilibrio_liquido_vapor(P=5000.0 kPa, T=360.3439259844327 K): no existe equilibrio bifásico para ninguna composición (T fuera de la campana binaria a esa P, motor teqp).",False,NO_CONVERGIO,,,,,,,313.4,presupuesto agotado,CicloNoConvergeError: presupuesto de tiempo agotado: 0 evaluaciones de F en 313.4 s (presupuesto 300 s),,,,,,,,
5000|1238.78|423|283|0.8|1|0.8|0.8|0.85|0.8|0.85|283.15,36,5,22476,2026-09-24_margen2k/barrido_margen2k.csv,1,5000.0,1238.7758,423.0,283.0,0.8,1.0,0.8,0.8,0.85,0.8,0.85,283.15,False,csv:P_alta; csv:P_baja; csv:T_fuente; barrido_margen2k.py:T_SUMIDERO; csv:x_b; barrido_margen2k.py:M_B; barrido_margen2k.py:ETA_T; barrido_margen2k.py:ETA_P; extra:eps_hrvg; extra:eps_reg; extra:eps_cond,RuntimeError: margen no llega a 2 K hasta P=1238.78 (margen max 0.351 K),True,KALINA,0.109215,99.5147,342.4697,8,0,0,64.6,,"KALINA: régimen Kalina genuino y admisible, sin fallas.",,True,-1.3758,13.05,,0,False,
5000|360.842|394|283|0.6|1|0.8|0.8|0.85|0.8|0.85|283.15,29,5,22892,2026-09-24_margen2k/barrido_margen2k.csv;2026-09-23_eps_fijos_085/barrido_eps_fijos_085.csv,2,5000.0,360.842178,394.0,283.0,0.6,1.0,0.8,0.8,0.85,0.8,0.85,283.15,False,csv:P_alta; csv:P_baja; csv:T_fuente; barrido_margen2k.py:T_SUMIDERO; csv:x_b; barrido_margen2k.py:M_B; barrido_margen2k.py:ETA_T; barrido_margen2k.py:ETA_P; extra:eps_hrvg; extra:eps_reg; extra:eps_cond,"RuntimeError: evaluacion de margen abortada: PropertyRangeError: T_from_Ph(P, h, x): el motor teqp no cubre el estado pedido (ver TASK_CONTEXT 2026-09-18-validar-teqp-nh3h2o). Detalle: h=-11551.8 fuer",True,NO_CONVERGIO,-0.815171,-40.7066,382.8336,10,13,0,195.8,,"[NO_CONVERGIO] N2: el balance global de energía no cierra dentro de la tolerancia (medido=113.04197433262486, esperado=<= 0.0499363 kW (1e-3 relativo a Qi)). Causa probable: residuo numérico del lazo ","N2,S6,O3,O5,C1,C3,C3",,,,,4,False,
4000|360.842|394|283|0.6|1|0.8|0.8|0.85|0.75|0.8|283.15,37,8,25144,2026-09-23_pinch6_realista/barrido_pinch6_realista.csv,1,4000.0,360.842178,394.0,283.0,0.6,1.0,0.8,0.8,0.85,0.75,0.8,283.15,True,csv:P_alta; csv:P_baja; csv:T_fuente; barrido_pinch6_realista.py:T_SUMIDERO; csv:x_b; barrido_pinch6_realista.py:M_B; extra:eta_t; extra:eta_p; EPS_PARTIDA,"PropertyRangeError: T_from_Ph(P, h, x): el motor teqp no cubre el estado pedido (ver TASK_CONTEXT 2026-09-18-validar-teqp-nh3h2o). Detalle: h=-8906.82 fuera de dominio a P=3.6084e+05 Pa, x=0.6134",True,CORREGIBLE,0.078628,20.0874,361.2269,8,0,0,67.2,,"[CORREGIBLE] O2: succión de la bomba bifásica bajo el peor caso de T_amb (riesgo de cavitación) (medido=289.86624083676696, esperado=<= 289.000 K). Causa probable: subenfriamiento insuficiente a la sa",O2,,,,,0,False,
3000|632.935|423|283|0.8|1|0.8|0.8|0.85|0.8|0.85|283.15,34,5,26924,2026-09-24_margen2k/barrido_margen2k.csv,1,3000.0,632.935448,423.0,283.0,0.8,1.0,0.8,0.8,0.85,0.8,0.85,283.15,False,csv:P_alta; csv:P_baja; csv:T_fuente; barrido_margen2k.py:T_SUMIDERO; csv:x_b; barrido_margen2k.py:M_B; barrido_margen2k.py:ETA_T; barrido_margen2k.py:ETA_P; extra:eps_hrvg; extra:eps_reg; extra:eps_cond,"RuntimeError: evaluacion de margen abortada: PropertyRangeError: T_from_Ph(P, h, x): el motor teqp no cubre el estado pedido (ver TASK_CONTEXT 2026-09-18-validar-teqp-nh3h2o). Detalle: equilibrio no r",True,CORREGIBLE,0.122631,142.213,337.9023,8,0,7,128.3,,"[CORREGIBLE] O2: succión de la bomba bifásica bajo el peor caso de T_amb (riesgo de cavitación) (medido=292.23200537259663, esperado=<= 290.991 K). Causa probable: subenfriamiento insuficiente a la sa",O2,,,,,0,False,
4000|544.028|423|283|0.75|1|0.8|0.8|0.85|0.75|0.8|283.15,42,9,25144,2026-09-23_pinch6_realista/barrido_pinch6_realista.csv,1,4000.0,544.02827,423.0,283.0,0.75,1.0,0.8,0.8,0.85,0.75,0.8,283.15,True,csv:P_alta; csv:P_baja; csv:T_fuente; barrido_pinch6_realista.py:T_SUMIDERO; csv:x_b; barrido_pinch6_realista.py:M_B; extra:eta_t; extra:eta_p; EPS_PARTIDA,"PropertyRangeError: T_from_Ph(P, h, x): el motor teqp no cubre el estado pedido (ver TASK_CONTEXT 2026-09-18-validar-teqp-nh3h2o). Detalle: h=-4.41648e+08 fuera de dominio a P=4e+06 Pa, x=0.7604",False,NO_CONVERGIO,,,,,,,30.4,punto interior no evaluable,CicloNoConvergeError: punto interior no evaluable durante brentq (T=351.781617 K),,,,,,,,
3000|488.459|394|283|0.7|1|0.8|0.8|0.85|0.75|0.8|283.15,40,6,22476,2026-09-23_pinch6_realista/barrido_pinch6_realista.csv,1,3000.0,488.458529,394.0,283.0,0.7,1.0,0.8,0.8,0.85,0.75,0.8,283.15,True,csv:P_alta; csv:P_baja; csv:T_fuente; barrido_pinch6_realista.py:T_SUMIDERO; csv:x_b; barrido_pinch6_realista.py:M_B; extra:eta_t; extra:eta_p; EPS_PARTIDA,"PropertyRangeError: T_from_Ph(P, h, x): el motor teqp no cubre el estado pedido (ver TASK_CONTEXT 2026-09-18-validar-teqp-nh3h2o). Detalle: h=-9.62024e+09 fuera de dominio a P=3e+06 Pa, x=0.7117",True,CORREGIBLE,0.122917,79.2719,344.735,11,0,0,65.1,,"[CORREGIBLE] O2: succión de la bomba bifásica bajo el peor caso de T_amb (riesgo de cavitación) (medido=290.99953244895966, esperado=<= 289.000 K). Causa probable: subenfriamiento insuficiente a la sa",O2,,,,,0,False,
5000|488.459|394|283|0.7|1|0.8|0.8|0.85|0.75|0.8|283.15,41,6,22892,2026-09-23_pinch6_realista/barrido_pinch6_realista.csv,1,5000.0,488.458545,394.0,283.0,0.7,1.0,0.8,0.8,0.85,0.75,0.8,283.15,True,csv:P_alta; csv:P_baja; csv:T_fuente; barrido_pinch6_realista.py:T_SUMIDERO; csv:x_b; barrido_pinch6_realista.py:M_B; extra:eta_t; extra:eta_p; EPS_PARTIDA,"PropertyRangeError: T_from_Ph(P, h, x): el motor teqp no cubre el estado pedido (ver TASK_CONTEXT 2026-09-18-validar-teqp-nh3h2o). Detalle: h=-15557.5 fuera de dominio a P=4.8846e+05 Pa, x=0.7117",True,CORREGIBLE,0.093528,28.911,358.673,10,0,0,85.1,,"[CORREGIBLE] O2: succión de la bomba bifásica bajo el peor caso de T_amb (riesgo de cavitación) (medido=289.6851458453891, esperado=<= 289.000 K). Causa probable: subenfriamiento insuficiente a la sal",O2,,,,,0,False,
5000|426.697|394|283|0.65|1|0.8|0.8|0.85|0.75|0.8|283.15,39,5,27548,2026-09-23_pinch6_realista/barrido_pinch6_realista.csv,1,5000.0,426.696688,394.0,283.0,0.65,1.0,0.8,0.8,0.85,0.75,0.8,283.15,True,csv:P_alta; csv:P_baja; csv:T_fuente; barrido_pinch6_realista.py:T_SUMIDERO; csv:x_b; barrido_pinch6_realista.py:M_B; extra:eta_t; extra:eta_p; EPS_PARTIDA,"PropertyRangeError: equilibrio_liquido_vapor(P=5000.0 kPa, T=354.7305111191538 K): no existe equilibrio bifásico para ninguna composición (T fuera de la campana binaria a esa P, motor teqp).",True,CORREGIBLE,0.004347,0.7231,366.6091,11,0,0,100.2,,"[CORREGIBLE] O2: succión de la bomba bifásica bajo el peor caso de T_amb (riesgo de cavitación) (medido=289.29152907467534, esperado=<= 289.000 K). Causa probable: subenfriamiento insuficiente a la sa",O2,,,,,0,False,
4000|592.935|423|283|0.8|1|0.8|0.8|0.85|0.75|0.8|283.15,43,6,26924,2026-09-23_pinch6_realista/barrido_pinch6_realista.csv,1,4000.0,592.935458,423.0,283.0,0.8,1.0,0.8,0.8,0.85,0.75,0.8,283.15,True,csv:P_alta; csv:P_baja; csv:T_fuente; barrido_pinch6_realista.py:T_SUMIDERO; csv:x_b; barrido_pinch6_realista.py:M_B; extra:eta_t; extra:eta_p; EPS_PARTIDA,"PropertyRangeError: T_from_Ph(P, h, x): el motor teqp no cubre el estado pedido (ver TASK_CONTEXT 2026-09-18-validar-teqp-nh3h2o). Detalle: equilibrio no resoluble en T=495.67 K, P=4e+06 Pa, x=0.8088",True,CORREGIBLE,0.144256,141.7989,347.9386,9,0,2,64.7,,"[CORREGIBLE] O2: succión de la bomba bifásica bajo el peor caso de T_amb (riesgo de cavitación) (medido=290.64717781766404, esperado=<= 289.000 K). Causa probable: subenfriamiento insuficiente a la sa",O2,,,,,0,False,
4000|607.963|423|283|0.75|1|0.8|0.8|0.85|0.8|0.85|283.15,44,10,25144,2026-09-23_eps_fijos_085/barrido_eps_fijos_085.csv,1,4000.0,607.962882,423.0,283.0,0.75,1.0,0.8,0.8,0.85,0.8,0.85,283.15,False,csv:P_alta; csv:P_baja; csv:T_fuente; barrido_eps_fijos_085.py:T_SUMIDERO; csv:x_b; barrido_eps_fijos_085.py:M_B; barrido_eps_fijos_085.py:ETA_T; barrido_eps_fijos_085.py:ETA_P; csv:eps_hrvg; csv:eps_reg; csv:eps_cond,"PropertyRangeError: T_from_Ph(P, h, x): el motor teqp no cubre el estado pedido (ver TASK_CONTEXT 2026-09-18-validar-teqp-nh3h2o). Detalle: h=-1.6126e+14 fuera de dominio a P=6.0796e+05 Pa, x=0.7604",False,NO_CONVERGIO,,,,,,,81.2,sin extremos evaluables,"CicloNoConvergeError: sin dos extremos evaluables en el rango físico de T1 (repliegues_lo=27, repliegues_hi=0, paso=5.0 K)",,,,,,,,
5000|360.842|394|283|0.6|1|0.8|0.8|0.85|0.75|0.8|283.15,38,8,20368,2026-09-23_pinch6_realista/barrido_pinch6_realista.csv,1,5000.0,360.842178,394.0,283.0,0.6,1.0,0.8,0.8,0.85,0.75,0.8,283.15,True,csv:P_alta; csv:P_baja; csv:T_fuente; barrido_pinch6_realista.py:T_SUMIDERO; csv:x_b; barrido_pinch6_realista.py:M_B; extra:eta_t; extra:eta_p; EPS_PARTIDA,"PropertyRangeError: T_from_Ph(P, h, x): el motor teqp no cubre el estado pedido (ver TASK_CONTEXT 2026-09-18-validar-teqp-nh3h2o). Detalle: h=-10827.9 fuera de dominio a P=3.6084e+05 Pa, x=0.6134",True,NO_CONVERGIO,-0.633889,-45.5198,377.8611,11,12,0,222.6,,"[NO_CONVERGIO] N2: el balance global de energía no cierra dentro de la tolerancia (medido=129.60055378737516, esperado=<= 0.0718103 kW (1e-3 relativo a Qi)). Causa probable: residuo numérico del lazo ","N2,S6,O3,O5,C1,C3,C3",,,,,4,False,
3000|660.399|423|283|0.8|1|0.8|0.8|0.85|0.8|0.85|283.15,45,7,22476,2026-09-23_eps_fijos_085/barrido_eps_fijos_085.csv,1,3000.0,660.399187,423.0,283.0,0.8,1.0,0.8,0.8,0.85,0.8,0.85,283.15,False,csv:P_alta; csv:P_baja; csv:T_fuente; barrido_eps_fijos_085.py:T_SUMIDERO; csv:x_b; barrido_eps_fijos_085.py:M_B; barrido_eps_fijos_085.py:ETA_T; barrido_eps_fijos_085.py:ETA_P; csv:eps_hrvg; csv:eps_reg; csv:eps_cond,"PropertyRangeError: T_from_Ph(P, h, x): el motor teqp no cubre el estado pedido (ver TASK_CONTEXT 2026-09-18-validar-teqp-nh3h2o). Detalle: equilibrio no resoluble en T=494.52 K, P=3e+06 Pa, x=0.8088",True,CORREGIBLE,0.119953,139.1254,337.867,8,0,6,132.3,,"[CORREGIBLE] O2: succión de la bomba bifásica bajo el peor caso de T_amb (riesgo de cavitación) (medido=293.4993083026069, esperado=<= 292.303 K). Causa probable: subenfriamiento insuficiente a la sal",O2,,,,,0,False,
1500|398.119|333|283|0.65|1|0.8|0.8|0.85|0.75|0.8|283.15,48,7,26924,2026-09-22_tfuente_bajo/exploracion_tfuente_bajo.csv,1,1500.0,398.118725,333.0,283.0,0.65,1.0,0.8,0.8,0.85,0.75,0.8,283.15,True,csv:P_alta; csv:P_baja; csv:T_fuente; exploracion_tfuente_bajo.py:T_SUMIDERO; csv:x_b; exploracion_tfuente_bajo.py:M_B; extra:eta_t; extra:eta_p; EPS_PARTIDA,"PropertyRangeError: equilibrio_liquido_vapor(P=1500.0 kPa, T=308.86782813541754 K): no existe equilibrio bifásico para ninguna composición (T fuera de la campana binaria a esa P, motor teqp).",True,CORREGIBLE,0.004454,0.334,320.9052,11,0,0,124.7,,"[CORREGIBLE] O2: succión de la bomba bifásica bajo el peor caso de T_amb (riesgo de cavitación) (medido=287.00885745398926, esperado=<= 287.000 K). Causa probable: subenfriamiento insuficiente a la sa",O2,,,,,2,False,
1500|456.323|333|283|0.7|1|0.8|0.8|0.85|0.75|0.8|283.15,49,11,25144,2026-09-22_tfuente_bajo/exploracion_tfuente_bajo.csv,1,1500.0,456.322836,333.0,283.0,0.7,1.0,0.8,0.8,0.85,0.75,0.8,283.15,True,csv:P_alta; csv:P_baja; csv:T_fuente; exploracion_tfuente_bajo.py:T_SUMIDERO; csv:x_b; exploracion_tfuente_bajo.py:M_B; extra:eta_t; extra:eta_p; EPS_PARTIDA,"PropertyRangeError: T_from_Ph(P, h, x): el motor teqp no cubre el estado pedido (ver TASK_CONTEXT 2026-09-18-validar-teqp-nh3h2o). Detalle: h=-2911.22 fuera de dominio a P=4.5632e+05 Pa, x=0.7117",True,CORREGIBLE,0.066691,14.7477,318.5939,10,0,0,118.6,,"[CORREGIBLE] O2: succión de la bomba bifásica bajo el peor caso de T_amb (riesgo de cavitación) (medido=287.5276105996885, esperado=<= 287.000 K). Causa probable: subenfriamiento insuficiente a la sal",O2,,,,,7,False,
1500|508.679|333|283|0.75|1|0.8|0.8|0.70817|0.866788|0.954619|283.15,50,9,20368,2026-09-22_tfuente_bajo/exploracion_tfuente_bajo.csv,1,1500.0,508.679402,333.0,283.0,0.75,1.0,0.8,0.8,0.70817,0.866788,0.954619,283.15,False,csv:P_alta; csv:P_baja; csv:T_fuente; exploracion_tfuente_bajo.py:T_SUMIDERO; csv:x_b; exploracion_tfuente_bajo.py:M_B; extra:eta_t; extra:eta_p; csv:eps_hrvg; csv:eps_reg; csv:eps_cond,"PropertyRangeError: bubble_point(P, x): el motor teqp no cubre el estado pedido (ver TASK_CONTEXT 2026-09-18-validar-teqp-nh3h2o). Detalle: f(a) and f(b) must have different signs",False,NO_CONVERGIO,,,,,,,88.3,otro,"PropertyRangeError: bubble_point(P, x): el motor teqp no cubre el estado pedido (ver TASK_CONTEXT 2026-09-18-validar-teqp-nh3h2o). Detalle: f(a) and f(b) must have different signs",,,,,,,,
1500|273.545|333|283|0.55|1|0.8|0.8|0.85|0.75|0.8|283.15,46,7,22892,2026-09-22_tfuente_bajo/exploracion_tfuente_bajo.csv,1,1500.0,273.545421,333.0,283.0,0.55,1.0,0.8,0.8,0.85,0.75,0.8,283.15,True,csv:P_alta; csv:P_baja; csv:T_fuente; exploracion_tfuente_bajo.py:T_SUMIDERO; csv:x_b; exploracion_tfuente_bajo.py:M_B; extra:eta_t; extra:eta_p; EPS_PARTIDA,"PropertyRangeError: T_from_Ph(P, h, x): el motor teqp no cubre el estado pedido (ver TASK_CONTEXT 2026-09-18-validar-teqp-nh3h2o). Detalle: h=-11814.3 fuera de dominio a P=2.7355e+05 Pa, x=0.5639",False,NO_CONVERGIO,,,,,,,179.6,sin extremos evaluables,"CicloNoConvergeError: sin dos extremos evaluables en el rango físico de T1 (repliegues_lo=9, repliegues_hi=0, paso=5.0 K)",,,,,,,,
1500|336.095|340|283|0.6|1|0.8|0.8|0.85|0.75|0.8|283.15,52,8,26924,2026-09-22_frontera_tfuente/frontera_tfuente_teqp.csv,1,1500.0,336.094595,340.0,283.0,0.6,1.0,0.8,0.8,0.85,0.75,0.8,283.15,True,csv:P_alta; csv:P_baja; csv:T_fuente; frontera_tfuente_teqp.py:T_SUMIDERO; csv:x_b; frontera_tfuente_teqp.py:M_B; extra:eta_t; extra:eta_p; EPS_PARTIDA,"PropertyRangeError: T_from_Ph(P, h, x): el motor teqp no cubre el estado pedido (ver TASK_CONTEXT 2026-09-18-validar-teqp-nh3h2o). Detalle: h=-1.0326e+06 fuera de dominio a P=3.3609e+05 Pa, x=0.6134",True,CORREGIBLE,0.029855,3.1132,325.585,10,0,0,99.9,,"[CORREGIBLE] O2: succión de la bomba bifásica bajo el peor caso de T_amb (riesgo de cavitación) (medido=287.1915798964843, esperado=<= 287.000 K). Causa probable: subenfriamiento insuficiente a la sal",O2,,,,,0,False,
1500|336.095|333|283|0.6|1|0.8|0.8|0.85|0.75|0.8|283.15,47,6,27548,2026-09-22_tfuente_bajo/exploracion_tfuente_bajo.csv,1,1500.0,336.094595,333.0,283.0,0.6,1.0,0.8,0.8,0.85,0.75,0.8,283.15,True,csv:P_alta; csv:P_baja; csv:T_fuente; exploracion_tfuente_bajo.py:T_SUMIDERO; csv:x_b; exploracion_tfuente_bajo.py:M_B; extra:eta_t; extra:eta_p; EPS_PARTIDA,"PropertyRangeError: T_from_Ph(P, h, x): el motor teqp no cubre el estado pedido (ver TASK_CONTEXT 2026-09-18-validar-teqp-nh3h2o). Detalle: h=-8312.7 fuera de dominio a P=3.3609e+05 Pa, x=0.6134",False,NO_CONVERGIO,,,,,,,236.5,punto interior no evaluable,CicloNoConvergeError: punto interior no evaluable durante brentq (T=314.000000 K),,,,,,,,
1500|273.545|350|283|0.55|1|0.8|0.8|0.85|0.75|0.8|283.15,53,12,25144,2026-09-22_frontera_tfuente/frontera_tfuente_teqp.csv,1,1500.0,273.545421,350.0,283.0,0.55,1.0,0.8,0.8,0.85,0.75,0.8,283.15,True,csv:P_alta; csv:P_baja; csv:T_fuente; frontera_tfuente_teqp.py:T_SUMIDERO; csv:x_b; frontera_tfuente_teqp.py:M_B; extra:eta_t; extra:eta_p; EPS_PARTIDA,"PropertyRangeError: T_from_Ph(P, h, x): el motor teqp no cubre el estado pedido (ver TASK_CONTEXT 2026-09-18-validar-teqp-nh3h2o). Detalle: h=-7322.93 fuera de dominio a P=2.7355e+05 Pa, x=0.5639",True,CORREGIBLE,0.057894,9.0135,331.7405,10,0,0,93.2,,"[CORREGIBLE] O2: succión de la bomba bifásica bajo el peor caso de T_amb (riesgo de cavitación) (medido=287.6169267410628, esperado=<= 287.000 K). Causa probable: subenfriamiento insuficiente a la sal",O2,,,,,0,False,
7000|400|470|300.033|0.78|1|0.85|0.75|0.85|0.75|0.8|303.55,54,10,20368,2026-09-21_xb_industria/barrido_xb_industria.csv,1,7000.0,400.0,470.0,300.032917,0.78,1.0,0.85,0.75,0.85,0.75,0.8,303.55,False,csv:P_alta; csv:P_baja; extra:T_fuente; extra:T_sumidero; csv:x_b; extra:m_b; extra:eta_t; extra:eta_p; extra:eps_hrvg; extra:eps_reg; extra:eps_cond,"PropertyRangeError: T_from_Ph(P, h, x): el motor teqp no cubre el estado pedido (ver TASK_CONTEXT 2026-09-18-validar-teqp-nh3h2o). Detalle: equilibrio no resoluble en T=499.06 K, P=7e+06 Pa, x=0.7895",True,INVIABLE,-0.008033,-3.9813,431.4673,7,0,2,85.4,,"[INVIABLE] O3: potencia neta no positiva: el ciclo no genera trabajo útil (medido=-3.9813167588632155, esperado=> 0 kW). Causa probable: Wt <= Wp para esos parámetros. Sugerencia: revisar P_alta/P_baj","O1,O2,O3",,,,,0,False,
7250|400|470|300.033|0.78|1|0.85|0.75|0.85|0.75|0.8|303.55,55,8,22892,2026-09-21_xb_industria/barrido_xb_industria.csv,1,7250.0,400.0,470.0,300.032917,0.78,1.0,0.85,0.75,0.85,0.75,0.8,303.55,False,csv:P_alta; csv:P_baja; extra:T_fuente; extra:T_sumidero; csv:x_b; extra:m_b; extra:eta_t; extra:eta_p; extra:eps_hrvg; extra:eps_reg; extra:eps_cond,"PropertyRangeError: T_from_Ph(P, h, x): el motor teqp no cubre el estado pedido (ver TASK_CONTEXT 2026-09-18-validar-teqp-nh3h2o). Detalle: equilibrio no resoluble en T=498.55 K, P=7.25e+06 Pa, x=0.78",True,INVIABLE,-0.019679,-9.2832,432.9736,8,0,1,91.5,,"[INVIABLE] O3: potencia neta no positiva: el ciclo no genera trabajo útil (medido=-9.283197291389342, esperado=> 0 kW). Causa probable: Wt <= Wp para esos parámetros. Sugerencia: revisar P_alta/P_baja","O1,O2,O3",,,,,0,False,
6000|400|470|300.033|0.8|1|0.85|0.75|0.85|0.75|0.8|303.55,57,7,27548,2026-09-21_xb_industria/barrido_xb_industria.csv,1,6000.0,400.0,470.0,300.032917,0.8,1.0,0.85,0.75,0.85,0.75,0.8,303.55,False,csv:P_alta; csv:P_baja; extra:T_fuente; extra:T_sumidero; csv:x_b; extra:m_b; extra:eta_t; extra:eta_p; extra:eps_hrvg; extra:eps_reg; extra:eps_cond,"PropertyRangeError: h(P, s, x): el motor teqp no cubre el estado pedido (ver TASK_CONTEXT 2026-09-18-validar-teqp-nh3h2o). Detalle: equilibrio no resoluble en T=492.90 K, P=6e+06 Pa, x=0.8088",False,NO_CONVERGIO,,,,,,,65.7,punto interior no evaluable,CicloNoConvergeError: punto interior no evaluable durante brentq (T=427.667645 K),,,,,,,,
7750|400|470|300.033|0.78|1|0.85|0.75|0.85|0.75|0.8|303.55,56,9,26924,2026-09-21_xb_industria/barrido_xb_industria.csv,1,7750.0,400.0,470.0,300.032917,0.78,1.0,0.85,0.75,0.85,0.75,0.8,303.55,False,csv:P_alta; csv:P_baja; extra:T_fuente; extra:T_sumidero; csv:x_b; extra:m_b; extra:eta_t; extra:eta_p; extra:eps_hrvg; extra:eps_reg; extra:eps_cond,"PropertyRangeError: T_from_Ph(P, h, x): el motor teqp no cubre el estado pedido (ver TASK_CONTEXT 2026-09-18-validar-teqp-nh3h2o). Detalle: equilibrio no resoluble en T=500.89 K, P=7.75e+06 Pa, x=0.78",True,INVIABLE,-0.045983,-19.6825,435.899,8,1,0,89.9,,"[INVIABLE] O3: potencia neta no positiva: el ciclo no genera trabajo útil (medido=-19.682525588386, esperado=> 0 kW). Causa probable: Wt <= Wp para esos parámetros. Sugerencia: revisar P_alta/P_baja, ","O1,O2,O3",,,,,0,False,
6250|400|470|300.033|0.8|1|0.85|0.75|0.85|0.75|0.8|303.55,58,13,25144,2026-09-21_xb_industria/barrido_xb_industria.csv,1,6250.0,400.0,470.0,300.032917,0.8,1.0,0.85,0.75,0.85,0.75,0.8,303.55,False,csv:P_alta; csv:P_baja; extra:T_fuente; extra:T_sumidero; csv:x_b; extra:m_b; extra:eta_t; extra:eta_p; extra:eps_hrvg; extra:eps_reg; extra:eps_cond,"PropertyRangeError: h(P, s, x): el motor teqp no cubre el estado pedido (ver TASK_CONTEXT 2026-09-18-validar-teqp-nh3h2o). Detalle: equilibrio no resoluble en T=493.40 K, P=6.25e+06 Pa, x=0.8088",False,NO_CONVERGIO,,,,,,,71.4,punto interior no evaluable,CicloNoConvergeError: punto interior no evaluable durante brentq (T=429.386666 K),,,,,,,,
6500|400|470|300.033|0.8|1|0.85|0.75|0.85|0.75|0.8|303.55,59,11,20368,2026-09-21_xb_industria/barrido_xb_industria.csv,1,6500.0,400.0,470.0,300.032917,0.8,1.0,0.85,0.75,0.85,0.75,0.8,303.55,False,csv:P_alta; csv:P_baja; extra:T_fuente; extra:T_sumidero; csv:x_b; extra:m_b; extra:eta_t; extra:eta_p; extra:eps_hrvg; extra:eps_reg; extra:eps_cond,"PropertyRangeError: h(P, s, x): el motor teqp no cubre el estado pedido (ver TASK_CONTEXT 2026-09-18-validar-teqp-nh3h2o). Detalle: equilibrio no resoluble en T=493.87 K, P=6.5e+06 Pa, x=0.8088",False,NO_CONVERGIO,,,,,,,65.8,punto interior no evaluable,CicloNoConvergeError: punto interior no evaluable durante brentq (T=431.060011 K),,,,,,,,
1500|273.545|340|283|0.55|1|0.8|0.8|0.85|0.75|0.8|283.15,51,8,22476,2026-09-22_frontera_tfuente/frontera_tfuente_teqp.csv,1,1500.0,273.545421,340.0,283.0,0.55,1.0,0.8,0.8,0.85,0.75,0.8,283.15,True,csv:P_alta; csv:P_baja; csv:T_fuente; frontera_tfuente_teqp.py:T_SUMIDERO; csv:x_b; frontera_tfuente_teqp.py:M_B; extra:eta_t; extra:eta_p; EPS_PARTIDA,"PropertyRangeError: T_from_Ph(P, h, x): el motor teqp no cubre el estado pedido (ver TASK_CONTEXT 2026-09-18-validar-teqp-nh3h2o). Detalle: h=-5459.37 fuera de dominio a P=2.7355e+05 Pa, x=0.5639",True,NO_CONVERGIO,-0.477527,-21.2546,329.1559,9,4,0,230.9,,"[NO_CONVERGIO] N2: el balance global de energía no cierra dentro de la tolerancia (medido=133.86050639477344, esperado=<= 0.0445097 kW (1e-3 relativo a Qi)). Causa probable: residuo numérico del lazo ","N2,S6,O3,O5,C1,C3,C3",,,,,11,False,
6750|400|470|300.033|0.8|1|0.85|0.75|0.85|0.75|0.8|303.55,60,9,22892,2026-09-21_xb_industria/barrido_xb_industria.csv,1,6750.0,400.0,470.0,300.032917,0.8,1.0,0.85,0.75,0.85,0.75,0.8,303.55,False,csv:P_alta; csv:P_baja; extra:T_fuente; extra:T_sumidero; csv:x_b; extra:m_b; extra:eta_t; extra:eta_p; extra:eps_hrvg; extra:eps_reg; extra:eps_cond,"PropertyRangeError: h(P, s, x): el motor teqp no cubre el estado pedido (ver TASK_CONTEXT 2026-09-18-validar-teqp-nh3h2o). Detalle: equilibrio no resoluble en T=494.32 K, P=6.75e+06 Pa, x=0.8088",False,NO_CONVERGIO,,,,,,,69.5,punto interior no evaluable,CicloNoConvergeError: punto interior no evaluable durante brentq (T=432.689614 K),,,,,,,,
7000|400|470|300.033|0.8|1|0.85|0.75|0.85|0.75|0.8|303.55,61,8,27548,2026-09-21_xb_industria/barrido_xb_industria.csv,1,7000.0,400.0,470.0,300.032917,0.8,1.0,0.85,0.75,0.85,0.75,0.8,303.55,False,csv:P_alta; csv:P_baja; extra:T_fuente; extra:T_sumidero; csv:x_b; extra:m_b; extra:eta_t; extra:eta_p; extra:eps_hrvg; extra:eps_reg; extra:eps_cond,"PropertyRangeError: T_from_Ph(P, h, x): el motor teqp no cubre el estado pedido (ver TASK_CONTEXT 2026-09-18-validar-teqp-nh3h2o). Detalle: equilibrio no resoluble en T=493.30 K, P=7e+06 Pa, x=0.8088",False,NO_CONVERGIO,,,,,,,57.8,punto interior no evaluable,CicloNoConvergeError: punto interior no evaluable durante brentq (T=434.264248 K),,,,,,,,
7250|400|470|300.033|0.8|1|0.85|0.75|0.85|0.75|0.8|303.55,62,10,26924,2026-09-21_xb_industria/barrido_xb_industria.csv,1,7250.0,400.0,470.0,300.032917,0.8,1.0,0.85,0.75,0.85,0.75,0.8,303.55,False,csv:P_alta; csv:P_baja; extra:T_fuente; extra:T_sumidero; csv:x_b; extra:m_b; extra:eta_t; extra:eta_p; extra:eps_hrvg; extra:eps_reg; extra:eps_cond,"PropertyRangeError: T_from_Ph(P, h, x): el motor teqp no cubre el estado pedido (ver TASK_CONTEXT 2026-09-18-validar-teqp-nh3h2o). Detalle: equilibrio no resoluble en T=493.22 K, P=7.25e+06 Pa, x=0.80",False,NO_CONVERGIO,,,,,,,60.2,punto interior no evaluable,CicloNoConvergeError: punto interior no evaluable durante brentq (T=435.757714 K),,,,,,,,
7500|400|470|300.033|0.8|1|0.85|0.75|0.85|0.75|0.8|303.55,63,14,25144,2026-09-21_xb_industria/barrido_xb_industria.csv,1,7500.0,400.0,470.0,300.032917,0.8,1.0,0.85,0.75,0.85,0.75,0.8,303.55,False,csv:P_alta; csv:P_baja; extra:T_fuente; extra:T_sumidero; csv:x_b; extra:m_b; extra:eta_t; extra:eta_p; extra:eps_hrvg; extra:eps_reg; extra:eps_cond,"PropertyRangeError: T_from_Ph(P, h, x): el motor teqp no cubre el estado pedido (ver TASK_CONTEXT 2026-09-18-validar-teqp-nh3h2o). Detalle: equilibrio no resoluble en T=495.10 K, P=7.5e+06 Pa, x=0.808",False,NO_CONVERGIO,,,,,,,63.6,sin cambio de signo,"CicloNoConvergeError: extremos [301.0329, 414.0000] K sin cambio de signo de F (F(lo)=133.26, F(hi)=22.282)",,,,,,,,
7750|400|470|300.033|0.8|1|0.85|0.75|0.85|0.75|0.8|303.55,64,12,20368,2026-09-21_xb_industria/barrido_xb_industria.csv,1,7750.0,400.0,470.0,300.032917,0.8,1.0,0.85,0.75,0.85,0.75,0.8,303.55,False,csv:P_alta; csv:P_baja; extra:T_fuente; extra:T_sumidero; csv:x_b; extra:m_b; extra:eta_t; extra:eta_p; extra:eps_hrvg; extra:eps_reg; extra:eps_cond,"PropertyRangeError: h(P, s, x): el motor teqp no cubre el estado pedido (ver TASK_CONTEXT 2026-09-18-validar-teqp-nh3h2o). Detalle: equilibrio no resoluble en T=494.28 K, P=7.75e+06 Pa, x=0.8088",False,NO_CONVERGIO,,,,,,,64.1,punto interior no evaluable,CicloNoConvergeError: punto interior no evaluable durante brentq (T=438.659514 K),,,,,,,,
8000|400|470|300.033|0.8|1|0.85|0.75|0.85|0.75|0.8|303.55,65,9,22476,2026-09-21_xb_industria/barrido_xb_industria.csv,1,8000.0,400.0,470.0,300.032917,0.8,1.0,0.85,0.75,0.85,0.75,0.8,303.55,False,csv:P_alta; csv:P_baja; extra:T_fuente; extra:T_sumidero; csv:x_b; extra:m_b; extra:eta_t; extra:eta_p; extra:eps_hrvg; extra:eps_reg; extra:eps_cond,"PropertyRangeError: h(P, s, x): el motor teqp no cubre el estado pedido (ver TASK_CONTEXT 2026-09-18-validar-teqp-nh3h2o). Detalle: equilibrio no resoluble en T=494.24 K, P=8e+06 Pa, x=0.8088",False,NO_CONVERGIO,,,,,,,63.0,punto interior no evaluable,CicloNoConvergeError: punto interior no evaluable durante brentq (T=440.069018 K),,,,,,,,
8250|400|470|300.033|0.8|1|0.85|0.75|0.85|0.75|0.8|303.55,66,10,22892,2026-09-21_xb_industria/barrido_xb_industria.csv,1,8250.0,400.0,470.0,300.032917,0.8,1.0,0.85,0.75,0.85,0.75,0.8,303.55,False,csv:P_alta; csv:P_baja; extra:T_fuente; extra:T_sumidero; csv:x_b; extra:m_b; extra:eta_t; extra:eta_p; extra:eps_hrvg; extra:eps_reg; extra:eps_cond,"PropertyRangeError: T_from_Ph(P, h, x): el motor teqp no cubre el estado pedido (ver TASK_CONTEXT 2026-09-18-validar-teqp-nh3h2o). Detalle: equilibrio no resoluble en T=494.97 K, P=8.25e+06 Pa, x=0.80",False,NO_CONVERGIO,,,,,,,77.8,sin cambio de signo,"CicloNoConvergeError: extremos [301.0329, 419.0000] K sin cambio de signo de F (F(lo)=137.45, F(hi)=21.517)",,,,,,,,
8500|400|470|300.033|0.8|1|0.85|0.75|0.85|0.75|0.8|303.55,67,9,27548,2026-09-21_xb_industria/barrido_xb_industria.csv,1,8500.0,400.0,470.0,300.032917,0.8,1.0,0.85,0.75,0.85,0.75,0.8,303.55,False,csv:P_alta; csv:P_baja; extra:T_fuente; extra:T_sumidero; csv:x_b; extra:m_b; extra:eta_t; extra:eta_p; extra:eps_hrvg; extra:eps_reg; extra:eps_cond,"PropertyRangeError: T_from_Ph(P, h, x): el motor teqp no cubre el estado pedido (ver TASK_CONTEXT 2026-09-18-validar-teqp-nh3h2o). Detalle: equilibrio no resoluble en T=493.77 K, P=8.5e+06 Pa, x=0.808",False,NO_CONVERGIO,,,,,,,77.3,sin cambio de signo,"CicloNoConvergeError: extremos [301.0329, 419.0000] K sin cambio de signo de F (F(lo)=138.79, F(hi)=22.807)",,,,,,,,
8750|400|470|300.033|0.8|1|0.85|0.75|0.85|0.75|0.8|303.55,68,11,26924,2026-09-21_xb_industria/barrido_xb_industria.csv,1,8750.0,400.0,470.0,300.032917,0.8,1.0,0.85,0.75,0.85,0.75,0.8,303.55,False,csv:P_alta; csv:P_baja; extra:T_fuente; extra:T_sumidero; csv:x_b; extra:m_b; extra:eta_t; extra:eta_p; extra:eps_hrvg; extra:eps_reg; extra:eps_cond,"PropertyRangeError: h(P, s, x): el motor teqp no cubre el estado pedido (ver TASK_CONTEXT 2026-09-18-validar-teqp-nh3h2o). Detalle: equilibrio no resoluble en T=494.30 K, P=8.75e+06 Pa, x=0.8088",False,NO_CONVERGIO,,,,,,,62.6,punto interior no evaluable,CicloNoConvergeError: punto interior no evaluable durante brentq (T=444.139831 K),,,,,,,,
9000|400|470|300.033|0.8|1|0.85|0.75|0.85|0.75|0.8|303.55,69,15,25144,2026-09-21_xb_industria/barrido_xb_industria.csv,1,9000.0,400.0,470.0,300.032917,0.8,1.0,0.85,0.75,0.85,0.75,0.8,303.55,False,csv:P_alta; csv:P_baja; extra:T_fuente; extra:T_sumidero; csv:x_b; extra:m_b; extra:eta_t; extra:eta_p; extra:eps_hrvg; extra:eps_reg; extra:eps_cond,"PropertyRangeError: T_from_Ph(P, h, x): el motor teqp no cubre el estado pedido (ver TASK_CONTEXT 2026-09-18-validar-teqp-nh3h2o). Detalle: equilibrio no resoluble en T=494.71 K, P=9e+06 Pa, x=0.8088",False,NO_CONVERGIO,,,,,,,61.1,punto interior no evaluable,CicloNoConvergeError: punto interior no evaluable durante brentq (T=445.432684 K),,,,,,,,
9250|400|470|300.033|0.8|1|0.85|0.75|0.85|0.75|0.8|303.55,70,13,20368,2026-09-21_xb_industria/barrido_xb_industria.csv,1,9250.0,400.0,470.0,300.032917,0.8,1.0,0.85,0.75,0.85,0.75,0.8,303.55,False,csv:P_alta; csv:P_baja; extra:T_fuente; extra:T_sumidero; csv:x_b; extra:m_b; extra:eta_t; extra:eta_p; extra:eps_hrvg; extra:eps_reg; extra:eps_cond,"PropertyRangeError: h(P, s, x): el motor teqp no cubre el estado pedido (ver TASK_CONTEXT 2026-09-18-validar-teqp-nh3h2o). Detalle: equilibrio no resoluble en T=494.44 K, P=9.25e+06 Pa, x=0.8088",False,NO_CONVERGIO,,,,,,,59.1,punto interior no evaluable,CicloNoConvergeError: punto interior no evaluable durante brentq (T=446.728972 K),,,,,,,,
9500|400|470|300.033|0.8|1|0.85|0.75|0.85|0.75|0.8|303.55,71,10,22476,2026-09-21_xb_industria/barrido_xb_industria.csv,1,9500.0,400.0,470.0,300.032917,0.8,1.0,0.85,0.75,0.85,0.75,0.8,303.55,False,csv:P_alta; csv:P_baja; extra:T_fuente; extra:T_sumidero; csv:x_b; extra:m_b; extra:eta_t; extra:eta_p; extra:eps_hrvg; extra:eps_reg; extra:eps_cond,"PropertyRangeError: h(P, s, x): el motor teqp no cubre el estado pedido (ver TASK_CONTEXT 2026-09-18-validar-teqp-nh3h2o). Detalle: equilibrio no resoluble en T=494.54 K, P=9.5e+06 Pa, x=0.8088",False,NO_CONVERGIO,,,,,,,62.6,punto interior no evaluable,CicloNoConvergeError: punto interior no evaluable durante brentq (T=447.988041 K),,,,,,,,
9750|400|470|300.033|0.8|1|0.85|0.75|0.85|0.75|0.8|303.55,72,11,22892,2026-09-21_xb_industria/barrido_xb_industria.csv,1,9750.0,400.0,470.0,300.032917,0.8,1.0,0.85,0.75,0.85,0.75,0.8,303.55,False,csv:P_alta; csv:P_baja; extra:T_fuente; extra:T_sumidero; csv:x_b; extra:m_b; extra:eta_t; extra:eta_p; extra:eps_hrvg; extra:eps_reg; extra:eps_cond,"PropertyRangeError: h(P, s, x): el motor teqp no cubre el estado pedido (ver TASK_CONTEXT 2026-09-18-validar-teqp-nh3h2o). Detalle: equilibrio no resoluble en T=494.66 K, P=9.75e+06 Pa, x=0.8088",False,NO_CONVERGIO,,,,,,,63.5,punto interior no evaluable,CicloNoConvergeError: punto interior no evaluable durante brentq (T=449.224231 K),,,,,,,,
10000|400|470|300.033|0.8|1|0.85|0.75|0.85|0.75|0.8|303.55,73,10,27548,2026-09-21_xb_industria/barrido_xb_industria.csv,1,10000.0,400.0,470.0,300.032917,0.8,1.0,0.85,0.75,0.85,0.75,0.8,303.55,False,csv:P_alta; csv:P_baja; extra:T_fuente; extra:T_sumidero; csv:x_b; extra:m_b; extra:eta_t; extra:eta_p; extra:eps_hrvg; extra:eps_reg; extra:eps_cond,"PropertyRangeError: h(P, s, x): el motor teqp no cubre el estado pedido (ver TASK_CONTEXT 2026-09-18-validar-teqp-nh3h2o). Detalle: equilibrio no resoluble en T=494.78 K, P=1e+07 Pa, x=0.8088",False,NO_CONVERGIO,,,,,,,64.7,punto interior no evaluable,CicloNoConvergeError: punto interior no evaluable durante brentq (T=450.438095 K),,,,,,,,
10500|400|470|300.033|0.8|1|0.85|0.75|0.85|0.75|0.8|303.55,74,12,26924,2026-09-21_xb_industria/barrido_xb_industria.csv,1,10500.0,400.0,470.0,300.032917,0.8,1.0,0.85,0.75,0.85,0.75,0.8,303.55,False,csv:P_alta; csv:P_baja; extra:T_fuente; extra:T_sumidero; csv:x_b; extra:m_b; extra:eta_t; extra:eta_p; extra:eps_hrvg; extra:eps_reg; extra:eps_cond,"PropertyRangeError: h(P, s, x): el motor teqp no cubre el estado pedido (ver TASK_CONTEXT 2026-09-18-validar-teqp-nh3h2o). Detalle: equilibrio no resoluble en T=495.08 K, P=1.05e+07 Pa, x=0.8088",False,NO_CONVERGIO,,,,,,,65.5,punto interior no evaluable,CicloNoConvergeError: punto interior no evaluable durante brentq (T=452.800866 K),,,,,,,,
7250|400|470|300.033|0.82|1|0.85|0.75|0.85|0.75|0.8|303.55,76,14,20368,2026-09-21_xb_industria/barrido_xb_industria.csv,1,7250.0,400.0,470.0,300.032917,0.82,1.0,0.85,0.75,0.85,0.75,0.8,303.55,False,csv:P_alta; csv:P_baja; extra:T_fuente; extra:T_sumidero; csv:x_b; extra:m_b; extra:eta_t; extra:eta_p; extra:eps_hrvg; extra:eps_reg; extra:eps_cond,"PropertyRangeError: T_from_Ph(P, h, x): el motor teqp no cubre el estado pedido (ver TASK_CONTEXT 2026-09-18-validar-teqp-nh3h2o). Detalle: equilibrio no resoluble en T=487.85 K, P=7.25e+06 Pa, x=0.82",False,NO_CONVERGIO,,,,,,,66.1,punto interior no evaluable,CicloNoConvergeError: punto interior no evaluable durante brentq (T=438.346097 K),,,,,,,,
7000|400|470|300.033|0.82|1|0.85|0.75|0.85|0.75|0.8|303.55,75,16,25144,2026-09-21_xb_industria/barrido_xb_industria.csv,1,7000.0,400.0,470.0,300.032917,0.82,1.0,0.85,0.75,0.85,0.75,0.8,303.55,False,csv:P_alta; csv:P_baja; extra:T_fuente; extra:T_sumidero; csv:x_b; extra:m_b; extra:eta_t; extra:eta_p; extra:eps_hrvg; extra:eps_reg; extra:eps_cond,"PropertyRangeError: T_from_Ph(P, h, x): el motor teqp no cubre el estado pedido (ver TASK_CONTEXT 2026-09-18-validar-teqp-nh3h2o). Detalle: equilibrio no resoluble en T=487.77 K, P=7e+06 Pa, x=0.8281",False,NO_CONVERGIO,,,,,,,75.0,punto interior no evaluable,CicloNoConvergeError: punto interior no evaluable durante brentq (T=436.793116 K),,,,,,,,
7500|400|470|300.033|0.82|1|0.85|0.75|0.85|0.75|0.8|303.55,77,11,22476,2026-09-21_xb_industria/barrido_xb_industria.csv,1,7500.0,400.0,470.0,300.032917,0.82,1.0,0.85,0.75,0.85,0.75,0.8,303.55,False,csv:P_alta; csv:P_baja; extra:T_fuente; extra:T_sumidero; csv:x_b; extra:m_b; extra:eta_t; extra:eta_p; extra:eps_hrvg; extra:eps_reg; extra:eps_cond,"PropertyRangeError: T_from_Ph(P, h, x): el motor teqp no cubre el estado pedido (ver TASK_CONTEXT 2026-09-18-validar-teqp-nh3h2o). Detalle: equilibrio no resoluble en T=488.88 K, P=7.5e+06 Pa, x=0.828",False,NO_CONVERGIO,,,,,,,62.5,punto interior no evaluable,CicloNoConvergeError: punto interior no evaluable durante brentq (T=439.860452 K),,,,,,,,
7750|400|470|300.033|0.82|1|0.85|0.75|0.85|0.75|0.8|303.55,78,12,22892,2026-09-21_xb_industria/barrido_xb_industria.csv,1,7750.0,400.0,470.0,300.032917,0.82,1.0,0.85,0.75,0.85,0.75,0.8,303.55,False,csv:P_alta; csv:P_baja; extra:T_fuente; extra:T_sumidero; csv:x_b; extra:m_b; extra:eta_t; extra:eta_p; extra:eps_hrvg; extra:eps_reg; extra:eps_cond,"PropertyRangeError: T_from_Ph(P, h, x): el motor teqp no cubre el estado pedido (ver TASK_CONTEXT 2026-09-18-validar-teqp-nh3h2o). Detalle: equilibrio no resoluble en T=490.21 K, P=7.75e+06 Pa, x=0.82",False,NO_CONVERGIO,,,,,,,53.6,punto interior no evaluable,CicloNoConvergeError: punto interior no evaluable durante brentq (T=441.334867 K),,,,,,,,
8000|400|470|300.033|0.82|1|0.85|0.75|0.85|0.75|0.8|303.55,79,11,27548,2026-09-21_xb_industria/barrido_xb_industria.csv,1,8000.0,400.0,470.0,300.032917,0.82,1.0,0.85,0.75,0.85,0.75,0.8,303.55,False,csv:P_alta; csv:P_baja; extra:T_fuente; extra:T_sumidero; csv:x_b; extra:m_b; extra:eta_t; extra:eta_p; extra:eps_hrvg; extra:eps_reg; extra:eps_cond,"PropertyRangeError: T_from_Ph(P, h, x): el motor teqp no cubre el estado pedido (ver TASK_CONTEXT 2026-09-18-validar-teqp-nh3h2o). Detalle: equilibrio no resoluble en T=488.94 K, P=8e+06 Pa, x=0.8281",False,NO_CONVERGIO,,,,,,,60.3,punto interior no evaluable,CicloNoConvergeError: punto interior no evaluable durante brentq (T=442.741532 K),,,,,,,,
8250|400|470|300.033|0.82|1|0.85|0.75|0.85|0.75|0.8|303.55,80,13,26924,2026-09-21_xb_industria/barrido_xb_industria.csv,1,8250.0,400.0,470.0,300.032917,0.82,1.0,0.85,0.75,0.85,0.75,0.8,303.55,False,csv:P_alta; csv:P_baja; extra:T_fuente; extra:T_sumidero; csv:x_b; extra:m_b; extra:eta_t; extra:eta_p; extra:eps_hrvg; extra:eps_reg; extra:eps_cond,"PropertyRangeError: T_from_Ph(P, h, x): el motor teqp no cubre el estado pedido (ver TASK_CONTEXT 2026-09-18-validar-teqp-nh3h2o). Detalle: equilibrio no resoluble en T=488.98 K, P=8.25e+06 Pa, x=0.82",False,NO_CONVERGIO,,,,,,,61.3,punto interior no evaluable,CicloNoConvergeError: punto interior no evaluable durante brentq (T=444.121093 K),,,,,,,,
8500|400|470|300.033|0.82|1|0.85|0.75|0.85|0.75|0.8|303.55,81,15,20368,2026-09-21_xb_industria/barrido_xb_industria.csv,1,8500.0,400.0,470.0,300.032917,0.82,1.0,0.85,0.75,0.85,0.75,0.8,303.55,False,csv:P_alta; csv:P_baja; extra:T_fuente; extra:T_sumidero; csv:x_b; extra:m_b; extra:eta_t; extra:eta_p; extra:eps_hrvg; extra:eps_reg; extra:eps_cond,"PropertyRangeError: T_from_Ph(P, h, x): el motor teqp no cubre el estado pedido (ver TASK_CONTEXT 2026-09-18-validar-teqp-nh3h2o). Detalle: equilibrio no resoluble en T=489.03 K, P=8.5e+06 Pa, x=0.828",False,NO_CONVERGIO,,,,,,,60.6,punto interior no evaluable,CicloNoConvergeError: punto interior no evaluable durante brentq (T=445.474196 K),,,,,,,,
9000|400|470|300.033|0.82|1|0.85|0.75|0.85|0.75|0.8|303.55,83,12,22476,2026-09-21_xb_industria/barrido_xb_industria.csv,1,9000.0,400.0,470.0,300.032917,0.82,1.0,0.85,0.75,0.85,0.75,0.8,303.55,False,csv:P_alta; csv:P_baja; extra:T_fuente; extra:T_sumidero; csv:x_b; extra:m_b; extra:eta_t; extra:eta_p; extra:eps_hrvg; extra:eps_reg; extra:eps_cond,"PropertyRangeError: T_from_Ph(P, h, x): el motor teqp no cubre el estado pedido (ver TASK_CONTEXT 2026-09-18-validar-teqp-nh3h2o). Detalle: equilibrio no resoluble en T=489.37 K, P=9e+06 Pa, x=0.8281",False,NO_CONVERGIO,,,,,,,61.5,punto interior no evaluable,CicloNoConvergeError: punto interior no evaluable durante brentq (T=448.103639 K),,,,,,,,
8750|400|470|300.033|0.82|1|0.85|0.75|0.85|0.75|0.8|303.55,82,17,25144,2026-09-21_xb_industria/barrido_xb_industria.csv,1,8750.0,400.0,470.0,300.032917,0.82,1.0,0.85,0.75,0.85,0.75,0.8,303.55,False,csv:P_alta; csv:P_baja; extra:T_fuente; extra:T_sumidero; csv:x_b; extra:m_b; extra:eta_t; extra:eta_p; extra:eps_hrvg; extra:eps_reg; extra:eps_cond,"PropertyRangeError: T_from_Ph(P, h, x): el motor teqp no cubre el estado pedido (ver TASK_CONTEXT 2026-09-18-validar-teqp-nh3h2o). Detalle: equilibrio no resoluble en T=490.03 K, P=8.75e+06 Pa, x=0.82",False,NO_CONVERGIO,,,,,,,62.8,punto interior no evaluable,CicloNoConvergeError: punto interior no evaluable durante brentq (T=446.801495 K),,,,,,,,
9250|400|470|300.033|0.82|1|0.85|0.75|0.85|0.75|0.8|303.55,84,13,22892,2026-09-21_xb_industria/barrido_xb_industria.csv,1,9250.0,400.0,470.0,300.032917,0.82,1.0,0.85,0.75,0.85,0.75,0.8,303.55,False,csv:P_alta; csv:P_baja; extra:T_fuente; extra:T_sumidero; csv:x_b; extra:m_b; extra:eta_t; extra:eta_p; extra:eps_hrvg; extra:eps_reg; extra:eps_cond,"PropertyRangeError: T_from_Ph(P, h, x): el motor teqp no cubre el estado pedido (ver TASK_CONTEXT 2026-09-18-validar-teqp-nh3h2o). Detalle: equilibrio no resoluble en T=488.73 K, P=9.25e+06 Pa, x=0.82",False,NO_CONVERGIO,,,,,,,59.5,punto interior no evaluable,CicloNoConvergeError: punto interior no evaluable durante brentq (T=449.381261 K),,,,,,,,
9500|400|470|300.033|0.82|1|0.85|0.75|0.85|0.75|0.8|303.55,85,12,27548,2026-09-21_xb_industria/barrido_xb_industria.csv,1,9500.0,400.0,470.0,300.032917,0.82,1.0,0.85,0.75,0.85,0.75,0.8,303.55,False,csv:P_alta; csv:P_baja; extra:T_fuente; extra:T_sumidero; csv:x_b; extra:m_b; extra:eta_t; extra:eta_p; extra:eps_hrvg; extra:eps_reg; extra:eps_cond,"PropertyRangeError: T_from_Ph(P, h, x): el motor teqp no cubre el estado pedido (ver TASK_CONTEXT 2026-09-18-validar-teqp-nh3h2o). Detalle: equilibrio no resoluble en T=488.15 K, P=9.5e+06 Pa, x=0.828",False,NO_CONVERGIO,,,,,,,58.6,punto interior no evaluable,CicloNoConvergeError: punto interior no evaluable durante brentq (T=450.634972 K),,,,,,,,
9750|400|470|300.033|0.82|1|0.85|0.75|0.85|0.75|0.8|303.55,86,14,26924,2026-09-21_xb_industria/barrido_xb_industria.csv,1,9750.0,400.0,470.0,300.032917,0.82,1.0,0.85,0.75,0.85,0.75,0.8,303.55,False,csv:P_alta; csv:P_baja; extra:T_fuente; extra:T_sumidero; csv:x_b; extra:m_b; extra:eta_t; extra:eta_p; extra:eps_hrvg; extra:eps_reg; extra:eps_cond,"PropertyRangeError: T_from_Ph(P, h, x): el motor teqp no cubre el estado pedido (ver TASK_CONTEXT 2026-09-18-validar-teqp-nh3h2o). Detalle: equilibrio no resoluble en T=487.66 K, P=9.75e+06 Pa, x=0.82",False,NO_CONVERGIO,,,,,,,61.7,punto interior no evaluable,CicloNoConvergeError: punto interior no evaluable durante brentq (T=451.865353 K),,,,,,,,
6000|500|470|300.033|0.82|1|0.85|0.75|0.85|0.75|0.8|303.55,88,13,22476,2026-09-21_xb_industria/barrido_xb_industria.csv,1,6000.0,500.0,470.0,300.032917,0.82,1.0,0.85,0.75,0.85,0.75,0.8,303.55,False,csv:P_alta; csv:P_baja; extra:T_fuente; extra:T_sumidero; csv:x_b; extra:m_b; extra:eta_t; extra:eta_p; extra:eps_hrvg; extra:eps_reg; extra:eps_cond,"PropertyRangeError: h(P, s, x): el motor teqp no cubre el estado pedido (ver TASK_CONTEXT 2026-09-18-validar-teqp-nh3h2o). Detalle: equilibrio no resoluble en T=487.68 K, P=6e+06 Pa, x=0.8281",False,NO_CONVERGIO,,,,,,,56.7,punto interior no evaluable,CicloNoConvergeError: punto interior no evaluable durante brentq (T=420.208145 K),,,,,,,,
8500|400|470|300.033|0.85|1|0.85|0.75|0.85|0.75|0.8|303.55,90,14,22892,2026-09-21_xb_industria/barrido_xb_industria.csv,1,8500.0,400.0,470.0,300.032917,0.85,1.0,0.85,0.75,0.85,0.75,0.8,303.55,False,csv:P_alta; csv:P_baja; extra:T_fuente; extra:T_sumidero; csv:x_b; extra:m_b; extra:eta_t; extra:eta_p; extra:eps_hrvg; extra:eps_reg; extra:eps_cond,"PropertyRangeError: T_from_Ph(P, h, x): el motor teqp no cubre el estado pedido (ver TASK_CONTEXT 2026-09-18-validar-teqp-nh3h2o). Detalle: equilibrio no resoluble en T=479.60 K, P=8.5e+06 Pa, x=0.857",False,NO_CONVERGIO,,,,,,,71.0,punto interior no evaluable,CicloNoConvergeError: punto interior no evaluable durante brentq (T=449.706012 K),,,,,,,,
10000|400|470|300.033|0.82|1|0.85|0.75|0.85|0.75|0.8|303.55,87,16,20368,2026-09-21_xb_industria/barrido_xb_industria.csv,1,10000.0,400.0,470.0,300.032917,0.82,1.0,0.85,0.75,0.85,0.75,0.8,303.55,False,csv:P_alta; csv:P_baja; extra:T_fuente; extra:T_sumidero; csv:x_b; extra:m_b; extra:eta_t; extra:eta_p; extra:eps_hrvg; extra:eps_reg; extra:eps_cond,"PropertyRangeError: T_from_Ph(P, h, x): el motor teqp no cubre el estado pedido (ver TASK_CONTEXT 2026-09-18-validar-teqp-nh3h2o). Detalle: equilibrio no resoluble en T=490.11 K, P=1e+07 Pa, x=0.8281",False,NO_CONVERGIO,,,,,,,118.8,sin cambio de signo,"CicloNoConvergeError: extremos [301.0329, 404.0000] K sin cambio de signo de F (F(lo)=148.8, F(hi)=47.18)",,,,,,,,
9250|400|470|300.033|0.85|1|0.85|0.75|0.85|0.75|0.8|303.55,91,13,27548,2026-09-21_xb_industria/barrido_xb_industria.csv,1,9250.0,400.0,470.0,300.032917,0.85,1.0,0.85,0.75,0.85,0.75,0.8,303.55,False,csv:P_alta; csv:P_baja; extra:T_fuente; extra:T_sumidero; csv:x_b; extra:m_b; extra:eta_t; extra:eta_p; extra:eps_hrvg; extra:eps_reg; extra:eps_cond,"PropertyRangeError: T_from_Ph(P, h, x): el motor teqp no cubre el estado pedido (ver TASK_CONTEXT 2026-09-18-validar-teqp-nh3h2o). Detalle: equilibrio no resoluble en T=478.80 K, P=9.25e+06 Pa, x=0.85",False,NO_CONVERGIO,,,,,,,84.1,sin cambio de signo,"CicloNoConvergeError: extremos [301.0329, 439.0000] K sin cambio de signo de F (F(lo)=149.08, F(hi)=14.067)",,,,,,,,
9500|400|470|300.033|0.85|1|0.85|0.75|0.85|0.75|0.8|303.55,92,15,26924,2026-09-21_xb_industria/barrido_xb_industria.csv,1,9500.0,400.0,470.0,300.032917,0.85,1.0,0.85,0.75,0.85,0.75,0.8,303.55,False,csv:P_alta; csv:P_baja; extra:T_fuente; extra:T_sumidero; csv:x_b; extra:m_b; extra:eta_t; extra:eta_p; extra:eps_hrvg; extra:eps_reg; extra:eps_cond,"PropertyRangeError: T_from_Ph(P, h, x): el motor teqp no cubre el estado pedido (ver TASK_CONTEXT 2026-09-18-validar-teqp-nh3h2o). Detalle: equilibrio no resoluble en T=479.17 K, P=9.5e+06 Pa, x=0.857",False,NO_CONVERGIO,,,,,,,97.5,sin cambio de signo,"CicloNoConvergeError: extremos [301.0329, 429.0000] K sin cambio de signo de F (F(lo)=150.42, F(hi)=25.045)",,,,,,,,
6000|400|470|300.033|0.85|1|0.85|0.75|0.85|0.75|0.8|303.55,89,18,25144,2026-09-21_xb_industria/barrido_xb_industria.csv,1,6000.0,400.0,470.0,300.032917,0.85,1.0,0.85,0.75,0.85,0.75,0.8,303.55,False,csv:P_alta; csv:P_baja; extra:T_fuente; extra:T_sumidero; csv:x_b; extra:m_b; extra:eta_t; extra:eta_p; extra:eps_hrvg; extra:eps_reg; extra:eps_cond,"N2,O1,O2,O3,O5,C1,C3,C3",True,NO_CONVERGIO,-0.194926,-61.5129,431.5373,9,0,0,144.0,,"[NO_CONVERGIO] N2: el balance global de energía no cierra dentro de la tolerancia (medido=9.184110706028434, esperado=<= 0.315571 kW (1e-3 relativo a Qi)). Causa probable: residuo numérico del lazo de","N2,O1,O2,O3,O5,C1,C3,C3",,,,,0,False,
9750|400|470|300.033|0.85|1|0.85|0.75|0.85|0.75|0.8|303.55,93,14,22476,2026-09-21_xb_industria/barrido_xb_industria.csv,1,9750.0,400.0,470.0,300.032917,0.85,1.0,0.85,0.75,0.85,0.75,0.8,303.55,False,csv:P_alta; csv:P_baja; extra:T_fuente; extra:T_sumidero; csv:x_b; extra:m_b; extra:eta_t; extra:eta_p; extra:eps_hrvg; extra:eps_reg; extra:eps_cond,"PropertyRangeError: T_from_Ph(P, h, x): el motor teqp no cubre el estado pedido (ver TASK_CONTEXT 2026-09-18-validar-teqp-nh3h2o). Detalle: equilibrio no resoluble en T=479.85 K, P=9.75e+06 Pa, x=0.85",False,NO_CONVERGIO,,,,,,,104.1,sin cambio de signo,"CicloNoConvergeError: extremos [301.0329, 424.0000] K sin cambio de signo de F (F(lo)=151.64, F(hi)=31.013)",,,,,,,,
10000|400|470|300.033|0.85|1|0.85|0.75|0.85|0.75|0.8|303.55,94,15,22892,2026-09-21_xb_industria/barrido_xb_industria.csv,1,10000.0,400.0,470.0,300.032917,0.85,1.0,0.85,0.75,0.85,0.75,0.8,303.55,False,csv:P_alta; csv:P_baja; extra:T_fuente; extra:T_sumidero; csv:x_b; extra:m_b; extra:eta_t; extra:eta_p; extra:eps_hrvg; extra:eps_reg; extra:eps_cond,"PropertyRangeError: T_from_Ph(P, h, x): el motor teqp no cubre el estado pedido (ver TASK_CONTEXT 2026-09-18-validar-teqp-nh3h2o). Detalle: equilibrio no resoluble en T=480.50 K, P=1e+07 Pa, x=0.8570",False,NO_CONVERGIO,,,,,,,109.6,sin cambio de signo,"CicloNoConvergeError: extremos [301.0329, 419.0000] K sin cambio de signo de F (F(lo)=152.76, F(hi)=36.851)",,,,,,,,
3400|493.412|394.15|278.15|0.86|1|0.98|0.8|0.85|0.95|0.9|303.55,97,16,26924,barridos_2026-09-19/fase3_real/busqueda_husavik.csv,1,3400.0,493.41181613648234,394.15,278.15,0.86,1.0,0.98,0.8,0.85,0.95,0.9,303.55,False,csv:P_alta; csv:P_baja; csv:T_fuente; csv:T_sumidero; csv:x_b; csv:m_b; csv:eta_t; csv:eta_p; csv:eps_hrvg; csv:eps_reg; csv:eps_cond,"T_from_Ph(P, h, x): el motor teqp no cubre el estado pedido (ver TASK_CONTEXT 2026-09-18-validar-teqp-nh3h2o). Detalle: equilibrio no resoluble en T=477.02 K, P=3.4e+06 Pa, x=0.8666",True,CORREGIBLE,0.179725,170.0016,321.6712,8,0,2,73.3,,"[CORREGIBLE] O2: succión de la bomba bifásica bajo el peor caso de T_amb (riesgo de cavitación) (medido=302.60700328887117, esperado=<= 281.150 K). Causa probable: subenfriamiento insuficiente a la sa",O2,,,,,0,False,
3400|493.412|394.15|278.15|0.86|1|0.98|0.8|0.85|0.9|0.9|303.55,98,19,25144,barridos_2026-09-19/fase3_real/busqueda_husavik.csv,1,3400.0,493.41181613648234,394.15,278.15,0.86,1.0,0.98,0.8,0.85,0.9,0.9,303.55,False,csv:P_alta; csv:P_baja; csv:T_fuente; csv:T_sumidero; csv:x_b; csv:m_b; csv:eta_t; csv:eta_p; csv:eps_hrvg; csv:eps_reg; csv:eps_cond,"T_from_Ph(P, h, x): el motor teqp no cubre el estado pedido (ver TASK_CONTEXT 2026-09-18-validar-teqp-nh3h2o). Detalle: equilibrio no resoluble en T=477.02 K, P=3.4e+06 Pa, x=0.8666",True,CORREGIBLE,0.178587,169.7725,320.5342,8,0,2,76.1,,"[CORREGIBLE] O2: succión de la bomba bifásica bajo el peor caso de T_amb (riesgo de cavitación) (medido=302.65413530799367, esperado=<= 281.150 K). Causa probable: subenfriamiento insuficiente a la sa",O2,,,,,0,False,
3500|493.412|394.15|278.15|0.86|1|0.98|0.8|0.85|0.95|0.9|303.55,99,15,22476,barridos_2026-09-19/fase3_real/busqueda_husavik.csv,1,3500.0,493.41181613648234,394.15,278.15,0.86,1.0,0.98,0.8,0.85,0.95,0.9,303.55,False,csv:P_alta; csv:P_baja; csv:T_fuente; csv:T_sumidero; csv:x_b; csv:m_b; csv:eta_t; csv:eta_p; csv:eps_hrvg; csv:eps_reg; csv:eps_cond,"T_from_Ph(P, h, x): el motor teqp no cubre el estado pedido (ver TASK_CONTEXT 2026-09-18-validar-teqp-nh3h2o). Detalle: equilibrio no resoluble en T=475.33 K, P=3.5e+06 Pa, x=0.8666",True,CORREGIBLE,0.181615,169.6817,322.1999,8,0,1,73.5,,"[CORREGIBLE] O2: succión de la bomba bifásica bajo el peor caso de T_amb (riesgo de cavitación) (medido=302.50046568809273, esperado=<= 281.150 K). Causa probable: subenfriamiento insuficiente a la sa",O2,,,,,0,False,
6000|600|470|300.033|0.85|1|0.85|0.75|0.85|0.75|0.8|303.55,96,14,27548,2026-09-21_xb_industria/barrido_xb_industria.csv,1,6000.0,600.0,470.0,300.032917,0.85,1.0,0.85,0.75,0.85,0.75,0.8,303.55,False,csv:P_alta; csv:P_baja; extra:T_fuente; extra:T_sumidero; csv:x_b; extra:m_b; extra:eta_t; extra:eta_p; extra:eps_hrvg; extra:eps_reg; extra:eps_cond,"PropertyRangeError: T_from_Ph(P, h, x): el motor teqp no cubre el estado pedido (ver TASK_CONTEXT 2026-09-18-validar-teqp-nh3h2o). Detalle: equilibrio no resoluble en T=480.93 K, P=6e+06 Pa, x=0.8570",True,CORREGIBLE,0.007619,3.9158,412.2391,8,0,4,136.3,,"[CORREGIBLE] O1: título de vapor a la salida de la turbina bajo el umbral tecnológico usual (erosión de álabes) (medido=0.88500132079861, esperado=>= 0.90). Causa probable: expansión hasta P_baja deja","O1,O2",,,,,0,False,
3500|493.412|394.15|278.15|0.86|1|0.98|0.8|0.85|0.9|0.9|303.55,100,16,22892,barridos_2026-09-19/fase3_real/busqueda_husavik.csv,1,3500.0,493.41181613648234,394.15,278.15,0.86,1.0,0.98,0.8,0.85,0.9,0.9,303.55,False,csv:P_alta; csv:P_baja; csv:T_fuente; csv:T_sumidero; csv:x_b; csv:m_b; csv:eta_t; csv:eta_p; csv:eps_hrvg; csv:eps_reg; csv:eps_cond,"T_from_Ph(P, h, x): el motor teqp no cubre el estado pedido (ver TASK_CONTEXT 2026-09-18-validar-teqp-nh3h2o). Detalle: equilibrio no resoluble en T=475.33 K, P=3.5e+06 Pa, x=0.8666",True,CORREGIBLE,0.180413,169.443,321.0265,8,0,1,69.2,,"[CORREGIBLE] O2: succión de la bomba bifásica bajo el peor caso de T_amb (riesgo de cavitación) (medido=302.54895177496303, esperado=<= 281.150 K). Causa probable: subenfriamiento insuficiente a la sa",O2,,,,,0,False,
3300|610|394.15|278.15|0.82|1|0.9|0.8|0.85|0.95|0.95|283.15,101,17,26924,barridos_2026-09-19/fase3_real/busqueda_husavik_v2.csv,1,3300.0,610.0,394.15,278.15,0.82,1.0,0.9,0.8,0.85,0.95,0.95,283.15,False,csv:P_alta; csv:P_baja; csv:T_fuente; csv:T_sumidero; csv:x_b; csv:m_b; csv:eta_t; csv:eta_p; csv:eps_hrvg; csv:eps_reg; csv:eps_cond,"evaluador O2 fuera de dominio: T_from_Ph(P, h, x): el motor teqp no cubre el estado pedido (ver TASK_CONTEXT 2026-09-18-validar-teqp-nh3h2o). Detalle: h=-1.66484e+13 fuera de dominio a P=6.1e+05 Pa, x",False,NO_CONVERGIO,,,,,,,48.7,otro,"PropertyRangeError: T_from_Ph(P, h, x): el motor teqp no cubre el estado pedido (ver TASK_CONTEXT 2026-09-18-validar-teqp-nh3h2o). Detalle: h=-1.66484e+13 fuera de dominio a P=6.1e+05 Pa, x=0.8281",,,,,,,,
2250|400|623.15|300.033|0.5|1|0.85|0.75|0.85|0.75|0.8|303.55,103,16,22476,barridos_2026-09-19/fase1_profesor/eta_vs_Palta_profesor.csv,1,2250.0,400.0,623.15,300.032917,0.5,1.0,0.85,0.75,0.85,0.75,0.8,303.55,False,csv:P_alta; csv:P_baja; csv:T_fuente; csv:T_sumidero; csv:x_b; csv:m_b; csv:eta_t; csv:eta_p; csv:eps_hrvg; csv:eps_reg; csv:eps_cond,"equilibrio_liquido_vapor(P=2250.0 kPa, T=623.0000058142358 K): no existe equilibrio bifásico para ninguna composición (T fuera de la campana binaria a esa P, motor teqp).",False,NO_CONVERGIO,,,,,,,58.9,sin cambio de signo,"CicloNoConvergeError: extremos [301.0329, 317.1500] K sin cambio de signo de F (F(lo)=79.155, F(hi)=65.518)",,,,,,,,
2000|400|623.15|300.033|0.5|1|0.85|0.75|0.85|0.75|0.8|303.55,102,20,25144,barridos_2026-09-19/fase1_profesor/eta_vs_Palta_profesor.csv,1,2000.0,400.0,623.15,300.032917,0.5,1.0,0.85,0.75,0.85,0.75,0.8,303.55,False,csv:P_alta; csv:P_baja; csv:T_fuente; csv:T_sumidero; csv:x_b; csv:m_b; csv:eta_t; csv:eta_p; csv:eps_hrvg; csv:eps_reg; csv:eps_cond,"equilibrio_liquido_vapor(P=2000.0 kPa, T=623.0000091226806 K): no existe equilibrio bifásico para ninguna composición (T fuera de la campana binaria a esa P, motor teqp).",False,NO_CONVERGIO,,,,,,,81.2,sin cambio de signo,"CicloNoConvergeError: extremos [301.0329, 307.1500] K sin cambio de signo de F (F(lo)=76.814, F(hi)=71.877)",,,,,,,,
2750|400|623.15|300.033|0.5|1|0.85|0.75|0.85|0.75|0.8|303.55,105,17,22892,barridos_2026-09-19/fase1_profesor/eta_vs_Palta_profesor.csv,1,2750.0,400.0,623.15,300.032917,0.5,1.0,0.85,0.75,0.85,0.75,0.8,303.55,False,csv:P_alta; csv:P_baja; csv:T_fuente; csv:T_sumidero; csv:x_b; csv:m_b; csv:eta_t; csv:eta_p; csv:eps_hrvg; csv:eps_reg; csv:eps_cond,"equilibrio_liquido_vapor(P=2750.0 kPa, T=622.9999988927121 K): no existe equilibrio bifásico para ninguna composición (T fuera de la campana binaria a esa P, motor teqp).",False,NO_CONVERGIO,,,,,,,58.5,sin cambio de signo,"CicloNoConvergeError: extremos [301.0329, 337.1500] K sin cambio de signo de F (F(lo)=84.509, F(hi)=52.514)",,,,,,,,
2500|400|623.15|300.033|0.5|1|0.85|0.75|0.85|0.75|0.8|303.55,104,15,27548,barridos_2026-09-19/fase1_profesor/eta_vs_Palta_profesor.csv,1,2500.0,400.0,623.15,300.032917,0.5,1.0,0.85,0.75,0.85,0.75,0.8,303.55,False,csv:P_alta; csv:P_baja; csv:T_fuente; csv:T_sumidero; csv:x_b; csv:m_b; csv:eta_t; csv:eta_p; csv:eps_hrvg; csv:eps_reg; csv:eps_cond,"equilibrio_liquido_vapor(P=2500.0 kPa, T=623.0000024147047 K): no existe equilibrio bifásico para ninguna composición (T fuera de la campana binaria a esa P, motor teqp).",False,NO_CONVERGIO,,,,,,,64.7,sin cambio de signo,"CicloNoConvergeError: extremos [301.0329, 327.1500] K sin cambio de signo de F (F(lo)=81.794, F(hi)=59.073)",,,,,,,,
3000|400|623.15|300.033|0.5|1|0.85|0.75|0.85|0.75|0.8|303.55,106,18,26924,barridos_2026-09-19/fase1_profesor/eta_vs_Palta_profesor.csv;barridos_2026-09-19/fase1_profesor/eta_vs_xb_profesor.csv,2,3000.0,400.0,623.15,300.032917,0.5,1.0,0.85,0.75,0.85,0.75,0.8,303.55,False,csv:P_alta; csv:P_baja; csv:T_fuente; csv:T_sumidero; csv:x_b; csv:m_b; csv:eta_t; csv:eta_p; csv:eps_hrvg; csv:eps_reg; csv:eps_cond,"equilibrio_liquido_vapor(P=3000.0 kPa, T=622.9999953066318 K): no existe equilibrio bifásico para ninguna composición (T fuera de la campana binaria a esa P, motor teqp).",False,NO_CONVERGIO,,,,,,,76.1,sin cambio de signo,"CicloNoConvergeError: extremos [301.0329, 347.1500] K sin cambio de signo de F (F(lo)=87.376, F(hi)=45.839)",,,,,,,,
6000|500|470|300.033|0.85|1|0.85|0.75|0.85|0.75|0.8|303.55,95,17,20368,2026-09-21_xb_industria/barrido_xb_industria.csv,1,6000.0,500.0,470.0,300.032917,0.85,1.0,0.85,0.75,0.85,0.75,0.8,303.55,False,csv:P_alta; csv:P_baja; extra:T_fuente; extra:T_sumidero; csv:x_b; extra:m_b; extra:eta_t; extra:eta_p; extra:eps_hrvg; extra:eps_reg; extra:eps_cond,"PropertyRangeError: T_from_Ph(P, h, x): el motor teqp no cubre el estado pedido (ver TASK_CONTEXT 2026-09-18-validar-teqp-nh3h2o). Detalle: equilibrio no resoluble en T=479.82 K, P=6e+06 Pa, x=0.8570",True,INVIABLE,-0.069687,-28.7978,422.0857,8,18,0,238.6,,"[INVIABLE] O3: potencia neta no positiva: el ciclo no genera trabajo útil (medido=-28.79784300751686, esperado=> 0 kW). Causa probable: Wt <= Wp para esos parámetros. Sugerencia: revisar P_alta/P_baja","O1,O2,O3",,,,,0,False,
3250|400|623.15|300.033|0.5|1|0.85|0.75|0.85|0.75|0.8|303.55,107,17,22476,barridos_2026-09-19/fase1_profesor/eta_vs_Palta_profesor.csv,1,3250.0,400.0,623.15,300.032917,0.5,1.0,0.85,0.75,0.85,0.75,0.8,303.55,False,csv:P_alta; csv:P_baja; csv:T_fuente; csv:T_sumidero; csv:x_b; csv:m_b; csv:eta_t; csv:eta_p; csv:eps_hrvg; csv:eps_reg; csv:eps_cond,"equilibrio_liquido_vapor(P=3250.0 kPa, T=622.9999916547947 K): no existe equilibrio bifásico para ninguna composición (T fuera de la campana binaria a esa P, motor teqp).",False,NO_CONVERGIO,,,,,,,61.0,sin cambio de signo,"CicloNoConvergeError: extremos [301.0329, 352.1500] K sin cambio de signo de F (F(lo)=90.346, F(hi)=43.289)",,,,,,,,
3500|400|623.15|300.033|0.5|1|0.85|0.75|0.85|0.75|0.8|303.55,108,21,25144,barridos_2026-09-19/fase1_profesor/eta_vs_Palta_profesor.csv,1,3500.0,400.0,623.15,300.032917,0.5,1.0,0.85,0.75,0.85,0.75,0.8,303.55,False,csv:P_alta; csv:P_baja; csv:T_fuente; csv:T_sumidero; csv:x_b; csv:m_b; csv:eta_t; csv:eta_p; csv:eps_hrvg; csv:eps_reg; csv:eps_cond,"equilibrio_liquido_vapor(P=3500.0 kPa, T=622.9999884354551 K): no existe equilibrio bifásico para ninguna composición (T fuera de la campana binaria a esa P, motor teqp).",False,NO_CONVERGIO,,,,,,,60.1,sin cambio de signo,"CicloNoConvergeError: extremos [301.0329, 362.1500] K sin cambio de signo de F (F(lo)=93.153, F(hi)=36.396)",,,,,,,,
3750|400|623.15|300.033|0.5|1|0.85|0.75|0.85|0.75|0.8|303.55,109,18,22892,barridos_2026-09-19/fase1_profesor/eta_vs_Palta_profesor.csv,1,3750.0,400.0,623.15,300.032917,0.5,1.0,0.85,0.75,0.85,0.75,0.8,303.55,False,csv:P_alta; csv:P_baja; csv:T_fuente; csv:T_sumidero; csv:x_b; csv:m_b; csv:eta_t; csv:eta_p; csv:eps_hrvg; csv:eps_reg; csv:eps_cond,"equilibrio_liquido_vapor(P=3750.0 kPa, T=622.9999846467892 K): no existe equilibrio bifásico para ninguna composición (T fuera de la campana binaria a esa P, motor teqp).",False,NO_CONVERGIO,,,,,,,103.2,sin cambio de signo,"CicloNoConvergeError: extremos [301.0329, 367.1500] K sin cambio de signo de F (F(lo)=93.01, F(hi)=33.712)",,,,,,,,
3000|400|623.15|297.95|0.5|1|0.85|0.75|0.85|0.75|0.8|303.55,111,19,26924,barridos_2026-09-19/fase1_profesor/eta_vs_Tambiente_profesor.csv,1,3000.0,400.0,623.15,297.95,0.5,1.0,0.85,0.75,0.85,0.75,0.8,303.55,False,csv:P_alta; csv:P_baja; csv:T_fuente; csv:T_sumidero; csv:x_b; csv:m_b; csv:eta_t; csv:eta_p; csv:eps_hrvg; csv:eps_reg; csv:eps_cond,"equilibrio_liquido_vapor(P=3000.0 kPa, T=622.9999953066318 K): no existe equilibrio bifásico para ninguna composición (T fuera de la campana binaria a esa P, motor teqp).",False,NO_CONVERGIO,,,,,,,87.3,sin cambio de signo,"CicloNoConvergeError: extremos [298.9500, 347.1500] K sin cambio de signo de F (F(lo)=88.889, F(hi)=45.201)",,,,,,,,
4000|400|623.15|300.033|0.5|1|0.85|0.75|0.85|0.75|0.8|303.55,110,16,27548,barridos_2026-09-19/fase1_profesor/eta_vs_Palta_profesor.csv,1,4000.0,400.0,623.15,300.032917,0.5,1.0,0.85,0.75,0.85,0.75,0.8,303.55,False,csv:P_alta; csv:P_baja; csv:T_fuente; csv:T_sumidero; csv:x_b; csv:m_b; csv:eta_t; csv:eta_p; csv:eps_hrvg; csv:eps_reg; csv:eps_cond,"equilibrio_liquido_vapor(P=4000.0 kPa, T=622.9999807869 K): no existe equilibrio bifásico para ninguna composición (T fuera de la campana binaria a esa P, motor teqp).",False,NO_CONVERGIO,,,,,,,111.2,sin cambio de signo,"CicloNoConvergeError: extremos [301.0329, 372.1500] K sin cambio de signo de F (F(lo)=92.621, F(hi)=30.986)",,,,,,,,
3000|400|623.15|298|0.5|1|0.85|0.75|0.85|0.75|0.8|303.55,112,18,20368,barridos_2026-09-19/fase1_profesor/eta_vs_Tambiente_profesor.csv,1,3000.0,400.0,623.15,298.0,0.5,1.0,0.85,0.75,0.85,0.75,0.8,303.55,False,csv:P_alta; csv:P_baja; csv:T_fuente; csv:T_sumidero; csv:x_b; csv:m_b; csv:eta_t; csv:eta_p; csv:eps_hrvg; csv:eps_reg; csv:eps_cond,"equilibrio_liquido_vapor(P=3000.0 kPa, T=622.9999953066318 K): no existe equilibrio bifásico para ninguna composición (T fuera de la campana binaria a esa P, motor teqp).",False,NO_CONVERGIO,,,,,,,91.1,sin cambio de signo,"CicloNoConvergeError: extremos [299.0000, 347.1500] K sin cambio de signo de F (F(lo)=88.853, F(hi)=45.216)",,,,,,,,
3000|400|623.15|298.2|0.5|1|0.85|0.75|0.85|0.75|0.8|303.55,113,18,22476,barridos_2026-09-19/fase1_profesor/eta_vs_Tambiente_profesor.csv,1,3000.0,400.0,623.15,298.2,0.5,1.0,0.85,0.75,0.85,0.75,0.8,303.55,False,csv:P_alta; csv:P_baja; csv:T_fuente; csv:T_sumidero; csv:x_b; csv:m_b; csv:eta_t; csv:eta_p; csv:eps_hrvg; csv:eps_reg; csv:eps_cond,"equilibrio_liquido_vapor(P=3000.0 kPa, T=622.9999953066318 K): no existe equilibrio bifásico para ninguna composición (T fuera de la campana binaria a esa P, motor teqp).",False,NO_CONVERGIO,,,,,,,90.0,sin cambio de signo,"CicloNoConvergeError: extremos [299.2000, 347.1500] K sin cambio de signo de F (F(lo)=88.707, F(hi)=45.277)",,,,,,,,
3000|400|623.15|298.3|0.5|1|0.85|0.75|0.85|0.75|0.8|303.55,114,22,25144,barridos_2026-09-19/fase1_profesor/eta_vs_Tambiente_profesor.csv,1,3000.0,400.0,623.15,298.3,0.5,1.0,0.85,0.75,0.85,0.75,0.8,303.55,False,csv:P_alta; csv:P_baja; csv:T_fuente; csv:T_sumidero; csv:x_b; csv:m_b; csv:eta_t; csv:eta_p; csv:eps_hrvg; csv:eps_reg; csv:eps_cond,"equilibrio_liquido_vapor(P=3000.0 kPa, T=622.9999953066318 K): no existe equilibrio bifásico para ninguna composición (T fuera de la campana binaria a esa P, motor teqp).",False,NO_CONVERGIO,,,,,,,87.1,sin cambio de signo,"CicloNoConvergeError: extremos [299.3000, 347.1500] K sin cambio de signo de F (F(lo)=88.634, F(hi)=45.308)",,,,,,,,
3000|400|623.15|298.5|0.5|1|0.85|0.75|0.85|0.75|0.8|303.55,115,19,22892,barridos_2026-09-19/fase1_profesor/eta_vs_Tambiente_profesor.csv,1,3000.0,400.0,623.15,298.5,0.5,1.0,0.85,0.75,0.85,0.75,0.8,303.55,False,csv:P_alta; csv:P_baja; csv:T_fuente; csv:T_sumidero; csv:x_b; csv:m_b; csv:eta_t; csv:eta_p; csv:eps_hrvg; csv:eps_reg; csv:eps_cond,"equilibrio_liquido_vapor(P=3000.0 kPa, T=622.9999953066318 K): no existe equilibrio bifásico para ninguna composición (T fuera de la campana binaria a esa P, motor teqp).",False,NO_CONVERGIO,,,,,,,104.2,sin cambio de signo,"CicloNoConvergeError: extremos [299.5000, 347.1500] K sin cambio de signo de F (F(lo)=88.489, F(hi)=45.369)",,,,,,,,
3000|400|623.15|298.65|0.5|1|0.85|0.75|0.85|0.75|0.8|303.55,116,20,26924,barridos_2026-09-19/fase1_profesor/eta_vs_Tambiente_profesor.csv,1,3000.0,400.0,623.15,298.65,0.5,1.0,0.85,0.75,0.85,0.75,0.8,303.55,False,csv:P_alta; csv:P_baja; csv:T_fuente; csv:T_sumidero; csv:x_b; csv:m_b; csv:eta_t; csv:eta_p; csv:eps_hrvg; csv:eps_reg; csv:eps_cond,"equilibrio_liquido_vapor(P=3000.0 kPa, T=622.9999953066318 K): no existe equilibrio bifásico para ninguna composición (T fuera de la campana binaria a esa P, motor teqp).",False,NO_CONVERGIO,,,,,,,100.3,sin cambio de signo,"CicloNoConvergeError: extremos [299.6500, 347.1500] K sin cambio de signo de F (F(lo)=88.38, F(hi)=45.415)",,,,,,,,
3000|400|623.15|298.7|0.5|1|0.85|0.75|0.85|0.75|0.8|303.55,117,17,27548,barridos_2026-09-19/fase1_profesor/eta_vs_Tambiente_profesor.csv,1,3000.0,400.0,623.15,298.7,0.5,1.0,0.85,0.75,0.85,0.75,0.8,303.55,False,csv:P_alta; csv:P_baja; csv:T_fuente; csv:T_sumidero; csv:x_b; csv:m_b; csv:eta_t; csv:eta_p; csv:eps_hrvg; csv:eps_reg; csv:eps_cond,"equilibrio_liquido_vapor(P=3000.0 kPa, T=622.9999953066318 K): no existe equilibrio bifásico para ninguna composición (T fuera de la campana binaria a esa P, motor teqp).",False,NO_CONVERGIO,,,,,,,111.6,sin cambio de signo,"CicloNoConvergeError: extremos [299.7000, 347.1500] K sin cambio de signo de F (F(lo)=88.343, F(hi)=45.43)",,,,,,,,
3000|400|623.15|298.95|0.5|1|0.85|0.75|0.85|0.75|0.8|303.55,119,19,22476,barridos_2026-09-19/fase1_profesor/eta_vs_Tambiente_profesor.csv,1,3000.0,400.0,623.15,298.95,0.5,1.0,0.85,0.75,0.85,0.75,0.8,303.55,False,csv:P_alta; csv:P_baja; csv:T_fuente; csv:T_sumidero; csv:x_b; csv:m_b; csv:eta_t; csv:eta_p; csv:eps_hrvg; csv:eps_reg; csv:eps_cond,"equilibrio_liquido_vapor(P=3000.0 kPa, T=622.9999953066318 K): no existe equilibrio bifásico para ninguna composición (T fuera de la campana binaria a esa P, motor teqp).",False,NO_CONVERGIO,,,,,,,115.7,sin cambio de signo,"CicloNoConvergeError: extremos [299.9500, 347.1500] K sin cambio de signo de F (F(lo)=88.162, F(hi)=45.507)",,,,,,,,
3000|400|623.15|298.9|0.5|1|0.85|0.75|0.85|0.75|0.8|303.55,118,19,20368,barridos_2026-09-19/fase1_profesor/eta_vs_Tambiente_profesor.csv,1,3000.0,400.0,623.15,298.9,0.5,1.0,0.85,0.75,0.85,0.75,0.8,303.55,False,csv:P_alta; csv:P_baja; csv:T_fuente; csv:T_sumidero; csv:x_b; csv:m_b; csv:eta_t; csv:eta_p; csv:eps_hrvg; csv:eps_reg; csv:eps_cond,"equilibrio_liquido_vapor(P=3000.0 kPa, T=622.9999953066318 K): no existe equilibrio bifásico para ninguna composición (T fuera de la campana binaria a esa P, motor teqp).",False,NO_CONVERGIO,,,,,,,116.6,sin cambio de signo,"CicloNoConvergeError: extremos [299.9000, 347.1500] K sin cambio de signo de F (F(lo)=88.198, F(hi)=45.491)",,,,,,,,
3000|400|623.15|299.1|0.5|1|0.85|0.75|0.85|0.75|0.8|303.55,120,23,25144,barridos_2026-09-19/fase1_profesor/eta_vs_Tambiente_profesor.csv,1,3000.0,400.0,623.15,299.1,0.5,1.0,0.85,0.75,0.85,0.75,0.8,303.55,False,csv:P_alta; csv:P_baja; csv:T_fuente; csv:T_sumidero; csv:x_b; csv:m_b; csv:eta_t; csv:eta_p; csv:eps_hrvg; csv:eps_reg; csv:eps_cond,"equilibrio_liquido_vapor(P=3000.0 kPa, T=622.9999953066318 K): no existe equilibrio bifásico para ninguna composición (T fuera de la campana binaria a esa P, motor teqp).",False,NO_CONVERGIO,,,,,,,125.7,sin cambio de signo,"CicloNoConvergeError: extremos [300.1000, 347.1500] K sin cambio de signo de F (F(lo)=88.053, F(hi)=45.553)",,,,,,,,
3000|400|623.15|299.2|0.5|1|0.85|0.75|0.85|0.75|0.8|303.55,122,21,26924,barridos_2026-09-19/fase1_profesor/eta_vs_Tambiente_profesor.csv;barridos_2026-09-19/fase1_profesor/eta_vs_Tambiente_profesor.csv,2,3000.0,400.0,623.15,299.2,0.5,1.0,0.85,0.75,0.85,0.75,0.8,303.55,False,csv:P_alta; csv:P_baja; csv:T_fuente; csv:T_sumidero; csv:x_b; csv:m_b; csv:eta_t; csv:eta_p; csv:eps_hrvg; csv:eps_reg; csv:eps_cond,"equilibrio_liquido_vapor(P=3000.0 kPa, T=622.9999953066318 K): no existe equilibrio bifásico para ninguna composición (T fuera de la campana binaria a esa P, motor teqp).",False,NO_CONVERGIO,,,,,,,123.7,sin cambio de signo,"CicloNoConvergeError: extremos [300.2000, 347.1500] K sin cambio de signo de F (F(lo)=87.98, F(hi)=45.583)",,,,,,,,
3000|400|623.15|299.15|0.5|1|0.85|0.75|0.85|0.75|0.8|303.55,121,20,22892,barridos_2026-09-19/fase1_profesor/eta_vs_Tambiente_profesor.csv,1,3000.0,400.0,623.15,299.15,0.5,1.0,0.85,0.75,0.85,0.75,0.8,303.55,False,csv:P_alta; csv:P_baja; csv:T_fuente; csv:T_sumidero; csv:x_b; csv:m_b; csv:eta_t; csv:eta_p; csv:eps_hrvg; csv:eps_reg; csv:eps_cond,"equilibrio_liquido_vapor(P=3000.0 kPa, T=622.9999953066318 K): no existe equilibrio bifásico para ninguna composición (T fuera de la campana binaria a esa P, motor teqp).",False,NO_CONVERGIO,,,,,,,153.1,sin cambio de signo,"CicloNoConvergeError: extremos [300.1500, 347.1500] K sin cambio de signo de F (F(lo)=88.016, F(hi)=45.568)",,,,,,,,
3000|400|623.15|299.4|0.5|1|0.85|0.75|0.85|0.75|0.8|303.55,123,18,27548,barridos_2026-09-19/fase1_profesor/eta_vs_Tambiente_profesor.csv,1,3000.0,400.0,623.15,299.4,0.5,1.0,0.85,0.75,0.85,0.75,0.8,303.55,False,csv:P_alta; csv:P_baja; csv:T_fuente; csv:T_sumidero; csv:x_b; csv:m_b; csv:eta_t; csv:eta_p; csv:eps_hrvg; csv:eps_reg; csv:eps_cond,"equilibrio_liquido_vapor(P=3000.0 kPa, T=622.9999953066318 K): no existe equilibrio bifásico para ninguna composición (T fuera de la campana binaria a esa P, motor teqp).",False,NO_CONVERGIO,,,,,,,152.7,sin cambio de signo,"CicloNoConvergeError: extremos [300.4000, 347.1500] K sin cambio de signo de F (F(lo)=87.835, F(hi)=45.645)",,,,,,,,
3000|400|623.15|299.8|0.5|1|0.85|0.75|0.85|0.75|0.8|303.55,124,20,22476,barridos_2026-09-19/fase1_profesor/eta_vs_Tambiente_profesor.csv,1,3000.0,400.0,623.15,299.8,0.5,1.0,0.85,0.75,0.85,0.75,0.8,303.55,False,csv:P_alta; csv:P_baja; csv:T_fuente; csv:T_sumidero; csv:x_b; csv:m_b; csv:eta_t; csv:eta_p; csv:eps_hrvg; csv:eps_reg; csv:eps_cond,"equilibrio_liquido_vapor(P=3000.0 kPa, T=622.9999953066318 K): no existe equilibrio bifásico para ninguna composición (T fuera de la campana binaria a esa P, motor teqp).",False,NO_CONVERGIO,,,,,,,146.7,sin cambio de signo,"CicloNoConvergeError: extremos [300.8000, 347.1500] K sin cambio de signo de F (F(lo)=87.545, F(hi)=45.768)",,,,,,,,
3000|400|623.15|300.485|0.5|1|0.85|0.75|0.85|0.75|0.8|303.55,125,20,20368,barridos_2026-09-19/fase1_profesor/eta_vs_Tambiente_profesor.csv,1,3000.0,400.0,623.15,300.485,0.5,1.0,0.85,0.75,0.85,0.75,0.8,303.55,False,csv:P_alta; csv:P_baja; csv:T_fuente; csv:T_sumidero; csv:x_b; csv:m_b; csv:eta_t; csv:eta_p; csv:eps_hrvg; csv:eps_reg; csv:eps_cond,"equilibrio_liquido_vapor(P=3000.0 kPa, T=622.9999953066318 K): no existe equilibrio bifásico para ninguna composición (T fuera de la campana binaria a esa P, motor teqp).",False,NO_CONVERGIO,,,,,,,146.2,sin cambio de signo,"CicloNoConvergeError: extremos [301.4850, 347.1500] K sin cambio de signo de F (F(lo)=87.048, F(hi)=45.979)",,,,,,,,
3000|400|623.15|300.9|0.5|1|0.85|0.75|0.85|0.75|0.8|303.55,126,24,25144,barridos_2026-09-19/fase1_profesor/eta_vs_Tambiente_profesor.csv,1,3000.0,400.0,623.15,300.9,0.5,1.0,0.85,0.75,0.85,0.75,0.8,303.55,False,csv:P_alta; csv:P_baja; csv:T_fuente; csv:T_sumidero; csv:x_b; csv:m_b; csv:eta_t; csv:eta_p; csv:eps_hrvg; csv:eps_reg; csv:eps_cond,"equilibrio_liquido_vapor(P=3000.0 kPa, T=622.9999953066318 K): no existe equilibrio bifásico para ninguna composición (T fuera de la campana binaria a esa P, motor teqp).",False,NO_CONVERGIO,,,,,,,145.9,sin cambio de signo,"CicloNoConvergeError: extremos [301.9000, 347.1500] K sin cambio de signo de F (F(lo)=86.748, F(hi)=46.107)",,,,,,,,
3000|400|623.15|301.55|0.5|1|0.85|0.75|0.85|0.75|0.8|303.55,127,22,26924,barridos_2026-09-19/fase1_profesor/eta_vs_Tambiente_profesor.csv,1,3000.0,400.0,623.15,301.55,0.5,1.0,0.85,0.75,0.85,0.75,0.8,303.55,False,csv:P_alta; csv:P_baja; csv:T_fuente; csv:T_sumidero; csv:x_b; csv:m_b; csv:eta_t; csv:eta_p; csv:eps_hrvg; csv:eps_reg; csv:eps_cond,"equilibrio_liquido_vapor(P=3000.0 kPa, T=622.9999953066318 K): no existe equilibrio bifásico para ninguna composición (T fuera de la campana binaria a esa P, motor teqp).",False,NO_CONVERGIO,,,,,,,121.5,sin cambio de signo,"CicloNoConvergeError: extremos [302.5500, 347.1500] K sin cambio de signo de F (F(lo)=86.277, F(hi)=46.308)",,,,,,,,
3000|400|623.15|301.655|0.5|1|0.85|0.75|0.85|0.75|0.8|303.55,128,21,22892,barridos_2026-09-19/fase1_profesor/eta_vs_Tambiente_profesor.csv,1,3000.0,400.0,623.15,301.655,0.5,1.0,0.85,0.75,0.85,0.75,0.8,303.55,False,csv:P_alta; csv:P_baja; csv:T_fuente; csv:T_sumidero; csv:x_b; csv:m_b; csv:eta_t; csv:eta_p; csv:eps_hrvg; csv:eps_reg; csv:eps_cond,"equilibrio_liquido_vapor(P=3000.0 kPa, T=622.9999953066318 K): no existe equilibrio bifásico para ninguna composición (T fuera de la campana binaria a esa P, motor teqp).",False,NO_CONVERGIO,,,,,,,134.6,sin cambio de signo,"CicloNoConvergeError: extremos [302.6550, 347.1500] K sin cambio de signo de F (F(lo)=86.202, F(hi)=46.341)",,,,,,,,
3000|400|623.15|302.4|0.5|1|0.85|0.75|0.85|0.75|0.8|303.55,130,21,22476,barridos_2026-09-19/fase1_profesor/eta_vs_Tambiente_profesor.csv,1,3000.0,400.0,623.15,302.4,0.5,1.0,0.85,0.75,0.85,0.75,0.8,303.55,False,csv:P_alta; csv:P_baja; csv:T_fuente; csv:T_sumidero; csv:x_b; csv:m_b; csv:eta_t; csv:eta_p; csv:eps_hrvg; csv:eps_reg; csv:eps_cond,"equilibrio_liquido_vapor(P=3000.0 kPa, T=622.9999953066318 K): no existe equilibrio bifásico para ninguna composición (T fuera de la campana binaria a esa P, motor teqp).",False,NO_CONVERGIO,,,,,,,108.9,sin cambio de signo,"CicloNoConvergeError: extremos [303.4000, 347.1500] K sin cambio de signo de F (F(lo)=85.664, F(hi)=46.572)",,,,,,,,
3000|400|623.15|302.9|0.5|1|0.85|0.75|0.85|0.75|0.8|303.55,131,21,20368,barridos_2026-09-19/fase1_profesor/eta_vs_Tambiente_profesor.csv,1,3000.0,400.0,623.15,302.9,0.5,1.0,0.85,0.75,0.85,0.75,0.8,303.55,False,csv:P_alta; csv:P_baja; csv:T_fuente; csv:T_sumidero; csv:x_b; csv:m_b; csv:eta_t; csv:eta_p; csv:eps_hrvg; csv:eps_reg; csv:eps_cond,"equilibrio_liquido_vapor(P=3000.0 kPa, T=622.9999953066318 K): no existe equilibrio bifásico para ninguna composición (T fuera de la campana binaria a esa P, motor teqp).",False,NO_CONVERGIO,,,,,,,113.3,sin cambio de signo,"CicloNoConvergeError: extremos [303.9000, 347.1500] K sin cambio de signo de F (F(lo)=85.323, F(hi)=46.728)",,,,,,,,
3000|400|623.15|302.25|0.5|1|0.85|0.75|0.85|0.75|0.8|303.55,129,19,27548,barridos_2026-09-19/fase1_profesor/eta_vs_Tambiente_profesor.csv,1,3000.0,400.0,623.15,302.25,0.5,1.0,0.85,0.75,0.85,0.75,0.8,303.55,False,csv:P_alta; csv:P_baja; csv:T_fuente; csv:T_sumidero; csv:x_b; csv:m_b; csv:eta_t; csv:eta_p; csv:eps_hrvg; csv:eps_reg; csv:eps_cond,"equilibrio_liquido_vapor(P=3000.0 kPa, T=622.9999953066318 K): no existe equilibrio bifásico para ninguna composición (T fuera de la campana binaria a esa P, motor teqp).",False,NO_CONVERGIO,,,,,,,138.6,sin cambio de signo,"CicloNoConvergeError: extremos [303.2500, 347.1500] K sin cambio de signo de F (F(lo)=85.772, F(hi)=46.526)",,,,,,,,
3000|400|623.15|303.1|0.5|1|0.85|0.75|0.85|0.75|0.8|303.55,132,25,25144,barridos_2026-09-19/fase1_profesor/eta_vs_Tambiente_profesor.csv,1,3000.0,400.0,623.15,303.1,0.5,1.0,0.85,0.75,0.85,0.75,0.8,303.55,False,csv:P_alta; csv:P_baja; csv:T_fuente; csv:T_sumidero; csv:x_b; csv:m_b; csv:eta_t; csv:eta_p; csv:eps_hrvg; csv:eps_reg; csv:eps_cond,"equilibrio_liquido_vapor(P=3000.0 kPa, T=622.9999953066318 K): no existe equilibrio bifásico para ninguna composición (T fuera de la campana binaria a esa P, motor teqp).",False,NO_CONVERGIO,,,,,,,119.9,sin cambio de signo,"CicloNoConvergeError: extremos [304.1000, 347.1500] K sin cambio de signo de F (F(lo)=85.193, F(hi)=46.791)",,,,,,,,
3000|400|623.15|303.55|0.5|1|0.85|0.75|0.85|0.75|0.8|303.55,133,23,26924,barridos_2026-09-19/fase1_profesor/eta_vs_Tambiente_profesor.csv,1,3000.0,400.0,623.15,303.55,0.5,1.0,0.85,0.75,0.85,0.75,0.8,303.55,False,csv:P_alta; csv:P_baja; csv:T_fuente; csv:T_sumidero; csv:x_b; csv:m_b; csv:eta_t; csv:eta_p; csv:eps_hrvg; csv:eps_reg; csv:eps_cond,"equilibrio_liquido_vapor(P=3000.0 kPa, T=622.9999953066318 K): no existe equilibrio bifásico para ninguna composición (T fuera de la campana binaria a esa P, motor teqp).",False,NO_CONVERGIO,,,,,,,107.3,sin cambio de signo,"CicloNoConvergeError: extremos [304.5500, 347.1500] K sin cambio de signo de F (F(lo)=84.9, F(hi)=46.931)",,,,,,,,
3000|400|623.15|300.033|0.4|1|0.85|0.75|0.85|0.75|0.8|303.55,134,22,22892,barridos_2026-09-19/fase1_profesor/eta_vs_xb_profesor.csv,1,3000.0,400.0,623.15,300.032917,0.4,1.0,0.85,0.75,0.85,0.75,0.8,303.55,False,csv:P_alta; csv:P_baja; csv:T_fuente; csv:T_sumidero; csv:x_b; csv:m_b; csv:eta_t; csv:eta_p; csv:eps_hrvg; csv:eps_reg; csv:eps_cond,"equilibrio_liquido_vapor(P=3000.0 kPa, T=622.999986634595 K): no existe equilibrio bifásico para ninguna composición (T fuera de la campana binaria a esa P, motor teqp).",False,NO_CONVERGIO,,,,,,,97.6,sin cambio de signo,"CicloNoConvergeError: extremos [306.0329, 387.1500] K sin cambio de signo de F (F(lo)=92.575, F(hi)=21.203)",,,,,,,,
3000|400|623.15|300.033|0.45|1|0.85|0.75|0.85|0.75|0.8|303.55,135,22,22476,barridos_2026-09-19/fase1_profesor/eta_vs_xb_profesor.csv,1,3000.0,400.0,623.15,300.032917,0.45,1.0,0.85,0.75,0.85,0.75,0.8,303.55,False,csv:P_alta; csv:P_baja; csv:T_fuente; csv:T_sumidero; csv:x_b; csv:m_b; csv:eta_t; csv:eta_p; csv:eps_hrvg; csv:eps_reg; csv:eps_cond,"equilibrio_liquido_vapor(P=3000.0 kPa, T=622.9999908239907 K): no existe equilibrio bifásico para ninguna composición (T fuera de la campana binaria a esa P, motor teqp).",False,NO_CONVERGIO,,,,,,,104.2,sin cambio de signo,"CicloNoConvergeError: extremos [301.0329, 367.1500] K sin cambio de signo de F (F(lo)=94.732, F(hi)=33.282)",,,,,,,,
3000|400|623.15|300.033|0.55|1|0.85|0.75|0.85|0.75|0.8|303.55,136,22,20368,barridos_2026-09-19/fase1_profesor/eta_vs_xb_profesor.csv,1,3000.0,400.0,623.15,300.032917,0.55,1.0,0.85,0.75,0.85,0.75,0.8,303.55,False,csv:P_alta; csv:P_baja; csv:T_fuente; csv:T_sumidero; csv:x_b; csv:m_b; csv:eta_t; csv:eta_p; csv:eps_hrvg; csv:eps_reg; csv:eps_cond,"equilibrio_liquido_vapor(P=3000.0 kPa, T=622.9999995938454 K): no existe equilibrio bifásico para ninguna composición (T fuera de la campana binaria a esa P, motor teqp).",False,NO_CONVERGIO,,,,,,,116.9,sin cambio de signo,"CicloNoConvergeError: extremos [301.0329, 322.1500] K sin cambio de signo de F (F(lo)=85.287, F(hi)=66.527)",,,,,,,,
3000|400|623.15|300.033|0.6|1|0.85|0.75|0.85|0.75|0.8|303.55,137,20,27548,barridos_2026-09-19/fase1_profesor/eta_vs_xb_profesor.csv,1,3000.0,400.0,623.15,300.032917,0.6,1.0,0.85,0.75,0.85,0.75,0.8,303.55,False,csv:P_alta; csv:P_baja; csv:T_fuente; csv:T_sumidero; csv:x_b; csv:m_b; csv:eta_t; csv:eta_p; csv:eps_hrvg; csv:eps_reg; csv:eps_cond,"T_from_Ph(P, h, x): el motor teqp no cubre el estado pedido (ver TASK_CONTEXT 2026-09-18-validar-teqp-nh3h2o). Detalle: h=51711.1 fuera de dominio a P=4e+05 Pa, x=0.6134",False,NO_CONVERGIO,,,,,,,108.7,sin extremos evaluables,"CicloNoConvergeError: sin dos extremos evaluables en el rango físico de T1 (repliegues_lo=64, repliegues_hi=0, paso=5.0 K)",,,,,,,,
3000|400|623.15|300.033|0.65|1|0.85|0.75|0.85|0.75|0.8|303.55,138,26,25144,barridos_2026-09-19/fase1_profesor/eta_vs_xb_profesor.csv,1,3000.0,400.0,623.15,300.032917,0.65,1.0,0.85,0.75,0.85,0.75,0.8,303.55,False,csv:P_alta; csv:P_baja; csv:T_fuente; csv:T_sumidero; csv:x_b; csv:m_b; csv:eta_t; csv:eta_p; csv:eps_hrvg; csv:eps_reg; csv:eps_cond,"T_from_Ph(P, h, x): el motor teqp no cubre el estado pedido (ver TASK_CONTEXT 2026-09-18-validar-teqp-nh3h2o). Detalle: h=63662.3 fuera de dominio a P=4e+05 Pa, x=0.6627",False,NO_CONVERGIO,,,,,,,117.3,sin extremos evaluables,"CicloNoConvergeError: sin dos extremos evaluables en el rango físico de T1 (repliegues_lo=64, repliegues_hi=0, paso=5.0 K)",,,,,,,,
3000|500|470|300.033|0.35|1|0.85|0.75|0.85|0.75|0.95|303.55,141,23,22476,barridos_2026-09-19/fase2_libre/busqueda_libre_v2.csv,1,3000.0,500.0,470.0,300.032917,0.35,1.0,0.85,0.75,0.85,0.75,0.95,303.55,False,csv:P_alta; csv:P_baja; csv:T_fuente; csv:T_sumidero; csv:x_b; csv:m_b; csv:eta_t; csv:eta_p; csv:eps_hrvg; csv:eps_reg; csv:eps_cond,"T_from_Ph(P, h, x): el motor teqp no cubre el estado pedido (ver TASK_CONTEXT 2026-09-18-validar-teqp-nh3h2o). Detalle: equilibrio no resoluble en T=296.92 K, P=5e+05 Pa, x=0.1626",False,NO_CONVERGIO,,,,,,,74.8,punto interior no evaluable,CicloNoConvergeError: punto interior no evaluable durante brentq (T=370.896147 K),,,,,,,,
3000|400|623.15|300.033|0.7|1|0.85|0.75|0.85|0.75|0.8|303.55,139,24,26924,barridos_2026-09-19/fase1_profesor/eta_vs_xb_profesor.csv,1,3000.0,400.0,623.15,300.032917,0.7,1.0,0.85,0.75,0.85,0.75,0.8,303.55,False,csv:P_alta; csv:P_baja; csv:T_fuente; csv:T_sumidero; csv:x_b; csv:m_b; csv:eta_t; csv:eta_p; csv:eps_hrvg; csv:eps_reg; csv:eps_cond,"T_from_Ph(P, h, x): el motor teqp no cubre el estado pedido (ver TASK_CONTEXT 2026-09-18-validar-teqp-nh3h2o). Detalle: h=80519.1 fuera de dominio a P=4e+05 Pa, x=0.7117",False,NO_CONVERGIO,,,,,,,130.9,sin extremos evaluables,"CicloNoConvergeError: sin dos extremos evaluables en el rango físico de T1 (repliegues_lo=64, repliegues_hi=0, paso=5.0 K)",,,,,,,,
3000|400|470|300.033|0.5|1|0.85|0.75|0.85|0.75|0.98|303.55,140,23,22892,barridos_2026-09-19/fase2_libre/busqueda_libre.csv,1,3000.0,400.0,470.0,300.032917,0.5,1.0,0.85,0.75,0.85,0.75,0.98,303.55,False,csv:P_alta; csv:P_baja; csv:T_fuente; csv:T_sumidero; csv:x_b; csv:m_b; csv:eta_t; csv:eta_p; csv:eps_hrvg; csv:eps_reg; csv:eps_cond,"T_from_Ph(P, h, x): el motor teqp no cubre el estado pedido (ver TASK_CONTEXT 2026-09-18-validar-teqp-nh3h2o). Detalle: equilibrio no resoluble en T=295.34 K, P=4e+05 Pa, x=0.1390",True,CORREGIBLE,0.130609,231.3403,331.4302,8,0,0,126.8,,"[CORREGIBLE] O2: succión de la bomba bifásica bajo el peor caso de T_amb (riesgo de cavitación) (medido=305.6388202062266, esperado=<= 304.537 K). Causa probable: subenfriamiento insuficiente a la sal",O2,,,,,0,False,
3000|650|470|300.033|0.5|1|0.85|0.75|0.85|0.75|0.9|303.55,145,24,22476,barridos_2026-09-19/fase2_libre/busqueda_libre_v2.csv,1,3000.0,650.0,470.0,300.032917,0.5,1.0,0.85,0.75,0.85,0.75,0.9,303.55,False,csv:P_alta; csv:P_baja; csv:T_fuente; csv:T_sumidero; csv:x_b; csv:m_b; csv:eta_t; csv:eta_p; csv:eps_hrvg; csv:eps_reg; csv:eps_cond,"T_from_Ph(P, h, x): el motor teqp no cubre el estado pedido (ver TASK_CONTEXT 2026-09-18-validar-teqp-nh3h2o). Detalle: equilibrio no resoluble en T=355.13 K, P=3e+06 Pa, x=0.5140",False,NO_CONVERGIO,,,,,,,58.6,punto interior no evaluable,CicloNoConvergeError: punto interior no evaluable durante brentq (T=301.032917 K),,,,,,,,
3000|600|470|300.033|0.35|1|0.85|0.75|0.85|0.75|0.95|303.55,142,23,20368,barridos_2026-09-19/fase2_libre/busqueda_libre_v2.csv,1,3000.0,600.0,470.0,300.032917,0.35,1.0,0.85,0.75,0.85,0.75,0.95,303.55,False,csv:P_alta; csv:P_baja; csv:T_fuente; csv:T_sumidero; csv:x_b; csv:m_b; csv:eta_t; csv:eta_p; csv:eps_hrvg; csv:eps_reg; csv:eps_cond,"T_from_Ph(P, h, x): el motor teqp no cubre el estado pedido (ver TASK_CONTEXT 2026-09-18-validar-teqp-nh3h2o). Detalle: equilibrio no resoluble en T=295.56 K, P=6e+05 Pa, x=0.1692",True,KALINA,0.096156,108.8683,373.1563,8,0,0,144.3,,"KALINA: régimen Kalina genuino y admisible, sin fallas.",,True,-1.2403,16.35,,0,False,
3000|450|470|300.033|0.45|1|0.85|0.75|0.85|0.75|0.9|303.55,144,27,25144,barridos_2026-09-19/fase2_libre/busqueda_libre_v2.csv,1,3000.0,450.0,470.0,300.032917,0.45,1.0,0.85,0.75,0.85,0.75,0.9,303.55,False,csv:P_alta; csv:P_baja; csv:T_fuente; csv:T_sumidero; csv:x_b; csv:m_b; csv:eta_t; csv:eta_p; csv:eps_hrvg; csv:eps_reg; csv:eps_cond,"T_from_Ph(P, h, x): el motor teqp no cubre el estado pedido (ver TASK_CONTEXT 2026-09-18-validar-teqp-nh3h2o). Detalle: equilibrio no resoluble en T=307.19 K, P=4.5e+05 Pa, x=0.1390",True,CORREGIBLE,0.125991,188.1587,362.2344,10,0,0,143.0,,"[CORREGIBLE] O2: succión de la bomba bifásica bajo el peor caso de T_amb (riesgo de cavitación) (medido=320.2958033995267, esperado=<= 315.967 K). Causa probable: subenfriamiento insuficiente a la sal",O2,,,,,0,False,
2800|650|470|300.033|0.5|1|0.85|0.75|0.85|0.75|0.95|303.55,147,24,22892,barridos_2026-09-19/fase2_libre/busqueda_libre_v2.csv,1,2800.0,650.0,470.0,300.032917,0.5,1.0,0.85,0.75,0.85,0.75,0.95,303.55,False,csv:P_alta; csv:P_baja; csv:T_fuente; csv:T_sumidero; csv:x_b; csv:m_b; csv:eta_t; csv:eta_p; csv:eps_hrvg; csv:eps_reg; csv:eps_cond,"T_from_Ph(P, h, x): el motor teqp no cubre el estado pedido (ver TASK_CONTEXT 2026-09-18-validar-teqp-nh3h2o). Detalle: h=-3.88384e+12 fuera de dominio a P=2.8e+06 Pa, x=0.5140",False,NO_CONVERGIO,,,,,,,75.6,punto interior no evaluable,CicloNoConvergeError: punto interior no evaluable durante brentq (T=336.181113 K),,,,,,,,
3000|600|470|300.033|0.4|1|0.85|0.75|0.85|0.75|0.9|303.55,143,21,27548,barridos_2026-09-19/fase2_libre/busqueda_libre_v2.csv,1,3000.0,600.0,470.0,300.032917,0.4,1.0,0.85,0.75,0.85,0.75,0.9,303.55,False,csv:P_alta; csv:P_baja; csv:T_fuente; csv:T_sumidero; csv:x_b; csv:m_b; csv:eta_t; csv:eta_p; csv:eps_hrvg; csv:eps_reg; csv:eps_cond,"T_from_Ph(P, h, x): el motor teqp no cubre el estado pedido (ver TASK_CONTEXT 2026-09-18-validar-teqp-nh3h2o). Detalle: equilibrio no resoluble en T=302.56 K, P=6e+05 Pa, x=0.1636",True,KALINA,0.104715,136.3107,370.9339,11,0,0,180.7,,"KALINA: régimen Kalina genuino y admisible, sin fallas.",,True,-1.2447,14.35,,0,False,
3000|670|470|300.033|0.475|1|0.85|0.75|0.85|0.75|0.95|303.55,146,25,26924,barridos_2026-09-19/fase2_libre/busqueda_libre_v2.csv,1,3000.0,670.0,470.0,300.032917,0.475,1.0,0.85,0.75,0.85,0.75,0.95,303.55,False,csv:P_alta; csv:P_baja; csv:T_fuente; csv:T_sumidero; csv:x_b; csv:m_b; csv:eta_t; csv:eta_p; csv:eps_hrvg; csv:eps_reg; csv:eps_cond,"T_from_Ph(P, h, x): el motor teqp no cubre el estado pedido (ver TASK_CONTEXT 2026-09-18-validar-teqp-nh3h2o). Detalle: equilibrio no resoluble en T=300.13 K, P=6.7e+05 Pa, x=0.1390",True,KALINA,0.100296,164.4008,345.325,8,0,1,140.4,,"KALINA: régimen Kalina genuino y admisible, sin fallas.",,True,-1.2839,12.21,,0,False,
3100|640|470|300.033|0.5|1|0.85|0.75|0.85|0.75|0.95|303.55,148,25,22476,barridos_2026-09-19/fase2_libre/busqueda_libre_v2.csv,1,3100.0,640.0,470.0,300.032917,0.5,1.0,0.85,0.75,0.85,0.75,0.95,303.55,False,csv:P_alta; csv:P_baja; csv:T_fuente; csv:T_sumidero; csv:x_b; csv:m_b; csv:eta_t; csv:eta_p; csv:eps_hrvg; csv:eps_reg; csv:eps_cond,"T_from_Ph(P, h, x): el motor teqp no cubre el estado pedido (ver TASK_CONTEXT 2026-09-18-validar-teqp-nh3h2o). Detalle: equilibrio no resoluble en T=291.08 K, P=6.4e+05 Pa, x=0.1797",True,CORREGIBLE,0.106735,177.3458,342.8811,8,0,0,103.1,,"[CORREGIBLE] O2: succión de la bomba bifásica bajo el peor caso de T_amb (riesgo de cavitación) (medido=319.6954881317639, esperado=<= 319.600 K). Causa probable: subenfriamiento insuficiente a la sal",O2,,,,,0,False,
3100|630|470|300.033|0.5|1|0.85|0.75|0.85|0.75|0.95|303.55,149,24,20368,barridos_2026-09-19/fase2_libre/busqueda_libre_v2.csv,1,3100.0,630.0,470.0,300.032917,0.5,1.0,0.85,0.75,0.85,0.75,0.95,303.55,False,csv:P_alta; csv:P_baja; csv:T_fuente; csv:T_sumidero; csv:x_b; csv:m_b; csv:eta_t; csv:eta_p; csv:eps_hrvg; csv:eps_reg; csv:eps_cond,"T_from_Ph(P, h, x): el motor teqp no cubre el estado pedido (ver TASK_CONTEXT 2026-09-18-validar-teqp-nh3h2o). Detalle: equilibrio no resoluble en T=300.15 K, P=6.3e+05 Pa, x=0.1469",True,CORREGIBLE,0.107721,178.9901,342.8685,8,0,0,93.1,,"[CORREGIBLE] O2: succión de la bomba bifásica bajo el peor caso de T_amb (riesgo de cavitación) (medido=319.26679726310545, esperado=<= 319.066 K). Causa probable: subenfriamiento insuficiente a la sa",O2,,,,,0,False,
3000|850|470|300.033|0.5|1|0.85|0.75|0.75|0.85|0.85|303.55,152,22,27548,barridos_2026-09-19/fase2_libre/busqueda_libre_v2.csv,1,3000.0,850.0,470.0,300.032917,0.5,1.0,0.85,0.75,0.75,0.85,0.85,303.55,False,csv:P_alta; csv:P_baja; csv:T_fuente; csv:T_sumidero; csv:x_b; csv:m_b; csv:eta_t; csv:eta_p; csv:eps_hrvg; csv:eps_reg; csv:eps_cond,"h(P, s, x): el motor teqp no cubre el estado pedido (ver TASK_CONTEXT 2026-09-18-validar-teqp-nh3h2o). Detalle: equilibrio no resoluble en T=345.03 K, P=3e+06 Pa, x=0.5140",False,NO_CONVERGIO,,,,,,,58.1,punto interior no evaluable,CicloNoConvergeError: punto interior no evaluable durante brentq (T=301.032917 K),,,,,,,,
3000|2400|470|300.033|0.5|1|0.85|0.75|0.8|0.8|0.8|303.55,150,28,25144,barridos_2026-09-19/fase2_libre/busqueda_libre_v2.csv,1,3000.0,2400.0,470.0,300.032917,0.5,1.0,0.85,0.75,0.8,0.8,0.8,303.55,False,csv:P_alta; csv:P_baja; csv:T_fuente; csv:T_sumidero; csv:x_b; csv:m_b; csv:eta_t; csv:eta_p; csv:eps_hrvg; csv:eps_reg; csv:eps_cond,"T_from_Ph(P, h, x): el motor teqp no cubre el estado pedido (ver TASK_CONTEXT 2026-09-18-validar-teqp-nh3h2o). Detalle: equilibrio no resoluble en T=404.03 K, P=3e+06 Pa, x=0.1392",True,CORREGIBLE,0.018469,26.5795,386.6663,8,0,1,157.2,,"[CORREGIBLE] O2: succión de la bomba bifásica bajo el peor caso de T_amb (riesgo de cavitación) (medido=374.63296313507345, esperado=<= 373.998 K). Causa probable: subenfriamiento insuficiente a la sa",O2,,,,,0,False,
3000|1590|470|300.033|0.5|1|0.85|0.75|0.85|0.85|0.85|303.55,153,26,26924,barridos_2026-09-19/fase2_libre/busqueda_libre_v2.csv,1,3000.0,1590.0,470.0,300.032917,0.5,1.0,0.85,0.75,0.85,0.85,0.85,303.55,False,csv:P_alta; csv:P_baja; csv:T_fuente; csv:T_sumidero; csv:x_b; csv:m_b; csv:eta_t; csv:eta_p; csv:eps_hrvg; csv:eps_reg; csv:eps_cond,"T_from_Ph(P, h, x): el motor teqp no cubre el estado pedido (ver TASK_CONTEXT 2026-09-18-validar-teqp-nh3h2o). Detalle: equilibrio no resoluble en T=326.79 K, P=1.59e+06 Pa, x=0.1703",True,CORREGIBLE,0.049421,78.9092,373.6947,9,0,0,154.1,,"[CORREGIBLE] O2: succión de la bomba bifásica bajo el peor caso de T_amb (riesgo de cavitación) (medido=355.84858436797776, esperado=<= 354.733 K). Causa probable: subenfriamiento insuficiente a la sa",O2,,,,,0,False,
2800|1500|470|300.033|0.7|1|0.85|0.75|0.8|0.8|0.8|303.55,156,23,27548,barridos_2026-09-19/fase2_libre/busqueda_libre_v2.csv;barridos_2026-09-19/fase2_libre/ronda5_diagnostico.csv,2,2800.0,1500.0,470.0,300.032917,0.7,1.0,0.85,0.75,0.8,0.8,0.8,303.55,False,csv:P_alta; csv:P_baja; csv:T_fuente; csv:T_sumidero; csv:x_b; csv:m_b; csv:eta_t; csv:eta_p; csv:eps_hrvg; csv:eps_reg; csv:eps_cond,"T_from_Ph(P, h, x): el motor teqp no cubre el estado pedido (ver TASK_CONTEXT 2026-09-18-validar-teqp-nh3h2o). Detalle: h=58362.7 fuera de dominio a P=1.5e+06 Pa, x=0.7117",True,CORREGIBLE,0.050619,68.7211,357.6634,8,0,5,151.6,,"[CORREGIBLE] O2: succión de la bomba bifásica bajo el peor caso de T_amb (riesgo de cavitación) (medido=332.55561411947417, esperado=<= 327.450 K). Causa probable: subenfriamiento insuficiente a la sa",O2,,,,,0,False,
3000|1179.62|470|300.033|0.45|1|0.85|0.75|0.8|0.75|0.85|303.55,155,25,20368,barridos_2026-09-19/fase2_libre/busqueda_libre_v2.csv,1,3000.0,1179.625,470.0,300.032917,0.45,1.0,0.85,0.75,0.8,0.75,0.85,303.55,False,csv:P_alta; csv:P_baja; csv:T_fuente; csv:T_sumidero; csv:x_b; csv:m_b; csv:eta_t; csv:eta_p; csv:eps_hrvg; csv:eps_reg; csv:eps_cond,"PropertyRangeError: T_from_Ph(P, h, x): el motor teqp no cubre el estado pedido (ver TASK_CONTEXT 2026-09-18-validar-teqp-nh3h2o). Detalle: h=-1.11568e+16 fuera de dominio a P=1.1796e+06 Pa, x=0.4639",False,NO_CONVERGIO,,,,,,,163.0,otro,"PropertyRangeError: T_from_Ph(P, h, x): el motor teqp no cubre el estado pedido (ver TASK_CONTEXT 2026-09-18-validar-teqp-nh3h2o). Detalle: h=-1.11568e+16 fuera de dominio a P=1.1796e+06 Pa, x=0.4639",,,,,,,,
3000|2700|470|300.033|0.45|1|0.85|0.75|0.75|0.85|0.8|303.55,151,25,22892,barridos_2026-09-19/fase2_libre/busqueda_libre_v2.csv,1,3000.0,2700.0,470.0,300.032917,0.45,1.0,0.85,0.75,0.75,0.85,0.8,303.55,False,csv:P_alta; csv:P_baja; csv:T_fuente; csv:T_sumidero; csv:x_b; csv:m_b; csv:eta_t; csv:eta_p; csv:eps_hrvg; csv:eps_reg; csv:eps_cond,"T_from_Ph(P, h, x): el motor teqp no cubre el estado pedido (ver TASK_CONTEXT 2026-09-18-validar-teqp-nh3h2o). Detalle: equilibrio no resoluble en T=392.03 K, P=3e+06 Pa, x=0.4639",True,KALINA,0.008336,10.0234,393.3984,10,0,0,228.5,,"KALINA: régimen Kalina genuino y admisible, sin fallas.",,True,-1.7764,17.22,,0,False,
3000|1179.62|470|300.033|0.4|1|0.85|0.75|0.8|0.8|0.8|303.55,154,26,22476,barridos_2026-09-19/fase2_libre/busqueda_libre_v2.csv,1,3000.0,1179.625,470.0,300.032917,0.4,1.0,0.85,0.75,0.8,0.8,0.8,303.55,False,csv:P_alta; csv:P_baja; csv:T_fuente; csv:T_sumidero; csv:x_b; csv:m_b; csv:eta_t; csv:eta_p; csv:eps_hrvg; csv:eps_reg; csv:eps_cond,"PropertyRangeError: T_from_Ph(P, h, x): el motor teqp no cubre el estado pedido (ver TASK_CONTEXT 2026-09-18-validar-teqp-nh3h2o). Detalle: h=-3.03608e+16 fuera de dominio a P=1.1796e+06 Pa, x=0.4136",False,NO_CONVERGIO,,,,,,,192.2,otro,"PropertyRangeError: T_from_Ph(P, h, x): el motor teqp no cubre el estado pedido (ver TASK_CONTEXT 2026-09-18-validar-teqp-nh3h2o). Detalle: h=-3.03608e+16 fuera de dominio a P=1.1796e+06 Pa, x=0.4136",,,,,,,,
2800|2500|470|300.033|0.7|1|0.85|0.75|0.8|0.8|0.8|303.55,157,29,25144,barridos_2026-09-19/fase2_libre/busqueda_libre_v2.csv;barridos_2026-09-19/fase2_libre/ronda5_diagnostico.csv,2,2800.0,2500.0,470.0,300.032917,0.7,1.0,0.85,0.75,0.8,0.8,0.8,303.55,False,csv:P_alta; csv:P_baja; csv:T_fuente; csv:T_sumidero; csv:x_b; csv:m_b; csv:eta_t; csv:eta_p; csv:eps_hrvg; csv:eps_reg; csv:eps_cond,"T_from_Ph(P, h, x): el motor teqp no cubre el estado pedido (ver TASK_CONTEXT 2026-09-18-validar-teqp-nh3h2o). Detalle: h=60599.8 fuera de dominio a P=2.5e+06 Pa, x=0.7117",True,CORREGIBLE,0.009945,13.4902,357.7098,8,0,5,162.3,,"[CORREGIBLE] O2: succión de la bomba bifásica bajo el peor caso de T_amb (riesgo de cavitación) (medido=352.1403693215854, esperado=<= 349.329 K). Causa probable: subenfriamiento insuficiente a la sal",O2,,,,,0,False,
3000|2500|470|300.033|0.7|1|0.85|0.75|0.8|0.8|0.8|303.55,158,27,26924,barridos_2026-09-19/fase2_libre/busqueda_libre_v2.csv;barridos_2026-09-19/fase2_libre/ronda5_diagnostico.csv,2,3000.0,2500.0,470.0,300.032917,0.7,1.0,0.85,0.75,0.8,0.8,0.8,303.55,False,csv:P_alta; csv:P_baja; csv:T_fuente; csv:T_sumidero; csv:x_b; csv:m_b; csv:eta_t; csv:eta_p; csv:eps_hrvg; csv:eps_reg; csv:eps_cond,"T_from_Ph(P, h, x): el motor teqp no cubre el estado pedido (ver TASK_CONTEXT 2026-09-18-validar-teqp-nh3h2o). Detalle: h=55357.2 fuera de dominio a P=2.5e+06 Pa, x=0.7117",True,CORREGIBLE,0.01609,21.7561,360.5729,8,0,4,128.1,,"[CORREGIBLE] O2: succión de la bomba bifásica bajo el peor caso de T_amb (riesgo de cavitación) (medido=352.04835653876535, esperado=<= 349.329 K). Causa probable: subenfriamiento insuficiente a la sa",O2,,,,,0,False,
3300|1500|470|300.033|0.7|1|0.85|0.75|0.8|0.8|0.8|303.55,160,26,20368,barridos_2026-09-19/fase2_libre/busqueda_libre_v2.csv;barridos_2026-09-19/fase2_libre/ronda5_diagnostico.csv,2,3300.0,1500.0,470.0,300.032917,0.7,1.0,0.85,0.75,0.8,0.8,0.8,303.55,False,csv:P_alta; csv:P_baja; csv:T_fuente; csv:T_sumidero; csv:x_b; csv:m_b; csv:eta_t; csv:eta_p; csv:eps_hrvg; csv:eps_reg; csv:eps_cond,"T_from_Ph(P, h, x): el motor teqp no cubre el estado pedido (ver TASK_CONTEXT 2026-09-18-validar-teqp-nh3h2o). Detalle: h=47689.9 fuera de dominio a P=1.5e+06 Pa, x=0.7117",True,CORREGIBLE,0.064739,87.2186,364.5639,8,0,1,110.7,,"[CORREGIBLE] O2: succión de la bomba bifásica bajo el peor caso de T_amb (riesgo de cavitación) (medido=332.32924656778636, esperado=<= 327.450 K). Causa probable: subenfriamiento insuficiente a la sa",O2,,,,,0,False,
3000|1500|470|300.033|0.7|1|0.85|0.75|0.8|0.8|0.8|303.55,159,24,27548,barridos_2026-09-19/fase2_libre/busqueda_libre_v2.csv;barridos_2026-09-19/fase2_libre/ronda5_diagnostico.csv,2,3000.0,1500.0,470.0,300.032917,0.7,1.0,0.85,0.75,0.8,0.8,0.8,303.55,False,csv:P_alta; csv:P_baja; csv:T_fuente; csv:T_sumidero; csv:x_b; csv:m_b; csv:eta_t; csv:eta_p; csv:eps_hrvg; csv:eps_reg; csv:eps_cond,"T_from_Ph(P, h, x): el motor teqp no cubre el estado pedido (ver TASK_CONTEXT 2026-09-18-validar-teqp-nh3h2o). Detalle: h=53310.3 fuera de dominio a P=1.5e+06 Pa, x=0.7117",True,CORREGIBLE,0.056503,76.4735,360.5235,8,0,4,114.5,,"[CORREGIBLE] O2: succión de la bomba bifásica bajo el peor caso de T_amb (riesgo de cavitación) (medido=332.46162133252403, esperado=<= 327.450 K). Causa probable: subenfriamiento insuficiente a la sa",O2,,,,,0,False,
3300|2500|470|300.033|0.7|1|0.85|0.75|0.8|0.8|0.8|303.55,161,26,22892,barridos_2026-09-19/fase2_libre/busqueda_libre_v2.csv;barridos_2026-09-19/fase2_libre/ronda5_diagnostico.csv,2,3300.0,2500.0,470.0,300.032917,0.7,1.0,0.85,0.75,0.8,0.8,0.8,303.55,False,csv:P_alta; csv:P_baja; csv:T_fuente; csv:T_sumidero; csv:x_b; csv:m_b; csv:eta_t; csv:eta_p; csv:eps_hrvg; csv:eps_reg; csv:eps_cond,"T_from_Ph(P, h, x): el motor teqp no cubre el estado pedido (ver TASK_CONTEXT 2026-09-18-validar-teqp-nh3h2o). Detalle: h=49522.8 fuera de dominio a P=2.5e+06 Pa, x=0.7117",True,CORREGIBLE,0.024697,33.2367,364.6174,8,0,3,115.2,,"[CORREGIBLE] O2: succión de la bomba bifásica bajo el peor caso de T_amb (riesgo de cavitación) (medido=351.9187629396129, esperado=<= 349.329 K). Causa probable: subenfriamiento insuficiente a la sal",O2,,,,,0,False,
4000|1000|470|300.033|0.7|1|0.85|0.75|0.8|0.8|0.8|303.55,162,27,22476,barridos_2026-09-19/fase2_libre/busqueda_libre_v2.csv;barridos_2026-09-19/fase2_libre/ronda5_diagnostico.csv,2,4000.0,1000.0,470.0,300.032917,0.7,1.0,0.85,0.75,0.8,0.8,0.8,303.55,False,csv:P_alta; csv:P_baja; csv:T_fuente; csv:T_sumidero; csv:x_b; csv:m_b; csv:eta_t; csv:eta_p; csv:eps_hrvg; csv:eps_reg; csv:eps_cond,"T_from_Ph(P, h, x): el motor teqp no cubre el estado pedido (ver TASK_CONTEXT 2026-09-18-validar-teqp-nh3h2o). Detalle: equilibrio no resoluble en T=516.61 K, P=4e+06 Pa, x=0.7117",True,CORREGIBLE,0.108523,144.078,373.2288,8,5,0,127.8,,"[CORREGIBLE] O2: succión de la bomba bifásica bajo el peor caso de T_amb (riesgo de cavitación) (medido=318.28681710821826, esperado=<= 312.231 K). Causa probable: subenfriamiento insuficiente a la sa",O2,,,,,0,False,
4000|1600|470|300.033|0.7|1|0.85|0.75|0.8|0.8|0.8|303.55,163,30,25144,barridos_2026-09-19/fase2_libre/busqueda_libre_v2.csv;barridos_2026-09-19/fase2_libre/ronda5_diagnostico.csv,2,4000.0,1600.0,470.0,300.032917,0.7,1.0,0.85,0.75,0.8,0.8,0.8,303.55,False,csv:P_alta; csv:P_baja; csv:T_fuente; csv:T_sumidero; csv:x_b; csv:m_b; csv:eta_t; csv:eta_p; csv:eps_hrvg; csv:eps_reg; csv:eps_cond,"T_from_Ph(P, h, x): el motor teqp no cubre el estado pedido (ver TASK_CONTEXT 2026-09-18-validar-teqp-nh3h2o). Detalle: equilibrio no resoluble en T=516.61 K, P=4e+06 Pa, x=0.7117",True,CORREGIBLE,0.076995,102.3797,373.156,8,5,0,112.0,,"[CORREGIBLE] O2: succión de la bomba bifásica bajo el peor caso de T_amb (riesgo de cavitación) (medido=334.35750824526593, esperado=<= 330.035 K). Causa probable: subenfriamiento insuficiente a la sa",O2,,,,,0,False,
4000|2200|470|300.033|0.7|1|0.85|0.75|0.8|0.8|0.8|303.55,164,28,26924,barridos_2026-09-19/fase2_libre/busqueda_libre_v2.csv;barridos_2026-09-19/fase2_libre/ronda5_diagnostico.csv,2,4000.0,2200.0,470.0,300.032917,0.7,1.0,0.85,0.75,0.8,0.8,0.8,303.55,False,csv:P_alta; csv:P_baja; csv:T_fuente; csv:T_sumidero; csv:x_b; csv:m_b; csv:eta_t; csv:eta_p; csv:eps_hrvg; csv:eps_reg; csv:eps_cond,"T_from_Ph(P, h, x): el motor teqp no cubre el estado pedido (ver TASK_CONTEXT 2026-09-18-validar-teqp-nh3h2o). Detalle: equilibrio no resoluble en T=516.61 K, P=4e+06 Pa, x=0.7117",True,CORREGIBLE,0.052753,70.1044,373.1829,8,5,0,104.2,,"[CORREGIBLE] O2: succión de la bomba bifásica bajo el peor caso de T_amb (riesgo de cavitación) (medido=346.4603698787974, esperado=<= 343.533 K). Causa probable: subenfriamiento insuficiente a la sal",O2,,,,,0,False,
4400|3960|470|300.033|0.7|1|0.85|0.75|0.8|0.8|0.8|303.55,168,28,22476,barridos_2026-09-19/fase2_libre/busqueda_libre_v2.csv;barridos_2026-09-19/fase2_libre/ronda5_diagnostico.csv,2,4400.0,3960.0,470.0,300.032917,0.7,1.0,0.85,0.75,0.8,0.8,0.8,303.55,False,csv:P_alta; csv:P_baja; csv:T_fuente; csv:T_sumidero; csv:x_b; csv:m_b; csv:eta_t; csv:eta_p; csv:eps_hrvg; csv:eps_reg; csv:eps_cond,"T_from_Ph(P, h, x): el motor teqp no cubre el estado pedido (ver TASK_CONTEXT 2026-09-18-validar-teqp-nh3h2o). Detalle: equilibrio no resoluble en T=516.69 K, P=3.96e+06 Pa, x=0.7117",False,NO_CONVERGIO,,,,,,,76.0,punto interior no evaluable,CicloNoConvergeError: punto interior no evaluable durante brentq (T=377.262797 K),,,,,,,,
4000|2800|470|300.033|0.7|1|0.85|0.75|0.8|0.8|0.8|303.55,165,27,20368,barridos_2026-09-19/fase2_libre/busqueda_libre_v2.csv,1,4000.0,2800.0,470.0,300.032917,0.7,1.0,0.85,0.75,0.8,0.8,0.8,303.55,False,csv:P_alta; csv:P_baja; csv:T_fuente; csv:T_sumidero; csv:x_b; csv:m_b; csv:eta_t; csv:eta_p; csv:eps_hrvg; csv:eps_reg; csv:eps_cond,"T_from_Ph(P, h, x): el motor teqp no cubre el estado pedido (ver TASK_CONTEXT 2026-09-18-validar-teqp-nh3h2o). Detalle: equilibrio no resoluble en T=516.61 K, P=4e+06 Pa, x=0.7117",True,CORREGIBLE,0.032641,43.3158,373.2497,8,5,0,105.7,,"[CORREGIBLE] O2: succión de la bomba bifásica bajo el peor caso de T_amb (riesgo de cavitación) (medido=356.36899785998173, esperado=<= 354.665 K). Causa probable: subenfriamiento insuficiente a la sa",O2,,,,,0,False,
4000|3600|470|300.033|0.7|1|0.85|0.75|0.8|0.8|0.8|303.55,166,25,27548,barridos_2026-09-19/fase2_libre/busqueda_libre_v2.csv;barridos_2026-09-19/fase2_libre/ronda5_diagnostico.csv,2,4000.0,3600.0,470.0,300.032917,0.7,1.0,0.85,0.75,0.8,0.8,0.8,303.55,False,csv:P_alta; csv:P_baja; csv:T_fuente; csv:T_sumidero; csv:x_b; csv:m_b; csv:eta_t; csv:eta_p; csv:eps_hrvg; csv:eps_reg; csv:eps_cond,"T_from_Ph(P, h, x): el motor teqp no cubre el estado pedido (ver TASK_CONTEXT 2026-09-18-validar-teqp-nh3h2o). Detalle: equilibrio no resoluble en T=516.61 K, P=4e+06 Pa, x=0.7117",True,CORREGIBLE,0.009907,13.1148,373.3672,8,5,0,120.4,,"[CORREGIBLE] O2: succión de la bomba bifásica bajo el peor caso de T_amb (riesgo de cavitación) (medido=367.44776094763864, esperado=<= 367.225 K). Causa probable: subenfriamiento insuficiente a la sa",O2,,,,,0,False,
4000|3400|470|300.033|0.7|1|0.85|0.75|0.8|0.8|0.8|303.55,167,27,22892,barridos_2026-09-19/fase2_libre/busqueda_libre_v2.csv;barridos_2026-09-19/fase2_libre/ronda5_diagnostico.csv,2,4000.0,3400.0,470.0,300.032917,0.7,1.0,0.85,0.75,0.8,0.8,0.8,303.55,False,csv:P_alta; csv:P_baja; csv:T_fuente; csv:T_sumidero; csv:x_b; csv:m_b; csv:eta_t; csv:eta_p; csv:eps_hrvg; csv:eps_reg; csv:eps_cond,"T_from_Ph(P, h, x): el motor teqp no cubre el estado pedido (ver TASK_CONTEXT 2026-09-18-validar-teqp-nh3h2o). Detalle: equilibrio no resoluble en T=516.61 K, P=4e+06 Pa, x=0.7117",True,CORREGIBLE,0.015242,20.1901,373.336,8,5,0,114.0,,"[CORREGIBLE] O2: succión de la bomba bifásica bajo el peor caso de T_amb (riesgo de cavitación) (medido=364.8570278403671, esperado=<= 364.275 K). Causa probable: subenfriamiento insuficiente a la sal",O2,,,,,0,False,
2800|1500|470|300.033|0.75|1|0.85|0.75|0.8|0.8|0.8|303.55,169,31,25144,barridos_2026-09-19/fase2_libre/busqueda_libre_v2.csv;barridos_2026-09-19/fase2_libre/ronda5_diagnostico.csv,2,2800.0,1500.0,470.0,300.032917,0.75,1.0,0.85,0.75,0.8,0.8,0.8,303.55,False,csv:P_alta; csv:P_baja; csv:T_fuente; csv:T_sumidero; csv:x_b; csv:m_b; csv:eta_t; csv:eta_p; csv:eps_hrvg; csv:eps_reg; csv:eps_cond,"T_from_Ph(P, h, x): el motor teqp no cubre el estado pedido (ver TASK_CONTEXT 2026-09-18-validar-teqp-nh3h2o). Detalle: h=62789.9 fuera de dominio a P=1.5e+06 Pa, x=0.7604",True,CORREGIBLE,0.052008,68.1018,352.665,8,0,7,104.2,,"[CORREGIBLE] O2: succión de la bomba bifásica bajo el peor caso de T_amb (riesgo de cavitación) (medido=327.4933836558064, esperado=<= 323.687 K). Causa probable: subenfriamiento insuficiente a la sal",O2,,,,,0,False,
3000|1500|470|300.033|0.75|1|0.85|0.75|0.8|0.8|0.8|303.55,171,29,22476,barridos_2026-09-19/fase2_libre/busqueda_libre_v2.csv;barridos_2026-09-19/fase2_libre/ronda5_diagnostico.csv,2,3000.0,1500.0,470.0,300.032917,0.75,1.0,0.85,0.75,0.8,0.8,0.8,303.55,False,csv:P_alta; csv:P_baja; csv:T_fuente; csv:T_sumidero; csv:x_b; csv:m_b; csv:eta_t; csv:eta_p; csv:eps_hrvg; csv:eps_reg; csv:eps_cond,"T_from_Ph(P, h, x): el motor teqp no cubre el estado pedido (ver TASK_CONTEXT 2026-09-18-validar-teqp-nh3h2o). Detalle: h=57384.2 fuera de dominio a P=1.5e+06 Pa, x=0.7604",True,CORREGIBLE,0.058058,75.8055,355.5918,8,0,6,100.7,,"[CORREGIBLE] O2: succión de la bomba bifásica bajo el peor caso de T_amb (riesgo de cavitación) (medido=327.4265388443182, esperado=<= 323.687 K). Causa probable: subenfriamiento insuficiente a la sal",O2,,,,,0,False,
3000|2500|470|300.033|0.75|1|0.85|0.75|0.8|0.8|0.8|303.55,172,28,20368,barridos_2026-09-19/fase2_libre/busqueda_libre_v2.csv;barridos_2026-09-19/fase2_libre/ronda5_diagnostico.csv,2,3000.0,2500.0,470.0,300.032917,0.75,1.0,0.85,0.75,0.8,0.8,0.8,303.55,False,csv:P_alta; csv:P_baja; csv:T_fuente; csv:T_sumidero; csv:x_b; csv:m_b; csv:eta_t; csv:eta_p; csv:eps_hrvg; csv:eps_reg; csv:eps_cond,"T_from_Ph(P, h, x): el motor teqp no cubre el estado pedido (ver TASK_CONTEXT 2026-09-18-validar-teqp-nh3h2o). Detalle: h=59606.2 fuera de dominio a P=2.5e+06 Pa, x=0.7604",True,CORREGIBLE,0.016536,21.5815,355.6083,8,0,6,111.6,,"[CORREGIBLE] O2: succión de la bomba bifásica bajo el peor caso de T_amb (riesgo de cavitación) (medido=347.31751205300435, esperado=<= 345.152 K). Causa probable: subenfriamiento insuficiente a la sa",O2,,,,,0,False,
3300|1500|470|300.033|0.75|1|0.85|0.75|0.8|0.8|0.8|303.55,173,26,27548,barridos_2026-09-19/fase2_libre/busqueda_libre_v2.csv;barridos_2026-09-19/fase2_libre/ronda5_diagnostico.csv,2,3300.0,1500.0,470.0,300.032917,0.75,1.0,0.85,0.75,0.8,0.8,0.8,303.55,False,csv:P_alta; csv:P_baja; csv:T_fuente; csv:T_sumidero; csv:x_b; csv:m_b; csv:eta_t; csv:eta_p; csv:eps_hrvg; csv:eps_reg; csv:eps_cond,"T_from_Ph(P, h, x): el motor teqp no cubre el estado pedido (ver TASK_CONTEXT 2026-09-18-validar-teqp-nh3h2o). Detalle: h=51378.6 fuera de dominio a P=1.5e+06 Pa, x=0.7604",True,CORREGIBLE,0.066525,86.4928,359.7242,8,0,5,96.1,,"[CORREGIBLE] O2: succión de la bomba bifásica bajo el peor caso de T_amb (riesgo de cavitación) (medido=327.33280142134214, esperado=<= 323.687 K). Causa probable: subenfriamiento insuficiente a la sa",O2,,,,,0,False,
2800|2500|470|300.033|0.75|1|0.85|0.75|0.8|0.8|0.8|303.55,170,29,26924,barridos_2026-09-19/fase2_libre/busqueda_libre_v2.csv;barridos_2026-09-19/fase2_libre/ronda5_diagnostico.csv,2,2800.0,2500.0,470.0,300.032917,0.75,1.0,0.85,0.75,0.8,0.8,0.8,303.55,False,csv:P_alta; csv:P_baja; csv:T_fuente; csv:T_sumidero; csv:x_b; csv:m_b; csv:eta_t; csv:eta_p; csv:eps_hrvg; csv:eps_reg; csv:eps_cond,"h(P, s, x): el motor teqp no cubre el estado pedido (ver TASK_CONTEXT 2026-09-18-validar-teqp-nh3h2o). Detalle: equilibrio no resoluble en T=485.37 K, P=2.5e+06 Pa, x=0.8428",True,CORREGIBLE,0.010221,13.3786,352.6788,8,8,7,133.1,,"[CORREGIBLE] O2: succión de la bomba bifásica bajo el peor caso de T_amb (riesgo de cavitación) (medido=347.3838390786158, esperado=<= 345.152 K). Causa probable: subenfriamiento insuficiente a la sal",O2,,,,,0,False,
3300|2500|470|300.033|0.75|1|0.85|0.75|0.8|0.8|0.8|303.55,174,28,22892,barridos_2026-09-19/fase2_libre/busqueda_libre_v2.csv;barridos_2026-09-19/fase2_libre/ronda5_diagnostico.csv,2,3300.0,2500.0,470.0,300.032917,0.75,1.0,0.85,0.75,0.8,0.8,0.8,303.55,False,csv:P_alta; csv:P_baja; csv:T_fuente; csv:T_sumidero; csv:x_b; csv:m_b; csv:eta_t; csv:eta_p; csv:eps_hrvg; csv:eps_reg; csv:eps_cond,"T_from_Ph(P, h, x): el motor teqp no cubre el estado pedido (ver TASK_CONTEXT 2026-09-18-validar-teqp-nh3h2o). Detalle: h=53374.6 fuera de dominio a P=2.5e+06 Pa, x=0.7604",True,CORREGIBLE,0.025382,32.982,359.7442,8,0,5,103.5,,"[CORREGIBLE] O2: succión de la bomba bifásica bajo el peor caso de T_amb (riesgo de cavitación) (medido=347.22446670771524, esperado=<= 345.152 K). Causa probable: subenfriamiento insuficiente a la sa",O2,,,,,0,False,
4000|3600|470|300.033|0.75|1|0.85|0.75|0.8|0.8|0.8|303.55,179,30,26924,barridos_2026-09-19/fase2_libre/busqueda_libre_v2.csv;barridos_2026-09-19/fase2_libre/ronda5_diagnostico.csv,2,4000.0,3600.0,470.0,300.032917,0.75,1.0,0.85,0.75,0.8,0.8,0.8,303.55,False,csv:P_alta; csv:P_baja; csv:T_fuente; csv:T_sumidero; csv:x_b; csv:m_b; csv:eta_t; csv:eta_p; csv:eps_hrvg; csv:eps_reg; csv:eps_cond,"T_from_Ph(P, h, x): el motor teqp no cubre el estado pedido (ver TASK_CONTEXT 2026-09-18-validar-teqp-nh3h2o). Detalle: equilibrio no resoluble en T=505.84 K, P=3.6e+06 Pa, x=0.7604",False,NO_CONVERGIO,,,,,,,34.5,punto interior no evaluable,CicloNoConvergeError: punto interior no evaluable durante brentq (T=301.032917 K),,,,,,,,
3600|1600|470|300.033|0.75|1|0.85|0.75|0.8|0.8|0.8|303.55,175,32,25144,barridos_2026-09-19/fase2_libre/busqueda_libre_v2.csv;barridos_2026-09-19/fase2_libre/ronda5_diagnostico.csv,2,3600.0,1600.0,470.0,300.032917,0.75,1.0,0.85,0.75,0.8,0.8,0.8,303.55,False,csv:P_alta; csv:P_baja; csv:T_fuente; csv:T_sumidero; csv:x_b; csv:m_b; csv:eta_t; csv:eta_p; csv:eps_hrvg; csv:eps_reg; csv:eps_cond,"T_from_Ph(P, h, x): el motor teqp no cubre el estado pedido (ver TASK_CONTEXT 2026-09-18-validar-teqp-nh3h2o). Detalle: h=47238.2 fuera de dominio a P=1.6e+06 Pa, x=0.7604",True,CORREGIBLE,0.069581,90.0993,363.5841,8,0,1,96.4,,"[CORREGIBLE] O2: succión de la bomba bifásica bajo el peor caso de T_amb (riesgo de cavitación) (medido=329.61020701295473, esperado=<= 326.228 K). Causa probable: subenfriamiento insuficiente a la sa",O2,,,,,0,False,
3600|2200|470|300.033|0.75|1|0.85|0.75|0.8|0.8|0.8|303.55,176,30,22476,barridos_2026-09-19/fase2_libre/busqueda_libre_v2.csv;barridos_2026-09-19/fase2_libre/ronda5_diagnostico.csv,2,3600.0,2200.0,470.0,300.032917,0.75,1.0,0.85,0.75,0.8,0.8,0.8,303.55,False,csv:P_alta; csv:P_baja; csv:T_fuente; csv:T_sumidero; csv:x_b; csv:m_b; csv:eta_t; csv:eta_p; csv:eps_hrvg; csv:eps_reg; csv:eps_cond,"T_from_Ph(P, h, x): el motor teqp no cubre el estado pedido (ver TASK_CONTEXT 2026-09-18-validar-teqp-nh3h2o). Detalle: h=48371.6 fuera de dominio a P=2.2e+06 Pa, x=0.7604",True,CORREGIBLE,0.044436,57.525,363.5925,8,0,2,95.9,,"[CORREGIBLE] O2: succión de la bomba bifásica bajo el peor caso de T_amb (riesgo de cavitación) (medido=341.8975552996459, esperado=<= 339.474 K). Causa probable: subenfriamiento insuficiente a la sal",O2,,,,,0,False,
3600|2800|470|300.033|0.75|1|0.85|0.75|0.8|0.8|0.8|303.55,178,27,27548,barridos_2026-09-19/fase2_libre/busqueda_libre_v2.csv;barridos_2026-09-19/fase2_libre/ronda5_diagnostico.csv,2,3600.0,2800.0,470.0,300.032917,0.75,1.0,0.85,0.75,0.8,0.8,0.8,303.55,False,csv:P_alta; csv:P_baja; csv:T_fuente; csv:T_sumidero; csv:x_b; csv:m_b; csv:eta_t; csv:eta_p; csv:eps_hrvg; csv:eps_reg; csv:eps_cond,"T_from_Ph(P, h, x): el motor teqp no cubre el estado pedido (ver TASK_CONTEXT 2026-09-18-validar-teqp-nh3h2o). Detalle: h=49246.3 fuera de dominio a P=2.8e+06 Pa, x=0.7604",True,CORREGIBLE,0.023577,30.483,363.6382,8,0,3,110.4,,"[CORREGIBLE] O2: succión de la bomba bifásica bajo el peor caso de T_amb (riesgo de cavitación) (medido=351.9408022168477, esperado=<= 350.374 K). Causa probable: subenfriamiento insuficiente a la sal",O2,,,,,0,False,
2800|1500|470|300.033|0.8|1|0.85|0.75|0.8|0.8|0.8|303.55,180,29,22892,barridos_2026-09-19/fase2_libre/busqueda_libre_v2.csv;barridos_2026-09-19/fase2_libre/ronda5_diagnostico.csv,2,2800.0,1500.0,470.0,300.032917,0.8,1.0,0.85,0.75,0.8,0.8,0.8,303.55,False,csv:P_alta; csv:P_baja; csv:T_fuente; csv:T_sumidero; csv:x_b; csv:m_b; csv:eta_t; csv:eta_p; csv:eps_hrvg; csv:eps_reg; csv:eps_cond,"T_from_Ph(P, h, x): el motor teqp no cubre el estado pedido (ver TASK_CONTEXT 2026-09-18-validar-teqp-nh3h2o). Detalle: h=67234.3 fuera de dominio a P=1.5e+06 Pa, x=0.8088",True,CORREGIBLE,0.053794,67.7508,348.3756,8,0,9,118.1,,"[CORREGIBLE] O2: succión de la bomba bifásica bajo el peor caso de T_amb (riesgo de cavitación) (medido=323.231485331627, esperado=<= 320.609 K). Causa probable: subenfriamiento insuficiente a la sali",O2,,,,,0,False,
2800|2500|470|300.033|0.8|1|0.85|0.75|0.8|0.8|0.8|303.55,181,31,26924,barridos_2026-09-19/fase2_libre/busqueda_libre_v2.csv;barridos_2026-09-19/fase2_libre/ronda5_diagnostico.csv,2,2800.0,2500.0,470.0,300.032917,0.8,1.0,0.85,0.75,0.8,0.8,0.8,303.55,False,csv:P_alta; csv:P_baja; csv:T_fuente; csv:T_sumidero; csv:x_b; csv:m_b; csv:eta_t; csv:eta_p; csv:eps_hrvg; csv:eps_reg; csv:eps_cond,"T_from_Ph(P, h, x): el motor teqp no cubre el estado pedido (ver TASK_CONTEXT 2026-09-18-validar-teqp-nh3h2o). Detalle: h=69842.5 fuera de dominio a P=2.5e+06 Pa, x=0.8088",False,NO_CONVERGIO,,,,,,,97.7,punto interior no evaluable,CicloNoConvergeError: punto interior no evaluable durante brentq (T=348.578826 K),,,,,,,,
3600|3240|470|300.033|0.75|1|0.85|0.75|0.8|0.8|0.8|303.55,177,29,20368,barridos_2026-09-19/fase2_libre/busqueda_libre_v2.csv;barridos_2026-09-19/fase2_libre/ronda5_diagnostico.csv,2,3600.0,3240.0,470.0,300.032917,0.75,1.0,0.85,0.75,0.8,0.8,0.8,303.55,False,csv:P_alta; csv:P_baja; csv:T_fuente; csv:T_sumidero; csv:x_b; csv:m_b; csv:eta_t; csv:eta_p; csv:eps_hrvg; csv:eps_reg; csv:eps_cond,"T_from_Ph(P, h, x): el motor teqp no cubre el estado pedido (ver TASK_CONTEXT 2026-09-18-validar-teqp-nh3h2o). Detalle: equilibrio no resoluble en T=506.46 K, P=3.24e+06 Pa, x=0.7604",True,CORREGIBLE,0.010124,13.0728,363.684,8,3,4,155.2,,"[CORREGIBLE] O2: succión de la bomba bifásica bajo el peor caso de T_amb (riesgo de cavitación) (medido=358.35364776369374, esperado=<= 357.379 K). Causa probable: subenfriamiento insuficiente a la sa",O2,,,,,0,False,
3000|1500|470|300.033|0.8|1|0.85|0.75|0.8|0.8|0.8|303.55,183,31,22476,barridos_2026-09-19/fase2_libre/busqueda_libre_v2.csv;barridos_2026-09-19/fase2_libre/ronda5_diagnostico.csv,2,3000.0,1500.0,470.0,300.032917,0.8,1.0,0.85,0.75,0.8,0.8,0.8,303.55,False,csv:P_alta; csv:P_baja; csv:T_fuente; csv:T_sumidero; csv:x_b; csv:m_b; csv:eta_t; csv:eta_p; csv:eps_hrvg; csv:eps_reg; csv:eps_cond,"T_from_Ph(P, h, x): el motor teqp no cubre el estado pedido (ver TASK_CONTEXT 2026-09-18-validar-teqp-nh3h2o). Detalle: h=61478.6 fuera de dominio a P=1.5e+06 Pa, x=0.8088",True,CORREGIBLE,0.060044,75.4217,351.3432,8,0,8,125.5,,"[CORREGIBLE] O2: succión de la bomba bifásica bajo el peor caso de T_amb (riesgo de cavitación) (medido=323.1875937437973, esperado=<= 320.609 K). Causa probable: subenfriamiento insuficiente a la sal",O2,,,,,0,False,
3000|2500|470|300.033|0.8|1|0.85|0.75|0.8|0.8|0.8|303.55,182,33,25144,barridos_2026-09-19/fase2_libre/busqueda_libre_v2.csv;barridos_2026-09-19/fase2_libre/ronda5_diagnostico.csv,2,3000.0,2500.0,470.0,300.032917,0.8,1.0,0.85,0.75,0.8,0.8,0.8,303.55,False,csv:P_alta; csv:P_baja; csv:T_fuente; csv:T_sumidero; csv:x_b; csv:m_b; csv:eta_t; csv:eta_p; csv:eps_hrvg; csv:eps_reg; csv:eps_cond,"h(P, s, x): el motor teqp no cubre el estado pedido (ver TASK_CONTEXT 2026-09-18-validar-teqp-nh3h2o). Detalle: equilibrio no resoluble en T=471.72 K, P=2.5e+06 Pa, x=0.8816",True,CORREGIBLE,0.017094,21.4699,351.3458,7,10,8,152.8,,"[CORREGIBLE] O2: succión de la bomba bifásica bajo el peor caso de T_amb (riesgo de cavitación) (medido=343.2546762645775, esperado=<= 341.672 K). Causa probable: subenfriamiento insuficiente a la sal",O2,,,,,0,False,
3300|1500|470|300.033|0.8|1|0.85|0.75|0.8|0.8|0.8|303.55,184,28,27548,barridos_2026-09-19/fase2_libre/busqueda_libre_v2.csv;barridos_2026-09-19/fase2_libre/ronda5_diagnostico.csv,2,3300.0,1500.0,470.0,300.032917,0.8,1.0,0.85,0.75,0.8,0.8,0.8,303.55,False,csv:P_alta; csv:P_baja; csv:T_fuente; csv:T_sumidero; csv:x_b; csv:m_b; csv:eta_t; csv:eta_p; csv:eps_hrvg; csv:eps_reg; csv:eps_cond,"T_from_Ph(P, h, x): el motor teqp no cubre el estado pedido (ver TASK_CONTEXT 2026-09-18-validar-teqp-nh3h2o). Detalle: h=55091.5 fuera de dominio a P=1.5e+06 Pa, x=0.8088",True,CORREGIBLE,0.068785,86.067,355.5308,8,0,7,118.6,,"[CORREGIBLE] O2: succión de la bomba bifásica bajo el peor caso de T_amb (riesgo de cavitación) (medido=323.1262599095081, esperado=<= 320.609 K). Causa probable: subenfriamiento insuficiente a la sal",O2,,,,,0,False,
3600|2200|470|300.033|0.8|1|0.85|0.75|0.8|0.8|0.8|303.55,186,32,26924,barridos_2026-09-19/fase2_libre/busqueda_libre_v2.csv;barridos_2026-09-19/fase2_libre/ronda5_diagnostico.csv,2,3600.0,2200.0,470.0,300.032917,0.8,1.0,0.85,0.75,0.8,0.8,0.8,303.55,False,csv:P_alta; csv:P_baja; csv:T_fuente; csv:T_sumidero; csv:x_b; csv:m_b; csv:eta_t; csv:eta_p; csv:eps_hrvg; csv:eps_reg; csv:eps_cond,"h(P, s, x): el motor teqp no cubre el estado pedido (ver TASK_CONTEXT 2026-09-18-validar-teqp-nh3h2o). Detalle: equilibrio no resoluble en T=470.22 K, P=2.2e+06 Pa, x=0.8844",False,NO_CONVERGIO,,,,,,,93.8,sin cambio de signo,"CicloNoConvergeError: extremos [361.0329, 439.0000] K sin cambio de signo de F (F(lo)=-1.5599, F(hi)=-78.817)",,,,,,,,
3600|1000|470|300.033|0.8|1|0.85|0.75|0.8|0.8|0.8|303.55,187,30,20368,barridos_2026-09-19/fase2_libre/busqueda_libre_v2.csv;barridos_2026-09-19/fase2_libre/ronda5_diagnostico.csv,2,3600.0,1000.0,470.0,300.032917,0.8,1.0,0.85,0.75,0.8,0.8,0.8,303.55,False,csv:P_alta; csv:P_baja; csv:T_fuente; csv:T_sumidero; csv:x_b; csv:m_b; csv:eta_t; csv:eta_p; csv:eps_hrvg; csv:eps_reg; csv:eps_cond,"T_from_Ph(P, h, x): el motor teqp no cubre el estado pedido (ver TASK_CONTEXT 2026-09-18-validar-teqp-nh3h2o). Detalle: h=48905.7 fuera de dominio a P=1e+06 Pa, x=0.8088",True,CORREGIBLE,0.105767,131.4921,359.5084,8,0,4,122.3,,"[CORREGIBLE] O2: succión de la bomba bifásica bajo el peor caso de T_amb (riesgo de cavitación) (medido=308.93629535833503, esperado=<= 305.872 K). Causa probable: subenfriamiento insuficiente a la sa",O2,,,,,0,False,
3300|2500|470|300.033|0.8|1|0.85|0.75|0.8|0.8|0.8|303.55,185,30,22892,barridos_2026-09-19/fase2_libre/busqueda_libre_v2.csv;barridos_2026-09-19/fase2_libre/ronda5_diagnostico.csv,2,3300.0,2500.0,470.0,300.032917,0.8,1.0,0.85,0.75,0.8,0.8,0.8,303.55,False,csv:P_alta; csv:P_baja; csv:T_fuente; csv:T_sumidero; csv:x_b; csv:m_b; csv:eta_t; csv:eta_p; csv:eps_hrvg; csv:eps_reg; csv:eps_cond,"T_from_Ph(P, h, x): el motor teqp no cubre el estado pedido (ver TASK_CONTEXT 2026-09-18-validar-teqp-nh3h2o). Detalle: h=57249.7 fuera de dominio a P=2.5e+06 Pa, x=0.8088",True,CORREGIBLE,0.026231,32.8143,355.536,8,0,7,148.3,,"[CORREGIBLE] O2: succión de la bomba bifásica bajo el peor caso de T_amb (riesgo de cavitación) (medido=343.1917642752272, esperado=<= 341.672 K). Causa probable: subenfriamiento insuficiente a la sal",O2,,,,,0,False,
4000|2200|470|300.033|0.8|1|0.85|0.75|0.8|0.8|0.8|303.55,191,33,26924,barridos_2026-09-19/fase2_libre/busqueda_libre_v2.csv;barridos_2026-09-19/fase2_libre/ronda5_diagnostico.csv,2,4000.0,2200.0,470.0,300.032917,0.8,1.0,0.85,0.75,0.8,0.8,0.8,303.55,False,csv:P_alta; csv:P_baja; csv:T_fuente; csv:T_sumidero; csv:x_b; csv:m_b; csv:eta_t; csv:eta_p; csv:eps_hrvg; csv:eps_reg; csv:eps_cond,"h(P, s, x): el motor teqp no cubre el estado pedido (ver TASK_CONTEXT 2026-09-18-validar-teqp-nh3h2o). Detalle: equilibrio no resoluble en T=469.60 K, P=2.2e+06 Pa, x=0.8861",False,NO_CONVERGIO,,,,,,,86.3,sin cambio de signo,"CicloNoConvergeError: extremos [371.0329, 459.0000] K sin cambio de signo de F (F(lo)=-6.6243, F(hi)=-93.837)",,,,,,,,
3600|1600|470|300.033|0.8|1|0.85|0.75|0.8|0.8|0.8|303.55,188,32,22476,barridos_2026-09-19/fase2_libre/busqueda_libre_v2.csv;barridos_2026-09-19/fase2_libre/ronda5_diagnostico.csv,2,3600.0,1600.0,470.0,300.032917,0.8,1.0,0.85,0.75,0.8,0.8,0.8,303.55,False,csv:P_alta; csv:P_baja; csv:T_fuente; csv:T_sumidero; csv:x_b; csv:m_b; csv:eta_t; csv:eta_p; csv:eps_hrvg; csv:eps_reg; csv:eps_cond,"T_from_Ph(P, h, x): el motor teqp no cubre el estado pedido (ver TASK_CONTEXT 2026-09-18-validar-teqp-nh3h2o). Detalle: h=50668 fuera de dominio a P=1.6e+06 Pa, x=0.8088",True,CORREGIBLE,0.071924,89.6686,359.44,8,0,6,143.2,,"[CORREGIBLE] O2: succión de la bomba bifásica bajo el peor caso de T_amb (riesgo de cavitación) (medido=325.45788906014445, esperado=<= 323.106 K). Causa probable: subenfriamiento insuficiente a la sa",O2,,,,,0,False,
3600|2800|470|300.033|0.8|1|0.85|0.75|0.8|0.8|0.8|303.55,189,34,25144,barridos_2026-09-19/fase2_libre/busqueda_libre_v2.csv;barridos_2026-09-19/fase2_libre/ronda5_diagnostico.csv,2,3600.0,2800.0,470.0,300.032917,0.8,1.0,0.85,0.75,0.8,0.8,0.8,303.55,False,csv:P_alta; csv:P_baja; csv:T_fuente; csv:T_sumidero; csv:x_b; csv:m_b; csv:eta_t; csv:eta_p; csv:eps_hrvg; csv:eps_reg; csv:eps_cond,"T_from_Ph(P, h, x): el motor teqp no cubre el estado pedido (ver TASK_CONTEXT 2026-09-18-validar-teqp-nh3h2o). Detalle: h=52845.6 fuera de dominio a P=2.8e+06 Pa, x=0.8088",True,CORREGIBLE,0.024354,30.3268,359.4686,8,0,6,163.1,,"[CORREGIBLE] O2: succión de la bomba bifásica bajo el peor caso de T_amb (riesgo de cavitación) (medido=347.9673652054309, esperado=<= 346.783 K). Causa probable: subenfriamiento insuficiente a la sal",O2,,,,,0,False,
3600|3240|470|300.033|0.8|1|0.85|0.75|0.8|0.8|0.8|303.55,190,29,27548,barridos_2026-09-19/fase2_libre/busqueda_libre_v2.csv;barridos_2026-09-19/fase2_libre/ronda5_diagnostico.csv,2,3600.0,3240.0,470.0,300.032917,0.8,1.0,0.85,0.75,0.8,0.8,0.8,303.55,False,csv:P_alta; csv:P_baja; csv:T_fuente; csv:T_sumidero; csv:x_b; csv:m_b; csv:eta_t; csv:eta_p; csv:eps_hrvg; csv:eps_reg; csv:eps_cond,"T_from_Ph(P, h, x): el motor teqp no cubre el estado pedido (ver TASK_CONTEXT 2026-09-18-validar-teqp-nh3h2o). Detalle: h=53432.8 fuera de dominio a P=3.24e+06 Pa, x=0.8088",True,CORREGIBLE,0.010455,13.003,359.4985,8,0,6,157.1,,"[CORREGIBLE] O2: succión de la bomba bifásica bajo el peor caso de T_amb (riesgo de cavitación) (medido=354.41477134411383, esperado=<= 353.629 K). Causa probable: subenfriamiento insuficiente a la sa",O2,,,,,0,False,
4000|1600|470|300.033|0.8|1|0.85|0.75|0.8|0.8|0.8|303.55,193,31,22892,barridos_2026-09-19/fase2_libre/busqueda_libre_v2.csv;barridos_2026-09-19/fase2_libre/ronda5_diagnostico.csv,2,4000.0,1600.0,470.0,300.032917,0.8,1.0,0.85,0.75,0.8,0.8,0.8,303.55,False,csv:P_alta; csv:P_baja; csv:T_fuente; csv:T_sumidero; csv:x_b; csv:m_b; csv:eta_t; csv:eta_p; csv:eps_hrvg; csv:eps_reg; csv:eps_cond,"T_from_Ph(P, h, x): el motor teqp no cubre el estado pedido (ver TASK_CONTEXT 2026-09-18-validar-teqp-nh3h2o). Detalle: h=46146.9 fuera de dominio a P=1.6e+06 Pa, x=0.8088",True,CORREGIBLE,0.081906,101.5042,364.3206,8,0,1,121.1,,"[CORREGIBLE] O2: succión de la bomba bifásica bajo el peor caso de T_amb (riesgo de cavitación) (medido=325.3836222385683, esperado=<= 323.106 K). Causa probable: subenfriamiento insuficiente a la sal",O2,,,,,0,False,
4000|2800|470|300.033|0.8|1|0.85|0.75|0.8|0.8|0.8|303.55,192,31,20368,barridos_2026-09-19/fase2_libre/busqueda_libre_v2.csv,1,4000.0,2800.0,470.0,300.032917,0.8,1.0,0.85,0.75,0.8,0.8,0.8,303.55,False,csv:P_alta; csv:P_baja; csv:T_fuente; csv:T_sumidero; csv:x_b; csv:m_b; csv:eta_t; csv:eta_p; csv:eps_hrvg; csv:eps_reg; csv:eps_cond,"T_from_Ph(P, h, x): el motor teqp no cubre el estado pedido (ver TASK_CONTEXT 2026-09-18-validar-teqp-nh3h2o). Detalle: equilibrio no resoluble en T=494.05 K, P=2.8e+06 Pa, x=0.8088",True,CORREGIBLE,0.034828,43.1086,364.3497,8,2,3,152.7,,"[CORREGIBLE] O2: succión de la bomba bifásica bajo el peor caso de T_amb (riesgo de cavitación) (medido=347.8912775446941, esperado=<= 346.783 K). Causa probable: subenfriamiento insuficiente a la sal",O2,,,,,0,False,
4400|2200|470|300.033|0.8|1|0.85|0.75|0.8|0.8|0.8|303.55,198,32,22892,barridos_2026-09-19/fase2_libre/busqueda_libre_v2.csv;barridos_2026-09-19/fase2_libre/ronda5_diagnostico.csv,2,4400.0,2200.0,470.0,300.032917,0.8,1.0,0.85,0.75,0.8,0.8,0.8,303.55,False,csv:P_alta; csv:P_baja; csv:T_fuente; csv:T_sumidero; csv:x_b; csv:m_b; csv:eta_t; csv:eta_p; csv:eps_hrvg; csv:eps_reg; csv:eps_cond,"h(P, s, x): el motor teqp no cubre el estado pedido (ver TASK_CONTEXT 2026-09-18-validar-teqp-nh3h2o). Detalle: equilibrio no resoluble en T=476.30 K, P=2.2e+06 Pa, x=0.8713",False,NO_CONVERGIO,,,,,,,67.1,punto interior no evaluable,CicloNoConvergeError: punto interior no evaluable durante brentq (T=367.473522 K),,,,,,,,
4000|3400|470|300.033|0.8|1|0.85|0.75|0.8|0.8|0.8|303.55,194,34,26924,barridos_2026-09-19/fase2_libre/busqueda_libre_v2.csv;barridos_2026-09-19/fase2_libre/ronda5_diagnostico.csv,2,4000.0,3400.0,470.0,300.032917,0.8,1.0,0.85,0.75,0.8,0.8,0.8,303.55,False,csv:P_alta; csv:P_baja; csv:T_fuente; csv:T_sumidero; csv:x_b; csv:m_b; csv:eta_t; csv:eta_p; csv:eps_hrvg; csv:eps_reg; csv:eps_cond,"T_from_Ph(P, h, x): el motor teqp no cubre el estado pedido (ver TASK_CONTEXT 2026-09-18-validar-teqp-nh3h2o). Detalle: h=48835.7 fuera de dominio a P=3.4e+06 Pa, x=0.8088",True,CORREGIBLE,0.016361,20.218,364.3895,8,0,4,147.6,,"[CORREGIBLE] O2: succión de la bomba bifásica bajo el peor caso de T_amb (riesgo de cavitación) (medido=356.5238183474384, esperado=<= 355.959 K). Causa probable: subenfriamiento insuficiente a la sal",O2,,,,,0,False,
4000|3600|470|300.033|0.8|1|0.85|0.75|0.8|0.8|0.8|303.55,195,33,22476,barridos_2026-09-19/fase2_libre/busqueda_libre_v2.csv;barridos_2026-09-19/fase2_libre/ronda5_diagnostico.csv,2,4000.0,3600.0,470.0,300.032917,0.8,1.0,0.85,0.75,0.8,0.8,0.8,303.55,False,csv:P_alta; csv:P_baja; csv:T_fuente; csv:T_sumidero; csv:x_b; csv:m_b; csv:eta_t; csv:eta_p; csv:eps_hrvg; csv:eps_reg; csv:eps_cond,"T_from_Ph(P, h, x): el motor teqp no cubre el estado pedido (ver TASK_CONTEXT 2026-09-18-validar-teqp-nh3h2o). Detalle: h=49044.5 fuera de dominio a P=3.6e+06 Pa, x=0.8088",True,CORREGIBLE,0.010695,13.208,364.4045,8,0,5,144.7,,"[CORREGIBLE] O2: succión de la bomba bifásica bajo el peor caso de T_amb (riesgo de cavitación) (medido=359.1528382365356, esperado=<= 358.767 K). Causa probable: subenfriamiento insuficiente a la sal",O2,,,,,0,False,
4400|2800|470|300.033|0.8|1|0.85|0.75|0.8|0.8|0.8|303.55,196,35,25144,barridos_2026-09-19/fase2_libre/busqueda_libre_v2.csv;barridos_2026-09-19/fase2_libre/ronda5_diagnostico.csv,2,4400.0,2800.0,470.0,300.032917,0.8,1.0,0.85,0.75,0.8,0.8,0.8,303.55,False,csv:P_alta; csv:P_baja; csv:T_fuente; csv:T_sumidero; csv:x_b; csv:m_b; csv:eta_t; csv:eta_p; csv:eps_hrvg; csv:eps_reg; csv:eps_cond,"T_from_Ph(P, h, x): el motor teqp no cubre el estado pedido (ver TASK_CONTEXT 2026-09-18-validar-teqp-nh3h2o). Detalle: equilibrio no resoluble en T=495.09 K, P=2.8e+06 Pa, x=0.8088",True,CORREGIBLE,0.044102,54.206,367.3637,8,1,0,119.6,,"[CORREGIBLE] O2: succión de la bomba bifásica bajo el peor caso de T_amb (riesgo de cavitación) (medido=347.8179377815491, esperado=<= 346.783 K). Causa probable: subenfriamiento insuficiente a la sal",O2,,,,,0,False,
4400|3400|470|300.033|0.8|1|0.85|0.75|0.8|0.8|0.8|303.55,197,30,27548,barridos_2026-09-19/fase2_libre/busqueda_libre_v2.csv;barridos_2026-09-19/fase2_libre/ronda5_diagnostico.csv,2,4400.0,3400.0,470.0,300.032917,0.8,1.0,0.85,0.75,0.8,0.8,0.8,303.55,False,csv:P_alta; csv:P_baja; csv:T_fuente; csv:T_sumidero; csv:x_b; csv:m_b; csv:eta_t; csv:eta_p; csv:eps_hrvg; csv:eps_reg; csv:eps_cond,"T_from_Ph(P, h, x): el motor teqp no cubre el estado pedido (ver TASK_CONTEXT 2026-09-18-validar-teqp-nh3h2o). Detalle: equilibrio no resoluble en T=494.35 K, P=3.4e+06 Pa, x=0.8088",True,CORREGIBLE,0.025796,31.652,367.8494,7,2,0,116.8,,"[CORREGIBLE] O2: succión de la bomba bifásica bajo el peor caso de T_amb (riesgo de cavitación) (medido=356.4493293531622, esperado=<= 355.959 K). Causa probable: subenfriamiento insuficiente a la sal",O2,,,,,0,False,
4400|3960|470|300.033|0.8|1|0.85|0.75|0.8|0.8|0.8|303.55,199,32,20368,barridos_2026-09-19/fase2_libre/busqueda_libre_v2.csv;barridos_2026-09-19/fase2_libre/ronda5_diagnostico.csv,2,4400.0,3960.0,470.0,300.032917,0.8,1.0,0.85,0.75,0.8,0.8,0.8,303.55,False,csv:P_alta; csv:P_baja; csv:T_fuente; csv:T_sumidero; csv:x_b; csv:m_b; csv:eta_t; csv:eta_p; csv:eps_hrvg; csv:eps_reg; csv:eps_cond,"T_from_Ph(P, h, x): el motor teqp no cubre el estado pedido (ver TASK_CONTEXT 2026-09-18-validar-teqp-nh3h2o). Detalle: h=45756.2 fuera de dominio a P=3.96e+06 Pa, x=0.8088",True,KALINA,0.010623,13.0111,368.3603,8,0,1,131.0,,"KALINA: régimen Kalina genuino y admisible, sin fallas.",,False,-2.2305,6.96,,0,False,
4500|2800|470|300.033|0.8|1|0.85|0.75|0.8|0.8|0.8|303.55,200,33,22892,barridos_2026-09-19/fase2_libre/busqueda_libre_v2.csv;barridos_2026-09-19/fase2_libre/ronda5_diagnostico.csv,2,4500.0,2800.0,470.0,300.032917,0.8,1.0,0.85,0.75,0.8,0.8,0.8,303.55,False,csv:P_alta; csv:P_baja; csv:T_fuente; csv:T_sumidero; csv:x_b; csv:m_b; csv:eta_t; csv:eta_p; csv:eps_hrvg; csv:eps_reg; csv:eps_cond,"T_from_Ph(P, h, x): el motor teqp no cubre el estado pedido (ver TASK_CONTEXT 2026-09-18-validar-teqp-nh3h2o). Detalle: equilibrio no resoluble en T=494.17 K, P=2.8e+06 Pa, x=0.8088",True,CORREGIBLE,0.04625,56.7422,367.3607,8,2,0,116.8,,"[CORREGIBLE] O2: succión de la bomba bifásica bajo el peor caso de T_amb (riesgo de cavitación) (medido=347.8003352217379, esperado=<= 346.783 K). Causa probable: subenfriamiento insuficiente a la sal",O2,,,,,0,False,
4500|3400|470|300.033|0.8|1|0.85|0.75|0.8|0.8|0.8|303.55,201,35,26924,barridos_2026-09-19/fase2_libre/busqueda_libre_v2.csv;barridos_2026-09-19/fase2_libre/ronda5_diagnostico.csv,2,4500.0,3400.0,470.0,300.032917,0.8,1.0,0.85,0.75,0.8,0.8,0.8,303.55,False,csv:P_alta; csv:P_baja; csv:T_fuente; csv:T_sumidero; csv:x_b; csv:m_b; csv:eta_t; csv:eta_p; csv:eps_hrvg; csv:eps_reg; csv:eps_cond,"T_from_Ph(P, h, x): el motor teqp no cubre el estado pedido (ver TASK_CONTEXT 2026-09-18-validar-teqp-nh3h2o). Detalle: equilibrio no resoluble en T=493.37 K, P=3.4e+06 Pa, x=0.8088",True,CORREGIBLE,0.027981,34.2696,367.8483,8,3,0,125.6,,"[CORREGIBLE] O2: succión de la bomba bifásica bajo el peor caso de T_amb (riesgo de cavitación) (medido=356.4314495405141, esperado=<= 355.959 K). Causa probable: subenfriamiento insuficiente a la sal",O2,,,,,0,False,
2800|1500|470|300.033|0.85|1|0.85|0.75|0.8|0.8|0.8|303.55,202,34,22476,barridos_2026-09-19/fase2_libre/busqueda_libre_v2.csv;barridos_2026-09-19/fase2_libre/ronda5_diagnostico.csv,2,2800.0,1500.0,470.0,300.032917,0.85,1.0,0.85,0.75,0.8,0.8,0.8,303.55,False,csv:P_alta; csv:P_baja; csv:T_fuente; csv:T_sumidero; csv:x_b; csv:m_b; csv:eta_t; csv:eta_p; csv:eps_hrvg; csv:eps_reg; csv:eps_cond,"T_from_Ph(P, h, x): el motor teqp no cubre el estado pedido (ver TASK_CONTEXT 2026-09-18-validar-teqp-nh3h2o). Detalle: h=71686.3 fuera de dominio a P=1.5e+06 Pa, x=0.8570",True,CORREGIBLE,0.055882,67.5005,344.7219,8,0,11,118.2,,"[CORREGIBLE] O2: succión de la bomba bifásica bajo el peor caso de T_amb (riesgo de cavitación) (medido=319.7160820503463, esperado=<= 318.041 K). Causa probable: subenfriamiento insuficiente a la sal",O2,,,,,0,False,
3000|1500|470|300.033|0.85|1|0.85|0.75|0.8|0.8|0.8|303.55,204,31,27548,barridos_2026-09-19/fase2_libre/busqueda_libre_v2.csv;barridos_2026-09-19/fase2_libre/ronda5_diagnostico.csv,2,3000.0,1500.0,470.0,300.032917,0.85,1.0,0.85,0.75,0.8,0.8,0.8,303.55,False,csv:P_alta; csv:P_baja; csv:T_fuente; csv:T_sumidero; csv:x_b; csv:m_b; csv:eta_t; csv:eta_p; csv:eps_hrvg; csv:eps_reg; csv:eps_cond,"T_from_Ph(P, h, x): el motor teqp no cubre el estado pedido (ver TASK_CONTEXT 2026-09-18-validar-teqp-nh3h2o). Detalle: h=65584.5 fuera de dominio a P=1.5e+06 Pa, x=0.8570",True,CORREGIBLE,0.06235,75.1325,347.7029,8,0,10,113.1,,"[CORREGIBLE] O2: succión de la bomba bifásica bajo el peor caso de T_amb (riesgo de cavitación) (medido=319.68949172263206, esperado=<= 318.041 K). Causa probable: subenfriamiento insuficiente a la sa",O2,,,,,0,False,
2800|2500|470|300.033|0.85|1|0.85|0.75|0.8|0.8|0.8|303.55,203,36,25144,barridos_2026-09-19/fase2_libre/busqueda_libre_v2.csv;barridos_2026-09-19/fase2_libre/ronda5_diagnostico.csv,2,2800.0,2500.0,470.0,300.032917,0.85,1.0,0.85,0.75,0.8,0.8,0.8,303.55,False,csv:P_alta; csv:P_baja; csv:T_fuente; csv:T_sumidero; csv:x_b; csv:m_b; csv:eta_t; csv:eta_p; csv:eps_hrvg; csv:eps_reg; csv:eps_cond,"T_from_Ph(P, h, x): el motor teqp no cubre el estado pedido (ver TASK_CONTEXT 2026-09-18-validar-teqp-nh3h2o). Detalle: h=74478.1 fuera de dominio a P=2.5e+06 Pa, x=0.8570",True,CORREGIBLE,0.010968,13.2511,344.7193,8,0,12,139.4,,"[CORREGIBLE] O2: succión de la bomba bifásica bajo el peor caso de T_amb (riesgo de cavitación) (medido=339.8055547135355, esperado=<= 338.712 K). Causa probable: subenfriamiento insuficiente a la sal",O2,,,,,0,False,
3300|2500|470|300.033|0.85|1|0.85|0.75|0.8|0.8|0.8|303.55,207,36,26924,barridos_2026-09-19/fase2_libre/busqueda_libre_v2.csv;barridos_2026-09-19/fase2_libre/ronda5_diagnostico.csv,2,3300.0,2500.0,470.0,300.032917,0.85,1.0,0.85,0.75,0.8,0.8,0.8,303.55,False,csv:P_alta; csv:P_baja; csv:T_fuente; csv:T_sumidero; csv:x_b; csv:m_b; csv:eta_t; csv:eta_p; csv:eps_hrvg; csv:eps_reg; csv:eps_cond,"T_from_Ph(P, h, x): el motor teqp no cubre el estado pedido (ver TASK_CONTEXT 2026-09-18-validar-teqp-nh3h2o). Detalle: h=61139.6 fuera de dominio a P=2.5e+06 Pa, x=0.8570",False,NO_CONVERGIO,,,,,,,88.5,punto interior no evaluable,CicloNoConvergeError: punto interior no evaluable durante brentq (T=352.073170 K),,,,,,,,
3300|1500|470|300.033|0.85|1|0.85|0.75|0.8|0.8|0.8|303.55,206,34,22892,barridos_2026-09-19/fase2_libre/busqueda_libre_v2.csv;barridos_2026-09-19/fase2_libre/ronda5_diagnostico.csv,2,3300.0,1500.0,470.0,300.032917,0.85,1.0,0.85,0.75,0.8,0.8,0.8,303.55,False,csv:P_alta; csv:P_baja; csv:T_fuente; csv:T_sumidero; csv:x_b; csv:m_b; csv:eta_t; csv:eta_p; csv:eps_hrvg; csv:eps_reg; csv:eps_cond,"T_from_Ph(P, h, x): el motor teqp no cubre el estado pedido (ver TASK_CONTEXT 2026-09-18-validar-teqp-nh3h2o). Detalle: h=58820.3 fuera de dominio a P=1.5e+06 Pa, x=0.8570",True,CORREGIBLE,0.071387,85.7199,351.908,8,0,9,107.3,,"[CORREGIBLE] O2: succión de la bomba bifásica bajo el peor caso de T_amb (riesgo de cavitación) (medido=319.6524408305332, esperado=<= 318.041 K). Causa probable: subenfriamiento insuficiente a la sal",O2,,,,,0,False,
3000|2500|470|300.033|0.85|1|0.85|0.75|0.8|0.8|0.8|303.55,205,33,20368,barridos_2026-09-19/fase2_libre/busqueda_libre_v2.csv;barridos_2026-09-19/fase2_libre/ronda5_diagnostico.csv,2,3000.0,2500.0,470.0,300.032917,0.85,1.0,0.85,0.75,0.8,0.8,0.8,303.55,False,csv:P_alta; csv:P_baja; csv:T_fuente; csv:T_sumidero; csv:x_b; csv:m_b; csv:eta_t; csv:eta_p; csv:eps_hrvg; csv:eps_reg; csv:eps_cond,"T_from_Ph(P, h, x): el motor teqp no cubre el estado pedido (ver TASK_CONTEXT 2026-09-18-validar-teqp-nh3h2o). Detalle: h=68153.1 fuera de dominio a P=2.5e+06 Pa, x=0.8570",True,CORREGIBLE,0.017736,21.3735,347.7014,8,0,11,134.6,,"[CORREGIBLE] O2: succión de la bomba bifásica bajo el peor caso de T_amb (riesgo de cavitación) (medido=339.7770058351218, esperado=<= 338.712 K). Causa probable: subenfriamiento insuficiente a la sal",O2,,,,,0,False,
3600|1000|470|300.033|0.85|1|0.85|0.75|0.8|0.8|0.8|303.55,208,35,22476,barridos_2026-09-19/fase2_libre/busqueda_libre_v2.csv;barridos_2026-09-19/fase2_libre/ronda5_diagnostico.csv,2,3600.0,1000.0,470.0,300.032917,0.85,1.0,0.85,0.75,0.8,0.8,0.8,303.55,False,csv:P_alta; csv:P_baja; csv:T_fuente; csv:T_sumidero; csv:x_b; csv:m_b; csv:eta_t; csv:eta_p; csv:eps_hrvg; csv:eps_reg; csv:eps_cond,"T_from_Ph(P, h, x): el motor teqp no cubre el estado pedido (ver TASK_CONTEXT 2026-09-18-validar-teqp-nh3h2o). Detalle: equilibrio no resoluble en T=480.89 K, P=3.6e+06 Pa, x=0.8570",True,CORREGIBLE,0.109752,130.9624,355.8821,8,0,8,114.7,,"[CORREGIBLE] O2: succión de la bomba bifásica bajo el peor caso de T_amb (riesgo de cavitación) (medido=305.46343674853324, esperado=<= 303.533 K). Causa probable: subenfriamiento insuficiente a la sa",O2,,,,,0,False,
3600|1600|470|300.033|0.85|1|0.85|0.75|0.8|0.8|0.8|303.55,209,32,27548,barridos_2026-09-19/fase2_libre/busqueda_libre_v2.csv;barridos_2026-09-19/fase2_libre/ronda5_diagnostico.csv,2,3600.0,1600.0,470.0,300.032917,0.85,1.0,0.85,0.75,0.8,0.8,0.8,303.55,False,csv:P_alta; csv:P_baja; csv:T_fuente; csv:T_sumidero; csv:x_b; csv:m_b; csv:eta_t; csv:eta_p; csv:eps_hrvg; csv:eps_reg; csv:eps_cond,"T_from_Ph(P, h, x): el motor teqp no cubre el estado pedido (ver TASK_CONTEXT 2026-09-18-validar-teqp-nh3h2o). Detalle: equilibrio no resoluble en T=480.89 K, P=3.6e+06 Pa, x=0.8570",True,CORREGIBLE,0.074594,89.2853,355.8337,8,0,8,113.5,,"[CORREGIBLE] O2: succión de la bomba bifásica bajo el peor caso de T_amb (riesgo de cavitación) (medido=322.0118422471371, esperado=<= 320.496 K). Causa probable: subenfriamiento insuficiente a la sal",O2,,,,,0,False,
3600|2800|470|300.033|0.85|1|0.85|0.75|0.8|0.8|0.8|303.55,210,37,25144,barridos_2026-09-19/fase2_libre/busqueda_libre_v2.csv;barridos_2026-09-19/fase2_libre/ronda5_diagnostico.csv,2,3600.0,2800.0,470.0,300.032917,0.85,1.0,0.85,0.75,0.8,0.8,0.8,303.55,False,csv:P_alta; csv:P_baja; csv:T_fuente; csv:T_sumidero; csv:x_b; csv:m_b; csv:eta_t; csv:eta_p; csv:eps_hrvg; csv:eps_reg; csv:eps_cond,"h(P, s, x): el motor teqp no cubre el estado pedido (ver TASK_CONTEXT 2026-09-18-validar-teqp-nh3h2o). Detalle: equilibrio no resoluble en T=456.60 K, P=2.8e+06 Pa, x=0.9185",True,CORREGIBLE,0.025231,30.1704,355.8491,8,8,8,178.8,,"[CORREGIBLE] O2: succión de la bomba bifásica bajo el peor caso de T_amb (riesgo de cavitación) (medido=344.53043142902675, esperado=<= 343.714 K). Causa probable: subenfriamiento insuficiente a la sa",O2,,,,,0,False,
4000|1000|470|300.033|0.85|1|0.85|0.75|0.8|0.8|0.8|303.55,213,34,20368,barridos_2026-09-19/fase2_libre/busqueda_libre_v2.csv;barridos_2026-09-19/fase2_libre/ronda5_diagnostico.csv,2,4000.0,1000.0,470.0,300.032917,0.85,1.0,0.85,0.75,0.8,0.8,0.8,303.55,False,csv:P_alta; csv:P_baja; csv:T_fuente; csv:T_sumidero; csv:x_b; csv:m_b; csv:eta_t; csv:eta_p; csv:eps_hrvg; csv:eps_reg; csv:eps_cond,"T_from_Ph(P, h, x): el motor teqp no cubre el estado pedido (ver TASK_CONTEXT 2026-09-18-validar-teqp-nh3h2o). Detalle: equilibrio no resoluble en T=480.07 K, P=4e+06 Pa, x=0.8570",True,CORREGIBLE,0.119564,141.9781,360.7634,8,0,3,163.0,,"[CORREGIBLE] O2: succión de la bomba bifásica bajo el peor caso de T_amb (riesgo de cavitación) (medido=305.4219558699628, esperado=<= 303.533 K). Causa probable: subenfriamiento insuficiente a la sal",O2,,,,,0,False,
3600|2200|470|300.033|0.85|1|0.85|0.75|0.8|0.8|0.8|303.55,211,37,26924,barridos_2026-09-19/fase2_libre/busqueda_libre_v2.csv;barridos_2026-09-19/fase2_libre/ronda5_diagnostico.csv,2,3600.0,2200.0,470.0,300.032917,0.85,1.0,0.85,0.75,0.8,0.8,0.8,303.55,False,csv:P_alta; csv:P_baja; csv:T_fuente; csv:T_sumidero; csv:x_b; csv:m_b; csv:eta_t; csv:eta_p; csv:eps_hrvg; csv:eps_reg; csv:eps_cond,"T_from_Ph(P, h, x): el motor teqp no cubre el estado pedido (ver TASK_CONTEXT 2026-09-18-validar-teqp-nh3h2o). Detalle: equilibrio no resoluble en T=480.89 K, P=3.6e+06 Pa, x=0.8570",True,CORREGIBLE,0.047595,56.9748,355.832,8,0,8,176.9,,"[CORREGIBLE] O2: succión de la bomba bifásica bajo el peor caso de T_amb (riesgo de cavitación) (medido=334.4221909860068, esperado=<= 333.261 K). Causa probable: subenfriamiento insuficiente a la sal",O2,,,,,0,False,
3600|3240|470|300.033|0.85|1|0.85|0.75|0.8|0.8|0.8|303.55,212,35,22892,barridos_2026-09-19/fase2_libre/busqueda_libre_v2.csv;barridos_2026-09-19/fase2_libre/ronda5_diagnostico.csv,2,3600.0,3240.0,470.0,300.032917,0.85,1.0,0.85,0.75,0.8,0.8,0.8,303.55,False,csv:P_alta; csv:P_baja; csv:T_fuente; csv:T_sumidero; csv:x_b; csv:m_b; csv:eta_t; csv:eta_p; csv:eps_hrvg; csv:eps_reg; csv:eps_cond,"T_from_Ph(P, h, x): el motor teqp no cubre el estado pedido (ver TASK_CONTEXT 2026-09-18-validar-teqp-nh3h2o). Detalle: equilibrio no resoluble en T=480.89 K, P=3.6e+06 Pa, x=0.8570",True,CORREGIBLE,0.010827,12.9316,355.8678,8,0,9,197.5,,"[CORREGIBLE] O2: succión de la bomba bifásica bajo el peor caso de T_amb (riesgo de cavitación) (medido=350.9679764717797, esperado=<= 350.405 K). Causa probable: subenfriamiento insuficiente a la sal",O2,,,,,0,False,
4000|1600|470|300.033|0.85|1|0.85|0.75|0.8|0.8|0.8|303.55,215,33,27548,barridos_2026-09-19/fase2_libre/busqueda_libre_v2.csv;barridos_2026-09-19/fase2_libre/ronda5_diagnostico.csv,2,4000.0,1600.0,470.0,300.032917,0.85,1.0,0.85,0.75,0.8,0.8,0.8,303.55,False,csv:P_alta; csv:P_baja; csv:T_fuente; csv:T_sumidero; csv:x_b; csv:m_b; csv:eta_t; csv:eta_p; csv:eps_hrvg; csv:eps_reg; csv:eps_cond,"T_from_Ph(P, h, x): el motor teqp no cubre el estado pedido (ver TASK_CONTEXT 2026-09-18-validar-teqp-nh3h2o). Detalle: equilibrio no resoluble en T=480.07 K, P=4e+06 Pa, x=0.8570",True,CORREGIBLE,0.08489,101.0944,360.7187,8,0,6,210.0,,"[CORREGIBLE] O2: succión de la bomba bifásica bajo el peor caso de T_amb (riesgo de cavitación) (medido=321.9679571924995, esperado=<= 320.496 K). Causa probable: subenfriamiento insuficiente a la sal",O2,,,,,0,False,
4000|2800|470|300.033|0.85|1|0.85|0.75|0.8|0.8|0.8|303.55,214,36,22476,barridos_2026-09-19/fase2_libre/busqueda_libre_v2.csv,1,4000.0,2800.0,470.0,300.032917,0.85,1.0,0.85,0.75,0.8,0.8,0.8,303.55,False,csv:P_alta; csv:P_baja; csv:T_fuente; csv:T_sumidero; csv:x_b; csv:m_b; csv:eta_t; csv:eta_p; csv:eps_hrvg; csv:eps_reg; csv:eps_cond,"h(P, s, x): el motor teqp no cubre el estado pedido (ver TASK_CONTEXT 2026-09-18-validar-teqp-nh3h2o). Detalle: equilibrio no resoluble en T=456.93 K, P=2.8e+06 Pa, x=0.9196",True,CORREGIBLE,0.036076,42.9174,360.735,8,1,7,241.1,,"[CORREGIBLE] O2: succión de la bomba bifásica bajo el peor caso de T_amb (riesgo de cavitación) (medido=344.48297159802325, esperado=<= 343.714 K). Causa probable: subenfriamiento insuficiente a la sa",O2,,,,,0,False,
4400|1600|470|300.033|0.85|1|0.85|0.75|0.8|0.8|0.8|303.55,218,38,26924,barridos_2026-09-19/fase2_libre/busqueda_libre_v2.csv;barridos_2026-09-19/fase2_libre/ronda5_diagnostico.csv,2,4400.0,1600.0,470.0,300.032917,0.85,1.0,0.85,0.75,0.8,0.8,0.8,303.55,False,csv:P_alta; csv:P_baja; csv:T_fuente; csv:T_sumidero; csv:x_b; csv:m_b; csv:eta_t; csv:eta_p; csv:eps_hrvg; csv:eps_reg; csv:eps_cond,"T_from_Ph(P, h, x): el motor teqp no cubre el estado pedido (ver TASK_CONTEXT 2026-09-18-validar-teqp-nh3h2o). Detalle: equilibrio no resoluble en T=479.23 K, P=4.4e+06 Pa, x=0.8570",True,CORREGIBLE,0.094033,111.307,362.6515,8,0,1,144.6,,"[CORREGIBLE] O2: succión de la bomba bifásica bajo el peor caso de T_amb (riesgo de cavitación) (medido=321.9257228566285, esperado=<= 320.496 K). Causa probable: subenfriamiento insuficiente a la sal",O2,,,,,0,False,
4400|1000|470|300.033|0.85|1|0.85|0.75|0.8|0.8|0.8|303.55,217,35,20368,barridos_2026-09-19/fase2_libre/busqueda_libre_v2.csv;barridos_2026-09-19/fase2_libre/ronda5_diagnostico.csv,2,4400.0,1000.0,470.0,300.032917,0.85,1.0,0.85,0.75,0.8,0.8,0.8,303.55,False,csv:P_alta; csv:P_baja; csv:T_fuente; csv:T_sumidero; csv:x_b; csv:m_b; csv:eta_t; csv:eta_p; csv:eps_hrvg; csv:eps_reg; csv:eps_cond,"T_from_Ph(P, h, x): el motor teqp no cubre el estado pedido (ver TASK_CONTEXT 2026-09-18-validar-teqp-nh3h2o). Detalle: equilibrio no resoluble en T=479.23 K, P=4.4e+06 Pa, x=0.8570",True,CORREGIBLE,0.128334,151.4834,363.4206,8,0,1,149.1,,"[CORREGIBLE] O2: succión de la bomba bifásica bajo el peor caso de T_amb (riesgo de cavitación) (medido=305.3814741058216, esperado=<= 303.533 K). Causa probable: subenfriamiento insuficiente a la sal",O2,,,,,0,False,
4000|2200|470|300.033|0.85|1|0.85|0.75|0.8|0.8|0.8|303.55,216,38,25144,barridos_2026-09-19/fase2_libre/busqueda_libre_v2.csv;barridos_2026-09-19/fase2_libre/ronda5_diagnostico.csv,2,4000.0,2200.0,470.0,300.032917,0.85,1.0,0.85,0.75,0.8,0.8,0.8,303.55,False,csv:P_alta; csv:P_baja; csv:T_fuente; csv:T_sumidero; csv:x_b; csv:m_b; csv:eta_t; csv:eta_p; csv:eps_hrvg; csv:eps_reg; csv:eps_cond,"T_from_Ph(P, h, x): el motor teqp no cubre el estado pedido (ver TASK_CONTEXT 2026-09-18-validar-teqp-nh3h2o). Detalle: equilibrio no resoluble en T=480.07 K, P=4e+06 Pa, x=0.8570",True,CORREGIBLE,0.058205,69.3185,360.718,8,0,7,227.4,,"[CORREGIBLE] O2: succión de la bomba bifásica bajo el peor caso de T_amb (riesgo de cavitación) (medido=334.37634443526855, esperado=<= 333.261 K). Causa probable: subenfriamiento insuficiente a la sa",O2,,,,,0,False,
4000|3400|470|300.033|0.85|1|0.85|0.75|0.8|0.8|0.8|303.55,219,36,22892,barridos_2026-09-19/fase2_libre/busqueda_libre_v2.csv;barridos_2026-09-19/fase2_libre/ronda5_diagnostico.csv,2,4000.0,3400.0,470.0,300.032917,0.85,1.0,0.85,0.75,0.8,0.8,0.8,303.55,False,csv:P_alta; csv:P_baja; csv:T_fuente; csv:T_sumidero; csv:x_b; csv:m_b; csv:eta_t; csv:eta_p; csv:eps_hrvg; csv:eps_reg; csv:eps_cond,"T_from_Ph(P, h, x): el motor teqp no cubre el estado pedido (ver TASK_CONTEXT 2026-09-18-validar-teqp-nh3h2o). Detalle: equilibrio no resoluble en T=480.07 K, P=4e+06 Pa, x=0.8570",True,CORREGIBLE,0.016953,20.1344,360.7607,8,0,7,217.9,,"[CORREGIBLE] O2: succión de la bomba bifásica bajo el peor caso de T_amb (riesgo de cavitación) (medido=353.10049484322604, esperado=<= 352.679 K). Causa probable: subenfriamiento insuficiente a la sa",O2,,,,,0,False,
4400|2200|470|300.033|0.85|1|0.85|0.75|0.8|0.8|0.8|303.55,221,37,22476,barridos_2026-09-19/fase2_libre/busqueda_libre_v2.csv;barridos_2026-09-19/fase2_libre/ronda5_diagnostico.csv,2,4400.0,2200.0,470.0,300.032917,0.85,1.0,0.85,0.75,0.8,0.8,0.8,303.55,False,csv:P_alta; csv:P_baja; csv:T_fuente; csv:T_sumidero; csv:x_b; csv:m_b; csv:eta_t; csv:eta_p; csv:eps_hrvg; csv:eps_reg; csv:eps_cond,"T_from_Ph(P, h, x): el motor teqp no cubre el estado pedido (ver TASK_CONTEXT 2026-09-18-validar-teqp-nh3h2o). Detalle: equilibrio no resoluble en T=479.23 K, P=4.4e+06 Pa, x=0.8570",True,CORREGIBLE,0.067617,80.0381,362.6517,8,0,3,152.6,,"[CORREGIBLE] O2: succión de la bomba bifásica bajo el peor caso de T_amb (riesgo de cavitación) (medido=334.3322925835259, esperado=<= 333.261 K). Causa probable: subenfriamiento insuficiente a la sal",O2,,,,,0,False,
4000|3600|470|300.033|0.85|1|0.85|0.75|0.8|0.8|0.8|303.55,220,34,27548,barridos_2026-09-19/fase2_libre/busqueda_libre_v2.csv;barridos_2026-09-19/fase2_libre/ronda5_diagnostico.csv,2,4000.0,3600.0,470.0,300.032917,0.85,1.0,0.85,0.75,0.8,0.8,0.8,303.55,False,csv:P_alta; csv:P_baja; csv:T_fuente; csv:T_sumidero; csv:x_b; csv:m_b; csv:eta_t; csv:eta_p; csv:eps_hrvg; csv:eps_reg; csv:eps_cond,"T_from_Ph(P, h, x): el motor teqp no cubre el estado pedido (ver TASK_CONTEXT 2026-09-18-validar-teqp-nh3h2o). Detalle: equilibrio no resoluble en T=480.07 K, P=4e+06 Pa, x=0.8570",True,CORREGIBLE,0.011088,13.1611,360.7704,8,0,7,212.1,,"[CORREGIBLE] O2: succión de la bomba bifásica bajo el peor caso de T_amb (riesgo de cavitación) (medido=355.72323682971404, esperado=<= 355.418 K). Causa probable: subenfriamiento insuficiente a la sa",O2,,,,,0,False,
4500|1000|470|300.033|0.85|1|0.85|0.75|0.8|0.8|0.8|303.55,224,39,25144,barridos_2026-09-19/fase2_libre/busqueda_libre_v2.csv;barridos_2026-09-19/fase2_libre/ronda5_diagnostico.csv,2,4500.0,1000.0,470.0,300.032917,0.85,1.0,0.85,0.75,0.8,0.8,0.8,303.55,False,csv:P_alta; csv:P_baja; csv:T_fuente; csv:T_sumidero; csv:x_b; csv:m_b; csv:eta_t; csv:eta_p; csv:eps_hrvg; csv:eps_reg; csv:eps_cond,"T_from_Ph(P, h, x): el motor teqp no cubre el estado pedido (ver TASK_CONTEXT 2026-09-18-validar-teqp-nh3h2o). Detalle: equilibrio no resoluble en T=479.01 K, P=4.5e+06 Pa, x=0.8570",True,CORREGIBLE,0.130361,153.6361,363.3821,8,0,1,110.0,,"[CORREGIBLE] O2: succión de la bomba bifásica bajo el peor caso de T_amb (riesgo de cavitación) (medido=305.37179917820583, esperado=<= 303.533 K). Causa probable: subenfriamiento insuficiente a la sa",O2,,,,,0,False,
4400|2800|470|300.033|0.85|1|0.85|0.75|0.8|0.8|0.8|303.55,223,36,20368,barridos_2026-09-19/fase2_libre/busqueda_libre_v2.csv;barridos_2026-09-19/fase2_libre/ronda5_diagnostico.csv,2,4400.0,2800.0,470.0,300.032917,0.85,1.0,0.85,0.75,0.8,0.8,0.8,303.55,False,csv:P_alta; csv:P_baja; csv:T_fuente; csv:T_sumidero; csv:x_b; csv:m_b; csv:eta_t; csv:eta_p; csv:eps_hrvg; csv:eps_reg; csv:eps_cond,"T_from_Ph(P, h, x): el motor teqp no cubre el estado pedido (ver TASK_CONTEXT 2026-09-18-validar-teqp-nh3h2o). Detalle: equilibrio no resoluble en T=479.23 K, P=4.4e+06 Pa, x=0.8570",True,CORREGIBLE,0.045704,54.0381,362.9626,8,0,4,169.9,,"[CORREGIBLE] O2: succión de la bomba bifásica bajo el peor caso de T_amb (riesgo de cavitación) (medido=344.437233124947, esperado=<= 343.714 K). Causa probable: subenfriamiento insuficiente a la sali",O2,,,,,0,False,
4400|3400|470|300.033|0.85|1|0.85|0.75|0.8|0.8|0.8|303.55,222,39,26924,barridos_2026-09-19/fase2_libre/busqueda_libre_v2.csv;barridos_2026-09-19/fase2_libre/ronda5_diagnostico.csv,2,4400.0,3400.0,470.0,300.032917,0.85,1.0,0.85,0.75,0.8,0.8,0.8,303.55,False,csv:P_alta; csv:P_baja; csv:T_fuente; csv:T_sumidero; csv:x_b; csv:m_b; csv:eta_t; csv:eta_p; csv:eps_hrvg; csv:eps_reg; csv:eps_cond,"T_from_Ph(P, h, x): el motor teqp no cubre el estado pedido (ver TASK_CONTEXT 2026-09-18-validar-teqp-nh3h2o). Detalle: equilibrio no resoluble en T=479.23 K, P=4.4e+06 Pa, x=0.8570",True,CORREGIBLE,0.026762,31.5896,363.4224,8,0,5,194.8,,"[CORREGIBLE] O2: succión de la bomba bifásica bajo el peor caso de T_amb (riesgo de cavitación) (medido=353.05317383352804, esperado=<= 352.679 K). Causa probable: subenfriamiento insuficiente a la sa",O2,,,,,0,False,
4500|1600|470|300.033|0.85|1|0.85|0.75|0.8|0.8|0.8|303.55,225,37,22892,barridos_2026-09-19/fase2_libre/busqueda_libre_v2.csv;barridos_2026-09-19/fase2_libre/ronda5_diagnostico.csv,2,4500.0,1600.0,470.0,300.032917,0.85,1.0,0.85,0.75,0.8,0.8,0.8,303.55,False,csv:P_alta; csv:P_baja; csv:T_fuente; csv:T_sumidero; csv:x_b; csv:m_b; csv:eta_t; csv:eta_p; csv:eps_hrvg; csv:eps_reg; csv:eps_cond,"T_from_Ph(P, h, x): el motor teqp no cubre el estado pedido (ver TASK_CONTEXT 2026-09-18-validar-teqp-nh3h2o). Detalle: equilibrio no resoluble en T=479.01 K, P=4.5e+06 Pa, x=0.8570",True,CORREGIBLE,0.096148,113.6311,362.6177,9,0,1,125.3,,"[CORREGIBLE] O2: succión de la bomba bifásica bajo el peor caso de T_amb (riesgo de cavitación) (medido=321.91562608169914, esperado=<= 320.496 K). Causa probable: subenfriamiento insuficiente a la sa",O2,,,,,0,False,
4500|2200|470|300.033|0.85|1|0.85|0.75|0.8|0.8|0.8|303.55,227,35,27548,barridos_2026-09-19/fase2_libre/busqueda_libre_v2.csv;barridos_2026-09-19/fase2_libre/ronda5_diagnostico.csv,2,4500.0,2200.0,470.0,300.032917,0.85,1.0,0.85,0.75,0.8,0.8,0.8,303.55,False,csv:P_alta; csv:P_baja; csv:T_fuente; csv:T_sumidero; csv:x_b; csv:m_b; csv:eta_t; csv:eta_p; csv:eps_hrvg; csv:eps_reg; csv:eps_cond,"T_from_Ph(P, h, x): el motor teqp no cubre el estado pedido (ver TASK_CONTEXT 2026-09-18-validar-teqp-nh3h2o). Detalle: equilibrio no resoluble en T=479.01 K, P=4.5e+06 Pa, x=0.8570",True,CORREGIBLE,0.069795,82.485,362.6211,9,0,2,172.9,,"[CORREGIBLE] O2: succión de la bomba bifásica bajo el peor caso de T_amb (riesgo de cavitación) (medido=334.321759507131, esperado=<= 333.261 K). Causa probable: subenfriamiento insuficiente a la sali",O2,,,,,0,False,
4500|2800|470|300.033|0.85|1|0.85|0.75|0.8|0.8|0.8|303.55,228,40,25144,barridos_2026-09-19/fase2_libre/busqueda_libre_v2.csv;barridos_2026-09-19/fase2_libre/ronda5_diagnostico.csv,2,4500.0,2800.0,470.0,300.032917,0.85,1.0,0.85,0.75,0.8,0.8,0.8,303.55,False,csv:P_alta; csv:P_baja; csv:T_fuente; csv:T_sumidero; csv:x_b; csv:m_b; csv:eta_t; csv:eta_p; csv:eps_hrvg; csv:eps_reg; csv:eps_cond,"T_from_Ph(P, h, x): el motor teqp no cubre el estado pedido (ver TASK_CONTEXT 2026-09-18-validar-teqp-nh3h2o). Detalle: equilibrio no resoluble en T=479.01 K, P=4.5e+06 Pa, x=0.8570",True,CORREGIBLE,0.046661,55.0257,363.2127,8,0,3,234.8,,"[CORREGIBLE] O2: succión de la bomba bifásica bajo el peor caso de T_amb (riesgo de cavitación) (medido=344.4271732511378, esperado=<= 343.714 K). Causa probable: subenfriamiento insuficiente a la sal",O2,,,,,0,False,
4400|3960|470|300.033|0.85|1|0.85|0.75|0.8|0.8|0.8|303.55,226,38,22476,barridos_2026-09-19/fase2_libre/busqueda_libre_v2.csv;barridos_2026-09-19/fase2_libre/ronda5_diagnostico.csv,2,4400.0,3960.0,470.0,300.032917,0.85,1.0,0.85,0.75,0.8,0.8,0.8,303.55,False,csv:P_alta; csv:P_baja; csv:T_fuente; csv:T_sumidero; csv:x_b; csv:m_b; csv:eta_t; csv:eta_p; csv:eps_hrvg; csv:eps_reg; csv:eps_cond,"T_from_Ph(P, h, x): el motor teqp no cubre el estado pedido (ver TASK_CONTEXT 2026-09-18-validar-teqp-nh3h2o). Detalle: equilibrio no resoluble en T=479.23 K, P=4.4e+06 Pa, x=0.8570",True,CORREGIBLE,0.011045,13.0131,363.9171,8,0,6,292.5,,"[CORREGIBLE] O2: succión de la bomba bifásica bajo el peor caso de T_amb (riesgo de cavitación) (medido=360.13752728591095, esperado=<= 360.094 K). Causa probable: subenfriamiento insuficiente a la sa",O2,,,,,0,False,
4500|3400|470|300.033|0.85|1|0.85|0.75|0.8|0.8|0.8|303.55,229,37,20368,barridos_2026-09-19/fase2_libre/busqueda_libre_v2.csv;barridos_2026-09-19/fase2_libre/ronda5_diagnostico.csv,2,4500.0,3400.0,470.0,300.032917,0.85,1.0,0.85,0.75,0.8,0.8,0.8,303.55,False,csv:P_alta; csv:P_baja; csv:T_fuente; csv:T_sumidero; csv:x_b; csv:m_b; csv:eta_t; csv:eta_p; csv:eps_hrvg; csv:eps_reg; csv:eps_cond,"T_from_Ph(P, h, x): el motor teqp no cubre el estado pedido (ver TASK_CONTEXT 2026-09-18-validar-teqp-nh3h2o). Detalle: equilibrio no resoluble en T=479.01 K, P=4.5e+06 Pa, x=0.8570",True,CORREGIBLE,0.029033,34.2143,363.3959,8,0,4,256.7,,"[CORREGIBLE] O2: succión de la bomba bifásica bajo el peor caso de T_amb (riesgo de cavitación) (medido=353.04185751181217, esperado=<= 352.679 K). Causa probable: subenfriamiento insuficiente a la sa",O2,,,,,0,False,
4500|4000|470|300.033|0.85|1|0.85|0.75|0.8|0.8|0.8|303.55,230,40,26924,barridos_2026-09-19/fase2_libre/busqueda_libre_v2.csv;barridos_2026-09-19/fase2_libre/ronda5_diagnostico.csv,2,4500.0,4000.0,470.0,300.032917,0.85,1.0,0.85,0.75,0.8,0.8,0.8,303.55,False,csv:P_alta; csv:P_baja; csv:T_fuente; csv:T_sumidero; csv:x_b; csv:m_b; csv:eta_t; csv:eta_p; csv:eps_hrvg; csv:eps_reg; csv:eps_cond,"T_from_Ph(P, h, x): el motor teqp no cubre el estado pedido (ver TASK_CONTEXT 2026-09-18-validar-teqp-nh3h2o). Detalle: equilibrio no resoluble en T=479.01 K, P=4.5e+06 Pa, x=0.8570",True,CORREGIBLE,0.012307,14.4757,363.925,8,0,5,264.9,,"[CORREGIBLE] O2: succión de la bomba bifásica bajo el peor caso de T_amb (riesgo de cavitación) (medido=360.6029927554174, esperado=<= 360.596 K). Causa probable: subenfriamiento insuficiente a la sal",O2,,,,,0,False,
4500|3370|470|300.033|0.8|1|0.85|0.75|0.8|0.8|0.8|303.55,231,38,22892,barridos_2026-09-19/fase2_libre/busqueda_libre_v2.csv;barridos_2026-09-19/fase2_libre/ronda5_diagnostico.csv,2,4500.0,3370.0,470.0,300.032917,0.8,1.0,0.85,0.75,0.8,0.8,0.8,303.55,False,csv:P_alta; csv:P_baja; csv:T_fuente; csv:T_sumidero; csv:x_b; csv:m_b; csv:eta_t; csv:eta_p; csv:eps_hrvg; csv:eps_reg; csv:eps_cond,"T_from_Ph(P, h, x): el motor teqp no cubre el estado pedido (ver TASK_CONTEXT 2026-09-18-validar-teqp-nh3h2o). Detalle: equilibrio no resoluble en T=493.17 K, P=3.37e+06 Pa, x=0.8088",True,CORREGIBLE,0.02884,35.326,367.8217,8,3,0,241.6,,"[CORREGIBLE] O2: succión de la bomba bifásica bajo el peor caso de T_amb (riesgo de cavitación) (medido=356.02751253835925, esperado=<= 355.528 K). Causa probable: subenfriamiento insuficiente a la sa",O2,,,,,0,False,
4500|3250|470|300.033|0.75|1|0.85|0.75|0.8|0.8|0.85|303.55,233,41,25144,barridos_2026-09-19/fase2_libre/busqueda_libre_v2.csv;barridos_2026-09-19/fase2_libre/ronda5_diagnostico.csv,2,4500.0,3250.0,470.0,300.032917,0.75,1.0,0.85,0.75,0.8,0.8,0.85,303.55,False,csv:P_alta; csv:P_baja; csv:T_fuente; csv:T_sumidero; csv:x_b; csv:m_b; csv:eta_t; csv:eta_p; csv:eps_hrvg; csv:eps_reg; csv:eps_cond,"T_from_Ph(P, h, x): el motor teqp no cubre el estado pedido (ver TASK_CONTEXT 2026-09-18-validar-teqp-nh3h2o). Detalle: equilibrio no resoluble en T=507.30 K, P=3.25e+06 Pa, x=0.7604",False,NO_CONVERGIO,,,,,,,118.6,punto interior no evaluable,CicloNoConvergeError: punto interior no evaluable durante brentq (T=357.763715 K),,,,,,,,
4500|3100|470|300.033|0.75|1|0.85|0.75|0.8|0.8|0.85|303.55,234,39,22476,barridos_2026-09-19/fase2_libre/busqueda_libre_v2.csv;barridos_2026-09-19/fase2_libre/ronda5_diagnostico.csv,2,4500.0,3100.0,470.0,300.032917,0.75,1.0,0.85,0.75,0.8,0.8,0.85,303.55,False,csv:P_alta; csv:P_baja; csv:T_fuente; csv:T_sumidero; csv:x_b; csv:m_b; csv:eta_t; csv:eta_p; csv:eps_hrvg; csv:eps_reg; csv:eps_cond,"T_from_Ph(P, h, x): el motor teqp no cubre el estado pedido (ver TASK_CONTEXT 2026-09-18-validar-teqp-nh3h2o). Detalle: equilibrio no resoluble en T=506.21 K, P=3.1e+06 Pa, x=0.7604",False,NO_CONVERGIO,,,,,,,118.9,punto interior no evaluable,CicloNoConvergeError: punto interior no evaluable durante brentq (T=357.643241 K),,,,,,,,
4500|3400|470|300.033|0.75|1|0.85|0.75|0.8|0.8|0.85|303.55,235,38,20368,barridos_2026-09-19/fase2_libre/busqueda_libre_v2.csv;barridos_2026-09-19/fase2_libre/ronda5_diagnostico.csv,2,4500.0,3400.0,470.0,300.032917,0.75,1.0,0.85,0.75,0.8,0.8,0.85,303.55,False,csv:P_alta; csv:P_baja; csv:T_fuente; csv:T_sumidero; csv:x_b; csv:m_b; csv:eta_t; csv:eta_p; csv:eps_hrvg; csv:eps_reg; csv:eps_cond,"T_from_Ph(P, h, x): el motor teqp no cubre el estado pedido (ver TASK_CONTEXT 2026-09-18-validar-teqp-nh3h2o). Detalle: equilibrio no resoluble en T=506.68 K, P=3.4e+06 Pa, x=0.7604",False,NO_CONVERGIO,,,,,,,151.4,punto interior no evaluable,CicloNoConvergeError: punto interior no evaluable durante brentq (T=357.942539 K),,,,,,,,
4500|2830|470|300.033|0.8|1|0.85|0.75|0.8|0.8|0.8|303.55,232,36,27548,barridos_2026-09-19/fase2_libre/busqueda_libre_v2.csv;barridos_2026-09-19/fase2_libre/ronda5_diagnostico.csv,2,4500.0,2830.0,470.0,300.032917,0.8,1.0,0.85,0.75,0.8,0.8,0.8,303.55,False,csv:P_alta; csv:P_baja; csv:T_fuente; csv:T_sumidero; csv:x_b; csv:m_b; csv:eta_t; csv:eta_p; csv:eps_hrvg; csv:eps_reg; csv:eps_cond,"T_from_Ph(P, h, x): el motor teqp no cubre el estado pedido (ver TASK_CONTEXT 2026-09-18-validar-teqp-nh3h2o). Detalle: equilibrio no resoluble en T=494.40 K, P=2.83e+06 Pa, x=0.8088",True,CORREGIBLE,0.045277,55.5447,367.3825,9,2,0,275.8,,"[CORREGIBLE] O2: succión de la bomba bifásica bajo el peor caso de T_amb (riesgo de cavitación) (medido=348.26244844353516, esperado=<= 347.273 K). Causa probable: subenfriamiento insuficiente a la sa",O2,,,,,0,False,
4500|1620|380|300.033|0.7|1|0.85|0.75|0.8|0.8|0.8|303.55,237,39,22892,barridos_2026-09-19/fase2_libre/busqueda_libre_v2.csv;barridos_2026-09-19/fase2_libre/ronda6_diagnostico.csv,2,4500.0,1620.0,380.0,300.032917,0.7,1.0,0.85,0.75,0.8,0.8,0.8,303.55,False,csv:P_alta; csv:P_baja; csv:T_fuente; csv:T_sumidero; csv:x_b; csv:m_b; csv:eta_t; csv:eta_p; csv:eps_hrvg; csv:eps_reg; csv:eps_cond,"T_from_Ph(P, h, x): el motor teqp no cubre el estado pedido (ver TASK_CONTEXT 2026-09-18-validar-teqp-nh3h2o). Detalle: h=-11213.6 fuera de dominio a P=1.62e+06 Pa, x=0.7117",True,INVIABLE,-0.061889,-4.8507,365.0671,12,6,0,171.3,,"[INVIABLE] O3: potencia neta no positiva: el ciclo no genera trabajo útil (medido=-4.850729057801668, esperado=> 0 kW). Causa probable: Wt <= Wp para esos parámetros. Sugerencia: revisar P_alta/P_baja",O3,,,,,1,False,
3600|935|380|300.033|0.8|1|0.85|0.75|0.8|0.8|0.8|303.55,240,39,20368,barridos_2026-09-19/fase2_libre/busqueda_libre_v2.csv;barridos_2026-09-19/fase2_libre/ronda6_diagnostico.csv,2,3600.0,935.0,380.0,300.032917,0.8,1.0,0.85,0.75,0.8,0.8,0.8,303.55,False,csv:P_alta; csv:P_baja; csv:T_fuente; csv:T_sumidero; csv:x_b; csv:m_b; csv:eta_t; csv:eta_p; csv:eps_hrvg; csv:eps_reg; csv:eps_cond,"T_from_Ph(P, h, x): el motor teqp no cubre el estado pedido (ver TASK_CONTEXT 2026-09-18-validar-teqp-nh3h2o). Detalle: h=-2.0981e+08 fuera de dominio a P=3.6e+06 Pa, x=0.8088",False,NO_CONVERGIO,,,,,,,74.2,punto interior no evaluable,CicloNoConvergeError: punto interior no evaluable durante brentq (T=347.095056 K),,,,,,,,
4500|2070|380|300.033|0.7|1|0.85|0.75|0.8|0.8|0.8|303.55,239,40,22476,barridos_2026-09-19/fase2_libre/busqueda_libre_v2.csv;barridos_2026-09-19/fase2_libre/ronda6_diagnostico.csv,2,4500.0,2070.0,380.0,300.032917,0.7,1.0,0.85,0.75,0.8,0.8,0.8,303.55,False,csv:P_alta; csv:P_baja; csv:T_fuente; csv:T_sumidero; csv:x_b; csv:m_b; csv:eta_t; csv:eta_p; csv:eps_hrvg; csv:eps_reg; csv:eps_cond,"T_from_Ph(P, h, x): el motor teqp no cubre el estado pedido (ver TASK_CONTEXT 2026-09-18-validar-teqp-nh3h2o). Detalle: h=-11218.7 fuera de dominio a P=2.07e+06 Pa, x=0.7117",True,INVIABLE,-0.052507,-4.1207,365.0425,12,6,0,136.0,,"[INVIABLE] O3: potencia neta no positiva: el ciclo no genera trabajo útil (medido=-4.120742858331795, esperado=> 0 kW). Causa probable: Wt <= Wp para esos parámetros. Sugerencia: revisar P_alta/P_baja",O3,,,,,3,False,
3600|1295|380|300.033|0.8|1|0.85|0.75|0.8|0.8|0.8|303.55,241,37,27548,barridos_2026-09-19/fase2_libre/busqueda_libre_v2.csv;barridos_2026-09-19/fase2_libre/ronda6_diagnostico.csv,2,3600.0,1295.0,380.0,300.032917,0.8,1.0,0.85,0.75,0.8,0.8,0.8,303.55,False,csv:P_alta; csv:P_baja; csv:T_fuente; csv:T_sumidero; csv:x_b; csv:m_b; csv:eta_t; csv:eta_p; csv:eps_hrvg; csv:eps_reg; csv:eps_cond,"T_from_Ph(P, h, x): el motor teqp no cubre el estado pedido (ver TASK_CONTEXT 2026-09-18-validar-teqp-nh3h2o). Detalle: h=-2.12141e+08 fuera de dominio a P=3.6e+06 Pa, x=0.8088",False,NO_CONVERGIO,,,,,,,68.9,punto interior no evaluable,CicloNoConvergeError: punto interior no evaluable durante brentq (T=347.025914 K),,,,,,,,
4500|3700|470|300.033|0.8|1|0.85|0.75|0.8|0.8|0.85|303.55,236,41,26924,barridos_2026-09-19/fase2_libre/busqueda_libre_v2.csv;barridos_2026-09-19/fase2_libre/ronda5_diagnostico.csv,2,4500.0,3700.0,470.0,300.032917,0.8,1.0,0.85,0.75,0.8,0.8,0.85,303.55,False,csv:P_alta; csv:P_baja; csv:T_fuente; csv:T_sumidero; csv:x_b; csv:m_b; csv:eta_t; csv:eta_p; csv:eps_hrvg; csv:eps_reg; csv:eps_cond,"T_from_Ph(P, h, x): el motor teqp no cubre el estado pedido (ver TASK_CONTEXT 2026-09-18-validar-teqp-nh3h2o). Detalle: equilibrio no resoluble en T=495.27 K, P=3.7e+06 Pa, x=0.8088",True,KALINA,0.018651,23.8501,355.0464,8,1,0,209.0,,"KALINA: régimen Kalina genuino y admisible, sin fallas.",,False,-2.192,13.37,,0,False,
3600|1655|380|300.033|0.8|1|0.85|0.75|0.8|0.8|0.8|303.55,242,40,22892,barridos_2026-09-19/fase2_libre/busqueda_libre_v2.csv;barridos_2026-09-19/fase2_libre/ronda6_diagnostico.csv,2,3600.0,1655.0,380.0,300.032917,0.8,1.0,0.85,0.75,0.8,0.8,0.8,303.55,False,csv:P_alta; csv:P_baja; csv:T_fuente; csv:T_sumidero; csv:x_b; csv:m_b; csv:eta_t; csv:eta_p; csv:eps_hrvg; csv:eps_reg; csv:eps_cond,"T_from_Ph(P, h, x): el motor teqp no cubre el estado pedido (ver TASK_CONTEXT 2026-09-18-validar-teqp-nh3h2o). Detalle: h=-2.11259e+08 fuera de dominio a P=3.6e+06 Pa, x=0.8088",False,NO_CONVERGIO,,,,,,,36.3,punto interior no evaluable,CicloNoConvergeError: punto interior no evaluable durante brentq (T=301.032917 K),,,,,,,,
4500|1170|380|300.033|0.7|1|0.85|0.75|0.8|0.8|0.8|303.55,238,42,25144,barridos_2026-09-19/fase2_libre/busqueda_libre_v2.csv;barridos_2026-09-19/fase2_libre/ronda6_diagnostico.csv,2,4500.0,1170.0,380.0,300.032917,0.7,1.0,0.85,0.75,0.8,0.8,0.8,303.55,False,csv:P_alta; csv:P_baja; csv:T_fuente; csv:T_sumidero; csv:x_b; csv:m_b; csv:eta_t; csv:eta_p; csv:eps_hrvg; csv:eps_reg; csv:eps_cond,"T_from_Ph(P, h, x): el motor teqp no cubre el estado pedido (ver TASK_CONTEXT 2026-09-18-validar-teqp-nh3h2o). Detalle: h=-9663.8 fuera de dominio a P=1.17e+06 Pa, x=0.7117",True,INVIABLE,-0.070975,-5.5557,365.0916,12,5,0,184.5,,"[INVIABLE] O3: potencia neta no positiva: el ciclo no genera trabajo útil (medido=-5.555698392851122, esperado=> 0 kW). Causa probable: Wt <= Wp para esos parámetros. Sugerencia: revisar P_alta/P_baja",O3,,,,,0,False,
3600|1295|380|300.033|0.85|1|0.85|0.75|0.8|0.8|0.8|303.55,243,40,20368,barridos_2026-09-19/fase2_libre/busqueda_libre_v2.csv;barridos_2026-09-19/fase2_libre/ronda6_diagnostico.csv,2,3600.0,1295.0,380.0,300.032917,0.85,1.0,0.85,0.75,0.8,0.8,0.8,303.55,False,csv:P_alta; csv:P_baja; csv:T_fuente; csv:T_sumidero; csv:x_b; csv:m_b; csv:eta_t; csv:eta_p; csv:eps_hrvg; csv:eps_reg; csv:eps_cond,"T_from_Ph(P, h, x): el motor teqp no cubre el estado pedido (ver TASK_CONTEXT 2026-09-18-validar-teqp-nh3h2o). Detalle: h=-2.33971e+07 fuera de dominio a P=3.6e+06 Pa, x=0.8570",False,NO_CONVERGIO,,,,,,,43.6,punto interior no evaluable,CicloNoConvergeError: punto interior no evaluable durante brentq (T=347.019288 K),,,,,,,,
3600|1655|380|300.033|0.85|1|0.85|0.75|0.8|0.8|0.8|303.55,244,41,22476,barridos_2026-09-19/fase2_libre/busqueda_libre_v2.csv;barridos_2026-09-19/fase2_libre/ronda6_diagnostico.csv,2,3600.0,1655.0,380.0,300.032917,0.85,1.0,0.85,0.75,0.8,0.8,0.8,303.55,False,csv:P_alta; csv:P_baja; csv:T_fuente; csv:T_sumidero; csv:x_b; csv:m_b; csv:eta_t; csv:eta_p; csv:eps_hrvg; csv:eps_reg; csv:eps_cond,"T_from_Ph(P, h, x): el motor teqp no cubre el estado pedido (ver TASK_CONTEXT 2026-09-18-validar-teqp-nh3h2o). Detalle: h=-2.35123e+07 fuera de dominio a P=3.6e+06 Pa, x=0.8570",False,NO_CONVERGIO,,,,,,,48.2,punto interior no evaluable,CicloNoConvergeError: punto interior no evaluable durante brentq (T=346.996410 K),,,,,,,,
3600|935|420|300.033|0.85|1|0.85|0.75|0.8|0.8|0.8|303.55,249,41,20368,barridos_2026-09-19/fase2_libre/busqueda_libre_v2.csv;barridos_2026-09-19/fase2_libre/ronda6_diagnostico.csv,2,3600.0,935.0,420.0,300.032917,0.85,1.0,0.85,0.75,0.8,0.8,0.8,303.55,False,csv:P_alta; csv:P_baja; csv:T_fuente; csv:T_sumidero; csv:x_b; csv:m_b; csv:eta_t; csv:eta_p; csv:eps_hrvg; csv:eps_reg; csv:eps_cond,"T_from_Ph(P, h, x): el motor teqp no cubre el estado pedido (ver TASK_CONTEXT 2026-09-18-validar-teqp-nh3h2o). Detalle: equilibrio no resoluble en T=479.79 K, P=3.6e+06 Pa, x=0.8570",False,NO_CONVERGIO,,,,,,,42.8,punto interior no evaluable,CicloNoConvergeError: punto interior no evaluable durante brentq (T=355.337614 K),,,,,,,,
3600|1295|420|300.033|0.85|1|0.85|0.75|0.8|0.8|0.8|303.55,250,42,22476,barridos_2026-09-19/fase2_libre/busqueda_libre_v2.csv;barridos_2026-09-19/fase2_libre/ronda6_diagnostico.csv,2,3600.0,1295.0,420.0,300.032917,0.85,1.0,0.85,0.75,0.8,0.8,0.8,303.55,False,csv:P_alta; csv:P_baja; csv:T_fuente; csv:T_sumidero; csv:x_b; csv:m_b; csv:eta_t; csv:eta_p; csv:eps_hrvg; csv:eps_reg; csv:eps_cond,"T_from_Ph(P, h, x): el motor teqp no cubre el estado pedido (ver TASK_CONTEXT 2026-09-18-validar-teqp-nh3h2o). Detalle: equilibrio no resoluble en T=479.74 K, P=3.6e+06 Pa, x=0.8570",False,NO_CONVERGIO,,,,,,,37.7,punto interior no evaluable,CicloNoConvergeError: punto interior no evaluable durante brentq (T=355.054308 K),,,,,,,,
2800|730|420|300.033|0.8|1|0.85|0.75|0.8|0.8|0.8|303.55,248,43,25144,barridos_2026-09-19/fase2_libre/busqueda_libre_v2.csv;barridos_2026-09-19/fase2_libre/ronda6_diagnostico.csv,2,2800.0,730.0,420.0,300.032917,0.8,1.0,0.85,0.75,0.8,0.8,0.8,303.55,False,csv:P_alta; csv:P_baja; csv:T_fuente; csv:T_sumidero; csv:x_b; csv:m_b; csv:eta_t; csv:eta_p; csv:eps_hrvg; csv:eps_reg; csv:eps_cond,"T_from_Ph(P, h, x): el motor teqp no cubre el estado pedido (ver TASK_CONTEXT 2026-09-18-validar-teqp-nh3h2o). Detalle: equilibrio no resoluble en T=307.05 K, P=7.3e+05 Pa, x=0.4326",True,CORREGIBLE,0.072791,51.8501,356.1443,8,0,0,61.9,,"[CORREGIBLE] O2: succión de la bomba bifásica bajo el peor caso de T_amb (riesgo de cavitación) (medido=308.889880634952, esperado=<= 295.452 K). Causa probable: subenfriamiento insuficiente a la sali",O2,,,,,0,False,
3600|1295|400|300.033|0.85|1|0.85|0.75|0.8|0.8|0.8|303.55,246,42,26924,barridos_2026-09-19/fase2_libre/busqueda_libre_v2.csv;barridos_2026-09-19/fase2_libre/ronda6_diagnostico.csv,2,3600.0,1295.0,400.0,300.032917,0.85,1.0,0.85,0.75,0.8,0.8,0.8,303.55,False,csv:P_alta; csv:P_baja; csv:T_fuente; csv:T_sumidero; csv:x_b; csv:m_b; csv:eta_t; csv:eta_p; csv:eps_hrvg; csv:eps_reg; csv:eps_cond,"T_from_Ph(P, h, x): el motor teqp no cubre el estado pedido (ver TASK_CONTEXT 2026-09-18-validar-teqp-nh3h2o). Detalle: equilibrio no resoluble en T=479.29 K, P=3.6e+06 Pa, x=0.8570",True,CORREGIBLE,0.092631,73.6519,349.9161,9,0,1,90.1,,"[CORREGIBLE] O2: succión de la bomba bifásica bajo el peor caso de T_amb (riesgo de cavitación) (medido=313.5084764482782, esperado=<= 312.605 K). Causa probable: subenfriamiento insuficiente a la sal",O2,,,,,0,False,
3600|935|400|300.033|0.85|1|0.85|0.75|0.8|0.8|0.8|303.55,245,38,27548,barridos_2026-09-19/fase2_libre/busqueda_libre_v2.csv;barridos_2026-09-19/fase2_libre/ronda6_diagnostico.csv,2,3600.0,935.0,400.0,300.032917,0.85,1.0,0.85,0.75,0.8,0.8,0.8,303.55,False,csv:P_alta; csv:P_baja; csv:T_fuente; csv:T_sumidero; csv:x_b; csv:m_b; csv:eta_t; csv:eta_p; csv:eps_hrvg; csv:eps_reg; csv:eps_cond,"T_from_Ph(P, h, x): el motor teqp no cubre el estado pedido (ver TASK_CONTEXT 2026-09-18-validar-teqp-nh3h2o). Detalle: equilibrio no resoluble en T=479.29 K, P=3.6e+06 Pa, x=0.8570",True,CORREGIBLE,0.114083,90.5086,350.3382,9,0,1,92.0,,"[CORREGIBLE] O2: succión de la bomba bifásica bajo el peor caso de T_amb (riesgo de cavitación) (medido=305.009471555789, esperado=<= 301.270 K). Causa probable: subenfriamiento insuficiente a la sali",O2,,,,,0,False,
3600|1655|400|300.033|0.85|1|0.85|0.75|0.8|0.8|0.8|303.55,247,41,22892,barridos_2026-09-19/fase2_libre/busqueda_libre_v2.csv;barridos_2026-09-19/fase2_libre/ronda6_diagnostico.csv,2,3600.0,1655.0,400.0,300.032917,0.85,1.0,0.85,0.75,0.8,0.8,0.8,303.55,False,csv:P_alta; csv:P_baja; csv:T_fuente; csv:T_sumidero; csv:x_b; csv:m_b; csv:eta_t; csv:eta_p; csv:eps_hrvg; csv:eps_reg; csv:eps_cond,"T_from_Ph(P, h, x): el motor teqp no cubre el estado pedido (ver TASK_CONTEXT 2026-09-18-validar-teqp-nh3h2o). Detalle: equilibrio no resoluble en T=479.29 K, P=3.6e+06 Pa, x=0.8570",True,CORREGIBLE,0.073857,58.7431,349.8572,9,0,1,91.1,,"[CORREGIBLE] O2: succión de la bomba bifásica bajo el peor caso de T_amb (riesgo de cavitación) (medido=322.4547771801098, esperado=<= 321.799 K). Causa probable: subenfriamiento insuficiente a la sal",O2,,,,,0,False,
3600|1655|420|300.033|0.85|1|0.85|0.75|0.8|0.8|0.8|303.55,251,42,20368,barridos_2026-09-19/fase2_libre/busqueda_libre_v2.csv;barridos_2026-09-19/fase2_libre/ronda6_diagnostico.csv,2,3600.0,1655.0,420.0,300.032917,0.85,1.0,0.85,0.75,0.8,0.8,0.8,303.55,False,csv:P_alta; csv:P_baja; csv:T_fuente; csv:T_sumidero; csv:x_b; csv:m_b; csv:eta_t; csv:eta_p; csv:eps_hrvg; csv:eps_reg; csv:eps_cond,"T_from_Ph(P, h, x): el motor teqp no cubre el estado pedido (ver TASK_CONTEXT 2026-09-18-validar-teqp-nh3h2o). Detalle: equilibrio no resoluble en T=479.73 K, P=3.6e+06 Pa, x=0.8570",False,NO_CONVERGIO,,,,,,,40.6,punto interior no evaluable,CicloNoConvergeError: punto interior no evaluable durante brentq (T=354.989750 K),,,,,,,,
3200|2240|440|300.033|0.8|1|0.85|0.75|0.8|0.8|0.8|303.55,255,39,27548,barridos_2026-09-19/fase2_libre/busqueda_libre_v2.csv;barridos_2026-09-19/fase2_libre/ronda6_diagnostico.csv,2,3200.0,2240.0,440.0,300.032917,0.8,1.0,0.85,0.75,0.8,0.8,0.8,303.55,False,csv:P_alta; csv:P_baja; csv:T_fuente; csv:T_sumidero; csv:x_b; csv:m_b; csv:eta_t; csv:eta_p; csv:eps_hrvg; csv:eps_reg; csv:eps_cond,"h(P, s, x): el motor teqp no cubre el estado pedido (ver TASK_CONTEXT 2026-09-18-validar-teqp-nh3h2o). Detalle: equilibrio no resoluble en T=470.90 K, P=2.24e+06 Pa, x=0.8834",False,NO_CONVERGIO,,,,,,,44.1,punto interior no evaluable,CicloNoConvergeError: punto interior no evaluable durante brentq (T=354.134468 K),,,,,,,,
4000|2800|440|300.033|0.85|1|0.85|0.75|0.8|0.8|0.8|303.55,257,43,20368,barridos_2026-09-19/fase2_libre/busqueda_libre_v2.csv;barridos_2026-09-19/fase2_libre/ronda6_diagnostico.csv,2,4000.0,2800.0,440.0,300.032917,0.85,1.0,0.85,0.75,0.8,0.8,0.8,303.55,False,csv:P_alta; csv:P_baja; csv:T_fuente; csv:T_sumidero; csv:x_b; csv:m_b; csv:eta_t; csv:eta_p; csv:eps_hrvg; csv:eps_reg; csv:eps_cond,"h(P, s, x): el motor teqp no cubre el estado pedido (ver TASK_CONTEXT 2026-09-18-validar-teqp-nh3h2o). Detalle: equilibrio no resoluble en T=447.38 K, P=2.8e+06 Pa, x=0.9350",False,NO_CONVERGIO,,,,,,,54.0,sin cambio de signo,"CicloNoConvergeError: extremos [366.0329, 439.0000] K sin cambio de signo de F (F(lo)=-5.3074, F(hi)=-78.018)",,,,,,,,
3600|935|440|300.033|0.8|1|0.85|0.75|0.8|0.8|0.8|303.55,252,43,22476,barridos_2026-09-19/fase2_libre/busqueda_libre_v2.csv;barridos_2026-09-19/fase2_libre/ronda6_diagnostico.csv,2,3600.0,935.0,440.0,300.032917,0.8,1.0,0.85,0.75,0.8,0.8,0.8,303.55,False,csv:P_alta; csv:P_baja; csv:T_fuente; csv:T_sumidero; csv:x_b; csv:m_b; csv:eta_t; csv:eta_p; csv:eps_hrvg; csv:eps_reg; csv:eps_cond,"T_from_Ph(P, h, x): el motor teqp no cubre el estado pedido (ver TASK_CONTEXT 2026-09-18-validar-teqp-nh3h2o). Detalle: equilibrio no resoluble en T=495.47 K, P=3.6e+06 Pa, x=0.8088",True,CORREGIBLE,0.112448,127.0398,359.2615,8,1,0,91.8,,"[CORREGIBLE] O2: succión de la bomba bifásica bajo el peor caso de T_amb (riesgo de cavitación) (medido=306.3300660162446, esperado=<= 303.576 K). Causa probable: subenfriamiento insuficiente a la sal",O2,,,,,0,False,
3600|1295|440|300.033|0.8|1|0.85|0.75|0.8|0.8|0.8|303.55,253,44,25144,barridos_2026-09-19/fase2_libre/busqueda_libre_v2.csv;barridos_2026-09-19/fase2_libre/ronda6_diagnostico.csv,2,3600.0,1295.0,440.0,300.032917,0.8,1.0,0.85,0.75,0.8,0.8,0.8,303.55,False,csv:P_alta; csv:P_baja; csv:T_fuente; csv:T_sumidero; csv:x_b; csv:m_b; csv:eta_t; csv:eta_p; csv:eps_hrvg; csv:eps_reg; csv:eps_cond,"T_from_Ph(P, h, x): el motor teqp no cubre el estado pedido (ver TASK_CONTEXT 2026-09-18-validar-teqp-nh3h2o). Detalle: equilibrio no resoluble en T=495.47 K, P=3.6e+06 Pa, x=0.8088",True,CORREGIBLE,0.089911,101.8029,359.2144,8,1,0,94.4,,"[CORREGIBLE] O2: succión de la bomba bifásica bajo el peor caso de T_amb (riesgo de cavitación) (medido=317.37555793938867, esperado=<= 315.084 K). Causa probable: subenfriamiento insuficiente a la sa",O2,,,,,0,False,
3600|1655|440|300.033|0.8|1|0.85|0.75|0.8|0.8|0.8|303.55,254,43,26924,barridos_2026-09-19/fase2_libre/busqueda_libre_v2.csv;barridos_2026-09-19/fase2_libre/ronda6_diagnostico.csv,2,3600.0,1655.0,440.0,300.032917,0.8,1.0,0.85,0.75,0.8,0.8,0.8,303.55,False,csv:P_alta; csv:P_baja; csv:T_fuente; csv:T_sumidero; csv:x_b; csv:m_b; csv:eta_t; csv:eta_p; csv:eps_hrvg; csv:eps_reg; csv:eps_cond,"T_from_Ph(P, h, x): el motor teqp no cubre el estado pedido (ver TASK_CONTEXT 2026-09-18-validar-teqp-nh3h2o). Detalle: equilibrio no resoluble en T=495.47 K, P=3.6e+06 Pa, x=0.8088",True,CORREGIBLE,0.071161,80.6242,359.2007,8,1,0,96.2,,"[CORREGIBLE] O2: succión de la bomba bifásica bajo el peor caso de T_amb (riesgo de cavitación) (medido=326.3211128324791, esperado=<= 324.432 K). Causa probable: subenfriamiento insuficiente a la sal",O2,,,,,0,False,
4500|2070|440|300.033|0.85|1|0.85|0.75|0.8|0.8|0.8|303.55,258,40,27548,barridos_2026-09-19/fase2_libre/busqueda_libre_v2.csv;barridos_2026-09-19/fase2_libre/ronda6_diagnostico.csv,2,4500.0,2070.0,440.0,300.032917,0.85,1.0,0.85,0.75,0.8,0.8,0.8,303.55,False,csv:P_alta; csv:P_baja; csv:T_fuente; csv:T_sumidero; csv:x_b; csv:m_b; csv:eta_t; csv:eta_p; csv:eps_hrvg; csv:eps_reg; csv:eps_cond,"T_from_Ph(P, h, x): el motor teqp no cubre el estado pedido (ver TASK_CONTEXT 2026-09-18-validar-teqp-nh3h2o). Detalle: equilibrio no resoluble en T=480.77 K, P=2.07e+06 Pa, x=0.8570",False,NO_CONVERGIO,,,,,,,53.9,punto interior no evaluable,CicloNoConvergeError: punto interior no evaluable durante brentq (T=361.975410 K),,,,,,,,
4000|2000|440|300.033|0.85|1|0.85|0.75|0.8|0.8|0.8|303.55,256,42,22892,barridos_2026-09-19/fase2_libre/busqueda_libre_v2.csv;barridos_2026-09-19/fase2_libre/ronda6_diagnostico.csv,2,4000.0,2000.0,440.0,300.032917,0.85,1.0,0.85,0.75,0.8,0.8,0.8,303.55,False,csv:P_alta; csv:P_baja; csv:T_fuente; csv:T_sumidero; csv:x_b; csv:m_b; csv:eta_t; csv:eta_p; csv:eps_hrvg; csv:eps_reg; csv:eps_cond,"T_from_Ph(P, h, x): el motor teqp no cubre el estado pedido (ver TASK_CONTEXT 2026-09-18-validar-teqp-nh3h2o). Detalle: equilibrio no resoluble en T=479.37 K, P=2e+06 Pa, x=0.8570",True,CORREGIBLE,0.067358,75.7906,360.6257,8,3,0,129.6,,"[CORREGIBLE] O2: succión de la bomba bifásica bajo el peor caso de T_amb (riesgo de cavitación) (medido=330.4040716494321, esperado=<= 329.323 K). Causa probable: subenfriamiento insuficiente a la sal",O2,,,,,0,False,
2800|895|460|300.033|0.75|1|0.85|0.75|0.8|0.8|0.8|303.55,259,44,20368,barridos_2026-09-19/fase2_libre/busqueda_libre_v2.csv;barridos_2026-09-19/fase2_libre/ronda6_diagnostico.csv,2,2800.0,895.0,460.0,300.032917,0.75,1.0,0.85,0.75,0.8,0.8,0.8,303.55,False,csv:P_alta; csv:P_baja; csv:T_fuente; csv:T_sumidero; csv:x_b; csv:m_b; csv:eta_t; csv:eta_p; csv:eps_hrvg; csv:eps_reg; csv:eps_cond,"T_from_Ph(P, h, x): el motor teqp no cubre el estado pedido (ver TASK_CONTEXT 2026-09-18-validar-teqp-nh3h2o). Detalle: h=47053.1 fuera de dominio a P=8.95e+05 Pa, x=0.7604",True,CORREGIBLE,0.088362,113.5336,352.728,8,0,1,72.4,,"[CORREGIBLE] O2: succión de la bomba bifásica bajo el peor caso de T_amb (riesgo de cavitación) (medido=309.8257471745429, esperado=<= 304.892 K). Causa probable: subenfriamiento insuficiente a la sal",O2,,,,,0,False,
2800|1400|460|300.033|0.75|1|0.85|0.75|0.8|0.8|0.8|303.55,261,45,25144,barridos_2026-09-19/fase2_libre/busqueda_libre_v2.csv;barridos_2026-09-19/fase2_libre/ronda6_diagnostico.csv,2,2800.0,1400.0,460.0,300.032917,0.75,1.0,0.85,0.75,0.8,0.8,0.8,303.55,False,csv:P_alta; csv:P_baja; csv:T_fuente; csv:T_sumidero; csv:x_b; csv:m_b; csv:eta_t; csv:eta_p; csv:eps_hrvg; csv:eps_reg; csv:eps_cond,"T_from_Ph(P, h, x): el motor teqp no cubre el estado pedido (ver TASK_CONTEXT 2026-09-18-validar-teqp-nh3h2o). Detalle: h=48626 fuera de dominio a P=1.4e+06 Pa, x=0.7604",True,CORREGIBLE,0.057416,73.9964,352.6159,8,0,2,72.0,,"[CORREGIBLE] O2: succión de la bomba bifásica bajo el peor caso de T_amb (riesgo de cavitación) (medido=324.89563854805755, esperado=<= 321.021 K). Causa probable: subenfriamiento insuficiente a la sa",O2,,,,,0,False,
2800|1960|460|300.033|0.75|1|0.85|0.75|0.8|0.8|0.8|303.55,260,44,22476,barridos_2026-09-19/fase2_libre/busqueda_libre_v2.csv;barridos_2026-09-19/fase2_libre/ronda6_diagnostico.csv,2,2800.0,1960.0,460.0,300.032917,0.75,1.0,0.85,0.75,0.8,0.8,0.8,303.55,False,csv:P_alta; csv:P_baja; csv:T_fuente; csv:T_sumidero; csv:x_b; csv:m_b; csv:eta_t; csv:eta_p; csv:eps_hrvg; csv:eps_reg; csv:eps_cond,"h(P, s, x): el motor teqp no cubre el estado pedido (ver TASK_CONTEXT 2026-09-18-validar-teqp-nh3h2o). Detalle: equilibrio no resoluble en T=483.18 K, P=1.96e+06 Pa, x=0.8487",True,CORREGIBLE,0.031122,40.1281,352.5985,8,3,4,91.8,,"[CORREGIBLE] O2: succión de la bomba bifásica bajo el peor caso de T_amb (riesgo de cavitación) (medido=337.4514300913051, esperado=<= 334.527 K). Causa probable: subenfriamiento insuficiente a la sal",O2,,,,,0,False,
4500|1170|460|300.033|0.75|1|0.85|0.75|0.8|0.8|0.8|303.55,262,44,26924,barridos_2026-09-19/fase2_libre/busqueda_libre_v2.csv;barridos_2026-09-19/fase2_libre/ronda6_diagnostico.csv,2,4500.0,1170.0,460.0,300.032917,0.75,1.0,0.85,0.75,0.8,0.8,0.8,303.55,False,csv:P_alta; csv:P_baja; csv:T_fuente; csv:T_sumidero; csv:x_b; csv:m_b; csv:eta_t; csv:eta_p; csv:eps_hrvg; csv:eps_reg; csv:eps_cond,"T_from_Ph(P, h, x): el motor teqp no cubre el estado pedido (ver TASK_CONTEXT 2026-09-18-validar-teqp-nh3h2o). Detalle: equilibrio no resoluble en T=507.83 K, P=4.5e+06 Pa, x=0.7604",True,CORREGIBLE,0.11218,138.2634,370.9085,8,1,0,83.2,,"[CORREGIBLE] O2: succión de la bomba bifásica bajo el peor caso de T_amb (riesgo de cavitación) (medido=318.0503965769973, esperado=<= 314.319 K). Causa probable: subenfriamiento insuficiente a la sal",O2,,,,,0,False,
4500|1620|460|300.033|0.75|1|0.85|0.75|0.8|0.8|0.8|303.55,263,41,27548,barridos_2026-09-19/fase2_libre/busqueda_libre_v2.csv;barridos_2026-09-19/fase2_libre/ronda6_diagnostico.csv,2,4500.0,1620.0,460.0,300.032917,0.75,1.0,0.85,0.75,0.8,0.8,0.8,303.55,False,csv:P_alta; csv:P_baja; csv:T_fuente; csv:T_sumidero; csv:x_b; csv:m_b; csv:eta_t; csv:eta_p; csv:eps_hrvg; csv:eps_reg; csv:eps_cond,"T_from_Ph(P, h, x): el motor teqp no cubre el estado pedido (ver TASK_CONTEXT 2026-09-18-validar-teqp-nh3h2o). Detalle: equilibrio no resoluble en T=507.83 K, P=4.5e+06 Pa, x=0.7604",True,CORREGIBLE,0.08934,110.2185,370.6313,8,1,0,97.0,,"[CORREGIBLE] O2: succión de la bomba bifásica bajo el peor caso de T_amb (riesgo de cavitación) (medido=329.61670402052926, esperado=<= 326.722 K). Causa probable: subenfriamiento insuficiente a la sa",O2,,,,,0,False,
4500|2070|460|300.033|0.75|1|0.85|0.75|0.8|0.8|0.8|303.55,264,43,22892,barridos_2026-09-19/fase2_libre/busqueda_libre_v2.csv;barridos_2026-09-19/fase2_libre/ronda6_diagnostico.csv,2,4500.0,2070.0,460.0,300.032917,0.75,1.0,0.85,0.75,0.8,0.8,0.8,303.55,False,csv:P_alta; csv:P_baja; csv:T_fuente; csv:T_sumidero; csv:x_b; csv:m_b; csv:eta_t; csv:eta_p; csv:eps_hrvg; csv:eps_reg; csv:eps_cond,"T_from_Ph(P, h, x): el motor teqp no cubre el estado pedido (ver TASK_CONTEXT 2026-09-18-validar-teqp-nh3h2o). Detalle: equilibrio no resoluble en T=507.83 K, P=4.5e+06 Pa, x=0.7604",True,CORREGIBLE,0.070414,86.8452,370.7098,8,1,0,103.2,,"[CORREGIBLE] O2: succión de la bomba bifásica bajo el peor caso de T_amb (riesgo de cavitación) (medido=339.01486300891474, esperado=<= 336.845 K). Causa probable: subenfriamiento insuficiente a la sa",O2,,,,,0,False,
2800|895|460|300.033|0.8|1|0.85|0.75|0.8|0.8|0.8|303.55,265,45,20368,barridos_2026-09-19/fase2_libre/busqueda_libre_v2.csv;barridos_2026-09-19/fase2_libre/ronda6_diagnostico.csv,2,2800.0,895.0,460.0,300.032917,0.8,1.0,0.85,0.75,0.8,0.8,0.8,303.55,False,csv:P_alta; csv:P_baja; csv:T_fuente; csv:T_sumidero; csv:x_b; csv:m_b; csv:eta_t; csv:eta_p; csv:eps_hrvg; csv:eps_reg; csv:eps_cond,"T_from_Ph(P, h, x): el motor teqp no cubre el estado pedido (ver TASK_CONTEXT 2026-09-18-validar-teqp-nh3h2o). Detalle: h=50461.2 fuera de dominio a P=8.95e+05 Pa, x=0.8088",True,CORREGIBLE,0.091415,112.8831,348.4263,8,0,5,93.9,,"[CORREGIBLE] O2: succión de la bomba bifásica bajo el peor caso de T_amb (riesgo de cavitación) (medido=307.6293979784356, esperado=<= 302.104 K). Causa probable: subenfriamiento insuficiente a la sal",O2,,,,,0,False,
2800|1960|460|300.033|0.8|1|0.85|0.75|0.8|0.8|0.8|303.55,267,45,22476,barridos_2026-09-19/fase2_libre/busqueda_libre_v2.csv;barridos_2026-09-19/fase2_libre/ronda6_diagnostico.csv,2,2800.0,1960.0,460.0,300.032917,0.8,1.0,0.85,0.75,0.8,0.8,0.8,303.55,False,csv:P_alta; csv:P_baja; csv:T_fuente; csv:T_sumidero; csv:x_b; csv:m_b; csv:eta_t; csv:eta_p; csv:eps_hrvg; csv:eps_reg; csv:eps_cond,"T_from_Ph(P, h, x): el motor teqp no cubre el estado pedido (ver TASK_CONTEXT 2026-09-18-validar-teqp-nh3h2o). Detalle: h=53494.1 fuera de dominio a P=1.96e+06 Pa, x=0.8088",False,NO_CONVERGIO,,,,,,,69.0,punto interior no evaluable,CicloNoConvergeError: punto interior no evaluable durante brentq (T=348.529957 K),,,,,,,,
3200|1600|460|300.033|0.8|1|0.85|0.75|0.8|0.8|0.8|303.55,268,45,26924,barridos_2026-09-19/fase2_libre/busqueda_libre_v2.csv;barridos_2026-09-19/fase2_libre/ronda6_diagnostico.csv,2,3200.0,1600.0,460.0,300.032917,0.8,1.0,0.85,0.75,0.8,0.8,0.8,303.55,False,csv:P_alta; csv:P_baja; csv:T_fuente; csv:T_sumidero; csv:x_b; csv:m_b; csv:eta_t; csv:eta_p; csv:eps_hrvg; csv:eps_reg; csv:eps_cond,"T_from_Ph(P, h, x): el motor teqp no cubre el estado pedido (ver TASK_CONTEXT 2026-09-18-validar-teqp-nh3h2o). Detalle: h=46516.1 fuera de dominio a P=1.6e+06 Pa, x=0.8088",True,CORREGIBLE,0.061229,75.4703,354.1181,8,0,1,69.9,,"[CORREGIBLE] O2: succión de la bomba bifásica bajo el peor caso de T_amb (riesgo de cavitación) (medido=325.45816027815255, esperado=<= 323.106 K). Causa probable: subenfriamiento insuficiente a la sa",O2,,,,,0,False,
3200|2240|460|300.033|0.8|1|0.85|0.75|0.8|0.8|0.8|303.55,269,42,27548,barridos_2026-09-19/fase2_libre/busqueda_libre_v2.csv;barridos_2026-09-19/fase2_libre/ronda6_diagnostico.csv,2,3200.0,2240.0,460.0,300.032917,0.8,1.0,0.85,0.75,0.8,0.8,0.8,303.55,False,csv:P_alta; csv:P_baja; csv:T_fuente; csv:T_sumidero; csv:x_b; csv:m_b; csv:eta_t; csv:eta_p; csv:eps_hrvg; csv:eps_reg; csv:eps_cond,"h(P, s, x): el motor teqp no cubre el estado pedido (ver TASK_CONTEXT 2026-09-18-validar-teqp-nh3h2o). Detalle: equilibrio no resoluble en T=468.55 K, P=2.24e+06 Pa, x=0.8882",False,NO_CONVERGIO,,,,,,,58.2,sin cambio de signo,"CicloNoConvergeError: extremos [356.0329, 444.0000] K sin cambio de signo de F (F(lo)=-1.8746, F(hi)=-89.004)",,,,,,,,
2800|1400|460|300.033|0.8|1|0.85|0.75|0.8|0.8|0.8|303.55,266,46,25144,barridos_2026-09-19/fase2_libre/busqueda_libre_v2.csv;barridos_2026-09-19/fase2_libre/ronda6_diagnostico.csv,2,2800.0,1400.0,460.0,300.032917,0.8,1.0,0.85,0.75,0.8,0.8,0.8,303.55,False,csv:P_alta; csv:P_baja; csv:T_fuente; csv:T_sumidero; csv:x_b; csv:m_b; csv:eta_t; csv:eta_p; csv:eps_hrvg; csv:eps_reg; csv:eps_cond,"T_from_Ph(P, h, x): el motor teqp no cubre el estado pedido (ver TASK_CONTEXT 2026-09-18-validar-teqp-nh3h2o). Detalle: h=52162 fuera de dominio a P=1.4e+06 Pa, x=0.8088",True,CORREGIBLE,0.059396,73.5995,348.3397,8,0,6,96.0,,"[CORREGIBLE] O2: succión de la bomba bifásica bajo el peor caso de T_amb (riesgo de cavitación) (medido=320.6453200524591, esperado=<= 317.988 K). Causa probable: subenfriamiento insuficiente a la sal",O2,,,,,0,False,
4500|3150|460|300.033|0.8|1|0.85|0.75|0.8|0.8|0.8|303.55,272,46,22476,barridos_2026-09-19/fase2_libre/busqueda_libre_v2.csv;barridos_2026-09-19/fase2_libre/ronda6_diagnostico.csv,2,4500.0,3150.0,460.0,300.032917,0.8,1.0,0.85,0.75,0.8,0.8,0.8,303.55,False,csv:P_alta; csv:P_baja; csv:T_fuente; csv:T_sumidero; csv:x_b; csv:m_b; csv:eta_t; csv:eta_p; csv:eps_hrvg; csv:eps_reg; csv:eps_cond,"T_from_Ph(P, h, x): el motor teqp no cubre el estado pedido (ver TASK_CONTEXT 2026-09-18-validar-teqp-nh3h2o). Detalle: equilibrio no resoluble en T=494.10 K, P=3.15e+06 Pa, x=0.8088",False,NO_CONVERGIO,,,,,,,34.7,punto interior no evaluable,CicloNoConvergeError: punto interior no evaluable durante brentq (T=301.032917 K),,,,,,,,
3200|1025|460|300.033|0.85|1|0.85|0.75|0.8|0.8|0.8|303.55,274,43,27548,barridos_2026-09-19/fase2_libre/busqueda_libre_v2.csv;barridos_2026-09-19/fase2_libre/ronda6_diagnostico.csv,2,3200.0,1025.0,460.0,300.032917,0.85,1.0,0.85,0.75,0.8,0.8,0.8,303.55,False,csv:P_alta; csv:P_baja; csv:T_fuente; csv:T_sumidero; csv:x_b; csv:m_b; csv:eta_t; csv:eta_p; csv:eps_hrvg; csv:eps_reg; csv:eps_cond,"T_from_Ph(P, h, x): el motor teqp no cubre el estado pedido (ver TASK_CONTEXT 2026-09-18-validar-teqp-nh3h2o). Detalle: h=48112.7 fuera de dominio a P=1.025e+06 Pa, x=0.8570",True,CORREGIBLE,0.097528,114.9955,350.5476,8,0,4,93.8,,"[CORREGIBLE] O2: succión de la bomba bifásica bajo el peor caso de T_amb (riesgo de cavitación) (medido=306.26046784493224, esperado=<= 304.374 K). Causa probable: subenfriamiento insuficiente a la sa",O2,,,,,0,False,
2800|895|460|300.033|0.85|1|0.85|0.75|0.8|0.8|0.8|303.55,271,46,20368,barridos_2026-09-19/fase2_libre/busqueda_libre_v2.csv;barridos_2026-09-19/fase2_libre/ronda6_diagnostico.csv,2,2800.0,895.0,460.0,300.032917,0.85,1.0,0.85,0.75,0.8,0.8,0.8,303.55,False,csv:P_alta; csv:P_baja; csv:T_fuente; csv:T_sumidero; csv:x_b; csv:m_b; csv:eta_t; csv:eta_p; csv:eps_hrvg; csv:eps_reg; csv:eps_cond,"T_from_Ph(P, h, x): el motor teqp no cubre el estado pedido (ver TASK_CONTEXT 2026-09-18-validar-teqp-nh3h2o). Detalle: h=53872.4 fuera de dominio a P=8.95e+05 Pa, x=0.8570",True,CORREGIBLE,0.092804,107.0216,345.1793,8,0,8,111.2,,"[CORREGIBLE] O2: succión de la bomba bifásica bajo el peor caso de T_amb (riesgo de cavitación) (medido=307.50368141813004, esperado=<= 299.818 K). Causa probable: subenfriamiento insuficiente a la sa",O2,,,,,0,False,
4000|2800|460|300.033|0.8|1|0.85|0.75|0.8|0.8|0.8|303.55,270,44,22892,barridos_2026-09-19/fase2_libre/busqueda_libre_v2.csv;barridos_2026-09-19/fase2_libre/ronda6_diagnostico.csv,2,4000.0,2800.0,460.0,300.032917,0.8,1.0,0.85,0.75,0.8,0.8,0.8,303.55,False,csv:P_alta; csv:P_baja; csv:T_fuente; csv:T_sumidero; csv:x_b; csv:m_b; csv:eta_t; csv:eta_p; csv:eps_hrvg; csv:eps_reg; csv:eps_cond,"T_from_Ph(P, h, x): el motor teqp no cubre el estado pedido (ver TASK_CONTEXT 2026-09-18-validar-teqp-nh3h2o). Detalle: equilibrio no resoluble en T=494.78 K, P=2.8e+06 Pa, x=0.8088",True,CORREGIBLE,0.035,42.5374,364.314,8,2,0,125.6,,"[CORREGIBLE] O2: succión de la bomba bifásica bajo el peor caso de T_amb (riesgo de cavitación) (medido=347.8102733976233, esperado=<= 346.783 K). Causa probable: subenfriamiento insuficiente a la sal",O2,,,,,0,False,
2800|1400|460|300.033|0.85|1|0.85|0.75|0.8|0.8|0.8|303.55,273,46,26924,barridos_2026-09-19/fase2_libre/busqueda_libre_v2.csv;barridos_2026-09-19/fase2_libre/ronda6_diagnostico.csv,2,2800.0,1400.0,460.0,300.032917,0.85,1.0,0.85,0.75,0.8,0.8,0.8,303.55,False,csv:P_alta; csv:P_baja; csv:T_fuente; csv:T_sumidero; csv:x_b; csv:m_b; csv:eta_t; csv:eta_p; csv:eps_hrvg; csv:eps_reg; csv:eps_cond,"T_from_Ph(P, h, x): el motor teqp no cubre el estado pedido (ver TASK_CONTEXT 2026-09-18-validar-teqp-nh3h2o). Detalle: h=55713.2 fuera de dominio a P=1.4e+06 Pa, x=0.8570",True,CORREGIBLE,0.061691,73.2885,344.6965,8,0,8,118.5,,"[CORREGIBLE] O2: succión de la bomba bifásica bajo el peor caso de T_amb (riesgo de cavitación) (medido=317.1526836326968, esperado=<= 315.463 K). Causa probable: subenfriamiento insuficiente a la sal",O2,,,,,0,False,
3200|1600|460|300.033|0.85|1|0.85|0.75|0.8|0.8|0.8|303.55,276,47,22476,barridos_2026-09-19/fase2_libre/busqueda_libre_v2.csv;barridos_2026-09-19/fase2_libre/ronda6_diagnostico.csv,2,3200.0,1600.0,460.0,300.032917,0.85,1.0,0.85,0.75,0.8,0.8,0.8,303.55,False,csv:P_alta; csv:P_baja; csv:T_fuente; csv:T_sumidero; csv:x_b; csv:m_b; csv:eta_t; csv:eta_p; csv:eps_hrvg; csv:eps_reg; csv:eps_cond,"T_from_Ph(P, h, x): el motor teqp no cubre el estado pedido (ver TASK_CONTEXT 2026-09-18-validar-teqp-nh3h2o). Detalle: h=49756.3 fuera de dominio a P=1.6e+06 Pa, x=0.8570",True,CORREGIBLE,0.063531,75.1226,350.5037,8,0,6,103.2,,"[CORREGIBLE] O2: succión de la bomba bifásica bajo el peor caso de T_amb (riesgo de cavitación) (medido=322.01103361773596, esperado=<= 320.496 K). Causa probable: subenfriamiento insuficiente a la sa",O2,,,,,0,False,
2800|1960|460|300.033|0.85|1|0.85|0.75|0.8|0.8|0.8|303.55,275,47,25144,barridos_2026-09-19/fase2_libre/busqueda_libre_v2.csv;barridos_2026-09-19/fase2_libre/ronda6_diagnostico.csv,2,2800.0,1960.0,460.0,300.032917,0.85,1.0,0.85,0.75,0.8,0.8,0.8,303.55,False,csv:P_alta; csv:P_baja; csv:T_fuente; csv:T_sumidero; csv:x_b; csv:m_b; csv:eta_t; csv:eta_p; csv:eps_hrvg; csv:eps_reg; csv:eps_cond,"T_from_Ph(P, h, x): el motor teqp no cubre el estado pedido (ver TASK_CONTEXT 2026-09-18-validar-teqp-nh3h2o). Detalle: h=57145 fuera de dominio a P=1.96e+06 Pa, x=0.8570",True,CORREGIBLE,0.033419,39.736,344.6828,8,0,8,128.0,,"[CORREGIBLE] O2: succión de la bomba bifásica bajo el peor caso de T_amb (riesgo de cavitación) (medido=329.8547537438452, esperado=<= 328.501 K). Causa probable: subenfriamiento insuficiente a la sal",O2,,,,,0,False,
3600|2520|460|300.033|0.85|1|0.85|0.75|0.8|0.8|0.8|303.55,279,45,22892,barridos_2026-09-19/fase2_libre/busqueda_libre_v2.csv;barridos_2026-09-19/fase2_libre/ronda6_diagnostico.csv,2,3600.0,2520.0,460.0,300.032917,0.85,1.0,0.85,0.75,0.8,0.8,0.8,303.55,False,csv:P_alta; csv:P_baja; csv:T_fuente; csv:T_sumidero; csv:x_b; csv:m_b; csv:eta_t; csv:eta_p; csv:eps_hrvg; csv:eps_reg; csv:eps_cond,"T_from_Ph(P, h, x): el motor teqp no cubre el estado pedido (ver TASK_CONTEXT 2026-09-18-validar-teqp-nh3h2o). Detalle: h=46879.5 fuera de dominio a P=2.52e+06 Pa, x=0.8570",False,NO_CONVERGIO,,,,,,,75.5,punto interior no evaluable,CicloNoConvergeError: punto interior no evaluable durante brentq (T=355.982384 K),,,,,,,,
3600|1800|460|300.033|0.85|1|0.85|0.75|0.8|0.8|0.8|303.55,278,47,20368,barridos_2026-09-19/fase2_libre/busqueda_libre_v2.csv;barridos_2026-09-19/fase2_libre/ronda6_diagnostico.csv,2,3600.0,1800.0,460.0,300.032917,0.85,1.0,0.85,0.75,0.8,0.8,0.8,303.55,False,csv:P_alta; csv:P_baja; csv:T_fuente; csv:T_sumidero; csv:x_b; csv:m_b; csv:eta_t; csv:eta_p; csv:eps_hrvg; csv:eps_reg; csv:eps_cond,"T_from_Ph(P, h, x): el motor teqp no cubre el estado pedido (ver TASK_CONTEXT 2026-09-18-validar-teqp-nh3h2o). Detalle: h=45690.6 fuera de dominio a P=1.8e+06 Pa, x=0.8570",True,CORREGIBLE,0.065237,76.7658,355.7972,8,0,1,89.6,,"[CORREGIBLE] O2: succión de la bomba bifásica bajo el peor caso de T_amb (riesgo de cavitación) (medido=326.43530362787914, esperado=<= 325.088 K). Causa probable: subenfriamiento insuficiente a la sa",O2,,,,,0,False,
3200|2240|460|300.033|0.85|1|0.85|0.75|0.8|0.8|0.8|303.55,277,44,27548,barridos_2026-09-19/fase2_libre/busqueda_libre_v2.csv;barridos_2026-09-19/fase2_libre/ronda6_diagnostico.csv,2,3200.0,2240.0,460.0,300.032917,0.85,1.0,0.85,0.75,0.8,0.8,0.8,303.55,False,csv:P_alta; csv:P_baja; csv:T_fuente; csv:T_sumidero; csv:x_b; csv:m_b; csv:eta_t; csv:eta_p; csv:eps_hrvg; csv:eps_reg; csv:eps_cond,"T_from_Ph(P, h, x): el motor teqp no cubre el estado pedido (ver TASK_CONTEXT 2026-09-18-validar-teqp-nh3h2o). Detalle: h=51048.4 fuera de dominio a P=2.24e+06 Pa, x=0.8570",True,CORREGIBLE,0.034451,40.7393,350.5027,8,0,7,115.4,,"[CORREGIBLE] O2: succión de la bomba bifásica bajo el peor caso de T_amb (riesgo de cavitación) (medido=335.15505404679425, esperado=<= 334.018 K). Causa probable: subenfriamiento insuficiente a la sa",O2,,,,,0,False,
2800|895|470|300.033|0.7|1|0.85|0.75|0.8|0.8|0.8|303.55,282,48,25144,barridos_2026-09-19/fase2_libre/busqueda_libre_v2.csv;barridos_2026-09-19/fase2_libre/ronda6_diagnostico.csv,2,2800.0,895.0,470.0,300.032917,0.7,1.0,0.85,0.75,0.8,0.8,0.8,303.55,False,csv:P_alta; csv:P_baja; csv:T_fuente; csv:T_sumidero; csv:x_b; csv:m_b; csv:eta_t; csv:eta_p; csv:eps_hrvg; csv:eps_reg; csv:eps_cond,"T_from_Ph(P, h, x): el motor teqp no cubre el estado pedido (ver TASK_CONTEXT 2026-09-18-validar-teqp-nh3h2o). Detalle: h=56215.2 fuera de dominio a P=8.95e+05 Pa, x=0.7117",True,CORREGIBLE,0.085716,116.0653,357.8009,8,0,5,89.0,,"[CORREGIBLE] O2: succión de la bomba bifásica bajo el peor caso de T_amb (riesgo de cavitación) (medido=315.3029503044019, esperado=<= 308.351 K). Causa probable: subenfriamiento insuficiente a la sal",O2,,,,,0,False,
4000|2800|460|300.033|0.85|1|0.85|0.75|0.8|0.8|0.8|303.55,280,47,26924,barridos_2026-09-19/fase2_libre/busqueda_libre_v2.csv;barridos_2026-09-19/fase2_libre/ronda6_diagnostico.csv,2,4000.0,2800.0,460.0,300.032917,0.85,1.0,0.85,0.75,0.8,0.8,0.8,303.55,False,csv:P_alta; csv:P_baja; csv:T_fuente; csv:T_sumidero; csv:x_b; csv:m_b; csv:eta_t; csv:eta_p; csv:eps_hrvg; csv:eps_reg; csv:eps_cond,"h(P, s, x): el motor teqp no cubre el estado pedido (ver TASK_CONTEXT 2026-09-18-validar-teqp-nh3h2o). Detalle: equilibrio no resoluble en T=453.85 K, P=2.8e+06 Pa, x=0.9248",True,CORREGIBLE,0.036251,42.3445,360.7071,8,6,0,127.9,,"[CORREGIBLE] O2: succión de la bomba bifásica bajo el peor caso de T_amb (riesgo de cavitación) (medido=344.43086901868037, esperado=<= 343.714 K). Causa probable: subenfriamiento insuficiente a la sa",O2,,,,,0,False,
2800|1400|470|300.033|0.7|1|0.85|0.75|0.8|0.8|0.8|303.55,283,46,22892,barridos_2026-09-19/fase2_libre/busqueda_libre_v2.csv;barridos_2026-09-19/fase2_libre/ronda6_diagnostico.csv,2,2800.0,1400.0,470.0,300.032917,0.7,1.0,0.85,0.75,0.8,0.8,0.8,303.55,False,csv:P_alta; csv:P_baja; csv:T_fuente; csv:T_sumidero; csv:x_b; csv:m_b; csv:eta_t; csv:eta_p; csv:eps_hrvg; csv:eps_reg; csv:eps_cond,"T_from_Ph(P, h, x): el motor teqp no cubre el estado pedido (ver TASK_CONTEXT 2026-09-18-validar-teqp-nh3h2o). Detalle: h=58069.2 fuera de dominio a P=1.4e+06 Pa, x=0.7117",True,CORREGIBLE,0.055634,75.5176,357.6717,8,0,5,86.8,,"[CORREGIBLE] O2: succión de la bomba bifásica bajo el peor caso de T_amb (riesgo de cavitación) (medido=330.11338071266596, esperado=<= 324.738 K). Causa probable: subenfriamiento insuficiente a la sa",O2,,,,,0,False,
2800|1960|470|300.033|0.7|1|0.85|0.75|0.8|0.8|0.8|303.55,284,48,20368,barridos_2026-09-19/fase2_libre/busqueda_libre_v2.csv;barridos_2026-09-19/fase2_libre/ronda6_diagnostico.csv,2,2800.0,1960.0,470.0,300.032917,0.7,1.0,0.85,0.75,0.8,0.8,0.8,303.55,False,csv:P_alta; csv:P_baja; csv:T_fuente; csv:T_sumidero; csv:x_b; csv:m_b; csv:eta_t; csv:eta_p; csv:eps_hrvg; csv:eps_reg; csv:eps_cond,"T_from_Ph(P, h, x): el motor teqp no cubre el estado pedido (ver TASK_CONTEXT 2026-09-18-validar-teqp-nh3h2o). Detalle: h=59520.2 fuera de dominio a P=1.96e+06 Pa, x=0.7117",True,CORREGIBLE,0.030132,40.9087,357.663,8,0,5,91.1,,"[CORREGIBLE] O2: succión de la bomba bifásica bajo el peor caso de T_amb (riesgo de cavitación) (medido=342.46601067553536, esperado=<= 338.489 K). Causa probable: subenfriamiento insuficiente a la sa",O2,,,,,0,False,
3200|1025|470|300.033|0.7|1|0.85|0.75|0.8|0.8|0.8|303.55,285,45,27548,barridos_2026-09-19/fase2_libre/busqueda_libre_v2.csv;barridos_2026-09-19/fase2_libre/ronda6_diagnostico.csv,2,3200.0,1025.0,470.0,300.032917,0.7,1.0,0.85,0.75,0.8,0.8,0.8,303.55,False,csv:P_alta; csv:P_baja; csv:T_fuente; csv:T_sumidero; csv:x_b; csv:m_b; csv:eta_t; csv:eta_p; csv:eps_hrvg; csv:eps_reg; csv:eps_cond,"T_from_Ph(P, h, x): el motor teqp no cubre el estado pedido (ver TASK_CONTEXT 2026-09-18-validar-teqp-nh3h2o). Detalle: h=48008.7 fuera de dominio a P=1.025e+06 Pa, x=0.7117",True,CORREGIBLE,0.088076,118.6528,363.3272,8,0,1,79.4,,"[CORREGIBLE] O2: succión de la bomba bifásica bajo el peor caso de T_amb (riesgo de cavitación) (medido=319.42820869280655, esperado=<= 313.111 K). Causa probable: subenfriamiento insuficiente a la sa",O2,,,,,0,False,
3200|1600|470|300.033|0.7|1|0.85|0.75|0.8|0.8|0.8|303.55,286,49,25144,barridos_2026-09-19/fase2_libre/busqueda_libre_v2.csv;barridos_2026-09-19/fase2_libre/ronda6_diagnostico.csv,2,3200.0,1600.0,470.0,300.032917,0.7,1.0,0.85,0.75,0.8,0.8,0.8,303.55,False,csv:P_alta; csv:P_baja; csv:T_fuente; csv:T_sumidero; csv:x_b; csv:m_b; csv:eta_t; csv:eta_p; csv:eps_hrvg; csv:eps_reg; csv:eps_cond,"T_from_Ph(P, h, x): el motor teqp no cubre el estado pedido (ver TASK_CONTEXT 2026-09-18-validar-teqp-nh3h2o). Detalle: h=49595.5 fuera de dominio a P=1.6e+06 Pa, x=0.7117",True,CORREGIBLE,0.057343,77.3793,363.244,8,0,2,83.7,,"[CORREGIBLE] O2: succión de la bomba bifásica bajo el peor caso de T_amb (riesgo de cavitación) (medido=334.6985374718816, esperado=<= 330.035 K). Causa probable: subenfriamiento insuficiente a la sal",O2,,,,,0,False,
3200|2240|470|300.033|0.7|1|0.85|0.75|0.8|0.8|0.8|303.55,287,48,26924,barridos_2026-09-19/fase2_libre/busqueda_libre_v2.csv;barridos_2026-09-19/fase2_libre/ronda6_diagnostico.csv,2,3200.0,2240.0,470.0,300.032917,0.7,1.0,0.85,0.75,0.8,0.8,0.8,303.55,False,csv:P_alta; csv:P_baja; csv:T_fuente; csv:T_sumidero; csv:x_b; csv:m_b; csv:eta_t; csv:eta_p; csv:eps_hrvg; csv:eps_reg; csv:eps_cond,"T_from_Ph(P, h, x): el motor teqp no cubre el estado pedido (ver TASK_CONTEXT 2026-09-18-validar-teqp-nh3h2o). Detalle: h=50842.3 fuera de dominio a P=2.24e+06 Pa, x=0.7117",True,CORREGIBLE,0.031097,41.9396,363.2721,8,0,4,104.8,,"[CORREGIBLE] O2: succión de la bomba bifásica bajo el peor caso de T_amb (riesgo de cavitación) (medido=347.51261442834686, esperado=<= 344.337 K). Causa probable: subenfriamiento insuficiente a la sa",O2,,,,,0,False,
2800|895|470|300.033|0.75|1|0.85|0.75|0.8|0.8|0.8|303.55,290,46,27548,barridos_2026-09-19/fase2_libre/busqueda_libre_v2.csv;barridos_2026-09-19/fase2_libre/ronda6_diagnostico.csv,2,2800.0,895.0,470.0,300.032917,0.75,1.0,0.85,0.75,0.8,0.8,0.8,303.55,False,csv:P_alta; csv:P_baja; csv:T_fuente; csv:T_sumidero; csv:x_b; csv:m_b; csv:eta_t; csv:eta_p; csv:eps_hrvg; csv:eps_reg; csv:eps_cond,"T_from_Ph(P, h, x): el motor teqp no cubre el estado pedido (ver TASK_CONTEXT 2026-09-18-validar-teqp-nh3h2o). Detalle: h=60464.4 fuera de dominio a P=8.95e+05 Pa, x=0.7604",True,CORREGIBLE,0.088031,114.8896,352.7904,8,0,6,97.4,,"[CORREGIBLE] O2: succión de la bomba bifásica bajo el peor caso de T_amb (riesgo de cavitación) (medido=309.94238306648026, esperado=<= 304.892 K). Causa probable: subenfriamiento insuficiente a la sa",O2,,,,,0,False,
4000|2000|470|300.033|0.7|1|0.85|0.75|0.8|0.8|0.8|303.55,289,49,20368,barridos_2026-09-19/fase2_libre/busqueda_libre_v2.csv;barridos_2026-09-19/fase2_libre/ronda6_diagnostico.csv,2,4000.0,2000.0,470.0,300.032917,0.7,1.0,0.85,0.75,0.8,0.8,0.8,303.55,False,csv:P_alta; csv:P_baja; csv:T_fuente; csv:T_sumidero; csv:x_b; csv:m_b; csv:eta_t; csv:eta_p; csv:eps_hrvg; csv:eps_reg; csv:eps_cond,"T_from_Ph(P, h, x): el motor teqp no cubre el estado pedido (ver TASK_CONTEXT 2026-09-18-validar-teqp-nh3h2o). Detalle: equilibrio no resoluble en T=516.61 K, P=4e+06 Pa, x=0.7117",True,CORREGIBLE,0.060273,80.1241,373.1679,8,5,0,108.1,,"[CORREGIBLE] O2: succión de la bomba bifásica bajo el peor caso de T_amb (riesgo de cavitación) (medido=342.7259187019322, esperado=<= 339.358 K). Causa probable: subenfriamiento insuficiente a la sal",O2,,,,,0,False,
4000|1280|470|300.033|0.7|1|0.85|0.75|0.8|0.8|0.8|303.55,288,47,22892,barridos_2026-09-19/fase2_libre/busqueda_libre_v2.csv;barridos_2026-09-19/fase2_libre/ronda6_diagnostico.csv,2,4000.0,1280.0,470.0,300.032917,0.7,1.0,0.85,0.75,0.8,0.8,0.8,303.55,False,csv:P_alta; csv:P_baja; csv:T_fuente; csv:T_sumidero; csv:x_b; csv:m_b; csv:eta_t; csv:eta_p; csv:eps_hrvg; csv:eps_reg; csv:eps_cond,"T_from_Ph(P, h, x): el motor teqp no cubre el estado pedido (ver TASK_CONTEXT 2026-09-18-validar-teqp-nh3h2o). Detalle: equilibrio no resoluble en T=516.61 K, P=4e+06 Pa, x=0.7117",True,CORREGIBLE,0.092556,123.0212,373.1748,8,5,0,117.3,,"[CORREGIBLE] O2: succión de la bomba bifásica bajo el peor caso de T_amb (riesgo de cavitación) (medido=326.4793798479543, esperado=<= 321.293 K). Causa probable: subenfriamiento insuficiente a la sal",O2,,,,,0,False,
2800|1400|470|300.033|0.75|1|0.85|0.75|0.8|0.8|0.8|303.55,291,50,25144,barridos_2026-09-19/fase2_libre/busqueda_libre_v2.csv;barridos_2026-09-19/fase2_libre/ronda6_diagnostico.csv,2,2800.0,1400.0,470.0,300.032917,0.75,1.0,0.85,0.75,0.8,0.8,0.8,303.55,False,csv:P_alta; csv:P_baja; csv:T_fuente; csv:T_sumidero; csv:x_b; csv:m_b; csv:eta_t; csv:eta_p; csv:eps_hrvg; csv:eps_reg; csv:eps_cond,"T_from_Ph(P, h, x): el motor teqp no cubre el estado pedido (ver TASK_CONTEXT 2026-09-18-validar-teqp-nh3h2o). Detalle: h=62472 fuera de dominio a P=1.4e+06 Pa, x=0.7604",True,CORREGIBLE,0.057158,74.8272,352.6741,8,0,7,99.6,,"[CORREGIBLE] O2: succión de la bomba bifásica bajo el peor caso de T_amb (riesgo de cavitación) (medido=325.0101411250313, esperado=<= 321.021 K). Causa probable: subenfriamiento insuficiente a la sal",O2,,,,,0,False,
2800|1960|470|300.033|0.75|1|0.85|0.75|0.8|0.8|0.8|303.55,292,49,26924,barridos_2026-09-19/fase2_libre/busqueda_libre_v2.csv;barridos_2026-09-19/fase2_libre/ronda6_diagnostico.csv,2,2800.0,1960.0,470.0,300.032917,0.75,1.0,0.85,0.75,0.8,0.8,0.8,303.55,False,csv:P_alta; csv:P_baja; csv:T_fuente; csv:T_sumidero; csv:x_b; csv:m_b; csv:eta_t; csv:eta_p; csv:eps_hrvg; csv:eps_reg; csv:eps_cond,"T_from_Ph(P, h, x): el motor teqp no cubre el estado pedido (ver TASK_CONTEXT 2026-09-18-validar-teqp-nh3h2o). Detalle: h=64043.7 fuera de dominio a P=1.96e+06 Pa, x=0.7604",True,CORREGIBLE,0.030964,40.558,352.6537,8,0,7,111.8,,"[CORREGIBLE] O2: succión de la bomba bifásica bajo el peor caso de T_amb (riesgo de cavitación) (medido=337.5643364629401, esperado=<= 334.527 K). Causa probable: subenfriamiento insuficiente a la sal",O2,,,,,0,False,
3200|1025|470|300.033|0.75|1|0.85|0.75|0.8|0.8|0.8|303.55,293,47,27548,barridos_2026-09-19/fase2_libre/busqueda_libre_v2.csv;barridos_2026-09-19/fase2_libre/ronda6_diagnostico.csv,2,3200.0,1025.0,470.0,300.032917,0.75,1.0,0.85,0.75,0.8,0.8,0.8,303.55,False,csv:P_alta; csv:P_baja; csv:T_fuente; csv:T_sumidero; csv:x_b; csv:m_b; csv:eta_t; csv:eta_p; csv:eps_hrvg; csv:eps_reg; csv:eps_cond,"T_from_Ph(P, h, x): el motor teqp no cubre el estado pedido (ver TASK_CONTEXT 2026-09-18-validar-teqp-nh3h2o). Detalle: h=51692.3 fuera de dominio a P=1.025e+06 Pa, x=0.7604",True,CORREGIBLE,0.090479,117.5586,358.4542,8,0,5,98.5,,"[CORREGIBLE] O2: succión de la bomba bifásica bajo el peor caso de T_amb (riesgo de cavitación) (medido=314.19805501432296, esperado=<= 309.581 K). Causa probable: subenfriamiento insuficiente a la sa",O2,,,,,0,False,
3200|1600|470|300.033|0.75|1|0.85|0.75|0.8|0.8|0.8|303.55,294,50,20368,barridos_2026-09-19/fase2_libre/busqueda_libre_v2.csv;barridos_2026-09-19/fase2_libre/ronda6_diagnostico.csv,2,3200.0,1600.0,470.0,300.032917,0.75,1.0,0.85,0.75,0.8,0.8,0.8,303.55,False,csv:P_alta; csv:P_baja; csv:T_fuente; csv:T_sumidero; csv:x_b; csv:m_b; csv:eta_t; csv:eta_p; csv:eps_hrvg; csv:eps_reg; csv:eps_cond,"T_from_Ph(P, h, x): el motor teqp no cubre el estado pedido (ver TASK_CONTEXT 2026-09-18-validar-teqp-nh3h2o). Detalle: h=53418.3 fuera de dominio a P=1.6e+06 Pa, x=0.7604",True,CORREGIBLE,0.058927,76.7332,358.373,8,0,5,100.9,,"[CORREGIBLE] O2: succión de la bomba bifásica bajo el peor caso de T_amb (riesgo de cavitación) (medido=329.7277653750618, esperado=<= 326.228 K). Causa probable: subenfriamiento insuficiente a la sal",O2,,,,,0,False,
3200|2240|470|300.033|0.75|1|0.85|0.75|0.8|0.8|0.8|303.55,295,48,22892,barridos_2026-09-19/fase2_libre/busqueda_libre_v2.csv;barridos_2026-09-19/fase2_libre/ronda6_diagnostico.csv,2,3200.0,2240.0,470.0,300.032917,0.75,1.0,0.85,0.75,0.8,0.8,0.8,303.55,False,csv:P_alta; csv:P_baja; csv:T_fuente; csv:T_sumidero; csv:x_b; csv:m_b; csv:eta_t; csv:eta_p; csv:eps_hrvg; csv:eps_reg; csv:eps_cond,"T_from_Ph(P, h, x): el motor teqp no cubre el estado pedido (ver TASK_CONTEXT 2026-09-18-validar-teqp-nh3h2o). Detalle: h=54774.6 fuera de dominio a P=2.24e+06 Pa, x=0.7604",True,CORREGIBLE,0.03196,41.6088,358.3807,8,0,5,116.2,,"[CORREGIBLE] O2: succión de la bomba bifásica bajo el peor caso de T_amb (riesgo de cavitación) (medido=342.74206448434205, esperado=<= 340.261 K). Causa probable: subenfriamiento insuficiente a la sa",O2,,,,,0,False,
3600|1800|470|300.033|0.75|1|0.85|0.75|0.8|0.8|0.8|303.55,296,51,25144,barridos_2026-09-19/fase2_libre/busqueda_libre_v2.csv;barridos_2026-09-19/fase2_libre/ronda6_diagnostico.csv,2,3600.0,1800.0,470.0,300.032917,0.75,1.0,0.85,0.75,0.8,0.8,0.8,303.55,False,csv:P_alta; csv:P_baja; csv:T_fuente; csv:T_sumidero; csv:x_b; csv:m_b; csv:eta_t; csv:eta_p; csv:eps_hrvg; csv:eps_reg; csv:eps_cond,"T_from_Ph(P, h, x): el motor teqp no cubre el estado pedido (ver TASK_CONTEXT 2026-09-18-validar-teqp-nh3h2o). Detalle: h=47654.4 fuera de dominio a P=1.8e+06 Pa, x=0.7604",True,CORREGIBLE,0.060582,78.4537,363.5807,8,0,2,120.5,,"[CORREGIBLE] O2: succión de la bomba bifásica bajo el peor caso de T_amb (riesgo de cavitación) (medido=334.0321167710126, esperado=<= 330.985 K). Causa probable: subenfriamiento insuficiente a la sal",O2,,,,,0,False,
3600|2520|470|300.033|0.75|1|0.85|0.75|0.8|0.8|0.8|303.55,297,50,26924,barridos_2026-09-19/fase2_libre/busqueda_libre_v2.csv;barridos_2026-09-19/fase2_libre/ronda6_diagnostico.csv,2,3600.0,2520.0,470.0,300.032917,0.75,1.0,0.85,0.75,0.8,0.8,0.8,303.55,False,csv:P_alta; csv:P_baja; csv:T_fuente; csv:T_sumidero; csv:x_b; csv:m_b; csv:eta_t; csv:eta_p; csv:eps_hrvg; csv:eps_reg; csv:eps_cond,"T_from_Ph(P, h, x): el motor teqp no cubre el estado pedido (ver TASK_CONTEXT 2026-09-18-validar-teqp-nh3h2o). Detalle: h=48862.5 fuera de dominio a P=2.52e+06 Pa, x=0.7604",True,CORREGIBLE,0.032894,42.5572,363.6138,8,0,3,147.9,,"[CORREGIBLE] O2: succión de la bomba bifásica bajo el peor caso de T_amb (riesgo de cavitación) (medido=347.47062876237555, esperado=<= 345.513 K). Causa probable: subenfriamiento insuficiente a la sa",O2,,,,,0,False,
2800|1960|470|300.033|0.8|1|0.85|0.75|0.8|0.8|0.8|303.55,300,49,22892,barridos_2026-09-19/fase2_libre/busqueda_libre_v2.csv;barridos_2026-09-19/fase2_libre/ronda6_diagnostico.csv,2,2800.0,1960.0,470.0,300.032917,0.8,1.0,0.85,0.75,0.8,0.8,0.8,303.55,False,csv:P_alta; csv:P_baja; csv:T_fuente; csv:T_sumidero; csv:x_b; csv:m_b; csv:eta_t; csv:eta_p; csv:eps_hrvg; csv:eps_reg; csv:eps_cond,"T_from_Ph(P, h, x): el motor teqp no cubre el estado pedido (ver TASK_CONTEXT 2026-09-18-validar-teqp-nh3h2o). Detalle: h=68583.5 fuera de dominio a P=1.96e+06 Pa, x=0.8088",False,NO_CONVERGIO,,,,,,,133.4,punto interior no evaluable,CicloNoConvergeError: punto interior no evaluable durante brentq (T=348.582857 K),,,,,,,,
2800|895|470|300.033|0.8|1|0.85|0.75|0.8|0.8|0.8|303.55,298,48,27548,barridos_2026-09-19/fase2_libre/busqueda_libre_v2.csv;barridos_2026-09-19/fase2_libre/ronda6_diagnostico.csv,2,2800.0,895.0,470.0,300.032917,0.8,1.0,0.85,0.75,0.8,0.8,0.8,303.55,False,csv:P_alta; csv:P_baja; csv:T_fuente; csv:T_sumidero; csv:x_b; csv:m_b; csv:eta_t; csv:eta_p; csv:eps_hrvg; csv:eps_reg; csv:eps_cond,"T_from_Ph(P, h, x): el motor teqp no cubre el estado pedido (ver TASK_CONTEXT 2026-09-18-validar-teqp-nh3h2o). Detalle: h=64732.6 fuera de dominio a P=8.95e+05 Pa, x=0.8088",True,CORREGIBLE,0.091065,114.2561,348.4728,8,0,8,163.8,,"[CORREGIBLE] O2: succión de la bomba bifásica bajo el peor caso de T_amb (riesgo de cavitación) (medido=307.7366886702304, esperado=<= 302.104 K). Causa probable: subenfriamiento insuficiente a la sal",O2,,,,,0,False,
2800|1400|470|300.033|0.8|1|0.85|0.75|0.8|0.8|0.8|303.55,299,51,20368,barridos_2026-09-19/fase2_libre/busqueda_libre_v2.csv;barridos_2026-09-19/fase2_libre/ronda6_diagnostico.csv,2,2800.0,1400.0,470.0,300.032917,0.8,1.0,0.85,0.75,0.8,0.8,0.8,303.55,False,csv:P_alta; csv:P_baja; csv:T_fuente; csv:T_sumidero; csv:x_b; csv:m_b; csv:eta_t; csv:eta_p; csv:eps_hrvg; csv:eps_reg; csv:eps_cond,"T_from_Ph(P, h, x): el motor teqp no cubre el estado pedido (ver TASK_CONTEXT 2026-09-18-validar-teqp-nh3h2o). Detalle: h=66892.2 fuera de dominio a P=1.4e+06 Pa, x=0.8088",True,CORREGIBLE,0.059123,74.4396,348.3832,8,0,9,172.7,,"[CORREGIBLE] O2: succión de la bomba bifásica bajo el peor caso de T_amb (riesgo de cavitación) (medido=320.7216312662316, esperado=<= 317.988 K). Causa probable: subenfriamiento insuficiente a la sal",O2,,,,,0,False,
3200|1025|470|300.033|0.8|1|0.85|0.75|0.8|0.8|0.8|303.55,301,52,25144,barridos_2026-09-19/fase2_libre/busqueda_libre_v2.csv;barridos_2026-09-19/fase2_libre/ronda6_diagnostico.csv,2,3200.0,1025.0,470.0,300.032917,0.8,1.0,0.85,0.75,0.8,0.8,0.8,303.55,False,csv:P_alta; csv:P_baja; csv:T_fuente; csv:T_sumidero; csv:x_b; csv:m_b; csv:eta_t; csv:eta_p; csv:eps_hrvg; csv:eps_reg; csv:eps_cond,"T_from_Ph(P, h, x): el motor teqp no cubre el estado pedido (ver TASK_CONTEXT 2026-09-18-validar-teqp-nh3h2o). Detalle: h=55400 fuera de dominio a P=1.025e+06 Pa, x=0.8088",True,CORREGIBLE,0.093575,116.9516,354.2279,8,0,7,175.0,,"[CORREGIBLE] O2: succión de la bomba bifásica bajo el peor caso de T_amb (riesgo de cavitación) (medido=309.8320433294898, esperado=<= 306.725 K). Causa probable: subenfriamiento insuficiente a la sal",O2,,,,,0,False,
3200|2240|470|300.033|0.8|1|0.85|0.75|0.8|0.8|0.8|303.55,302,51,26924,barridos_2026-09-19/fase2_libre/busqueda_libre_v2.csv;barridos_2026-09-19/fase2_libre/ronda6_diagnostico.csv,2,3200.0,2240.0,470.0,300.032917,0.8,1.0,0.85,0.75,0.8,0.8,0.8,303.55,False,csv:P_alta; csv:P_baja; csv:T_fuente; csv:T_sumidero; csv:x_b; csv:m_b; csv:eta_t; csv:eta_p; csv:eps_hrvg; csv:eps_reg; csv:eps_cond,"h(P, s, x): el motor teqp no cubre el estado pedido (ver TASK_CONTEXT 2026-09-18-validar-teqp-nh3h2o). Detalle: equilibrio no resoluble en T=471.25 K, P=2.24e+06 Pa, x=0.8826",False,NO_CONVERGIO,,,,,,,155.3,sin cambio de signo,"CicloNoConvergeError: extremos [356.0329, 434.0000] K sin cambio de signo de F (F(lo)=-1.8345, F(hi)=-79.022)",,,,,,,,
3200|1600|470|300.033|0.8|1|0.85|0.75|0.8|0.8|0.8|303.55,303,50,22892,barridos_2026-09-19/fase2_libre/busqueda_libre_v2.csv;barridos_2026-09-19/fase2_libre/ronda6_diagnostico.csv,2,3200.0,1600.0,470.0,300.032917,0.8,1.0,0.85,0.75,0.8,0.8,0.8,303.55,False,csv:P_alta; csv:P_baja; csv:T_fuente; csv:T_sumidero; csv:x_b; csv:m_b; csv:eta_t; csv:eta_p; csv:eps_hrvg; csv:eps_reg; csv:eps_cond,"T_from_Ph(P, h, x): el motor teqp no cubre el estado pedido (ver TASK_CONTEXT 2026-09-18-validar-teqp-nh3h2o). Detalle: h=57264.1 fuera de dominio a P=1.6e+06 Pa, x=0.8088",True,CORREGIBLE,0.060931,76.3526,354.1625,8,0,7,188.0,,"[CORREGIBLE] O2: succión de la bomba bifásica bajo el peor caso de T_amb (riesgo de cavitación) (medido=325.53480774025263, esperado=<= 323.106 K). Causa probable: subenfriamiento insuficiente a la sa",O2,,,,,0,False,
3600|1150|470|300.033|0.8|1|0.85|0.75|0.8|0.8|0.8|303.55,304,49,27548,barridos_2026-09-19/fase2_libre/busqueda_libre_v2.csv;barridos_2026-09-19/fase2_libre/ronda6_diagnostico.csv,2,3600.0,1150.0,470.0,300.032917,0.8,1.0,0.85,0.75,0.8,0.8,0.8,303.55,False,csv:P_alta; csv:P_baja; csv:T_fuente; csv:T_sumidero; csv:x_b; csv:m_b; csv:eta_t; csv:eta_p; csv:eps_hrvg; csv:eps_reg; csv:eps_cond,"T_from_Ph(P, h, x): el motor teqp no cubre el estado pedido (ver TASK_CONTEXT 2026-09-18-validar-teqp-nh3h2o). Detalle: h=49420.2 fuera de dominio a P=1.15e+06 Pa, x=0.8088",True,CORREGIBLE,0.096227,119.7709,359.48,8,0,4,182.5,,"[CORREGIBLE] O2: succión de la bomba bifásica bajo el peor caso de T_amb (riesgo de cavitación) (medido=313.644351618897, esperado=<= 310.774 K). Causa probable: subenfriamiento insuficiente a la sali",O2,,,,,0,False,
3600|1800|470|300.033|0.8|1|0.85|0.75|0.8|0.8|0.8|303.55,305,52,20368,barridos_2026-09-19/fase2_libre/busqueda_libre_v2.csv;barridos_2026-09-19/fase2_libre/ronda6_diagnostico.csv,2,3600.0,1800.0,470.0,300.032917,0.8,1.0,0.85,0.75,0.8,0.8,0.8,303.55,False,csv:P_alta; csv:P_baja; csv:T_fuente; csv:T_sumidero; csv:x_b; csv:m_b; csv:eta_t; csv:eta_p; csv:eps_hrvg; csv:eps_reg; csv:eps_cond,"T_from_Ph(P, h, x): el motor teqp no cubre el estado pedido (ver TASK_CONTEXT 2026-09-18-validar-teqp-nh3h2o). Detalle: h=51120 fuera de dominio a P=1.8e+06 Pa, x=0.8088",True,CORREGIBLE,0.062615,78.0773,359.4355,8,0,6,216.0,,"[CORREGIBLE] O2: succión de la bomba bifásica bajo el peor caso de T_amb (riesgo de cavitación) (medido=329.92200162336763, esperado=<= 327.780 K). Causa probable: subenfriamiento insuficiente a la sa",O2,,,,,0,False,
3600|2520|470|300.033|0.8|1|0.85|0.75|0.8|0.8|0.8|303.55,306,53,25144,barridos_2026-09-19/fase2_libre/busqueda_libre_v2.csv;barridos_2026-09-19/fase2_libre/ronda6_diagnostico.csv,2,3600.0,2520.0,470.0,300.032917,0.8,1.0,0.85,0.75,0.8,0.8,0.8,303.55,False,csv:P_alta; csv:P_baja; csv:T_fuente; csv:T_sumidero; csv:x_b; csv:m_b; csv:eta_t; csv:eta_p; csv:eps_hrvg; csv:eps_reg; csv:eps_cond,"T_from_Ph(P, h, x): el motor teqp no cubre el estado pedido (ver TASK_CONTEXT 2026-09-18-validar-teqp-nh3h2o). Detalle: h=52430 fuera de dominio a P=2.52e+06 Pa, x=0.8088",True,CORREGIBLE,0.033983,42.3442,359.4531,8,0,6,237.7,,"[CORREGIBLE] O2: succión de la bomba bifásica bajo el peor caso de T_amb (riesgo de cavitación) (medido=343.4685044580489, esperado=<= 342.026 K). Causa probable: subenfriamiento insuficiente a la sal",O2,,,,,0,False,
4000|2000|470|300.033|0.8|1|0.85|0.75|0.8|0.8|0.8|303.55,307,52,26924,barridos_2026-09-19/fase2_libre/busqueda_libre_v2.csv;barridos_2026-09-19/fase2_libre/ronda6_diagnostico.csv,2,4000.0,2000.0,470.0,300.032917,0.8,1.0,0.85,0.75,0.8,0.8,0.8,303.55,False,csv:P_alta; csv:P_baja; csv:T_fuente; csv:T_sumidero; csv:x_b; csv:m_b; csv:eta_t; csv:eta_p; csv:eps_hrvg; csv:eps_reg; csv:eps_cond,"T_from_Ph(P, h, x): el motor teqp no cubre el estado pedido (ver TASK_CONTEXT 2026-09-18-validar-teqp-nh3h2o). Detalle: h=46929.4 fuera de dominio a P=2e+06 Pa, x=0.8088",True,CORREGIBLE,0.064161,79.5225,364.3179,8,0,2,191.5,,"[CORREGIBLE] O2: succión de la bomba bifásica bajo el peor caso de T_amb (riesgo de cavitación) (medido=333.9592561542259, esperado=<= 332.094 K). Causa probable: subenfriamiento insuficiente a la sal",O2,,,,,0,False,
2800|895|470|300.033|0.85|1|0.85|0.75|0.8|0.8|0.8|303.55,308,51,22892,barridos_2026-09-19/fase2_libre/busqueda_libre_v2.csv;barridos_2026-09-19/fase2_libre/ronda6_diagnostico.csv,2,2800.0,895.0,470.0,300.032917,0.85,1.0,0.85,0.75,0.8,0.8,0.8,303.55,False,csv:P_alta; csv:P_baja; csv:T_fuente; csv:T_sumidero; csv:x_b; csv:m_b; csv:eta_t; csv:eta_p; csv:eps_hrvg; csv:eps_reg; csv:eps_cond,"T_from_Ph(P, h, x): el motor teqp no cubre el estado pedido (ver TASK_CONTEXT 2026-09-18-validar-teqp-nh3h2o). Detalle: h=68987.7 fuera de dominio a P=8.95e+05 Pa, x=0.8570",True,CORREGIBLE,0.092492,108.4594,345.2148,8,0,11,174.1,,"[CORREGIBLE] O2: succión de la bomba bifásica bajo el peor caso de T_amb (riesgo de cavitación) (medido=307.63788153626217, esperado=<= 299.818 K). Causa probable: subenfriamiento insuficiente a la sa",O2,,,,,0,False,
2800|1400|470|300.033|0.85|1|0.85|0.75|0.8|0.8|0.8|303.55,309,50,27548,barridos_2026-09-19/fase2_libre/busqueda_libre_v2.csv;barridos_2026-09-19/fase2_libre/ronda6_diagnostico.csv,2,2800.0,1400.0,470.0,300.032917,0.85,1.0,0.85,0.75,0.8,0.8,0.8,303.55,False,csv:P_alta; csv:P_baja; csv:T_fuente; csv:T_sumidero; csv:x_b; csv:m_b; csv:eta_t; csv:eta_p; csv:eps_hrvg; csv:eps_reg; csv:eps_cond,"T_from_Ph(P, h, x): el motor teqp no cubre el estado pedido (ver TASK_CONTEXT 2026-09-18-validar-teqp-nh3h2o). Detalle: h=71320.3 fuera de dominio a P=1.4e+06 Pa, x=0.8570",True,CORREGIBLE,0.061422,74.1682,344.7272,8,0,11,181.5,,"[CORREGIBLE] O2: succión de la bomba bifásica bajo el peor caso de T_amb (riesgo de cavitación) (medido=317.1995292856258, esperado=<= 315.463 K). Causa probable: subenfriamiento insuficiente a la sal",O2,,,,,0,False,
2800|1960|470|300.033|0.85|1|0.85|0.75|0.8|0.8|0.8|303.55,310,53,20368,barridos_2026-09-19/fase2_libre/busqueda_libre_v2.csv;barridos_2026-09-19/fase2_libre/ronda6_diagnostico.csv,2,2800.0,1960.0,470.0,300.032917,0.85,1.0,0.85,0.75,0.8,0.8,0.8,303.55,False,csv:P_alta; csv:P_baja; csv:T_fuente; csv:T_sumidero; csv:x_b; csv:m_b; csv:eta_t; csv:eta_p; csv:eps_hrvg; csv:eps_reg; csv:eps_cond,"T_from_Ph(P, h, x): el motor teqp no cubre el estado pedido (ver TASK_CONTEXT 2026-09-18-validar-teqp-nh3h2o). Detalle: h=73130.3 fuera de dominio a P=1.96e+06 Pa, x=0.8570",True,CORREGIBLE,0.033252,40.1898,344.7122,8,0,12,188.5,,"[CORREGIBLE] O2: succión de la bomba bifásica bajo el peor caso de T_amb (riesgo de cavitación) (medido=329.90326783741546, esperado=<= 328.501 K). Causa probable: subenfriamiento insuficiente a la sa",O2,,,,,0,False,
3200|1025|470|300.033|0.85|1|0.85|0.75|0.8|0.8|0.8|303.55,311,54,25144,barridos_2026-09-19/fase2_libre/busqueda_libre_v2.csv;barridos_2026-09-19/fase2_libre/ronda6_diagnostico.csv,2,3200.0,1025.0,470.0,300.032917,0.85,1.0,0.85,0.75,0.8,0.8,0.8,303.55,False,csv:P_alta; csv:P_baja; csv:T_fuente; csv:T_sumidero; csv:x_b; csv:m_b; csv:eta_t; csv:eta_p; csv:eps_hrvg; csv:eps_reg; csv:eps_cond,"T_from_Ph(P, h, x): el motor teqp no cubre el estado pedido (ver TASK_CONTEXT 2026-09-18-validar-teqp-nh3h2o). Detalle: h=59123.2 fuera de dominio a P=1.025e+06 Pa, x=0.8570",True,CORREGIBLE,0.097171,116.508,350.5811,8,0,9,133.7,,"[CORREGIBLE] O2: succión de la bomba bifásica bajo el peor caso de T_amb (riesgo de cavitación) (medido=306.30602202602057, esperado=<= 304.374 K). Causa probable: subenfriamiento insuficiente a la sa",O2,,,,,0,False,
3200|1600|470|300.033|0.85|1|0.85|0.75|0.8|0.8|0.8|303.55,312,53,26924,barridos_2026-09-19/fase2_libre/busqueda_libre_v2.csv;barridos_2026-09-19/fase2_libre/ronda6_diagnostico.csv,2,3200.0,1600.0,470.0,300.032917,0.85,1.0,0.85,0.75,0.8,0.8,0.8,303.55,False,csv:P_alta; csv:P_baja; csv:T_fuente; csv:T_sumidero; csv:x_b; csv:m_b; csv:eta_t; csv:eta_p; csv:eps_hrvg; csv:eps_reg; csv:eps_cond,"T_from_Ph(P, h, x): el motor teqp no cubre el estado pedido (ver TASK_CONTEXT 2026-09-18-validar-teqp-nh3h2o). Detalle: h=61124.3 fuera de dominio a P=1.6e+06 Pa, x=0.8570",True,CORREGIBLE,0.063242,76.0452,350.5355,8,0,10,142.4,,"[CORREGIBLE] O2: succión de la bomba bifásica bajo el peor caso de T_amb (riesgo de cavitación) (medido=322.05843116483, esperado=<= 320.496 K). Causa probable: subenfriamiento insuficiente a la salid",O2,,,,,0,False,
3600|1150|470|300.033|0.85|1|0.85|0.75|0.8|0.8|0.8|303.55,313,52,22892,barridos_2026-09-19/fase2_libre/busqueda_libre_v2.csv;barridos_2026-09-19/fase2_libre/ronda6_diagnostico.csv,2,3600.0,1150.0,470.0,300.032917,0.85,1.0,0.85,0.75,0.8,0.8,0.8,303.55,False,csv:P_alta; csv:P_baja; csv:T_fuente; csv:T_sumidero; csv:x_b; csv:m_b; csv:eta_t; csv:eta_p; csv:eps_hrvg; csv:eps_reg; csv:eps_cond,"T_from_Ph(P, h, x): el motor teqp no cubre el estado pedido (ver TASK_CONTEXT 2026-09-18-validar-teqp-nh3h2o). Detalle: equilibrio no resoluble en T=480.89 K, P=3.6e+06 Pa, x=0.8570",True,CORREGIBLE,0.09984,119.2851,355.8623,8,0,8,144.8,,"[CORREGIBLE] O2: succión de la bomba bifásica bajo el peor caso de T_amb (riesgo de cavitación) (medido=310.1650475552313, esperado=<= 308.363 K). Causa probable: subenfriamiento insuficiente a la sal",O2,,,,,0,False,
3600|2520|470|300.033|0.85|1|0.85|0.75|0.8|0.8|0.8|303.55,315,54,20368,barridos_2026-09-19/fase2_libre/busqueda_libre_v2.csv;barridos_2026-09-19/fase2_libre/ronda6_diagnostico.csv,2,3600.0,2520.0,470.0,300.032917,0.85,1.0,0.85,0.75,0.8,0.8,0.8,303.55,False,csv:P_alta; csv:P_baja; csv:T_fuente; csv:T_sumidero; csv:x_b; csv:m_b; csv:eta_t; csv:eta_p; csv:eps_hrvg; csv:eps_reg; csv:eps_cond,"h(P, s, x): el motor teqp no cubre el estado pedido (ver TASK_CONTEXT 2026-09-18-validar-teqp-nh3h2o). Detalle: equilibrio no resoluble en T=454.86 K, P=2.52e+06 Pa, x=0.9185",False,NO_CONVERGIO,,,,,,,114.4,sin cambio de signo,"CicloNoConvergeError: extremos [361.0329, 429.0000] K sin cambio de signo de F (F(lo)=-5.114, F(hi)=-72.602)",,,,,,,,
3200|2240|470|300.033|0.85|1|0.85|0.75|0.8|0.8|0.8|303.55,314,51,27548,barridos_2026-09-19/fase2_libre/busqueda_libre_v2.csv;barridos_2026-09-19/fase2_libre/ronda6_diagnostico.csv,2,3200.0,2240.0,470.0,300.032917,0.85,1.0,0.85,0.75,0.8,0.8,0.8,303.55,False,csv:P_alta; csv:P_baja; csv:T_fuente; csv:T_sumidero; csv:x_b; csv:m_b; csv:eta_t; csv:eta_p; csv:eps_hrvg; csv:eps_reg; csv:eps_cond,"T_from_Ph(P, h, x): el motor teqp no cubre el estado pedido (ver TASK_CONTEXT 2026-09-18-validar-teqp-nh3h2o). Detalle: h=62697.4 fuera de dominio a P=2.24e+06 Pa, x=0.8570",True,CORREGIBLE,0.03427,41.2148,350.5331,8,0,10,171.6,,"[CORREGIBLE] O2: succión de la bomba bifásica bajo el peor caso de T_amb (riesgo de cavitación) (medido=335.2043445209346, esperado=<= 334.018 K). Causa probable: subenfriamiento insuficiente a la sal",O2,,,,,0,False,
3600|1800|470|300.033|0.85|1|0.85|0.75|0.8|0.8|0.8|303.55,316,55,25144,barridos_2026-09-19/fase2_libre/busqueda_libre_v2.csv;barridos_2026-09-19/fase2_libre/ronda6_diagnostico.csv,2,3600.0,1800.0,470.0,300.032917,0.85,1.0,0.85,0.75,0.8,0.8,0.8,303.55,False,csv:P_alta; csv:P_baja; csv:T_fuente; csv:T_sumidero; csv:x_b; csv:m_b; csv:eta_t; csv:eta_p; csv:eps_hrvg; csv:eps_reg; csv:eps_cond,"T_from_Ph(P, h, x): el motor teqp no cubre el estado pedido (ver TASK_CONTEXT 2026-09-18-validar-teqp-nh3h2o). Detalle: equilibrio no resoluble en T=480.89 K, P=3.6e+06 Pa, x=0.8570",True,CORREGIBLE,0.064928,77.7333,355.83,8,0,8,146.3,,"[CORREGIBLE] O2: succión de la bomba bifásica bajo el peor caso de T_amb (riesgo de cavitación) (medido=326.48341086295466, esperado=<= 325.088 K). Causa probable: subenfriamiento insuficiente a la sa",O2,,,,,0,False,
4000|1280|470|300.033|0.85|1|0.85|0.75|0.8|0.8|0.8|303.55,317,54,26924,barridos_2026-09-19/fase2_libre/busqueda_libre_v2.csv;barridos_2026-09-19/fase2_libre/ronda6_diagnostico.csv,2,4000.0,1280.0,470.0,300.032917,0.85,1.0,0.85,0.75,0.8,0.8,0.8,303.55,False,csv:P_alta; csv:P_baja; csv:T_fuente; csv:T_sumidero; csv:x_b; csv:m_b; csv:eta_t; csv:eta_p; csv:eps_hrvg; csv:eps_reg; csv:eps_cond,"T_from_Ph(P, h, x): el motor teqp no cubre el estado pedido (ver TASK_CONTEXT 2026-09-18-validar-teqp-nh3h2o). Detalle: equilibrio no resoluble en T=480.07 K, P=4e+06 Pa, x=0.8570",True,CORREGIBLE,0.102012,121.367,360.7338,8,0,5,163.4,,"[CORREGIBLE] O2: succión de la bomba bifásica bajo el peor caso de T_amb (riesgo de cavitación) (medido=313.8570484231339, esperado=<= 312.183 K). Causa probable: subenfriamiento insuficiente a la sal",O2,,,,,0,False,
4500|1440|470|300.033|0.85|1|0.85|0.75|0.8|0.8|0.8|303.55,319,55,20368,barridos_2026-09-19/fase2_libre/busqueda_libre_v2.csv;barridos_2026-09-19/fase2_libre/ronda6_diagnostico.csv,2,4500.0,1440.0,470.0,300.032917,0.85,1.0,0.85,0.75,0.8,0.8,0.8,303.55,False,csv:P_alta; csv:P_baja; csv:T_fuente; csv:T_sumidero; csv:x_b; csv:m_b; csv:eta_t; csv:eta_p; csv:eps_hrvg; csv:eps_reg; csv:eps_cond,"T_from_Ph(P, h, x): el motor teqp no cubre el estado pedido (ver TASK_CONTEXT 2026-09-18-validar-teqp-nh3h2o). Detalle: equilibrio no resoluble en T=479.01 K, P=4.5e+06 Pa, x=0.8570",True,CORREGIBLE,0.104272,123.1962,362.6992,8,0,1,108.5,,"[CORREGIBLE] O2: succión de la bomba bifásica bajo el peor caso de T_amb (riesgo de cavitación) (medido=318.0295720138639, esperado=<= 316.510 K). Causa probable: subenfriamiento insuficiente a la sal",O2,,,,,0,False,
4500|2250|470|300.033|0.85|1|0.85|0.75|0.8|0.8|0.8|303.55,320,52,27548,barridos_2026-09-19/fase2_libre/busqueda_libre_v2.csv;barridos_2026-09-19/fase2_libre/ronda6_diagnostico.csv,2,4500.0,2250.0,470.0,300.032917,0.85,1.0,0.85,0.75,0.8,0.8,0.8,303.55,False,csv:P_alta; csv:P_baja; csv:T_fuente; csv:T_sumidero; csv:x_b; csv:m_b; csv:eta_t; csv:eta_p; csv:eps_hrvg; csv:eps_reg; csv:eps_cond,"T_from_Ph(P, h, x): el motor teqp no cubre el estado pedido (ver TASK_CONTEXT 2026-09-18-validar-teqp-nh3h2o). Detalle: equilibrio no resoluble en T=479.01 K, P=4.5e+06 Pa, x=0.8570",True,CORREGIBLE,0.067829,80.1572,362.6386,9,0,2,119.7,,"[CORREGIBLE] O2: succión de la bomba bifásica bajo el peor caso de T_amb (riesgo de cavitación) (medido=335.23657921339606, esperado=<= 334.205 K). Causa probable: subenfriamiento insuficiente a la sa",O2,,,,,0,False,
4000|2000|470|300.033|0.85|1|0.85|0.75|0.8|0.8|0.8|303.55,318,53,22892,barridos_2026-09-19/fase2_libre/busqueda_libre_v2.csv;barridos_2026-09-19/fase2_libre/ronda6_diagnostico.csv,2,4000.0,2000.0,470.0,300.032917,0.85,1.0,0.85,0.75,0.8,0.8,0.8,303.55,False,csv:P_alta; csv:P_baja; csv:T_fuente; csv:T_sumidero; csv:x_b; csv:m_b; csv:eta_t; csv:eta_p; csv:eps_hrvg; csv:eps_reg; csv:eps_cond,"T_from_Ph(P, h, x): el motor teqp no cubre el estado pedido (ver TASK_CONTEXT 2026-09-18-validar-teqp-nh3h2o). Detalle: equilibrio no resoluble en T=480.07 K, P=4e+06 Pa, x=0.8570",True,CORREGIBLE,0.066483,79.1896,360.7156,8,0,7,166.2,,"[CORREGIBLE] O2: succión de la bomba bifásica bajo el peor caso de T_amb (riesgo de cavitación) (medido=330.5547755935161, esperado=<= 329.323 K). Causa probable: subenfriamiento insuficiente a la sal",O2,,,,,0,False,
4500|3150|470|300.033|0.85|1|0.85|0.75|0.8|0.8|0.8|303.55,321,56,25144,barridos_2026-09-19/fase2_libre/busqueda_libre_v2.csv;barridos_2026-09-19/fase2_libre/ronda6_diagnostico.csv,2,4500.0,3150.0,470.0,300.032917,0.85,1.0,0.85,0.75,0.8,0.8,0.8,303.55,False,csv:P_alta; csv:P_baja; csv:T_fuente; csv:T_sumidero; csv:x_b; csv:m_b; csv:eta_t; csv:eta_p; csv:eps_hrvg; csv:eps_reg; csv:eps_cond,"T_from_Ph(P, h, x): el motor teqp no cubre el estado pedido (ver TASK_CONTEXT 2026-09-18-validar-teqp-nh3h2o). Detalle: equilibrio no resoluble en T=479.01 K, P=4.5e+06 Pa, x=0.8570",True,CORREGIBLE,0.03661,43.1769,363.1913,8,0,4,140.7,,"[CORREGIBLE] O2: succión de la bomba bifásica bajo el peor caso de T_amb (riesgo de cavitación) (medido=349.59984739721926, esperado=<= 349.091 K). Causa probable: subenfriamiento insuficiente a la sa",O2,,,,,0,False,
2800|895|480|300.033|0.7|1|0.85|0.75|0.8|0.8|0.8|303.55,322,55,26924,barridos_2026-09-19/fase2_libre/busqueda_libre_v2.csv;barridos_2026-09-19/fase2_libre/ronda6_diagnostico.csv,2,2800.0,895.0,480.0,300.032917,0.7,1.0,0.85,0.75,0.8,0.8,0.8,303.55,False,csv:P_alta; csv:P_baja; csv:T_fuente; csv:T_sumidero; csv:x_b; csv:m_b; csv:eta_t; csv:eta_p; csv:eps_hrvg; csv:eps_reg; csv:eps_cond,"T_from_Ph(P, h, x): el motor teqp no cubre el estado pedido (ver TASK_CONTEXT 2026-09-18-validar-teqp-nh3h2o). Detalle: h=79204.9 fuera de dominio a P=8.95e+05 Pa, x=0.7117",True,CORREGIBLE,0.085425,117.4096,357.8771,8,0,8,113.3,,"[CORREGIBLE] O2: succión de la bomba bifásica bajo el peor caso de T_amb (riesgo de cavitación) (medido=315.46386461470144, esperado=<= 308.351 K). Causa probable: subenfriamiento insuficiente a la sa",O2,,,,,0,False,
2800|1400|480|300.033|0.7|1|0.85|0.75|0.8|0.8|0.8|303.55,323,56,20368,barridos_2026-09-19/fase2_libre/busqueda_libre_v2.csv;barridos_2026-09-19/fase2_libre/ronda6_diagnostico.csv,2,2800.0,1400.0,480.0,300.032917,0.7,1.0,0.85,0.75,0.8,0.8,0.8,303.55,False,csv:P_alta; csv:P_baja; csv:T_fuente; csv:T_sumidero; csv:x_b; csv:m_b; csv:eta_t; csv:eta_p; csv:eps_hrvg; csv:eps_reg; csv:eps_cond,"T_from_Ph(P, h, x): el motor teqp no cubre el estado pedido (ver TASK_CONTEXT 2026-09-18-validar-teqp-nh3h2o). Detalle: h=81803.2 fuera de dominio a P=1.4e+06 Pa, x=0.7117",True,CORREGIBLE,0.055406,76.3418,357.7427,8,0,8,106.3,,"[CORREGIBLE] O2: succión de la bomba bifásica bajo el peor caso de T_amb (riesgo de cavitación) (medido=330.2708558614788, esperado=<= 324.738 K). Causa probable: subenfriamiento insuficiente a la sal",O2,,,,,0,False,
2800|1960|480|300.033|0.7|1|0.85|0.75|0.8|0.8|0.8|303.55,324,53,27548,barridos_2026-09-19/fase2_libre/busqueda_libre_v2.csv;barridos_2026-09-19/fase2_libre/ronda6_diagnostico.csv,2,2800.0,1960.0,480.0,300.032917,0.7,1.0,0.85,0.75,0.8,0.8,0.8,303.55,False,csv:P_alta; csv:P_baja; csv:T_fuente; csv:T_sumidero; csv:x_b; csv:m_b; csv:eta_t; csv:eta_p; csv:eps_hrvg; csv:eps_reg; csv:eps_cond,"T_from_Ph(P, h, x): el motor teqp no cubre el estado pedido (ver TASK_CONTEXT 2026-09-18-validar-teqp-nh3h2o). Detalle: h=83836.1 fuera de dominio a P=1.96e+06 Pa, x=0.7117",True,CORREGIBLE,0.029992,41.3352,357.7302,8,0,8,108.0,,"[CORREGIBLE] O2: succión de la bomba bifásica bajo el peor caso de T_amb (riesgo de cavitación) (medido=342.6202679453748, esperado=<= 338.489 K). Causa probable: subenfriamiento insuficiente a la sal",O2,,,,,0,False,
3200|1025|480|300.033|0.7|1|0.85|0.75|0.8|0.8|0.8|303.55,325,54,22892,barridos_2026-09-19/fase2_libre/busqueda_libre_v2.csv;barridos_2026-09-19/fase2_libre/ronda6_diagnostico.csv,2,3200.0,1025.0,480.0,300.032917,0.7,1.0,0.85,0.75,0.8,0.8,0.8,303.55,False,csv:P_alta; csv:P_baja; csv:T_fuente; csv:T_sumidero; csv:x_b; csv:m_b; csv:eta_t; csv:eta_p; csv:eps_hrvg; csv:eps_reg; csv:eps_cond,"T_from_Ph(P, h, x): el motor teqp no cubre el estado pedido (ver TASK_CONTEXT 2026-09-18-validar-teqp-nh3h2o). Detalle: h=62997.7 fuera de dominio a P=1.025e+06 Pa, x=0.7117",True,CORREGIBLE,0.087751,120.064,363.403,8,0,6,98.2,,"[CORREGIBLE] O2: succión de la bomba bifásica bajo el peor caso de T_amb (riesgo de cavitación) (medido=319.58991350926044, esperado=<= 313.111 K). Causa probable: subenfriamiento insuficiente a la sa",O2,,,,,0,False,
3200|1600|480|300.033|0.7|1|0.85|0.75|0.8|0.8|0.8|303.55,326,57,25144,barridos_2026-09-19/fase2_libre/busqueda_libre_v2.csv;barridos_2026-09-19/fase2_libre/ronda6_diagnostico.csv,2,3200.0,1600.0,480.0,300.032917,0.7,1.0,0.85,0.75,0.8,0.8,0.8,303.55,False,csv:P_alta; csv:P_baja; csv:T_fuente; csv:T_sumidero; csv:x_b; csv:m_b; csv:eta_t; csv:eta_p; csv:eps_hrvg; csv:eps_reg; csv:eps_cond,"T_from_Ph(P, h, x): el motor teqp no cubre el estado pedido (ver TASK_CONTEXT 2026-09-18-validar-teqp-nh3h2o). Detalle: h=65076.4 fuera de dominio a P=1.6e+06 Pa, x=0.7117",True,CORREGIBLE,0.057088,78.2448,363.3148,8,0,6,111.0,,"[CORREGIBLE] O2: succión de la bomba bifásica bajo el peor caso de T_amb (riesgo de cavitación) (medido=334.85648755545657, esperado=<= 330.035 K). Causa probable: subenfriamiento insuficiente a la sa",O2,,,,,0,False,
3200|2240|480|300.033|0.7|1|0.85|0.75|0.8|0.8|0.8|303.55,327,56,26924,barridos_2026-09-19/fase2_libre/busqueda_libre_v2.csv;barridos_2026-09-19/fase2_libre/ronda6_diagnostico.csv,2,3200.0,2240.0,480.0,300.032917,0.7,1.0,0.85,0.75,0.8,0.8,0.8,303.55,False,csv:P_alta; csv:P_baja; csv:T_fuente; csv:T_sumidero; csv:x_b; csv:m_b; csv:eta_t; csv:eta_p; csv:eps_hrvg; csv:eps_reg; csv:eps_cond,"T_from_Ph(P, h, x): el motor teqp no cubre el estado pedido (ver TASK_CONTEXT 2026-09-18-validar-teqp-nh3h2o). Detalle: h=66708.8 fuera de dominio a P=2.24e+06 Pa, x=0.7117",True,CORREGIBLE,0.030941,42.3869,363.3393,8,0,6,115.4,,"[CORREGIBLE] O2: succión de la bomba bifásica bajo el peor caso de T_amb (riesgo de cavitación) (medido=347.6671486333494, esperado=<= 344.337 K). Causa probable: subenfriamiento insuficiente a la sal",O2,,,,,0,False,
3600|1150|480|300.033|0.7|1|0.85|0.75|0.8|0.8|0.8|303.55,328,57,20368,barridos_2026-09-19/fase2_libre/busqueda_libre_v2.csv;barridos_2026-09-19/fase2_libre/ronda6_diagnostico.csv,2,3600.0,1150.0,480.0,300.032917,0.7,1.0,0.85,0.75,0.8,0.8,0.8,303.55,False,csv:P_alta; csv:P_baja; csv:T_fuente; csv:T_sumidero; csv:x_b; csv:m_b; csv:eta_t; csv:eta_p; csv:eps_hrvg; csv:eps_reg; csv:eps_cond,"T_from_Ph(P, h, x): el motor teqp no cubre el estado pedido (ver TASK_CONTEXT 2026-09-18-validar-teqp-nh3h2o). Detalle: h=53841.7 fuera de dominio a P=1.15e+06 Pa, x=0.7117",True,CORREGIBLE,0.090219,122.8533,368.4642,8,0,5,126.8,,"[CORREGIBLE] O2: succión de la bomba bifásica bajo el peor caso de T_amb (riesgo de cavitación) (medido=323.19991254083595, esperado=<= 317.287 K). Causa probable: subenfriamiento insuficiente a la sa",O2,,,,,0,False,
4000|1280|480|300.033|0.7|1|0.85|0.75|0.8|0.8|0.8|303.55,330,55,22892,barridos_2026-09-19/fase2_libre/busqueda_libre_v2.csv;barridos_2026-09-19/fase2_libre/ronda6_diagnostico.csv,2,4000.0,1280.0,480.0,300.032917,0.7,1.0,0.85,0.75,0.8,0.8,0.8,303.55,False,csv:P_alta; csv:P_baja; csv:T_fuente; csv:T_sumidero; csv:x_b; csv:m_b; csv:eta_t; csv:eta_p; csv:eps_hrvg; csv:eps_reg; csv:eps_cond,"T_from_Ph(P, h, x): el motor teqp no cubre el estado pedido (ver TASK_CONTEXT 2026-09-18-validar-teqp-nh3h2o). Detalle: h=47927.2 fuera de dominio a P=1.28e+06 Pa, x=0.7117",True,CORREGIBLE,0.092198,124.7027,373.2271,8,0,1,124.7,,"[CORREGIBLE] O2: succión de la bomba bifásica bajo el peor caso de T_amb (riesgo de cavitación) (medido=326.64884816817215, esperado=<= 321.293 K). Causa probable: subenfriamiento insuficiente a la sa",O2,,,,,0,False,
3600|1800|480|300.033|0.7|1|0.85|0.75|0.8|0.8|0.8|303.55,329,54,27548,barridos_2026-09-19/fase2_libre/busqueda_libre_v2.csv;barridos_2026-09-19/fase2_libre/ronda6_diagnostico.csv,2,3600.0,1800.0,480.0,300.032917,0.7,1.0,0.85,0.75,0.8,0.8,0.8,303.55,False,csv:P_alta; csv:P_baja; csv:T_fuente; csv:T_sumidero; csv:x_b; csv:m_b; csv:eta_t; csv:eta_p; csv:eps_hrvg; csv:eps_reg; csv:eps_cond,"T_from_Ph(P, h, x): el motor teqp no cubre el estado pedido (ver TASK_CONTEXT 2026-09-18-validar-teqp-nh3h2o). Detalle: h=55644 fuera de dominio a P=1.8e+06 Pa, x=0.7117",True,CORREGIBLE,0.058669,79.9647,368.4181,8,0,5,147.2,,"[CORREGIBLE] O2: succión de la bomba bifásica bajo el peor caso de T_amb (riesgo de cavitación) (medido=339.04271960250907, esperado=<= 334.880 K). Causa probable: subenfriamiento insuficiente a la sa",O2,,,,,0,False,
3600|2520|480|300.033|0.7|1|0.85|0.75|0.8|0.8|0.8|303.55,331,58,25144,barridos_2026-09-19/fase2_libre/busqueda_libre_v2.csv;barridos_2026-09-19/fase2_libre/ronda6_diagnostico.csv,2,3600.0,2520.0,480.0,300.032917,0.7,1.0,0.85,0.75,0.8,0.8,0.8,303.55,False,csv:P_alta; csv:P_baja; csv:T_fuente; csv:T_sumidero; csv:x_b; csv:m_b; csv:eta_t; csv:eta_p; csv:eps_hrvg; csv:eps_reg; csv:eps_cond,"T_from_Ph(P, h, x): el motor teqp no cubre el estado pedido (ver TASK_CONTEXT 2026-09-18-validar-teqp-nh3h2o). Detalle: h=57031.6 fuera de dominio a P=2.52e+06 Pa, x=0.7117",True,CORREGIBLE,0.031833,43.3394,368.4729,8,0,5,127.0,,"[CORREGIBLE] O2: succión de la bomba bifásica bajo el peor caso de T_amb (riesgo de cavitación) (medido=352.2812418417524, esperado=<= 349.698 K). Causa probable: subenfriamiento insuficiente a la sal",O2,,,,,0,False,
4500|1440|480|300.033|0.7|1|0.85|0.75|0.8|0.8|0.8|303.55,332,57,26924,barridos_2026-09-19/fase2_libre/busqueda_libre_v2.csv;barridos_2026-09-19/fase2_libre/ronda6_diagnostico.csv,2,4500.0,1440.0,480.0,300.032917,0.7,1.0,0.85,0.75,0.8,0.8,0.8,303.55,False,csv:P_alta; csv:P_baja; csv:T_fuente; csv:T_sumidero; csv:x_b; csv:m_b; csv:eta_t; csv:eta_p; csv:eps_hrvg; csv:eps_reg; csv:eps_cond,"T_from_Ph(P, h, x): el motor teqp no cubre el estado pedido (ver TASK_CONTEXT 2026-09-18-validar-teqp-nh3h2o). Detalle: equilibrio no resoluble en T=518.99 K, P=4.5e+06 Pa, x=0.7117",True,CORREGIBLE,0.094127,126.1145,375.6071,8,1,0,114.7,,"[CORREGIBLE] O2: succión de la bomba bifásica bajo el peor caso de T_amb (riesgo de cavitación) (medido=330.55251616932713, esperado=<= 325.839 K). Causa probable: subenfriamiento insuficiente a la sa",O2,,,,,0,False,
4500|2250|480|300.033|0.7|1|0.85|0.75|0.8|0.8|0.8|303.55,333,58,20368,barridos_2026-09-19/fase2_libre/busqueda_libre_v2.csv;barridos_2026-09-19/fase2_libre/ronda6_diagnostico.csv,2,4500.0,2250.0,480.0,300.032917,0.7,1.0,0.85,0.75,0.8,0.8,0.8,303.55,False,csv:P_alta; csv:P_baja; csv:T_fuente; csv:T_sumidero; csv:x_b; csv:m_b; csv:eta_t; csv:eta_p; csv:eps_hrvg; csv:eps_reg; csv:eps_cond,"T_from_Ph(P, h, x): el motor teqp no cubre el estado pedido (ver TASK_CONTEXT 2026-09-18-validar-teqp-nh3h2o). Detalle: equilibrio no resoluble en T=518.99 K, P=4.5e+06 Pa, x=0.7117",True,CORREGIBLE,0.061076,81.7872,375.7791,8,1,0,111.3,,"[CORREGIBLE] O2: succión de la bomba bifásica bajo el peor caso de T_amb (riesgo de cavitación) (medido=347.3283718662816, esperado=<= 344.536 K). Causa probable: subenfriamiento insuficiente a la sal",O2,,,,,0,False,
4500|3150|480|300.033|0.7|1|0.85|0.75|0.8|0.8|0.8|303.55,334,56,22892,barridos_2026-09-19/fase2_libre/busqueda_libre_v2.csv;barridos_2026-09-19/fase2_libre/ronda6_diagnostico.csv,2,4500.0,3150.0,480.0,300.032917,0.7,1.0,0.85,0.75,0.8,0.8,0.8,303.55,False,csv:P_alta; csv:P_baja; csv:T_fuente; csv:T_sumidero; csv:x_b; csv:m_b; csv:eta_t; csv:eta_p; csv:eps_hrvg; csv:eps_reg; csv:eps_cond,"T_from_Ph(P, h, x): el motor teqp no cubre el estado pedido (ver TASK_CONTEXT 2026-09-18-validar-teqp-nh3h2o). Detalle: equilibrio no resoluble en T=518.99 K, P=4.5e+06 Pa, x=0.7117",True,CORREGIBLE,0.032789,43.8061,376.5137,8,1,0,119.3,,"[CORREGIBLE] O2: succión de la bomba bifásica bajo el peor caso de T_amb (riesgo de cavitación) (medido=361.4339930754496, esperado=<= 360.421 K). Causa probable: subenfriamiento insuficiente a la sal",O2,,,,,0,False,
4500|2250|460|300.033|0.85|1|0.85|0.75|0.8|0.8|0.8|303.55,281,48,22476,barridos_2026-09-19/fase2_libre/busqueda_libre_v2.csv;barridos_2026-09-19/fase2_libre/ronda6_diagnostico.csv,2,4500.0,2250.0,460.0,300.032917,0.85,1.0,0.85,0.75,0.8,0.8,0.8,303.55,False,csv:P_alta; csv:P_baja; csv:T_fuente; csv:T_sumidero; csv:x_b; csv:m_b; csv:eta_t; csv:eta_p; csv:eps_hrvg; csv:eps_reg; csv:eps_cond,"T_from_Ph(P, h, x): el motor teqp no cubre el estado pedido (ver TASK_CONTEXT 2026-09-18-validar-teqp-nh3h2o). Detalle: equilibrio no resoluble en T=480.95 K, P=2.25e+06 Pa, x=0.8570",False,NO_CONVERGIO,,,,,,,1533.8,otro,CicloNoConvergeError: lazo interior (frio) no convergio tras max_iter_frio,,,,,,,,
4000|2000|480|300.033|0.7|1|0.85|0.75|0.8|0.8|0.8|303.55,335,55,27548,barridos_2026-09-19/fase2_libre/busqueda_libre_v2.csv;barridos_2026-09-19/fase2_libre/ronda6_diagnostico.csv,2,4000.0,2000.0,480.0,300.032917,0.7,1.0,0.85,0.75,0.8,0.8,0.8,303.55,False,csv:P_alta; csv:P_baja; csv:T_fuente; csv:T_sumidero; csv:x_b; csv:m_b; csv:eta_t; csv:eta_p; csv:eps_hrvg; csv:eps_reg; csv:eps_cond,"T_from_Ph(P, h, x): el motor teqp no cubre el estado pedido (ver TASK_CONTEXT 2026-09-18-validar-teqp-nh3h2o). Detalle: h=49520.5 fuera de dominio a P=2e+06 Pa, x=0.7117",True,CORREGIBLE,0.060022,81.2021,373.2157,8,0,3,127.3,,"[CORREGIBLE] O2: succión de la bomba bifásica bajo el peor caso de T_amb (riesgo de cavitación) (medido=342.8907086909026, esperado=<= 339.358 K). Causa probable: subenfriamiento insuficiente a la sal",O2,,,,,0,False,
2800|895|480|300.033|0.75|1|0.85|0.75|0.8|0.8|0.8|303.55,336,59,25144,barridos_2026-09-19/fase2_libre/busqueda_libre_v2.csv;barridos_2026-09-19/fase2_libre/ronda6_diagnostico.csv,2,2800.0,895.0,480.0,300.032917,0.75,1.0,0.85,0.75,0.8,0.8,0.8,303.55,False,csv:P_alta; csv:P_baja; csv:T_fuente; csv:T_sumidero; csv:x_b; csv:m_b; csv:eta_t; csv:eta_p; csv:eps_hrvg; csv:eps_reg; csv:eps_cond,"T_from_Ph(P, h, x): el motor teqp no cubre el estado pedido (ver TASK_CONTEXT 2026-09-18-validar-teqp-nh3h2o). Detalle: h=85113.3 fuera de dominio a P=8.95e+05 Pa, x=0.7604",True,CORREGIBLE,0.087707,116.2198,352.8504,8,0,9,111.6,,"[CORREGIBLE] O2: succión de la bomba bifásica bajo el peor caso de T_amb (riesgo de cavitación) (medido=310.0590976665607, esperado=<= 304.892 K). Causa probable: subenfriamiento insuficiente a la sal",O2,,,,,0,False,
2800|1400|480|300.033|0.75|1|0.85|0.75|0.8|0.8|0.8|303.55,337,58,26924,barridos_2026-09-19/fase2_libre/busqueda_libre_v2.csv;barridos_2026-09-19/fase2_libre/ronda6_diagnostico.csv,2,2800.0,1400.0,480.0,300.032917,0.75,1.0,0.85,0.75,0.8,0.8,0.8,303.55,False,csv:P_alta; csv:P_baja; csv:T_fuente; csv:T_sumidero; csv:x_b; csv:m_b; csv:eta_t; csv:eta_p; csv:eps_hrvg; csv:eps_reg; csv:eps_cond,"T_from_Ph(P, h, x): el motor teqp no cubre el estado pedido (ver TASK_CONTEXT 2026-09-18-validar-teqp-nh3h2o). Detalle: h=87912.6 fuera de dominio a P=1.4e+06 Pa, x=0.7604",True,CORREGIBLE,0.056907,75.6422,352.73,8,0,10,114.0,,"[CORREGIBLE] O2: succión de la bomba bifásica bajo el peor caso de T_amb (riesgo de cavitación) (medido=325.12471608296624, esperado=<= 321.021 K). Causa probable: subenfriamiento insuficiente a la sa",O2,,,,,0,False,
3200|1025|480|300.033|0.75|1|0.85|0.75|0.8|0.8|0.8|303.55,339,57,22892,barridos_2026-09-19/fase2_libre/busqueda_libre_v2.csv;barridos_2026-09-19/fase2_libre/ronda6_diagnostico.csv,2,3200.0,1025.0,480.0,300.032917,0.75,1.0,0.85,0.75,0.8,0.8,0.8,303.55,False,csv:P_alta; csv:P_baja; csv:T_fuente; csv:T_sumidero; csv:x_b; csv:m_b; csv:eta_t; csv:eta_p; csv:eps_hrvg; csv:eps_reg; csv:eps_cond,"T_from_Ph(P, h, x): el motor teqp no cubre el estado pedido (ver TASK_CONTEXT 2026-09-18-validar-teqp-nh3h2o). Detalle: h=67732.7 fuera de dominio a P=1.025e+06 Pa, x=0.7604",True,CORREGIBLE,0.090123,118.9512,358.5143,8,0,8,106.8,,"[CORREGIBLE] O2: succión de la bomba bifásica bajo el peor caso de T_amb (riesgo de cavitación) (medido=314.3146391328924, esperado=<= 309.581 K). Causa probable: subenfriamiento insuficiente a la sal",O2,,,,,0,False,
4000|2800|480|300.033|0.7|1|0.85|0.75|0.8|0.8|0.8|303.55,338,59,20368,barridos_2026-09-19/fase2_libre/busqueda_libre_v2.csv;barridos_2026-09-19/fase2_libre/ronda6_diagnostico.csv,2,4000.0,2800.0,480.0,300.032917,0.7,1.0,0.85,0.75,0.8,0.8,0.8,303.55,False,csv:P_alta; csv:P_baja; csv:T_fuente; csv:T_sumidero; csv:x_b; csv:m_b; csv:eta_t; csv:eta_p; csv:eps_hrvg; csv:eps_reg; csv:eps_cond,"T_from_Ph(P, h, x): el motor teqp no cubre el estado pedido (ver TASK_CONTEXT 2026-09-18-validar-teqp-nh3h2o). Detalle: h=50753.8 fuera de dominio a P=2.8e+06 Pa, x=0.7117",True,CORREGIBLE,0.032521,43.9244,373.2952,8,0,4,129.1,,"[CORREGIBLE] O2: succión de la bomba bifásica bajo el peor caso de T_amb (riesgo de cavitación) (medido=356.5297395541842, esperado=<= 354.665 K). Causa probable: subenfriamiento insuficiente a la sal",O2,,,,,0,False,
2800|1960|480|300.033|0.75|1|0.85|0.75|0.8|0.8|0.8|303.55,340,49,22476,barridos_2026-09-19/fase2_libre/busqueda_libre_v2.csv;barridos_2026-09-19/fase2_libre/ronda6_diagnostico.csv,2,2800.0,1960.0,480.0,300.032917,0.75,1.0,0.85,0.75,0.8,0.8,0.8,303.55,False,csv:P_alta; csv:P_baja; csv:T_fuente; csv:T_sumidero; csv:x_b; csv:m_b; csv:eta_t; csv:eta_p; csv:eps_hrvg; csv:eps_reg; csv:eps_cond,"T_from_Ph(P, h, x): el motor teqp no cubre el estado pedido (ver TASK_CONTEXT 2026-09-18-validar-teqp-nh3h2o). Detalle: h=90103.9 fuera de dominio a P=1.96e+06 Pa, x=0.7604",True,CORREGIBLE,0.030811,40.9796,352.7066,8,0,10,119.9,,"[CORREGIBLE] O2: succión de la bomba bifásica bajo el peor caso de T_amb (riesgo de cavitación) (medido=337.6772961302623, esperado=<= 334.527 K). Causa probable: subenfriamiento insuficiente a la sal",O2,,,,,0,False,
3200|1600|480|300.033|0.75|1|0.85|0.75|0.8|0.8|0.8|303.55,341,56,27548,barridos_2026-09-19/fase2_libre/busqueda_libre_v2.csv;barridos_2026-09-19/fase2_libre/ronda6_diagnostico.csv,2,3200.0,1600.0,480.0,300.032917,0.75,1.0,0.85,0.75,0.8,0.8,0.8,303.55,False,csv:P_alta; csv:P_baja; csv:T_fuente; csv:T_sumidero; csv:x_b; csv:m_b; csv:eta_t; csv:eta_p; csv:eps_hrvg; csv:eps_reg; csv:eps_cond,"T_from_Ph(P, h, x): el motor teqp no cubre el estado pedido (ver TASK_CONTEXT 2026-09-18-validar-teqp-nh3h2o). Detalle: h=69981 fuera de dominio a P=1.6e+06 Pa, x=0.7604",True,CORREGIBLE,0.058649,77.5869,358.4291,8,0,8,109.4,,"[CORREGIBLE] O2: succión de la bomba bifásica bajo el peor caso de T_amb (riesgo de cavitación) (medido=329.8422226857331, esperado=<= 326.228 K). Causa probable: subenfriamiento insuficiente a la sal",O2,,,,,0,False,
3200|2240|480|300.033|0.75|1|0.85|0.75|0.8|0.8|0.8|303.55,342,60,25144,barridos_2026-09-19/fase2_libre/busqueda_libre_v2.csv;barridos_2026-09-19/fase2_libre/ronda6_diagnostico.csv,2,3200.0,2240.0,480.0,300.032917,0.75,1.0,0.85,0.75,0.8,0.8,0.8,303.55,False,csv:P_alta; csv:P_baja; csv:T_fuente; csv:T_sumidero; csv:x_b; csv:m_b; csv:eta_t; csv:eta_p; csv:eps_hrvg; csv:eps_reg; csv:eps_cond,"T_from_Ph(P, h, x): el motor teqp no cubre el estado pedido (ver TASK_CONTEXT 2026-09-18-validar-teqp-nh3h2o). Detalle: h=71747.1 fuera de dominio a P=2.24e+06 Pa, x=0.7604",True,CORREGIBLE,0.03179,42.0499,358.4339,8,0,8,117.8,,"[CORREGIBLE] O2: succión de la bomba bifásica bajo el peor caso de T_amb (riesgo de cavitación) (medido=342.85501305098006, esperado=<= 340.261 K). Causa probable: subenfriamiento insuficiente a la sa",O2,,,,,0,False,
3600|1800|480|300.033|0.75|1|0.85|0.75|0.8|0.8|0.8|303.55,343,59,26924,barridos_2026-09-19/fase2_libre/busqueda_libre_v2.csv;barridos_2026-09-19/fase2_libre/ronda6_diagnostico.csv,2,3600.0,1800.0,480.0,300.032917,0.75,1.0,0.85,0.75,0.8,0.8,0.8,303.55,False,csv:P_alta; csv:P_baja; csv:T_fuente; csv:T_sumidero; csv:x_b; csv:m_b; csv:eta_t; csv:eta_p; csv:eps_hrvg; csv:eps_reg; csv:eps_cond,"T_from_Ph(P, h, x): el motor teqp no cubre el estado pedido (ver TASK_CONTEXT 2026-09-18-validar-teqp-nh3h2o). Detalle: h=59826.3 fuera de dominio a P=1.8e+06 Pa, x=0.7604",True,CORREGIBLE,0.060278,79.3484,363.6373,8,0,7,123.7,,"[CORREGIBLE] O2: succión de la bomba bifásica bajo el peor caso de T_amb (riesgo de cavitación) (medido=334.1469539836418, esperado=<= 330.985 K). Causa probable: subenfriamiento insuficiente a la sal",O2,,,,,0,False,
3600|1150|480|300.033|0.75|1|0.85|0.75|0.8|0.8|0.8|303.55,344,58,22892,barridos_2026-09-19/fase2_libre/busqueda_libre_v2.csv;barridos_2026-09-19/fase2_libre/ronda6_diagnostico.csv,2,3600.0,1150.0,480.0,300.032917,0.75,1.0,0.85,0.75,0.8,0.8,0.8,303.55,False,csv:P_alta; csv:P_baja; csv:T_fuente; csv:T_sumidero; csv:x_b; csv:m_b; csv:eta_t; csv:eta_p; csv:eps_hrvg; csv:eps_reg; csv:eps_cond,"T_from_Ph(P, h, x): el motor teqp no cubre el estado pedido (ver TASK_CONTEXT 2026-09-18-validar-teqp-nh3h2o). Detalle: h=57862.3 fuera de dominio a P=1.15e+06 Pa, x=0.7604",True,CORREGIBLE,0.092684,121.8211,363.6924,8,0,6,128.0,,"[CORREGIBLE] O2: succión de la bomba bifásica bajo el peor caso de T_amb (riesgo de cavitación) (medido=318.0392954659778, esperado=<= 313.692 K). Causa probable: subenfriamiento insuficiente a la sal",O2,,,,,0,False,
3600|2520|480|300.033|0.75|1|0.85|0.75|0.8|0.8|0.8|303.55,345,60,20368,barridos_2026-09-19/fase2_libre/busqueda_libre_v2.csv;barridos_2026-09-19/fase2_libre/ronda6_diagnostico.csv,2,3600.0,2520.0,480.0,300.032917,0.75,1.0,0.85,0.75,0.8,0.8,0.8,303.55,False,csv:P_alta; csv:P_baja; csv:T_fuente; csv:T_sumidero; csv:x_b; csv:m_b; csv:eta_t; csv:eta_p; csv:eps_hrvg; csv:eps_reg; csv:eps_cond,"T_from_Ph(P, h, x): el motor teqp no cubre el estado pedido (ver TASK_CONTEXT 2026-09-18-validar-teqp-nh3h2o). Detalle: h=61335 fuera de dominio a P=2.52e+06 Pa, x=0.7604",True,CORREGIBLE,0.032707,43.0191,363.6677,8,0,7,147.5,,"[CORREGIBLE] O2: succión de la bomba bifásica bajo el peor caso de T_amb (riesgo de cavitación) (medido=347.5841036327285, esperado=<= 345.513 K). Causa probable: subenfriamiento insuficiente a la sal",O2,,,,,0,False,
4000|2000|480|300.033|0.75|1|0.85|0.75|0.8|0.8|0.8|303.55,346,50,22476,barridos_2026-09-19/fase2_libre/busqueda_libre_v2.csv;barridos_2026-09-19/fase2_libre/ronda6_diagnostico.csv,2,4000.0,2000.0,480.0,300.032917,0.75,1.0,0.85,0.75,0.8,0.8,0.8,303.55,False,csv:P_alta; csv:P_baja; csv:T_fuente; csv:T_sumidero; csv:x_b; csv:m_b; csv:eta_t; csv:eta_p; csv:eps_hrvg; csv:eps_reg; csv:eps_cond,"h(P, s, x): el motor teqp no cubre el estado pedido (ver TASK_CONTEXT 2026-09-18-validar-teqp-nh3h2o). Detalle: equilibrio no resoluble en T=484.56 K, P=2e+06 Pa, x=0.8435",True,CORREGIBLE,0.061767,80.8075,368.4814,8,2,5,160.5,,"[CORREGIBLE] O2: succión de la bomba bifásica bajo el peor caso de T_amb (riesgo de cavitación) (medido=338.10949826771804, esperado=<= 335.380 K). Causa probable: subenfriamiento insuficiente a la sa",O2,,,,,0,False,
4000|1280|480|300.033|0.75|1|0.85|0.75|0.8|0.8|0.8|303.55,347,57,27548,barridos_2026-09-19/fase2_libre/busqueda_libre_v2.csv;barridos_2026-09-19/fase2_libre/ronda6_diagnostico.csv,2,4000.0,1280.0,480.0,300.032917,0.75,1.0,0.85,0.75,0.8,0.8,0.8,303.55,False,csv:P_alta; csv:P_baja; csv:T_fuente; csv:T_sumidero; csv:x_b; csv:m_b; csv:eta_t; csv:eta_p; csv:eps_hrvg; csv:eps_reg; csv:eps_cond,"T_from_Ph(P, h, x): el motor teqp no cubre el estado pedido (ver TASK_CONTEXT 2026-09-18-validar-teqp-nh3h2o). Detalle: h=51609.6 fuera de dominio a P=1.28e+06 Pa, x=0.7604",True,CORREGIBLE,0.094788,123.9205,368.5064,8,0,5,160.9,,"[CORREGIBLE] O2: succión de la bomba bifásica bajo el peor caso de T_amb (riesgo de cavitación) (medido=321.6051883603931, esperado=<= 317.634 K). Causa probable: subenfriamiento insuficiente a la sal",O2,,,,,0,False,
4000|2800|480|300.033|0.75|1|0.85|0.75|0.8|0.8|0.8|303.55,348,61,25144,barridos_2026-09-19/fase2_libre/busqueda_libre_v2.csv;barridos_2026-09-19/fase2_libre/ronda6_diagnostico.csv,2,4000.0,2800.0,480.0,300.032917,0.75,1.0,0.85,0.75,0.8,0.8,0.8,303.55,False,csv:P_alta; csv:P_baja; csv:T_fuente; csv:T_sumidero; csv:x_b; csv:m_b; csv:eta_t; csv:eta_p; csv:eps_hrvg; csv:eps_reg; csv:eps_cond,"T_from_Ph(P, h, x): el motor teqp no cubre el estado pedido (ver TASK_CONTEXT 2026-09-18-validar-teqp-nh3h2o). Detalle: h=54694.6 fuera de dominio a P=2.8e+06 Pa, x=0.7604",True,CORREGIBLE,0.033516,43.787,368.5306,8,0,5,186.2,,"[CORREGIBLE] O2: succión de la bomba bifásica bajo el peor caso de T_amb (riesgo de cavitación) (medido=351.94209073730036, esperado=<= 350.374 K). Causa probable: subenfriamiento insuficiente a la sa",O2,,,,,0,False,
4500|2250|480|300.033|0.75|1|0.85|0.75|0.8|0.8|0.8|303.55,349,60,26924,barridos_2026-09-19/fase2_libre/busqueda_libre_v2.csv;barridos_2026-09-19/fase2_libre/ronda6_diagnostico.csv,2,4500.0,2250.0,480.0,300.032917,0.75,1.0,0.85,0.75,0.8,0.8,0.8,303.55,False,csv:P_alta; csv:P_baja; csv:T_fuente; csv:T_sumidero; csv:x_b; csv:m_b; csv:eta_t; csv:eta_p; csv:eps_hrvg; csv:eps_reg; csv:eps_cond,"T_from_Ph(P, h, x): el motor teqp no cubre el estado pedido (ver TASK_CONTEXT 2026-09-18-validar-teqp-nh3h2o). Detalle: h=47768.5 fuera de dominio a P=2.25e+06 Pa, x=0.7604",True,CORREGIBLE,0.063017,81.6979,371.6401,9,0,2,176.1,,"[CORREGIBLE] O2: succión de la bomba bifásica bajo el peor caso de T_amb (riesgo de cavitación) (medido=342.6728247824747, esperado=<= 340.457 K). Causa probable: subenfriamiento insuficiente a la sal",O2,,,,,0,False,
4500|3150|480|300.033|0.75|1|0.85|0.75|0.8|0.8|0.8|303.55,350,59,22892,barridos_2026-09-19/fase2_libre/busqueda_libre_v2.csv;barridos_2026-09-19/fase2_libre/ronda6_diagnostico.csv,2,4500.0,3150.0,480.0,300.032917,0.75,1.0,0.85,0.75,0.8,0.8,0.8,303.55,False,csv:P_alta; csv:P_baja; csv:T_fuente; csv:T_sumidero; csv:x_b; csv:m_b; csv:eta_t; csv:eta_p; csv:eps_hrvg; csv:eps_reg; csv:eps_cond,"T_from_Ph(P, h, x): el motor teqp no cubre el estado pedido (ver TASK_CONTEXT 2026-09-18-validar-teqp-nh3h2o). Detalle: h=48970.4 fuera de dominio a P=3.15e+06 Pa, x=0.7604",True,CORREGIBLE,0.033963,43.9381,372.2799,9,0,3,222.2,,"[CORREGIBLE] O2: succión de la bomba bifásica bajo el peor caso de T_amb (riesgo de cavitación) (medido=356.9637826642417, esperado=<= 356.002 K). Causa probable: subenfriamiento insuficiente a la sal",O2,,,,,0,False,
2800|1960|480|300.033|0.8|1|0.85|0.75|0.8|0.8|0.8|303.55,353,58,27548,barridos_2026-09-19/fase2_libre/busqueda_libre_v2.csv;barridos_2026-09-19/fase2_libre/ronda6_diagnostico.csv,2,2800.0,1960.0,480.0,300.032917,0.8,1.0,0.85,0.75,0.8,0.8,0.8,303.55,False,csv:P_alta; csv:P_baja; csv:T_fuente; csv:T_sumidero; csv:x_b; csv:m_b; csv:eta_t; csv:eta_p; csv:eps_hrvg; csv:eps_reg; csv:eps_cond,"T_from_Ph(P, h, x): el motor teqp no cubre el estado pedido (ver TASK_CONTEXT 2026-09-18-validar-teqp-nh3h2o). Detalle: h=96375.3 fuera de dominio a P=1.96e+06 Pa, x=0.8088",False,NO_CONVERGIO,,,,,,,182.1,punto interior no evaluable,CicloNoConvergeError: punto interior no evaluable durante brentq (T=348.643235 K),,,,,,,,
2800|895|480|300.033|0.8|1|0.85|0.75|0.8|0.8|0.8|303.55,351,61,20368,barridos_2026-09-19/fase2_libre/busqueda_libre_v2.csv;barridos_2026-09-19/fase2_libre/ronda6_diagnostico.csv,2,2800.0,895.0,480.0,300.032917,0.8,1.0,0.85,0.75,0.8,0.8,0.8,303.55,False,csv:P_alta; csv:P_baja; csv:T_fuente; csv:T_sumidero; csv:x_b; csv:m_b; csv:eta_t; csv:eta_p; csv:eps_hrvg; csv:eps_reg; csv:eps_cond,"T_from_Ph(P, h, x): el motor teqp no cubre el estado pedido (ver TASK_CONTEXT 2026-09-18-validar-teqp-nh3h2o). Detalle: h=91029.3 fuera de dominio a P=8.95e+05 Pa, x=0.8088",True,CORREGIBLE,0.090718,115.6036,348.5175,8,0,12,226.8,,"[CORREGIBLE] O2: succión de la bomba bifásica bajo el peor caso de T_amb (riesgo de cavitación) (medido=307.8446816798632, esperado=<= 302.104 K). Causa probable: subenfriamiento insuficiente a la sal",O2,,,,,0,False,
2800|1400|480|300.033|0.8|1|0.85|0.75|0.8|0.8|0.8|303.55,352,51,22476,barridos_2026-09-19/fase2_libre/busqueda_libre_v2.csv;barridos_2026-09-19/fase2_libre/ronda6_diagnostico.csv,2,2800.0,1400.0,480.0,300.032917,0.8,1.0,0.85,0.75,0.8,0.8,0.8,303.55,False,csv:P_alta; csv:P_baja; csv:T_fuente; csv:T_sumidero; csv:x_b; csv:m_b; csv:eta_t; csv:eta_p; csv:eps_hrvg; csv:eps_reg; csv:eps_cond,"T_from_Ph(P, h, x): el motor teqp no cubre el estado pedido (ver TASK_CONTEXT 2026-09-18-validar-teqp-nh3h2o). Detalle: h=94027.2 fuera de dominio a P=1.4e+06 Pa, x=0.8088",True,CORREGIBLE,0.058854,75.2644,348.425,8,0,12,222.0,,"[CORREGIBLE] O2: succión de la bomba bifásica bajo el peor caso de T_amb (riesgo de cavitación) (medido=320.7983198643864, esperado=<= 317.988 K). Causa probable: subenfriamiento insuficiente a la sal",O2,,,,,0,False,
3200|1025|480|300.033|0.8|1|0.85|0.75|0.8|0.8|0.8|303.55,355,61,26924,barridos_2026-09-19/fase2_libre/busqueda_libre_v2.csv;barridos_2026-09-19/fase2_libre/ronda6_diagnostico.csv,2,3200.0,1025.0,480.0,300.032917,0.8,1.0,0.85,0.75,0.8,0.8,0.8,303.55,False,csv:P_alta; csv:P_baja; csv:T_fuente; csv:T_sumidero; csv:x_b; csv:m_b; csv:eta_t; csv:eta_p; csv:eps_hrvg; csv:eps_reg; csv:eps_cond,"T_from_Ph(P, h, x): el motor teqp no cubre el estado pedido (ver TASK_CONTEXT 2026-09-18-validar-teqp-nh3h2o). Detalle: h=72484.9 fuera de dominio a P=1.025e+06 Pa, x=0.8088",True,CORREGIBLE,0.093199,118.3601,354.2732,8,0,10,203.2,,"[CORREGIBLE] O2: succión de la bomba bifásica bajo el peor caso de T_amb (riesgo de cavitación) (medido=309.90863923167046, esperado=<= 306.725 K). Causa probable: subenfriamiento insuficiente a la sa",O2,,,,,0,False,
3200|2240|480|300.033|0.8|1|0.85|0.75|0.8|0.8|0.8|303.55,354,62,25144,barridos_2026-09-19/fase2_libre/busqueda_libre_v2.csv;barridos_2026-09-19/fase2_libre/ronda6_diagnostico.csv,2,3200.0,2240.0,480.0,300.032917,0.8,1.0,0.85,0.75,0.8,0.8,0.8,303.55,False,csv:P_alta; csv:P_baja; csv:T_fuente; csv:T_sumidero; csv:x_b; csv:m_b; csv:eta_t; csv:eta_p; csv:eps_hrvg; csv:eps_reg; csv:eps_cond,"h(P, s, x): el motor teqp no cubre el estado pedido (ver TASK_CONTEXT 2026-09-18-validar-teqp-nh3h2o). Detalle: equilibrio no resoluble en T=473.84 K, P=2.24e+06 Pa, x=0.8770",True,CORREGIBLE,0.032858,41.8447,354.2023,8,6,10,241.4,,"[CORREGIBLE] O2: succión de la bomba bifásica bajo el peor caso de T_amb (riesgo de cavitación) (medido=338.7432996022692, esperado=<= 336.881 K). Causa probable: subenfriamiento insuficiente a la sal",O2,,,,,0,False,
3200|1600|480|300.033|0.8|1|0.85|0.75|0.8|0.8|0.8|303.55,356,60,22892,barridos_2026-09-19/fase2_libre/busqueda_libre_v2.csv;barridos_2026-09-19/fase2_libre/ronda6_diagnostico.csv,2,3200.0,1600.0,480.0,300.032917,0.8,1.0,0.85,0.75,0.8,0.8,0.8,303.55,False,csv:P_alta; csv:P_baja; csv:T_fuente; csv:T_sumidero; csv:x_b; csv:m_b; csv:eta_t; csv:eta_p; csv:eps_hrvg; csv:eps_reg; csv:eps_cond,"T_from_Ph(P, h, x): el motor teqp no cubre el estado pedido (ver TASK_CONTEXT 2026-09-18-validar-teqp-nh3h2o). Detalle: h=74901 fuera de dominio a P=1.6e+06 Pa, x=0.8088",True,CORREGIBLE,0.060638,77.2151,354.2049,8,0,10,184.6,,"[CORREGIBLE] O2: succión de la bomba bifásica bajo el peor caso de T_amb (riesgo de cavitación) (medido=325.61159334042617, esperado=<= 323.106 K). Causa probable: subenfriamiento insuficiente a la sa",O2,,,,,0,False,
3600|1150|480|300.033|0.8|1|0.85|0.75|0.8|0.8|0.8|303.55,357,59,27548,barridos_2026-09-19/fase2_libre/busqueda_libre_v2.csv;barridos_2026-09-19/fase2_libre/ronda6_diagnostico.csv,2,3600.0,1150.0,480.0,300.032917,0.8,1.0,0.85,0.75,0.8,0.8,0.8,303.55,False,csv:P_alta; csv:P_baja; csv:T_fuente; csv:T_sumidero; csv:x_b; csv:m_b; csv:eta_t; csv:eta_p; csv:eps_hrvg; csv:eps_reg; csv:eps_cond,"T_from_Ph(P, h, x): el motor teqp no cubre el estado pedido (ver TASK_CONTEXT 2026-09-18-validar-teqp-nh3h2o). Detalle: h=61941.2 fuera de dominio a P=1.15e+06 Pa, x=0.8088",True,CORREGIBLE,0.095822,121.2494,359.526,8,0,8,174.7,,"[CORREGIBLE] O2: succión de la bomba bifásica bajo el peor caso de T_amb (riesgo de cavitación) (medido=313.72114357686223, esperado=<= 310.774 K). Causa probable: subenfriamiento insuficiente a la sa",O2,,,,,0,False,
3600|1800|480|300.033|0.8|1|0.85|0.75|0.8|0.8|0.8|303.55,358,62,20368,barridos_2026-09-19/fase2_libre/busqueda_libre_v2.csv;barridos_2026-09-19/fase2_libre/ronda6_diagnostico.csv,2,3600.0,1800.0,480.0,300.032917,0.8,1.0,0.85,0.75,0.8,0.8,0.8,303.55,False,csv:P_alta; csv:P_baja; csv:T_fuente; csv:T_sumidero; csv:x_b; csv:m_b; csv:eta_t; csv:eta_p; csv:eps_hrvg; csv:eps_reg; csv:eps_cond,"T_from_Ph(P, h, x): el motor teqp no cubre el estado pedido (ver TASK_CONTEXT 2026-09-18-validar-teqp-nh3h2o). Detalle: h=64043.7 fuera de dominio a P=1.8e+06 Pa, x=0.8088",True,CORREGIBLE,0.062298,78.9795,359.4787,8,0,9,194.2,,"[CORREGIBLE] O2: succión de la bomba bifásica bajo el peor caso de T_amb (riesgo de cavitación) (medido=329.9992038237124, esperado=<= 327.780 K). Causa probable: subenfriamiento insuficiente a la sal",O2,,,,,0,False,
3600|2520|480|300.033|0.8|1|0.85|0.75|0.8|0.8|0.8|303.55,359,52,22476,barridos_2026-09-19/fase2_libre/busqueda_libre_v2.csv;barridos_2026-09-19/fase2_libre/ronda6_diagnostico.csv,2,3600.0,2520.0,480.0,300.032917,0.8,1.0,0.85,0.75,0.8,0.8,0.8,303.55,False,csv:P_alta; csv:P_baja; csv:T_fuente; csv:T_sumidero; csv:x_b; csv:m_b; csv:eta_t; csv:eta_p; csv:eps_hrvg; csv:eps_reg; csv:eps_cond,"T_from_Ph(P, h, x): el motor teqp no cubre el estado pedido (ver TASK_CONTEXT 2026-09-18-validar-teqp-nh3h2o). Detalle: h=65684.5 fuera de dominio a P=2.52e+06 Pa, x=0.8088",True,CORREGIBLE,0.033789,42.8098,359.4944,8,0,9,200.8,,"[CORREGIBLE] O2: succión de la bomba bifásica bajo el peor caso de T_amb (riesgo de cavitación) (medido=343.5465849871581, esperado=<= 342.026 K). Causa probable: subenfriamiento insuficiente a la sal",O2,,,,,0,False,
2800|895|480|300.033|0.85|1|0.85|0.75|0.8|0.8|0.8|303.55,364,63,20368,barridos_2026-09-19/fase2_libre/busqueda_libre_v2.csv;barridos_2026-09-19/fase2_libre/ronda6_diagnostico.csv,2,2800.0,895.0,480.0,300.032917,0.85,1.0,0.85,0.75,0.8,0.8,0.8,303.55,False,csv:P_alta; csv:P_baja; csv:T_fuente; csv:T_sumidero; csv:x_b; csv:m_b; csv:eta_t; csv:eta_p; csv:eps_hrvg; csv:eps_reg; csv:eps_cond,"h(P, T, x): el motor teqp no cubre el estado pedido (ver TASK_CONTEXT 2026-09-18-validar-teqp-nh3h2o). Detalle: equilibrio no resoluble en T=480.00 K, P=2.8e+06 Pa, x=0.8570",False,NO_CONVERGIO,,,,,,,44.2,sin extremos evaluables,"CicloNoConvergeError: sin dos extremos evaluables en el rango físico de T1 (repliegues_lo=35, repliegues_hi=0, paso=5.0 K)",,,,,,,,
2800|1400|480|300.033|0.85|1|0.85|0.75|0.8|0.8|0.8|303.55,365,53,22476,barridos_2026-09-19/fase2_libre/busqueda_libre_v2.csv;barridos_2026-09-19/fase2_libre/ronda6_diagnostico.csv,2,2800.0,1400.0,480.0,300.032917,0.85,1.0,0.85,0.75,0.8,0.8,0.8,303.55,False,csv:P_alta; csv:P_baja; csv:T_fuente; csv:T_sumidero; csv:x_b; csv:m_b; csv:eta_t; csv:eta_p; csv:eps_hrvg; csv:eps_reg; csv:eps_cond,"h(P, T, x): el motor teqp no cubre el estado pedido (ver TASK_CONTEXT 2026-09-18-validar-teqp-nh3h2o). Detalle: equilibrio no resoluble en T=480.00 K, P=2.8e+06 Pa, x=0.8570",False,NO_CONVERGIO,,,,,,,43.7,sin extremos evaluables,"CicloNoConvergeError: sin dos extremos evaluables en el rango físico de T1 (repliegues_lo=35, repliegues_hi=0, paso=5.0 K)",,,,,,,,
2800|1960|480|300.033|0.85|1|0.85|0.75|0.8|0.8|0.8|303.55,366,64,20368,barridos_2026-09-19/fase2_libre/busqueda_libre_v2.csv;barridos_2026-09-19/fase2_libre/ronda6_diagnostico.csv,2,2800.0,1960.0,480.0,300.032917,0.85,1.0,0.85,0.75,0.8,0.8,0.8,303.55,False,csv:P_alta; csv:P_baja; csv:T_fuente; csv:T_sumidero; csv:x_b; csv:m_b; csv:eta_t; csv:eta_p; csv:eps_hrvg; csv:eps_reg; csv:eps_cond,"h(P, T, x): el motor teqp no cubre el estado pedido (ver TASK_CONTEXT 2026-09-18-validar-teqp-nh3h2o). Detalle: equilibrio no resoluble en T=480.00 K, P=2.8e+06 Pa, x=0.8570",False,NO_CONVERGIO,,,,,,,44.1,sin extremos evaluables,"CicloNoConvergeError: sin dos extremos evaluables en el rango físico de T1 (repliegues_lo=35, repliegues_hi=0, paso=5.0 K)",,,,,,,,
4000|1280|480|300.033|0.8|1|0.85|0.75|0.8|0.8|0.8|303.55,360,62,26924,barridos_2026-09-19/fase2_libre/busqueda_libre_v2.csv;barridos_2026-09-19/fase2_libre/ronda6_diagnostico.csv,2,4000.0,1280.0,480.0,300.032917,0.8,1.0,0.85,0.75,0.8,0.8,0.8,303.55,False,csv:P_alta; csv:P_baja; csv:T_fuente; csv:T_sumidero; csv:x_b; csv:m_b; csv:eta_t; csv:eta_p; csv:eps_hrvg; csv:eps_reg; csv:eps_cond,"T_from_Ph(P, h, x): el motor teqp no cubre el estado pedido (ver TASK_CONTEXT 2026-09-18-validar-teqp-nh3h2o). Detalle: h=55305.9 fuera de dominio a P=1.28e+06 Pa, x=0.8088",True,CORREGIBLE,0.097979,123.4469,364.3795,8,0,7,211.3,,"[CORREGIBLE] O2: succión de la bomba bifásica bajo el peor caso de T_amb (riesgo de cavitación) (medido=317.3715719675298, esperado=<= 314.655 K). Causa probable: subenfriamiento insuficiente a la sal",O2,,,,,0,False,
3200|1025|480|300.033|0.85|1|0.85|0.75|0.8|0.8|0.8|303.55,367,54,22476,barridos_2026-09-19/fase2_libre/busqueda_libre_v2.csv;barridos_2026-09-19/fase2_libre/ronda6_diagnostico.csv,2,3200.0,1025.0,480.0,300.032917,0.85,1.0,0.85,0.75,0.8,0.8,0.8,303.55,False,csv:P_alta; csv:P_baja; csv:T_fuente; csv:T_sumidero; csv:x_b; csv:m_b; csv:eta_t; csv:eta_p; csv:eps_hrvg; csv:eps_reg; csv:eps_cond,"h(P, T, x): el motor teqp no cubre el estado pedido (ver TASK_CONTEXT 2026-09-18-validar-teqp-nh3h2o). Detalle: equilibrio no resoluble en T=480.00 K, P=3.2e+06 Pa, x=0.8570",False,NO_CONVERGIO,,,,,,,44.3,sin extremos evaluables,"CicloNoConvergeError: sin dos extremos evaluables en el rango físico de T1 (repliegues_lo=35, repliegues_hi=0, paso=5.0 K)",,,,,,,,
3200|1600|480|300.033|0.85|1|0.85|0.75|0.8|0.8|0.8|303.55,368,65,20368,barridos_2026-09-19/fase2_libre/busqueda_libre_v2.csv;barridos_2026-09-19/fase2_libre/ronda6_diagnostico.csv,2,3200.0,1600.0,480.0,300.032917,0.85,1.0,0.85,0.75,0.8,0.8,0.8,303.55,False,csv:P_alta; csv:P_baja; csv:T_fuente; csv:T_sumidero; csv:x_b; csv:m_b; csv:eta_t; csv:eta_p; csv:eps_hrvg; csv:eps_reg; csv:eps_cond,"h(P, T, x): el motor teqp no cubre el estado pedido (ver TASK_CONTEXT 2026-09-18-validar-teqp-nh3h2o). Detalle: equilibrio no resoluble en T=480.00 K, P=3.2e+06 Pa, x=0.8570",False,NO_CONVERGIO,,,,,,,44.5,sin extremos evaluables,"CicloNoConvergeError: sin dos extremos evaluables en el rango físico de T1 (repliegues_lo=35, repliegues_hi=0, paso=5.0 K)",,,,,,,,
3200|2240|480|300.033|0.85|1|0.85|0.75|0.8|0.8|0.8|303.55,369,63,26924,barridos_2026-09-19/fase2_libre/busqueda_libre_v2.csv;barridos_2026-09-19/fase2_libre/ronda6_diagnostico.csv,2,3200.0,2240.0,480.0,300.032917,0.85,1.0,0.85,0.75,0.8,0.8,0.8,303.55,False,csv:P_alta; csv:P_baja; csv:T_fuente; csv:T_sumidero; csv:x_b; csv:m_b; csv:eta_t; csv:eta_p; csv:eps_hrvg; csv:eps_reg; csv:eps_cond,"h(P, T, x): el motor teqp no cubre el estado pedido (ver TASK_CONTEXT 2026-09-18-validar-teqp-nh3h2o). Detalle: equilibrio no resoluble en T=480.00 K, P=3.2e+06 Pa, x=0.8570",False,NO_CONVERGIO,,,,,,,44.8,sin extremos evaluables,"CicloNoConvergeError: sin dos extremos evaluables en el rango físico de T1 (repliegues_lo=35, repliegues_hi=0, paso=5.0 K)",,,,,,,,
4000|2000|480|300.033|0.8|1|0.85|0.75|0.8|0.8|0.8|303.55,361,63,25144,barridos_2026-09-19/fase2_libre/busqueda_libre_v2.csv;barridos_2026-09-19/fase2_libre/ronda6_diagnostico.csv,2,4000.0,2000.0,480.0,300.032917,0.8,1.0,0.85,0.75,0.8,0.8,0.8,303.55,False,csv:P_alta; csv:P_baja; csv:T_fuente; csv:T_sumidero; csv:x_b; csv:m_b; csv:eta_t; csv:eta_p; csv:eps_hrvg; csv:eps_reg; csv:eps_cond,"T_from_Ph(P, h, x): el motor teqp no cubre el estado pedido (ver TASK_CONTEXT 2026-09-18-validar-teqp-nh3h2o). Detalle: h=57194.2 fuera de dominio a P=2e+06 Pa, x=0.8088",True,CORREGIBLE,0.063843,80.5216,364.354,8,0,7,223.6,,"[CORREGIBLE] O2: succión de la bomba bifásica bajo el peor caso de T_amb (riesgo de cavitación) (medido=334.0385332801336, esperado=<= 332.094 K). Causa probable: subenfriamiento insuficiente a la sal",O2,,,,,0,False,
3600|1150|480|300.033|0.85|1|0.85|0.75|0.8|0.8|0.8|303.55,370,55,22476,barridos_2026-09-19/fase2_libre/busqueda_libre_v2.csv;barridos_2026-09-19/fase2_libre/ronda6_diagnostico.csv,2,3600.0,1150.0,480.0,300.032917,0.85,1.0,0.85,0.75,0.8,0.8,0.8,303.55,False,csv:P_alta; csv:P_baja; csv:T_fuente; csv:T_sumidero; csv:x_b; csv:m_b; csv:eta_t; csv:eta_p; csv:eps_hrvg; csv:eps_reg; csv:eps_cond,"h(P, T, x): el motor teqp no cubre el estado pedido (ver TASK_CONTEXT 2026-09-18-validar-teqp-nh3h2o). Detalle: equilibrio no resoluble en T=480.00 K, P=3.6e+06 Pa, x=0.8570",False,NO_CONVERGIO,,,,,,,42.3,sin extremos evaluables,"CicloNoConvergeError: sin dos extremos evaluables en el rango físico de T1 (repliegues_lo=35, repliegues_hi=0, paso=5.0 K)",,,,,,,,
4500|1440|480|300.033|0.8|1|0.85|0.75|0.8|0.8|0.8|303.55,363,60,27548,barridos_2026-09-19/fase2_libre/busqueda_libre_v2.csv;barridos_2026-09-19/fase2_libre/ronda6_diagnostico.csv,2,4500.0,1440.0,480.0,300.032917,0.8,1.0,0.85,0.75,0.8,0.8,0.8,303.55,False,csv:P_alta; csv:P_baja; csv:T_fuente; csv:T_sumidero; csv:x_b; csv:m_b; csv:eta_t; csv:eta_p; csv:eps_hrvg; csv:eps_reg; csv:eps_cond,"T_from_Ph(P, h, x): el motor teqp no cubre el estado pedido (ver TASK_CONTEXT 2026-09-18-validar-teqp-nh3h2o). Detalle: h=49641.4 fuera de dominio a P=1.44e+06 Pa, x=0.8088",True,CORREGIBLE,0.100264,125.4289,367.4721,9,0,5,192.0,,"[CORREGIBLE] O2: succión de la bomba bifásica bajo el peor caso de T_amb (riesgo de cavitación) (medido=321.4974484291791, esperado=<= 319.052 K). Causa probable: subenfriamiento insuficiente a la sal",O2,,,,,0,False,
3600|1800|480|300.033|0.85|1|0.85|0.75|0.8|0.8|0.8|303.55,371,66,20368,barridos_2026-09-19/fase2_libre/busqueda_libre_v2.csv;barridos_2026-09-19/fase2_libre/ronda6_diagnostico.csv,2,3600.0,1800.0,480.0,300.032917,0.85,1.0,0.85,0.75,0.8,0.8,0.8,303.55,False,csv:P_alta; csv:P_baja; csv:T_fuente; csv:T_sumidero; csv:x_b; csv:m_b; csv:eta_t; csv:eta_p; csv:eps_hrvg; csv:eps_reg; csv:eps_cond,"h(P, T, x): el motor teqp no cubre el estado pedido (ver TASK_CONTEXT 2026-09-18-validar-teqp-nh3h2o). Detalle: equilibrio no resoluble en T=480.00 K, P=3.6e+06 Pa, x=0.8570",False,NO_CONVERGIO,,,,,,,42.9,sin extremos evaluables,"CicloNoConvergeError: sin dos extremos evaluables en el rango físico de T1 (repliegues_lo=35, repliegues_hi=0, paso=5.0 K)",,,,,,,,
3600|2520|480|300.033|0.85|1|0.85|0.75|0.8|0.8|0.8|303.55,372,64,26924,barridos_2026-09-19/fase2_libre/busqueda_libre_v2.csv;barridos_2026-09-19/fase2_libre/ronda6_diagnostico.csv,2,3600.0,2520.0,480.0,300.032917,0.85,1.0,0.85,0.75,0.8,0.8,0.8,303.55,False,csv:P_alta; csv:P_baja; csv:T_fuente; csv:T_sumidero; csv:x_b; csv:m_b; csv:eta_t; csv:eta_p; csv:eps_hrvg; csv:eps_reg; csv:eps_cond,"h(P, T, x): el motor teqp no cubre el estado pedido (ver TASK_CONTEXT 2026-09-18-validar-teqp-nh3h2o). Detalle: equilibrio no resoluble en T=480.00 K, P=3.6e+06 Pa, x=0.8570",False,NO_CONVERGIO,,,,,,,42.9,sin extremos evaluables,"CicloNoConvergeError: sin dos extremos evaluables en el rango físico de T1 (repliegues_lo=35, repliegues_hi=0, paso=5.0 K)",,,,,,,,
4000|1280|480|300.033|0.85|1|0.85|0.75|0.8|0.8|0.8|303.55,373,64,25144,barridos_2026-09-19/fase2_libre/busqueda_libre_v2.csv;barridos_2026-09-19/fase2_libre/ronda6_diagnostico.csv,2,4000.0,1280.0,480.0,300.032917,0.85,1.0,0.85,0.75,0.8,0.8,0.8,303.55,False,csv:P_alta; csv:P_baja; csv:T_fuente; csv:T_sumidero; csv:x_b; csv:m_b; csv:eta_t; csv:eta_p; csv:eps_hrvg; csv:eps_reg; csv:eps_cond,"h(P, T, x): el motor teqp no cubre el estado pedido (ver TASK_CONTEXT 2026-09-18-validar-teqp-nh3h2o). Detalle: equilibrio no resoluble en T=480.00 K, P=4e+06 Pa, x=0.8570",False,NO_CONVERGIO,,,,,,,42.7,sin extremos evaluables,"CicloNoConvergeError: sin dos extremos evaluables en el rango físico de T1 (repliegues_lo=35, repliegues_hi=0, paso=5.0 K)",,,,,,,,
4000|2800|480|300.033|0.8|1|0.85|0.75|0.8|0.8|0.8|303.55,362,61,22892,barridos_2026-09-19/fase2_libre/busqueda_libre_v2.csv;barridos_2026-09-19/fase2_libre/ronda6_diagnostico.csv,2,4000.0,2800.0,480.0,300.032917,0.8,1.0,0.85,0.75,0.8,0.8,0.8,303.55,False,csv:P_alta; csv:P_baja; csv:T_fuente; csv:T_sumidero; csv:x_b; csv:m_b; csv:eta_t; csv:eta_p; csv:eps_hrvg; csv:eps_reg; csv:eps_cond,"T_from_Ph(P, h, x): el motor teqp no cubre el estado pedido (ver TASK_CONTEXT 2026-09-18-validar-teqp-nh3h2o). Detalle: h=58648.7 fuera de dominio a P=2.8e+06 Pa, x=0.8088",True,CORREGIBLE,0.034647,43.644,364.3842,8,0,8,239.5,,"[CORREGIBLE] O2: succión de la bomba bifásica bajo el peor caso de T_amb (riesgo de cavitación) (medido=347.9716105101137, esperado=<= 346.783 K). Causa probable: subenfriamiento insuficiente a la sal",O2,,,,,0,False,
4000|2000|480|300.033|0.85|1|0.85|0.75|0.8|0.8|0.8|303.55,374,56,22476,barridos_2026-09-19/fase2_libre/busqueda_libre_v2.csv;barridos_2026-09-19/fase2_libre/ronda6_diagnostico.csv,2,4000.0,2000.0,480.0,300.032917,0.85,1.0,0.85,0.75,0.8,0.8,0.8,303.55,False,csv:P_alta; csv:P_baja; csv:T_fuente; csv:T_sumidero; csv:x_b; csv:m_b; csv:eta_t; csv:eta_p; csv:eps_hrvg; csv:eps_reg; csv:eps_cond,"h(P, T, x): el motor teqp no cubre el estado pedido (ver TASK_CONTEXT 2026-09-18-validar-teqp-nh3h2o). Detalle: equilibrio no resoluble en T=480.00 K, P=4e+06 Pa, x=0.8570",False,NO_CONVERGIO,,,,,,,43.4,sin extremos evaluables,"CicloNoConvergeError: sin dos extremos evaluables en el rango físico de T1 (repliegues_lo=35, repliegues_hi=0, paso=5.0 K)",,,,,,,,
4000|2800|480|300.033|0.85|1|0.85|0.75|0.8|0.8|0.8|303.55,375,61,27548,barridos_2026-09-19/fase2_libre/busqueda_libre_v2.csv;barridos_2026-09-19/fase2_libre/ronda6_diagnostico.csv,2,4000.0,2800.0,480.0,300.032917,0.85,1.0,0.85,0.75,0.8,0.8,0.8,303.55,False,csv:P_alta; csv:P_baja; csv:T_fuente; csv:T_sumidero; csv:x_b; csv:m_b; csv:eta_t; csv:eta_p; csv:eps_hrvg; csv:eps_reg; csv:eps_cond,"h(P, T, x): el motor teqp no cubre el estado pedido (ver TASK_CONTEXT 2026-09-18-validar-teqp-nh3h2o). Detalle: equilibrio no resoluble en T=480.00 K, P=4e+06 Pa, x=0.8570",False,NO_CONVERGIO,,,,,,,43.4,sin extremos evaluables,"CicloNoConvergeError: sin dos extremos evaluables en el rango físico de T1 (repliegues_lo=35, repliegues_hi=0, paso=5.0 K)",,,,,,,,
4500|1440|480|300.033|0.85|1|0.85|0.75|0.8|0.8|0.8|303.55,376,67,20368,barridos_2026-09-19/fase2_libre/busqueda_libre_v2.csv;barridos_2026-09-19/fase2_libre/ronda6_diagnostico.csv,2,4500.0,1440.0,480.0,300.032917,0.85,1.0,0.85,0.75,0.8,0.8,0.8,303.55,False,csv:P_alta; csv:P_baja; csv:T_fuente; csv:T_sumidero; csv:x_b; csv:m_b; csv:eta_t; csv:eta_p; csv:eps_hrvg; csv:eps_reg; csv:eps_cond,"h(P, T, x): el motor teqp no cubre el estado pedido (ver TASK_CONTEXT 2026-09-18-validar-teqp-nh3h2o). Detalle: equilibrio no resoluble en T=480.00 K, P=4.5e+06 Pa, x=0.8570",False,NO_CONVERGIO,,,,,,,43.0,sin extremos evaluables,"CicloNoConvergeError: sin dos extremos evaluables en el rango físico de T1 (repliegues_lo=35, repliegues_hi=0, paso=5.0 K)",,,,,,,,
4500|2250|480|300.033|0.85|1|0.85|0.75|0.8|0.8|0.8|303.55,377,65,26924,barridos_2026-09-19/fase2_libre/busqueda_libre_v2.csv;barridos_2026-09-19/fase2_libre/ronda6_diagnostico.csv,2,4500.0,2250.0,480.0,300.032917,0.85,1.0,0.85,0.75,0.8,0.8,0.8,303.55,False,csv:P_alta; csv:P_baja; csv:T_fuente; csv:T_sumidero; csv:x_b; csv:m_b; csv:eta_t; csv:eta_p; csv:eps_hrvg; csv:eps_reg; csv:eps_cond,"h(P, T, x): el motor teqp no cubre el estado pedido (ver TASK_CONTEXT 2026-09-18-validar-teqp-nh3h2o). Detalle: equilibrio no resoluble en T=480.00 K, P=4.5e+06 Pa, x=0.8570",False,NO_CONVERGIO,,,,,,,42.3,sin extremos evaluables,"CicloNoConvergeError: sin dos extremos evaluables en el rango físico de T1 (repliegues_lo=35, repliegues_hi=0, paso=5.0 K)",,,,,,,,
4500|3150|480|300.033|0.85|1|0.85|0.75|0.8|0.8|0.8|303.55,378,65,25144,barridos_2026-09-19/fase2_libre/busqueda_libre_v2.csv;barridos_2026-09-19/fase2_libre/ronda6_diagnostico.csv,2,4500.0,3150.0,480.0,300.032917,0.85,1.0,0.85,0.75,0.8,0.8,0.8,303.55,False,csv:P_alta; csv:P_baja; csv:T_fuente; csv:T_sumidero; csv:x_b; csv:m_b; csv:eta_t; csv:eta_p; csv:eps_hrvg; csv:eps_reg; csv:eps_cond,"h(P, T, x): el motor teqp no cubre el estado pedido (ver TASK_CONTEXT 2026-09-18-validar-teqp-nh3h2o). Detalle: equilibrio no resoluble en T=480.00 K, P=4.5e+06 Pa, x=0.8570",False,NO_CONVERGIO,,,,,,,42.5,sin extremos evaluables,"CicloNoConvergeError: sin dos extremos evaluables en el rango físico de T1 (repliegues_lo=35, repliegues_hi=0, paso=5.0 K)",,,,,,,,
2800|895|500|300.033|0.7|1|0.85|0.75|0.8|0.8|0.8|303.55,381,62,27548,barridos_2026-09-19/fase2_libre/busqueda_libre_v2.csv;barridos_2026-09-19/fase2_libre/ronda6_diagnostico.csv,2,2800.0,895.0,500.0,300.032917,0.7,1.0,0.85,0.75,0.8,0.8,0.8,303.55,False,csv:P_alta; csv:P_baja; csv:T_fuente; csv:T_sumidero; csv:x_b; csv:m_b; csv:eta_t; csv:eta_p; csv:eps_hrvg; csv:eps_reg; csv:eps_cond,"T_from_Ph(P, h, x): el motor teqp no cubre el estado pedido (ver TASK_CONTEXT 2026-09-18-validar-teqp-nh3h2o). Detalle: h=522915 fuera de dominio a P=8.95e+05 Pa, x=0.7117",True,CORREGIBLE,0.084868,120.0348,358.0218,8,0,13,207.5,,"[CORREGIBLE] O2: succión de la bomba bifásica bajo el peor caso de T_amb (riesgo de cavitación) (medido=315.7854130950395, esperado=<= 308.351 K). Causa probable: subenfriamiento insuficiente a la sal",O2,,,,,0,False,
3200|1025|500|300.033|0.7|1|0.85|0.75|0.8|0.8|0.8|303.55,384,66,25144,barridos_2026-09-19/fase2_libre/busqueda_libre_v2.csv;barridos_2026-09-19/fase2_libre/ronda6_diagnostico.csv,2,3200.0,1025.0,500.0,300.032917,0.7,1.0,0.85,0.75,0.8,0.8,0.8,303.55,False,csv:P_alta; csv:P_baja; csv:T_fuente; csv:T_sumidero; csv:x_b; csv:m_b; csv:eta_t; csv:eta_p; csv:eps_hrvg; csv:eps_reg; csv:eps_cond,"T_from_Ph(P, h, x): el motor teqp no cubre el estado pedido (ver TASK_CONTEXT 2026-09-18-validar-teqp-nh3h2o). Detalle: h=173846 fuera de dominio a P=1.025e+06 Pa, x=0.7117",True,CORREGIBLE,0.087132,122.8021,363.5456,8,0,12,205.7,,"[CORREGIBLE] O2: succión de la bomba bifásica bajo el peor caso de T_amb (riesgo de cavitación) (medido=319.9114096477428, esperado=<= 313.111 K). Causa probable: subenfriamiento insuficiente a la sal",O2,,,,,0,False,
2800|1400|500|300.033|0.7|1|0.85|0.75|0.8|0.8|0.8|303.55,382,68,20368,barridos_2026-09-19/fase2_libre/busqueda_libre_v2.csv;barridos_2026-09-19/fase2_libre/ronda6_diagnostico.csv,2,2800.0,1400.0,500.0,300.032917,0.7,1.0,0.85,0.75,0.8,0.8,0.8,303.55,False,csv:P_alta; csv:P_baja; csv:T_fuente; csv:T_sumidero; csv:x_b; csv:m_b; csv:eta_t; csv:eta_p; csv:eps_hrvg; csv:eps_reg; csv:eps_cond,"T_from_Ph(P, h, x): el motor teqp no cubre el estado pedido (ver TASK_CONTEXT 2026-09-18-validar-teqp-nh3h2o). Detalle: h=539815 fuera de dominio a P=1.4e+06 Pa, x=0.7117",True,CORREGIBLE,0.054971,77.9515,357.8773,8,0,14,216.5,,"[CORREGIBLE] O2: succión de la bomba bifásica bajo el peor caso de T_amb (riesgo de cavitación) (medido=330.58565286780527, esperado=<= 324.738 K). Causa probable: subenfriamiento insuficiente a la sa",O2,,,,,0,False,
4500|3150|480|300.033|0.8|1|0.85|0.75|0.8|0.8|0.8|303.55,379,62,22892,barridos_2026-09-19/fase2_libre/busqueda_libre_v2.csv;barridos_2026-09-19/fase2_libre/ronda6_diagnostico.csv,2,4500.0,3150.0,480.0,300.032917,0.8,1.0,0.85,0.75,0.8,0.8,0.8,303.55,False,csv:P_alta; csv:P_baja; csv:T_fuente; csv:T_sumidero; csv:x_b; csv:m_b; csv:eta_t; csv:eta_p; csv:eps_hrvg; csv:eps_reg; csv:eps_cond,"T_from_Ph(P, h, x): el motor teqp no cubre el estado pedido (ver TASK_CONTEXT 2026-09-18-validar-teqp-nh3h2o). Detalle: h=52638.2 fuera de dominio a P=3.15e+06 Pa, x=0.8088",True,CORREGIBLE,0.035209,43.9672,367.9941,8,0,6,234.9,,"[CORREGIBLE] O2: succión de la bomba bifásica bajo el peor caso de T_amb (riesgo de cavitación) (medido=353.064760945955, esperado=<= 352.284 K). Causa probable: subenfriamiento insuficiente a la sali",O2,,,,,0,False,
4500|2250|480|300.033|0.8|1|0.85|0.75|0.8|0.8|0.8|303.55,380,57,22476,barridos_2026-09-19/fase2_libre/busqueda_libre_v2.csv;barridos_2026-09-19/fase2_libre/ronda6_diagnostico.csv,2,4500.0,2250.0,480.0,300.032917,0.8,1.0,0.85,0.75,0.8,0.8,0.8,303.55,False,csv:P_alta; csv:P_baja; csv:T_fuente; csv:T_sumidero; csv:x_b; csv:m_b; csv:eta_t; csv:eta_p; csv:eps_hrvg; csv:eps_reg; csv:eps_cond,"T_from_Ph(P, h, x): el motor teqp no cubre el estado pedido (ver TASK_CONTEXT 2026-09-18-validar-teqp-nh3h2o). Detalle: h=51324.8 fuera de dominio a P=2.25e+06 Pa, x=0.8088",True,CORREGIBLE,0.065213,81.5949,367.4189,9,0,6,240.0,,"[CORREGIBLE] O2: succión de la bomba bifásica bajo el peor caso de T_amb (riesgo de cavitación) (medido=338.685631440252, esperado=<= 337.072 K). Causa probable: subenfriamiento insuficiente a la sali",O2,,,,,0,False,
2800|1960|500|300.033|0.7|1|0.85|0.75|0.8|0.8|0.8|303.55,383,66,26924,barridos_2026-09-19/fase2_libre/busqueda_libre_v2.csv;barridos_2026-09-19/fase2_libre/ronda6_diagnostico.csv,2,2800.0,1960.0,500.0,300.032917,0.7,1.0,0.85,0.75,0.8,0.8,0.8,303.55,False,csv:P_alta; csv:P_baja; csv:T_fuente; csv:T_sumidero; csv:x_b; csv:m_b; csv:eta_t; csv:eta_p; csv:eps_hrvg; csv:eps_reg; csv:eps_cond,"T_from_Ph(P, h, x): el motor teqp no cubre el estado pedido (ver TASK_CONTEXT 2026-09-18-validar-teqp-nh3h2o). Detalle: h=553036 fuera de dominio a P=1.96e+06 Pa, x=0.7117",True,CORREGIBLE,0.029726,42.1683,357.8573,8,0,14,223.3,,"[CORREGIBLE] O2: succión de la bomba bifásica bajo el peor caso de T_amb (riesgo de cavitación) (medido=342.92868360888053, esperado=<= 338.489 K). Causa probable: subenfriamiento insuficiente a la sa",O2,,,,,0,False,
3200|1600|500|300.033|0.7|1|0.85|0.75|0.8|0.8|0.8|303.55,385,63,27548,barridos_2026-09-19/fase2_libre/busqueda_libre_v2.csv;barridos_2026-09-19/fase2_libre/ronda6_diagnostico.csv,2,3200.0,1600.0,500.0,300.032917,0.7,1.0,0.85,0.75,0.8,0.8,0.8,303.55,False,csv:P_alta; csv:P_baja; csv:T_fuente; csv:T_sumidero; csv:x_b; csv:m_b; csv:eta_t; csv:eta_p; csv:eps_hrvg; csv:eps_reg; csv:eps_cond,"T_from_Ph(P, h, x): el motor teqp no cubre el estado pedido (ver TASK_CONTEXT 2026-09-18-validar-teqp-nh3h2o). Detalle: h=179529 fuera de dominio a P=1.6e+06 Pa, x=0.7117",True,CORREGIBLE,0.056605,79.9242,363.4476,8,0,12,210.4,,"[CORREGIBLE] O2: succión de la bomba bifásica bajo el peor caso de T_amb (riesgo de cavitación) (medido=335.17061960950235, esperado=<= 330.035 K). Causa probable: subenfriamiento insuficiente a la sa",O2,,,,,0,False,
3200|2240|500|300.033|0.7|1|0.85|0.75|0.8|0.8|0.8|303.55,386,67,25144,barridos_2026-09-19/fase2_libre/busqueda_libre_v2.csv;barridos_2026-09-19/fase2_libre/ronda6_diagnostico.csv,2,3200.0,2240.0,500.0,300.032917,0.7,1.0,0.85,0.75,0.8,0.8,0.8,303.55,False,csv:P_alta; csv:P_baja; csv:T_fuente; csv:T_sumidero; csv:x_b; csv:m_b; csv:eta_t; csv:eta_p; csv:eps_hrvg; csv:eps_reg; csv:eps_cond,"T_from_Ph(P, h, x): el motor teqp no cubre el estado pedido (ver TASK_CONTEXT 2026-09-18-validar-teqp-nh3h2o). Detalle: h=183990 fuera de dominio a P=2.24e+06 Pa, x=0.7117",True,CORREGIBLE,0.030644,43.2549,363.4648,8,0,12,214.2,,"[CORREGIBLE] O2: succión de la bomba bifásica bajo el peor caso de T_amb (riesgo de cavitación) (medido=347.97451380477867, esperado=<= 344.337 K). Causa probable: subenfriamiento insuficiente a la sa",O2,,,,,0,False,
3600|1150|500|300.033|0.7|1|0.85|0.75|0.8|0.8|0.8|303.55,387,69,20368,barridos_2026-09-19/fase2_libre/busqueda_libre_v2.csv;barridos_2026-09-19/fase2_libre/ronda6_diagnostico.csv,2,3600.0,1150.0,500.0,300.032917,0.7,1.0,0.85,0.75,0.8,0.8,0.8,303.55,False,csv:P_alta; csv:P_baja; csv:T_fuente; csv:T_sumidero; csv:x_b; csv:m_b; csv:eta_t; csv:eta_p; csv:eps_hrvg; csv:eps_reg; csv:eps_cond,"T_from_Ph(P, h, x): el motor teqp no cubre el estado pedido (ver TASK_CONTEXT 2026-09-18-validar-teqp-nh3h2o). Detalle: h=112373 fuera de dominio a P=1.15e+06 Pa, x=0.7117",True,CORREGIBLE,0.089544,125.7322,368.6053,8,0,10,223.7,,"[CORREGIBLE] O2: succión de la bomba bifásica bajo el peor caso de T_amb (riesgo de cavitación) (medido=323.5224325117554, esperado=<= 317.287 K). Causa probable: subenfriamiento insuficiente a la sal",O2,,,,,0,False,
3600|1800|500|300.033|0.7|1|0.85|0.75|0.8|0.8|0.8|303.55,388,63,22892,barridos_2026-09-19/fase2_libre/busqueda_libre_v2.csv;barridos_2026-09-19/fase2_libre/ronda6_diagnostico.csv,2,3600.0,1800.0,500.0,300.032917,0.7,1.0,0.85,0.75,0.8,0.8,0.8,303.55,False,csv:P_alta; csv:P_baja; csv:T_fuente; csv:T_sumidero; csv:x_b; csv:m_b; csv:eta_t; csv:eta_p; csv:eps_hrvg; csv:eps_reg; csv:eps_cond,"T_from_Ph(P, h, x): el motor teqp no cubre el estado pedido (ver TASK_CONTEXT 2026-09-18-validar-teqp-nh3h2o). Detalle: h=116140 fuera de dominio a P=1.8e+06 Pa, x=0.7117",True,CORREGIBLE,0.058134,81.7197,368.5471,8,0,11,225.1,,"[CORREGIBLE] O2: succión de la bomba bifásica bajo el peor caso de T_amb (riesgo de cavitación) (medido=339.35788314770093, esperado=<= 334.880 K). Causa probable: subenfriamiento insuficiente a la sa",O2,,,,,0,False,
3600|2520|500|300.033|0.7|1|0.85|0.75|0.8|0.8|0.8|303.55,389,58,22476,barridos_2026-09-19/fase2_libre/busqueda_libre_v2.csv;barridos_2026-09-19/fase2_libre/ronda6_diagnostico.csv,2,3600.0,2520.0,500.0,300.032917,0.7,1.0,0.85,0.75,0.8,0.8,0.8,303.55,False,csv:P_alta; csv:P_baja; csv:T_fuente; csv:T_sumidero; csv:x_b; csv:m_b; csv:eta_t; csv:eta_p; csv:eps_hrvg; csv:eps_reg; csv:eps_cond,"T_from_Ph(P, h, x): el motor teqp no cubre el estado pedido (ver TASK_CONTEXT 2026-09-18-validar-teqp-nh3h2o). Detalle: h=119005 fuera de dominio a P=2.52e+06 Pa, x=0.7117",True,CORREGIBLE,0.031505,44.2442,368.5976,8,0,11,227.5,,"[CORREGIBLE] O2: succión de la bomba bifásica bajo el peor caso de T_amb (riesgo de cavitación) (medido=352.5887728595679, esperado=<= 349.698 K). Causa probable: subenfriamiento insuficiente a la sal",O2,,,,,0,False,
4000|1280|500|300.033|0.7|1|0.85|0.75|0.8|0.8|0.8|303.55,390,67,26924,barridos_2026-09-19/fase2_libre/busqueda_libre_v2.csv;barridos_2026-09-19/fase2_libre/ronda6_diagnostico.csv,2,4000.0,1280.0,500.0,300.032917,0.7,1.0,0.85,0.75,0.8,0.8,0.8,303.55,False,csv:P_alta; csv:P_baja; csv:T_fuente; csv:T_sumidero; csv:x_b; csv:m_b; csv:eta_t; csv:eta_p; csv:eps_hrvg; csv:eps_reg; csv:eps_cond,"T_from_Ph(P, h, x): el motor teqp no cubre el estado pedido (ver TASK_CONTEXT 2026-09-18-validar-teqp-nh3h2o). Detalle: h=86999.8 fuera de dominio a P=1.28e+06 Pa, x=0.7117",True,CORREGIBLE,0.091504,127.8698,373.3291,8,0,9,247.8,,"[CORREGIBLE] O2: succión de la bomba bifásica bajo el peor caso de T_amb (riesgo de cavitación) (medido=326.9804987344133, esperado=<= 321.293 K). Causa probable: subenfriamiento insuficiente a la sal",O2,,,,,0,False,
4000|2000|500|300.033|0.7|1|0.85|0.75|0.8|0.8|0.8|303.55,391,64,27548,barridos_2026-09-19/fase2_libre/busqueda_libre_v2.csv;barridos_2026-09-19/fase2_libre/ronda6_diagnostico.csv,2,4000.0,2000.0,500.0,300.032917,0.7,1.0,0.85,0.75,0.8,0.8,0.8,303.55,False,csv:P_alta; csv:P_baja; csv:T_fuente; csv:T_sumidero; csv:x_b; csv:m_b; csv:eta_t; csv:eta_p; csv:eps_hrvg; csv:eps_reg; csv:eps_cond,"T_from_Ph(P, h, x): el motor teqp no cubre el estado pedido (ver TASK_CONTEXT 2026-09-18-validar-teqp-nh3h2o). Detalle: h=89891.6 fuera de dominio a P=2e+06 Pa, x=0.7117",True,CORREGIBLE,0.059522,83.2117,373.3089,8,0,9,207.6,,"[CORREGIBLE] O2: succión de la bomba bifásica bajo el peor caso de T_amb (riesgo de cavitación) (medido=343.2133647422607, esperado=<= 339.358 K). Causa probable: subenfriamiento insuficiente a la sal",O2,,,,,0,False,
4500|1440|500|300.033|0.7|1|0.85|0.75|0.8|0.8|0.8|303.55,393,70,20368,barridos_2026-09-19/fase2_libre/busqueda_libre_v2.csv;barridos_2026-09-19/fase2_libre/ronda6_diagnostico.csv,2,4500.0,1440.0,500.0,300.032917,0.7,1.0,0.85,0.75,0.8,0.8,0.8,303.55,False,csv:P_alta; csv:P_baja; csv:T_fuente; csv:T_sumidero; csv:x_b; csv:m_b; csv:eta_t; csv:eta_p; csv:eps_hrvg; csv:eps_reg; csv:eps_cond,"T_from_Ph(P, h, x): el motor teqp no cubre el estado pedido (ver TASK_CONTEXT 2026-09-18-validar-teqp-nh3h2o). Detalle: h=70241.4 fuera de dominio a P=1.44e+06 Pa, x=0.7117",True,CORREGIBLE,0.093501,129.7132,376.1415,8,0,8,200.4,,"[CORREGIBLE] O2: succión de la bomba bifásica bajo el peor caso de T_amb (riesgo de cavitación) (medido=330.89101382724164, esperado=<= 325.839 K). Causa probable: subenfriamiento insuficiente a la sa",O2,,,,,0,False,
4500|2250|500|300.033|0.7|1|0.85|0.75|0.8|0.8|0.8|303.55,394,64,22892,barridos_2026-09-19/fase2_libre/busqueda_libre_v2.csv;barridos_2026-09-19/fase2_libre/ronda6_diagnostico.csv,2,4500.0,2250.0,500.0,300.032917,0.7,1.0,0.85,0.75,0.8,0.8,0.8,303.55,False,csv:P_alta; csv:P_baja; csv:T_fuente; csv:T_sumidero; csv:x_b; csv:m_b; csv:eta_t; csv:eta_p; csv:eps_hrvg; csv:eps_reg; csv:eps_cond,"T_from_Ph(P, h, x): el motor teqp no cubre el estado pedido (ver TASK_CONTEXT 2026-09-18-validar-teqp-nh3h2o). Detalle: h=72566.3 fuera de dominio a P=2.25e+06 Pa, x=0.7117",True,CORREGIBLE,0.060686,84.1599,376.2573,8,0,8,195.1,,"[CORREGIBLE] O2: succión de la bomba bifásica bajo el peor caso de T_amb (riesgo de cavitación) (medido=347.65699643090534, esperado=<= 344.536 K). Causa probable: subenfriamiento insuficiente a la sa",O2,,,,,0,False,
4000|2800|500|300.033|0.7|1|0.85|0.75|0.8|0.8|0.8|303.55,392,68,25144,barridos_2026-09-19/fase2_libre/busqueda_libre_v2.csv;barridos_2026-09-19/fase2_libre/ronda5_diagnostico.csv;barridos_2026-09-19/fase2_libre/ronda6_diagnostico.csv,3,4000.0,2800.0,500.0,300.032917,0.7,1.0,0.85,0.75,0.8,0.8,0.8,303.55,False,csv:P_alta; csv:P_baja; csv:T_fuente; csv:T_sumidero; csv:x_b; csv:m_b; csv:eta_t; csv:eta_p; csv:eps_hrvg; csv:eps_reg; csv:eps_cond,"T_from_Ph(P, h, x): el motor teqp no cubre el estado pedido (ver TASK_CONTEXT 2026-09-18-validar-teqp-nh3h2o). Detalle: h=92102.1 fuera de dominio a P=2.8e+06 Pa, x=0.7117",True,CORREGIBLE,0.032262,45.0341,373.3834,8,0,9,211.3,,"[CORREGIBLE] O2: succión de la bomba bifásica bajo el peor caso de T_amb (riesgo de cavitación) (medido=356.844509324096, esperado=<= 354.665 K). Causa probable: subenfriamiento insuficiente a la sali",O2,,,,,0,False,
2800|895|500|300.033|0.75|1|0.85|0.75|0.8|0.8|0.8|303.55,395,59,22476,barridos_2026-09-19/fase2_libre/busqueda_libre_v2.csv;barridos_2026-09-19/fase2_libre/ronda6_diagnostico.csv,2,2800.0,895.0,500.0,300.032917,0.75,1.0,0.85,0.75,0.8,0.8,0.8,303.55,False,csv:P_alta; csv:P_baja; csv:T_fuente; csv:T_sumidero; csv:x_b; csv:m_b; csv:eta_t; csv:eta_p; csv:eps_hrvg; csv:eps_reg; csv:eps_cond,"T_from_Ph(P, h, x): el motor teqp no cubre el estado pedido (ver TASK_CONTEXT 2026-09-18-validar-teqp-nh3h2o). Detalle: h=562401 fuera de dominio a P=8.95e+05 Pa, x=0.7604",True,CORREGIBLE,0.087077,118.8221,352.9648,8,0,16,196.7,,"[CORREGIBLE] O2: succión de la bomba bifásica bajo el peor caso de T_amb (riesgo de cavitación) (medido=310.2940816674567, esperado=<= 304.892 K). Causa probable: subenfriamiento insuficiente a la sal",O2,,,,,0,False,
2800|1400|500|300.033|0.75|1|0.85|0.75|0.8|0.8|0.8|303.55,396,68,26924,barridos_2026-09-19/fase2_libre/busqueda_libre_v2.csv;barridos_2026-09-19/fase2_libre/ronda6_diagnostico.csv,2,2800.0,1400.0,500.0,300.032917,0.75,1.0,0.85,0.75,0.8,0.8,0.8,303.55,False,csv:P_alta; csv:P_baja; csv:T_fuente; csv:T_sumidero; csv:x_b; csv:m_b; csv:eta_t; csv:eta_p; csv:eps_hrvg; csv:eps_reg; csv:eps_cond,"T_from_Ph(P, h, x): el motor teqp no cubre el estado pedido (ver TASK_CONTEXT 2026-09-18-validar-teqp-nh3h2o). Detalle: h=580468 fuera de dominio a P=1.4e+06 Pa, x=0.7604",True,CORREGIBLE,0.056421,77.2371,352.836,8,0,16,187.1,,"[CORREGIBLE] O2: succión de la bomba bifásica bajo el peor caso de T_amb (riesgo de cavitación) (medido=325.3553854670699, esperado=<= 321.021 K). Causa probable: subenfriamiento insuficiente a la sal",O2,,,,,0,False,
3200|1025|500|300.033|0.75|1|0.85|0.75|0.8|0.8|0.8|303.55,398,71,20368,barridos_2026-09-19/fase2_libre/busqueda_libre_v2.csv;barridos_2026-09-19/fase2_libre/ronda6_diagnostico.csv,2,3200.0,1025.0,500.0,300.032917,0.75,1.0,0.85,0.75,0.8,0.8,0.8,303.55,False,csv:P_alta; csv:P_baja; csv:T_fuente; csv:T_sumidero; csv:x_b; csv:m_b; csv:eta_t; csv:eta_p; csv:eps_hrvg; csv:eps_reg; csv:eps_cond,"T_from_Ph(P, h, x): el motor teqp no cubre el estado pedido (ver TASK_CONTEXT 2026-09-18-validar-teqp-nh3h2o). Detalle: equilibrio no resoluble en T=507.76 K, P=3.2e+06 Pa, x=0.7604",True,CORREGIBLE,0.089433,121.6605,358.6277,8,0,14,141.7,,"[CORREGIBLE] O2: succión de la bomba bifásica bajo el peor caso de T_amb (riesgo de cavitación) (medido=314.54836904177597, esperado=<= 309.581 K). Causa probable: subenfriamiento insuficiente a la sa",O2,,,,,0,False,
3200|1600|500|300.033|0.75|1|0.85|0.75|0.8|0.8|0.8|303.55,400,69,25144,barridos_2026-09-19/fase2_libre/busqueda_libre_v2.csv;barridos_2026-09-19/fase2_libre/ronda6_diagnostico.csv,2,3200.0,1600.0,500.0,300.032917,0.75,1.0,0.85,0.75,0.8,0.8,0.8,303.55,False,csv:P_alta; csv:P_baja; csv:T_fuente; csv:T_sumidero; csv:x_b; csv:m_b; csv:eta_t; csv:eta_p; csv:eps_hrvg; csv:eps_reg; csv:eps_cond,"T_from_Ph(P, h, x): el motor teqp no cubre el estado pedido (ver TASK_CONTEXT 2026-09-18-validar-teqp-nh3h2o). Detalle: equilibrio no resoluble en T=507.76 K, P=3.2e+06 Pa, x=0.7604",True,CORREGIBLE,0.058116,79.248,358.5345,8,0,14,146.5,,"[CORREGIBLE] O2: succión de la bomba bifásica bajo el peor caso de T_amb (riesgo de cavitación) (medido=330.0716575683903, esperado=<= 326.228 K). Causa probable: subenfriamiento insuficiente a la sal",O2,,,,,0,False,
4500|3150|500|300.033|0.7|1|0.85|0.75|0.8|0.8|0.8|303.55,397,65,27548,barridos_2026-09-19/fase2_libre/busqueda_libre_v2.csv;barridos_2026-09-19/fase2_libre/ronda6_diagnostico.csv,2,4500.0,3150.0,500.0,300.032917,0.7,1.0,0.85,0.75,0.8,0.8,0.8,303.55,False,csv:P_alta; csv:P_baja; csv:T_fuente; csv:T_sumidero; csv:x_b; csv:m_b; csv:eta_t; csv:eta_p; csv:eps_hrvg; csv:eps_reg; csv:eps_cond,"T_from_Ph(P, h, x): el motor teqp no cubre el estado pedido (ver TASK_CONTEXT 2026-09-18-validar-teqp-nh3h2o). Detalle: h=74345.5 fuera de dominio a P=3.15e+06 Pa, x=0.7117",True,CORREGIBLE,0.032682,45.2264,376.9573,9,0,8,173.1,,"[CORREGIBLE] O2: succión de la bomba bifásica bajo el peor caso de T_amb (riesgo de cavitación) (medido=361.75436935602477, esperado=<= 360.421 K). Causa probable: subenfriamiento insuficiente a la sa",O2,,,,,0,False,
3200|2240|500|300.033|0.75|1|0.85|0.75|0.8|0.8|0.8|303.55,401,60,22476,barridos_2026-09-19/fase2_libre/busqueda_libre_v2.csv;barridos_2026-09-19/fase2_libre/ronda6_diagnostico.csv,2,3200.0,2240.0,500.0,300.032917,0.75,1.0,0.85,0.75,0.8,0.8,0.8,303.55,False,csv:P_alta; csv:P_baja; csv:T_fuente; csv:T_sumidero; csv:x_b; csv:m_b; csv:eta_t; csv:eta_p; csv:eps_hrvg; csv:eps_reg; csv:eps_cond,"T_from_Ph(P, h, x): el motor teqp no cubre el estado pedido (ver TASK_CONTEXT 2026-09-18-validar-teqp-nh3h2o). Detalle: equilibrio no resoluble en T=507.76 K, P=3.2e+06 Pa, x=0.7604",True,CORREGIBLE,0.031466,42.9084,358.5335,8,0,14,152.1,,"[CORREGIBLE] O2: succión de la bomba bifásica bajo el peor caso de T_amb (riesgo de cavitación) (medido=343.0813515515313, esperado=<= 340.261 K). Causa probable: subenfriamiento insuficiente a la sal",O2,,,,,0,False,
3600|1150|500|300.033|0.75|1|0.85|0.75|0.8|0.8|0.8|303.55,402,69,26924,barridos_2026-09-19/fase2_libre/busqueda_libre_v2.csv;barridos_2026-09-19/fase2_libre/ronda6_diagnostico.csv,2,3600.0,1150.0,500.0,300.032917,0.75,1.0,0.85,0.75,0.8,0.8,0.8,303.55,False,csv:P_alta; csv:P_baja; csv:T_fuente; csv:T_sumidero; csv:x_b; csv:m_b; csv:eta_t; csv:eta_p; csv:eps_hrvg; csv:eps_reg; csv:eps_cond,"T_from_Ph(P, h, x): el motor teqp no cubre el estado pedido (ver TASK_CONTEXT 2026-09-18-validar-teqp-nh3h2o). Detalle: equilibrio no resoluble en T=507.15 K, P=3.6e+06 Pa, x=0.7604",True,CORREGIBLE,0.091933,124.6536,363.8056,8,0,12,140.6,,"[CORREGIBLE] O2: succión de la bomba bifásica bajo el peor caso de T_amb (riesgo de cavitación) (medido=318.2726607828629, esperado=<= 313.692 K). Causa probable: subenfriamiento insuficiente a la sal",O2,,,,,0,False,
2800|1960|500|300.033|0.75|1|0.85|0.75|0.8|0.8|0.8|303.55,399,65,22892,barridos_2026-09-19/fase2_libre/busqueda_libre_v2.csv;barridos_2026-09-19/fase2_libre/ronda6_diagnostico.csv,2,2800.0,1960.0,500.0,300.032917,0.75,1.0,0.85,0.75,0.8,0.8,0.8,303.55,False,csv:P_alta; csv:P_baja; csv:T_fuente; csv:T_sumidero; csv:x_b; csv:m_b; csv:eta_t; csv:eta_p; csv:eps_hrvg; csv:eps_reg; csv:eps_cond,"T_from_Ph(P, h, x): el motor teqp no cubre el estado pedido (ver TASK_CONTEXT 2026-09-18-validar-teqp-nh3h2o). Detalle: h=594616 fuera de dominio a P=1.96e+06 Pa, x=0.7604",True,CORREGIBLE,0.030516,41.8049,352.8066,8,0,16,168.7,,"[CORREGIBLE] O2: succión de la bomba bifásica bajo el peor caso de T_amb (riesgo de cavitación) (medido=337.9046666411089, esperado=<= 334.527 K). Causa probable: subenfriamiento insuficiente a la sal",O2,,,,,0,False,
3600|2520|500|300.033|0.75|1|0.85|0.75|0.8|0.8|0.8|303.55,403,72,20368,barridos_2026-09-19/fase2_libre/busqueda_libre_v2.csv;barridos_2026-09-19/fase2_libre/ronda6_diagnostico.csv,2,3600.0,2520.0,500.0,300.032917,0.75,1.0,0.85,0.75,0.8,0.8,0.8,303.55,False,csv:P_alta; csv:P_baja; csv:T_fuente; csv:T_sumidero; csv:x_b; csv:m_b; csv:eta_t; csv:eta_p; csv:eps_hrvg; csv:eps_reg; csv:eps_cond,"T_from_Ph(P, h, x): el motor teqp no cubre el estado pedido (ver TASK_CONTEXT 2026-09-18-validar-teqp-nh3h2o). Detalle: equilibrio no resoluble en T=507.15 K, P=3.6e+06 Pa, x=0.7604",True,CORREGIBLE,0.032353,43.9124,363.7674,8,0,13,156.7,,"[CORREGIBLE] O2: succión de la bomba bifásica bajo el peor caso de T_amb (riesgo de cavitación) (medido=347.81040576235773, esperado=<= 345.513 K). Causa probable: subenfriamiento insuficiente a la sa",O2,,,,,0,False,
3600|1800|500|300.033|0.75|1|0.85|0.75|0.8|0.8|0.8|303.55,404,70,25144,barridos_2026-09-19/fase2_libre/busqueda_libre_v2.csv;barridos_2026-09-19/fase2_libre/ronda6_diagnostico.csv,2,3600.0,1800.0,500.0,300.032917,0.75,1.0,0.85,0.75,0.8,0.8,0.8,303.55,False,csv:P_alta; csv:P_baja; csv:T_fuente; csv:T_sumidero; csv:x_b; csv:m_b; csv:eta_t; csv:eta_p; csv:eps_hrvg; csv:eps_reg; csv:eps_cond,"T_from_Ph(P, h, x): el motor teqp no cubre el estado pedido (ver TASK_CONTEXT 2026-09-18-validar-teqp-nh3h2o). Detalle: equilibrio no resoluble en T=507.15 K, P=3.6e+06 Pa, x=0.7604",True,CORREGIBLE,0.059697,81.0787,363.7428,8,0,13,154.2,,"[CORREGIBLE] O2: succión de la bomba bifásica bajo el peor caso de T_amb (riesgo de cavitación) (medido=334.37607097494237, esperado=<= 330.985 K). Causa probable: subenfriamiento insuficiente a la sa",O2,,,,,0,False,
4000|1280|500|300.033|0.75|1|0.85|0.75|0.8|0.8|0.8|303.55,405,66,27548,barridos_2026-09-19/fase2_libre/busqueda_libre_v2.csv;barridos_2026-09-19/fase2_libre/ronda6_diagnostico.csv,2,4000.0,1280.0,500.0,300.032917,0.75,1.0,0.85,0.75,0.8,0.8,0.8,303.55,False,csv:P_alta; csv:P_baja; csv:T_fuente; csv:T_sumidero; csv:x_b; csv:m_b; csv:eta_t; csv:eta_p; csv:eps_hrvg; csv:eps_reg; csv:eps_cond,"T_from_Ph(P, h, x): el motor teqp no cubre el estado pedido (ver TASK_CONTEXT 2026-09-18-validar-teqp-nh3h2o). Detalle: equilibrio no resoluble en T=506.53 K, P=4e+06 Pa, x=0.7604",True,CORREGIBLE,0.093993,126.9707,368.5976,8,0,11,171.7,,"[CORREGIBLE] O2: succión de la bomba bifásica bajo el peor caso de T_amb (riesgo de cavitación) (medido=321.84309757935085, esperado=<= 317.634 K). Causa probable: subenfriamiento insuficiente a la sa",O2,,,,,0,False,
4000|2000|500|300.033|0.75|1|0.85|0.75|0.8|0.8|0.8|303.55,406,61,22476,barridos_2026-09-19/fase2_libre/busqueda_libre_v2.csv;barridos_2026-09-19/fase2_libre/ronda6_diagnostico.csv,2,4000.0,2000.0,500.0,300.032917,0.75,1.0,0.85,0.75,0.8,0.8,0.8,303.55,False,csv:P_alta; csv:P_baja; csv:T_fuente; csv:T_sumidero; csv:x_b; csv:m_b; csv:eta_t; csv:eta_p; csv:eps_hrvg; csv:eps_reg; csv:eps_cond,"T_from_Ph(P, h, x): el motor teqp no cubre el estado pedido (ver TASK_CONTEXT 2026-09-18-validar-teqp-nh3h2o). Detalle: equilibrio no resoluble en T=506.53 K, P=4e+06 Pa, x=0.7604",True,CORREGIBLE,0.061179,82.7165,368.5651,8,0,11,172.6,,"[CORREGIBLE] O2: succión de la bomba bifásica bajo el peor caso de T_amb (riesgo de cavitación) (medido=338.3430480403206, esperado=<= 335.380 K). Causa probable: subenfriamiento insuficiente a la sal",O2,,,,,0,False,
4500|1440|500|300.033|0.75|1|0.85|0.75|0.8|0.8|0.8|303.55,408,66,22892,barridos_2026-09-19/fase2_libre/busqueda_libre_v2.csv;barridos_2026-09-19/fase2_libre/ronda6_diagnostico.csv,2,4500.0,1440.0,500.0,300.032917,0.75,1.0,0.85,0.75,0.8,0.8,0.8,303.55,False,csv:P_alta; csv:P_baja; csv:T_fuente; csv:T_sumidero; csv:x_b; csv:m_b; csv:eta_t; csv:eta_p; csv:eps_hrvg; csv:eps_reg; csv:eps_cond,"T_from_Ph(P, h, x): el motor teqp no cubre el estado pedido (ver TASK_CONTEXT 2026-09-18-validar-teqp-nh3h2o). Detalle: equilibrio no resoluble en T=505.72 K, P=4.5e+06 Pa, x=0.7604",True,CORREGIBLE,0.096216,129.1555,372.2646,9,0,10,176.3,,"[CORREGIBLE] O2: succión de la bomba bifásica bajo el peor caso de T_amb (riesgo de cavitación) (medido=325.8787648501495, esperado=<= 322.104 K). Causa probable: subenfriamiento insuficiente a la sal",O2,,,,,0,False,
4000|2800|500|300.033|0.75|1|0.85|0.75|0.8|0.8|0.8|303.55,407,70,26924,barridos_2026-09-19/fase2_libre/busqueda_libre_v2.csv;barridos_2026-09-19/fase2_libre/ronda6_diagnostico.csv,2,4000.0,2800.0,500.0,300.032917,0.75,1.0,0.85,0.75,0.8,0.8,0.8,303.55,False,csv:P_alta; csv:P_baja; csv:T_fuente; csv:T_sumidero; csv:x_b; csv:m_b; csv:eta_t; csv:eta_p; csv:eps_hrvg; csv:eps_reg; csv:eps_cond,"T_from_Ph(P, h, x): el motor teqp no cubre el estado pedido (ver TASK_CONTEXT 2026-09-18-validar-teqp-nh3h2o). Detalle: equilibrio no resoluble en T=506.53 K, P=4e+06 Pa, x=0.7604",True,CORREGIBLE,0.033182,44.8091,368.6102,8,0,12,188.2,,"[CORREGIBLE] O2: succión de la bomba bifásica bajo el peor caso de T_amb (riesgo de cavitación) (medido=352.17282239139183, esperado=<= 350.374 K). Causa probable: subenfriamiento insuficiente a la sa",O2,,,,,0,False,
2800|1960|500|300.033|0.8|1|0.85|0.75|0.8|0.8|0.8|303.55,410,71,25144,barridos_2026-09-19/fase2_libre/busqueda_libre_v2.csv;barridos_2026-09-19/fase2_libre/ronda6_diagnostico.csv,2,2800.0,1960.0,500.0,300.032917,0.8,1.0,0.85,0.75,0.8,0.8,0.8,303.55,False,csv:P_alta; csv:P_baja; csv:T_fuente; csv:T_sumidero; csv:x_b; csv:m_b; csv:eta_t; csv:eta_p; csv:eps_hrvg; csv:eps_reg; csv:eps_cond,"h(P, s, x): el motor teqp no cubre el estado pedido (ver TASK_CONTEXT 2026-09-18-validar-teqp-nh3h2o). Detalle: equilibrio no resoluble en T=476.86 K, P=1.96e+06 Pa, x=0.8642",False,NO_CONVERGIO,,,,,,,153.3,sin cambio de signo,"CicloNoConvergeError: extremos [351.0329, 404.0000] K sin cambio de signo de F (F(lo)=-2.5129, F(hi)=-54.817)",,,,,,,,
4500|2250|500|300.033|0.75|1|0.85|0.75|0.8|0.8|0.8|303.55,409,73,20368,barridos_2026-09-19/fase2_libre/busqueda_libre_v2.csv;barridos_2026-09-19/fase2_libre/ronda6_diagnostico.csv,2,4500.0,2250.0,500.0,300.032917,0.75,1.0,0.85,0.75,0.8,0.8,0.8,303.55,False,csv:P_alta; csv:P_baja; csv:T_fuente; csv:T_sumidero; csv:x_b; csv:m_b; csv:eta_t; csv:eta_p; csv:eps_hrvg; csv:eps_reg; csv:eps_cond,"T_from_Ph(P, h, x): el motor teqp no cubre el estado pedido (ver TASK_CONTEXT 2026-09-18-validar-teqp-nh3h2o). Detalle: equilibrio no resoluble en T=505.72 K, P=4.5e+06 Pa, x=0.7604",True,CORREGIBLE,0.062538,83.9555,372.2396,8,0,10,170.4,,"[CORREGIBLE] O2: succión de la bomba bifásica bajo el peor caso de T_amb (riesgo de cavitación) (medido=342.91000775207533, esperado=<= 340.457 K). Causa probable: subenfriamiento insuficiente a la sa",O2,,,,,0,False,
2800|895|500|300.033|0.8|1|0.85|0.75|0.8|0.8|0.8|303.55,411,67,27548,barridos_2026-09-19/fase2_libre/busqueda_libre_v2.csv;barridos_2026-09-19/fase2_libre/ronda6_diagnostico.csv,2,2800.0,895.0,500.0,300.032917,0.8,1.0,0.85,0.75,0.8,0.8,0.8,303.55,False,csv:P_alta; csv:P_baja; csv:T_fuente; csv:T_sumidero; csv:x_b; csv:m_b; csv:eta_t; csv:eta_p; csv:eps_hrvg; csv:eps_reg; csv:eps_cond,"T_from_Ph(P, h, x): el motor teqp no cubre el estado pedido (ver TASK_CONTEXT 2026-09-18-validar-teqp-nh3h2o). Detalle: h=601691 fuera de dominio a P=8.95e+05 Pa, x=0.8088",True,CORREGIBLE,0.090033,118.2396,348.6029,8,0,18,178.8,,"[CORREGIBLE] O2: succión de la bomba bifásica bajo el peor caso de T_amb (riesgo de cavitación) (medido=308.06379155842916, esperado=<= 302.104 K). Causa probable: subenfriamiento insuficiente a la sa",O2,,,,,0,False,
4500|3150|500|300.033|0.75|1|0.85|0.75|0.8|0.8|0.8|303.55,412,62,22476,barridos_2026-09-19/fase2_libre/busqueda_libre_v2.csv;barridos_2026-09-19/fase2_libre/ronda6_diagnostico.csv,2,4500.0,3150.0,500.0,300.032917,0.75,1.0,0.85,0.75,0.8,0.8,0.8,303.55,False,csv:P_alta; csv:P_baja; csv:T_fuente; csv:T_sumidero; csv:x_b; csv:m_b; csv:eta_t; csv:eta_p; csv:eps_hrvg; csv:eps_reg; csv:eps_cond,"T_from_Ph(P, h, x): el motor teqp no cubre el estado pedido (ver TASK_CONTEXT 2026-09-18-validar-teqp-nh3h2o). Detalle: equilibrio no resoluble en T=505.72 K, P=4.5e+06 Pa, x=0.7604",True,CORREGIBLE,0.033779,45.2602,372.841,8,0,10,181.1,,"[CORREGIBLE] O2: succión de la bomba bifásica bajo el peor caso de T_amb (riesgo de cavitación) (medido=357.1985190581254, esperado=<= 356.002 K). Causa probable: subenfriamiento insuficiente a la sal",O2,,,,,0,False,
3200|1025|500|300.033|0.8|1|0.85|0.75|0.8|0.8|0.8|303.55,414,71,26924,barridos_2026-09-19/fase2_libre/busqueda_libre_v2.csv;barridos_2026-09-19/fase2_libre/ronda6_diagnostico.csv,2,3200.0,1025.0,500.0,300.032917,0.8,1.0,0.85,0.75,0.8,0.8,0.8,303.55,False,csv:P_alta; csv:P_baja; csv:T_fuente; csv:T_sumidero; csv:x_b; csv:m_b; csv:eta_t; csv:eta_p; csv:eps_hrvg; csv:eps_reg; csv:eps_cond,"T_from_Ph(P, h, x): el motor teqp no cubre el estado pedido (ver TASK_CONTEXT 2026-09-18-validar-teqp-nh3h2o). Detalle: h=199768 fuera de dominio a P=1.025e+06 Pa, x=0.8088",True,CORREGIBLE,0.092457,121.1017,354.3588,8,0,17,167.2,,"[CORREGIBLE] O2: succión de la bomba bifásica bajo el peor caso de T_amb (riesgo de cavitación) (medido=310.0632126752608, esperado=<= 306.725 K). Causa probable: subenfriamiento insuficiente a la sal",O2,,,,,0,False,
2800|1400|500|300.033|0.8|1|0.85|0.75|0.8|0.8|0.8|303.55,413,67,22892,barridos_2026-09-19/fase2_libre/busqueda_libre_v2.csv;barridos_2026-09-19/fase2_libre/ronda6_diagnostico.csv,2,2800.0,1400.0,500.0,300.032917,0.8,1.0,0.85,0.75,0.8,0.8,0.8,303.55,False,csv:P_alta; csv:P_baja; csv:T_fuente; csv:T_sumidero; csv:x_b; csv:m_b; csv:eta_t; csv:eta_p; csv:eps_hrvg; csv:eps_reg; csv:eps_cond,"T_from_Ph(P, h, x): el motor teqp no cubre el estado pedido (ver TASK_CONTEXT 2026-09-18-validar-teqp-nh3h2o). Detalle: h=620906 fuera de dominio a P=1.4e+06 Pa, x=0.8088",True,CORREGIBLE,0.058327,76.8785,348.5043,8,0,19,179.4,,"[CORREGIBLE] O2: succión de la bomba bifásica bajo el peor caso de T_amb (riesgo de cavitación) (medido=320.95355578224155, esperado=<= 317.988 K). Causa probable: subenfriamiento insuficiente a la sa",O2,,,,,0,False,
3200|1600|500|300.033|0.8|1|0.85|0.75|0.8|0.8|0.8|303.55,415,72,25144,barridos_2026-09-19/fase2_libre/busqueda_libre_v2.csv;barridos_2026-09-19/fase2_libre/ronda6_diagnostico.csv,2,3200.0,1600.0,500.0,300.032917,0.8,1.0,0.85,0.75,0.8,0.8,0.8,303.55,False,csv:P_alta; csv:P_baja; csv:T_fuente; csv:T_sumidero; csv:x_b; csv:m_b; csv:eta_t; csv:eta_p; csv:eps_hrvg; csv:eps_reg; csv:eps_cond,"T_from_Ph(P, h, x): el motor teqp no cubre el estado pedido (ver TASK_CONTEXT 2026-09-18-validar-teqp-nh3h2o). Detalle: h=206264 fuera de dominio a P=1.6e+06 Pa, x=0.8088",True,CORREGIBLE,0.060066,78.8948,354.2847,8,0,17,164.6,,"[CORREGIBLE] O2: succión de la bomba bifásica bajo el peor caso de T_amb (riesgo de cavitación) (medido=325.7664512442602, esperado=<= 323.106 K). Causa probable: subenfriamiento insuficiente a la sal",O2,,,,,0,False,
3200|2240|500|300.033|0.8|1|0.85|0.75|0.8|0.8|0.8|303.55,416,74,20368,barridos_2026-09-19/fase2_libre/busqueda_libre_v2.csv;barridos_2026-09-19/fase2_libre/ronda6_diagnostico.csv,2,3200.0,2240.0,500.0,300.032917,0.8,1.0,0.85,0.75,0.8,0.8,0.8,303.55,False,csv:P_alta; csv:P_baja; csv:T_fuente; csv:T_sumidero; csv:x_b; csv:m_b; csv:eta_t; csv:eta_p; csv:eps_hrvg; csv:eps_reg; csv:eps_cond,"T_from_Ph(P, h, x): el motor teqp no cubre el estado pedido (ver TASK_CONTEXT 2026-09-18-validar-teqp-nh3h2o). Detalle: h=211373 fuera de dominio a P=2.24e+06 Pa, x=0.8088",True,CORREGIBLE,0.032511,42.7126,354.2779,8,0,17,179.2,,"[CORREGIBLE] O2: succión de la bomba bifásica bajo el peor caso de T_amb (riesgo de cavitación) (medido=338.8993114080337, esperado=<= 336.881 K). Causa probable: subenfriamiento insuficiente a la sal",O2,,,,,0,False,
3600|1150|500|300.033|0.8|1|0.85|0.75|0.8|0.8|0.8|303.55,417,68,27548,barridos_2026-09-19/fase2_libre/busqueda_libre_v2.csv;barridos_2026-09-19/fase2_libre/ronda6_diagnostico.csv,2,3600.0,1150.0,500.0,300.032917,0.8,1.0,0.85,0.75,0.8,0.8,0.8,303.55,False,csv:P_alta; csv:P_baja; csv:T_fuente; csv:T_sumidero; csv:x_b; csv:m_b; csv:eta_t; csv:eta_p; csv:eps_hrvg; csv:eps_reg; csv:eps_cond,"T_from_Ph(P, h, x): el motor teqp no cubre el estado pedido (ver TASK_CONTEXT 2026-09-18-validar-teqp-nh3h2o). Detalle: h=128927 fuera de dominio a P=1.15e+06 Pa, x=0.8088",True,CORREGIBLE,0.095025,124.1122,359.6124,8,0,15,153.7,,"[CORREGIBLE] O2: succión de la bomba bifásica bajo el peor caso de T_amb (riesgo de cavitación) (medido=313.8755197583227, esperado=<= 310.774 K). Causa probable: subenfriamiento insuficiente a la sal",O2,,,,,0,False,
3600|1800|500|300.033|0.8|1|0.85|0.75|0.8|0.8|0.8|303.55,418,63,22476,barridos_2026-09-19/fase2_libre/busqueda_libre_v2.csv;barridos_2026-09-19/fase2_libre/ronda6_diagnostico.csv,2,3600.0,1800.0,500.0,300.032917,0.8,1.0,0.85,0.75,0.8,0.8,0.8,303.55,False,csv:P_alta; csv:P_baja; csv:T_fuente; csv:T_sumidero; csv:x_b; csv:m_b; csv:eta_t; csv:eta_p; csv:eps_hrvg; csv:eps_reg; csv:eps_cond,"T_from_Ph(P, h, x): el motor teqp no cubre el estado pedido (ver TASK_CONTEXT 2026-09-18-validar-teqp-nh3h2o). Detalle: h=133219 fuera de dominio a P=1.8e+06 Pa, x=0.8088",True,CORREGIBLE,0.061682,80.7272,359.5594,8,0,15,155.8,,"[CORREGIBLE] O2: succión de la bomba bifásica bajo el peor caso de T_amb (riesgo de cavitación) (medido=330.15428958172964, esperado=<= 327.780 K). Causa probable: subenfriamiento insuficiente a la sa",O2,,,,,0,False,
4000|1280|500|300.033|0.8|1|0.85|0.75|0.8|0.8|0.8|303.55,420,68,22892,barridos_2026-09-19/fase2_libre/busqueda_libre_v2.csv;barridos_2026-09-19/fase2_libre/ronda6_diagnostico.csv,2,4000.0,1280.0,500.0,300.032917,0.8,1.0,0.85,0.75,0.8,0.8,0.8,303.55,False,csv:P_alta; csv:P_baja; csv:T_fuente; csv:T_sumidero; csv:x_b; csv:m_b; csv:eta_t; csv:eta_p; csv:eps_hrvg; csv:eps_reg; csv:eps_cond,"T_from_Ph(P, h, x): el motor teqp no cubre el estado pedido (ver TASK_CONTEXT 2026-09-18-validar-teqp-nh3h2o). Detalle: h=99630.4 fuera de dominio a P=1.28e+06 Pa, x=0.8088",True,CORREGIBLE,0.097124,126.477,364.4551,8,0,14,173.1,,"[CORREGIBLE] O2: succión de la bomba bifásica bajo el peor caso de T_amb (riesgo de cavitación) (medido=317.5284251097894, esperado=<= 314.655 K). Causa probable: subenfriamiento insuficiente a la sal",O2,,,,,0,False,
3600|2520|500|300.033|0.8|1|0.85|0.75|0.8|0.8|0.8|303.55,419,72,26924,barridos_2026-09-19/fase2_libre/busqueda_libre_v2.csv;barridos_2026-09-19/fase2_libre/ronda6_diagnostico.csv,2,3600.0,2520.0,500.0,300.032917,0.8,1.0,0.85,0.75,0.8,0.8,0.8,303.55,False,csv:P_alta; csv:P_baja; csv:T_fuente; csv:T_sumidero; csv:x_b; csv:m_b; csv:eta_t; csv:eta_p; csv:eps_hrvg; csv:eps_reg; csv:eps_cond,"T_from_Ph(P, h, x): el motor teqp no cubre el estado pedido (ver TASK_CONTEXT 2026-09-18-validar-teqp-nh3h2o). Detalle: h=136571 fuera de dominio a P=2.52e+06 Pa, x=0.8088",True,CORREGIBLE,0.033414,43.7119,359.571,8,0,16,176.6,,"[CORREGIBLE] O2: succión de la bomba bifásica bajo el peor caso de T_amb (riesgo de cavitación) (medido=343.70332447121933, esperado=<= 342.026 K). Causa probable: subenfriamiento insuficiente a la sa",O2,,,,,0,False,
4000|2000|500|300.033|0.8|1|0.85|0.75|0.8|0.8|0.8|303.55,421,73,25144,barridos_2026-09-19/fase2_libre/busqueda_libre_v2.csv;barridos_2026-09-19/fase2_libre/ronda6_diagnostico.csv,2,4000.0,2000.0,500.0,300.032917,0.8,1.0,0.85,0.75,0.8,0.8,0.8,303.55,False,csv:P_alta; csv:P_baja; csv:T_fuente; csv:T_sumidero; csv:x_b; csv:m_b; csv:eta_t; csv:eta_p; csv:eps_hrvg; csv:eps_reg; csv:eps_cond,"T_from_Ph(P, h, x): el motor teqp no cubre el estado pedido (ver TASK_CONTEXT 2026-09-18-validar-teqp-nh3h2o). Detalle: h=102999 fuera de dominio a P=2e+06 Pa, x=0.8088",True,CORREGIBLE,0.063197,82.397,364.424,8,0,14,180.6,,"[CORREGIBLE] O2: succión de la bomba bifásica bajo el peor caso de T_amb (riesgo de cavitación) (medido=334.1964918120359, esperado=<= 332.094 K). Causa probable: subenfriamiento insuficiente a la sal",O2,,,,,0,False,
4500|1440|500|300.033|0.8|1|0.85|0.75|0.8|0.8|0.8|303.55,423,69,27548,barridos_2026-09-19/fase2_libre/busqueda_libre_v2.csv;barridos_2026-09-19/fase2_libre/ronda6_diagnostico.csv,2,4500.0,1440.0,500.0,300.032917,0.8,1.0,0.85,0.75,0.8,0.8,0.8,303.55,False,csv:P_alta; csv:P_baja; csv:T_fuente; csv:T_sumidero; csv:x_b; csv:m_b; csv:eta_t; csv:eta_p; csv:eps_hrvg; csv:eps_reg; csv:eps_cond,"T_from_Ph(P, h, x): el motor teqp no cubre el estado pedido (ver TASK_CONTEXT 2026-09-18-validar-teqp-nh3h2o). Detalle: h=80660.2 fuera de dominio a P=1.44e+06 Pa, x=0.8088",True,CORREGIBLE,0.099487,128.8574,368.2546,8,0,12,173.7,,"[CORREGIBLE] O2: succión de la bomba bifásica bajo el peor caso de T_amb (riesgo de cavitación) (medido=321.65675072906544, esperado=<= 319.052 K). Causa probable: subenfriamiento insuficiente a la sa",O2,,,,,0,False,
4000|2800|500|300.033|0.8|1|0.85|0.75|0.8|0.8|0.8|303.55,422,75,20368,barridos_2026-09-19/fase2_libre/busqueda_libre_v2.csv;barridos_2026-09-19/fase2_libre/ronda5_diagnostico.csv;barridos_2026-09-19/fase2_libre/ronda6_diagnostico.csv,3,4000.0,2800.0,500.0,300.032917,0.8,1.0,0.85,0.75,0.8,0.8,0.8,303.55,False,csv:P_alta; csv:P_baja; csv:T_fuente; csv:T_sumidero; csv:x_b; csv:m_b; csv:eta_t; csv:eta_p; csv:eps_hrvg; csv:eps_reg; csv:eps_cond,"T_from_Ph(P, h, x): el motor teqp no cubre el estado pedido (ver TASK_CONTEXT 2026-09-18-validar-teqp-nh3h2o). Detalle: h=105570 fuera de dominio a P=2.8e+06 Pa, x=0.8088",True,CORREGIBLE,0.034262,44.6239,364.4511,8,0,14,195.4,,"[CORREGIBLE] O2: succión de la bomba bifásica bajo el peor caso de T_amb (riesgo de cavitación) (medido=348.1315887691276, esperado=<= 346.783 K). Causa probable: subenfriamiento insuficiente a la sal",O2,,,,,0,False,
4500|2250|500|300.033|0.8|1|0.85|0.75|0.8|0.8|0.8|303.55,424,64,22476,barridos_2026-09-19/fase2_libre/busqueda_libre_v2.csv;barridos_2026-09-19/fase2_libre/ronda6_diagnostico.csv,2,4500.0,2250.0,500.0,300.032917,0.8,1.0,0.85,0.75,0.8,0.8,0.8,303.55,False,csv:P_alta; csv:P_baja; csv:T_fuente; csv:T_sumidero; csv:x_b; csv:m_b; csv:eta_t; csv:eta_p; csv:eps_hrvg; csv:eps_reg; csv:eps_cond,"T_from_Ph(P, h, x): el motor teqp no cubre el estado pedido (ver TASK_CONTEXT 2026-09-18-validar-teqp-nh3h2o). Detalle: h=83382.6 fuera de dominio a P=2.25e+06 Pa, x=0.8088",True,CORREGIBLE,0.064681,83.8076,368.1409,8,0,12,183.5,,"[CORREGIBLE] O2: succión de la bomba bifásica bajo el peor caso de T_amb (riesgo de cavitación) (medido=338.8465318788202, esperado=<= 337.072 K). Causa probable: subenfriamiento insuficiente a la sal",O2,,,,,0,False,
4500|3150|500|300.033|0.8|1|0.85|0.75|0.8|0.8|0.8|303.55,426,73,26924,barridos_2026-09-19/fase2_libre/busqueda_libre_v2.csv;barridos_2026-09-19/fase2_libre/ronda6_diagnostico.csv,2,4500.0,3150.0,500.0,300.032917,0.8,1.0,0.85,0.75,0.8,0.8,0.8,303.55,False,csv:P_alta; csv:P_baja; csv:T_fuente; csv:T_sumidero; csv:x_b; csv:m_b; csv:eta_t; csv:eta_p; csv:eps_hrvg; csv:eps_reg; csv:eps_cond,"T_from_Ph(P, h, x): el motor teqp no cubre el estado pedido (ver TASK_CONTEXT 2026-09-18-validar-teqp-nh3h2o). Detalle: h=85460.2 fuera de dominio a P=3.15e+06 Pa, x=0.8088",True,CORREGIBLE,0.034976,45.2378,368.6762,8,0,13,197.8,,"[CORREGIBLE] O2: succión de la bomba bifásica bajo el peor caso de T_amb (riesgo de cavitación) (medido=353.22826945003385, esperado=<= 352.284 K). Causa probable: subenfriamiento insuficiente a la sa",O2,,,,,0,False,
2800|895|500|300.033|0.85|1|0.85|0.75|0.8|0.8|0.8|303.55,425,69,22892,barridos_2026-09-19/fase2_libre/busqueda_libre_v2.csv;barridos_2026-09-19/fase2_libre/ronda6_diagnostico.csv,2,2800.0,895.0,500.0,300.032917,0.85,1.0,0.85,0.75,0.8,0.8,0.8,303.55,False,csv:P_alta; csv:P_baja; csv:T_fuente; csv:T_sumidero; csv:x_b; csv:m_b; csv:eta_t; csv:eta_p; csv:eps_hrvg; csv:eps_reg; csv:eps_cond,"T_from_Ph(P, h, x): el motor teqp no cubre el estado pedido (ver TASK_CONTEXT 2026-09-18-validar-teqp-nh3h2o). Detalle: h=640379 fuera de dominio a P=8.95e+05 Pa, x=0.8570",True,CORREGIBLE,0.091522,112.6173,345.3146,8,0,22,200.3,,"[CORREGIBLE] O2: succión de la bomba bifásica bajo el peor caso de T_amb (riesgo de cavitación) (medido=308.0528825363298, esperado=<= 299.818 K). Causa probable: subenfriamiento insuficiente a la sal",O2,,,,,0,False,
2800|1400|500|300.033|0.85|1|0.85|0.75|0.8|0.8|0.8|303.55,427,74,25144,barridos_2026-09-19/fase2_libre/busqueda_libre_v2.csv;barridos_2026-09-19/fase2_libre/ronda6_diagnostico.csv,2,2800.0,1400.0,500.0,300.032917,0.85,1.0,0.85,0.75,0.8,0.8,0.8,303.55,False,csv:P_alta; csv:P_baja; csv:T_fuente; csv:T_sumidero; csv:x_b; csv:m_b; csv:eta_t; csv:eta_p; csv:eps_hrvg; csv:eps_reg; csv:eps_cond,"T_from_Ph(P, h, x): el motor teqp no cubre el estado pedido (ver TASK_CONTEXT 2026-09-18-validar-teqp-nh3h2o). Detalle: h=661100 fuera de dominio a P=1.4e+06 Pa, x=0.8570",True,CORREGIBLE,0.060612,76.7148,344.8128,8,0,22,202.8,,"[CORREGIBLE] O2: succión de la bomba bifásica bajo el peor caso de T_amb (riesgo de cavitación) (medido=317.3427265053244, esperado=<= 315.463 K). Causa probable: subenfriamiento insuficiente a la sal",O2,,,,,0,False,
3200|1025|500|300.033|0.85|1|0.85|0.75|0.8|0.8|0.8|303.55,428,70,27548,barridos_2026-09-19/fase2_libre/busqueda_libre_v2.csv;barridos_2026-09-19/fase2_libre/ronda6_diagnostico.csv,2,3200.0,1025.0,500.0,300.032917,0.85,1.0,0.85,0.75,0.8,0.8,0.8,303.55,False,csv:P_alta; csv:P_baja; csv:T_fuente; csv:T_sumidero; csv:x_b; csv:m_b; csv:eta_t; csv:eta_p; csv:eps_hrvg; csv:eps_reg; csv:eps_cond,"T_from_Ph(P, h, x): el motor teqp no cubre el estado pedido (ver TASK_CONTEXT 2026-09-18-validar-teqp-nh3h2o). Detalle: h=212672 fuera de dominio a P=1.025e+06 Pa, x=0.8570",True,CORREGIBLE,0.096069,120.8509,350.6743,8,0,20,184.8,,"[CORREGIBLE] O2: succión de la bomba bifásica bajo el peor caso de T_amb (riesgo de cavitación) (medido=306.4448057186939, esperado=<= 304.374 K). Causa probable: subenfriamiento insuficiente a la sal",O2,,,,,0,False,
3200|1600|500|300.033|0.85|1|0.85|0.75|0.8|0.8|0.8|303.55,429,76,20368,barridos_2026-09-19/fase2_libre/busqueda_libre_v2.csv;barridos_2026-09-19/fase2_libre/ronda6_diagnostico.csv,2,3200.0,1600.0,500.0,300.032917,0.85,1.0,0.85,0.75,0.8,0.8,0.8,303.55,False,csv:P_alta; csv:P_baja; csv:T_fuente; csv:T_sumidero; csv:x_b; csv:m_b; csv:eta_t; csv:eta_p; csv:eps_hrvg; csv:eps_reg; csv:eps_cond,"T_from_Ph(P, h, x): el motor teqp no cubre el estado pedido (ver TASK_CONTEXT 2026-09-18-validar-teqp-nh3h2o). Detalle: h=219568 fuera de dominio a P=1.6e+06 Pa, x=0.8570",True,CORREGIBLE,0.062372,78.6983,350.6231,8,0,21,187.3,,"[CORREGIBLE] O2: succión de la bomba bifásica bajo el peor caso de T_amb (riesgo de cavitación) (medido=322.2026512900756, esperado=<= 320.496 K). Causa probable: subenfriamiento insuficiente a la sal",O2,,,,,0,False,
3200|2240|500|300.033|0.85|1|0.85|0.75|0.8|0.8|0.8|303.55,432,70,22892,barridos_2026-09-19/fase2_libre/busqueda_libre_v2.csv;barridos_2026-09-19/fase2_libre/ronda6_diagnostico.csv,2,3200.0,2240.0,500.0,300.032917,0.85,1.0,0.85,0.75,0.8,0.8,0.8,303.55,False,csv:P_alta; csv:P_baja; csv:T_fuente; csv:T_sumidero; csv:x_b; csv:m_b; csv:eta_t; csv:eta_p; csv:eps_hrvg; csv:eps_reg; csv:eps_cond,"T_from_Ph(P, h, x): el motor teqp no cubre el estado pedido (ver TASK_CONTEXT 2026-09-18-validar-teqp-nh3h2o). Detalle: h=224996 fuera de dominio a P=2.24e+06 Pa, x=0.8570",False,NO_CONVERGIO,,,,,,,163.7,punto interior no evaluable,CicloNoConvergeError: punto interior no evaluable durante brentq (T=350.833232 K),,,,,,,,
2800|1960|500|300.033|0.85|1|0.85|0.75|0.8|0.8|0.8|303.55,430,65,22476,barridos_2026-09-19/fase2_libre/busqueda_libre_v2.csv;barridos_2026-09-19/fase2_libre/ronda6_diagnostico.csv,2,2800.0,1960.0,500.0,300.032917,0.85,1.0,0.85,0.75,0.8,0.8,0.8,303.55,False,csv:P_alta; csv:P_baja; csv:T_fuente; csv:T_sumidero; csv:x_b; csv:m_b; csv:eta_t; csv:eta_p; csv:eps_hrvg; csv:eps_reg; csv:eps_cond,"T_from_Ph(P, h, x): el motor teqp no cubre el estado pedido (ver TASK_CONTEXT 2026-09-18-validar-teqp-nh3h2o). Detalle: h=677069 fuera de dominio a P=1.96e+06 Pa, x=0.8570",True,CORREGIBLE,0.032756,41.5048,344.7936,8,0,23,218.8,,"[CORREGIBLE] O2: succión de la bomba bifásica bajo el peor caso de T_amb (riesgo de cavitación) (medido=330.0514353671042, esperado=<= 328.501 K). Causa probable: subenfriamiento insuficiente a la sal",O2,,,,,0,False,
3600|2520|500|300.033|0.85|1|0.85|0.75|0.8|0.8|0.8|303.55,431,74,26924,barridos_2026-09-19/fase2_libre/busqueda_libre_v2.csv;barridos_2026-09-19/fase2_libre/ronda6_diagnostico.csv,2,3600.0,2520.0,500.0,300.032917,0.85,1.0,0.85,0.75,0.8,0.8,0.8,303.55,False,csv:P_alta; csv:P_baja; csv:T_fuente; csv:T_sumidero; csv:x_b; csv:m_b; csv:eta_t; csv:eta_p; csv:eps_hrvg; csv:eps_reg; csv:eps_cond,"h(P, s, x): el motor teqp no cubre el estado pedido (ver TASK_CONTEXT 2026-09-18-validar-teqp-nh3h2o). Detalle: equilibrio no resoluble en T=463.61 K, P=2.52e+06 Pa, x=0.9030",True,CORREGIBLE,0.034644,43.5588,355.9255,8,7,19,205.5,,"[CORREGIBLE] O2: succión de la bomba bifásica bajo el peor caso de T_amb (riesgo de cavitación) (medido=340.18725941901647, esperado=<= 339.059 K). Causa probable: subenfriamiento insuficiente a la sa",O2,,,,,0,False,
3600|1150|500|300.033|0.85|1|0.85|0.75|0.8|0.8|0.8|303.55,433,75,25144,barridos_2026-09-19/fase2_libre/busqueda_libre_v2.csv;barridos_2026-09-19/fase2_libre/ronda6_diagnostico.csv,2,3600.0,1150.0,500.0,300.032917,0.85,1.0,0.85,0.75,0.8,0.8,0.8,303.55,False,csv:P_alta; csv:P_baja; csv:T_fuente; csv:T_sumidero; csv:x_b; csv:m_b; csv:eta_t; csv:eta_p; csv:eps_hrvg; csv:eps_reg; csv:eps_cond,"T_from_Ph(P, h, x): el motor teqp no cubre el estado pedido (ver TASK_CONTEXT 2026-09-18-validar-teqp-nh3h2o). Detalle: h=137265 fuera de dominio a P=1.15e+06 Pa, x=0.8570",True,CORREGIBLE,0.098671,123.8238,355.9576,8,0,18,165.9,,"[CORREGIBLE] O2: succión de la bomba bifásica bajo el peor caso de T_amb (riesgo de cavitación) (medido=310.30459428565945, esperado=<= 308.363 K). Causa probable: subenfriamiento insuficiente a la sa",O2,,,,,0,False,
3600|1800|500|300.033|0.85|1|0.85|0.75|0.8|0.8|0.8|303.55,434,71,27548,barridos_2026-09-19/fase2_libre/busqueda_libre_v2.csv;barridos_2026-09-19/fase2_libre/ronda6_diagnostico.csv,2,3600.0,1800.0,500.0,300.032917,0.85,1.0,0.85,0.75,0.8,0.8,0.8,303.55,False,csv:P_alta; csv:P_baja; csv:T_fuente; csv:T_sumidero; csv:x_b; csv:m_b; csv:eta_t; csv:eta_p; csv:eps_hrvg; csv:eps_reg; csv:eps_cond,"T_from_Ph(P, h, x): el motor teqp no cubre el estado pedido (ver TASK_CONTEXT 2026-09-18-validar-teqp-nh3h2o). Detalle: h=141833 fuera de dominio a P=1.8e+06 Pa, x=0.8570",True,CORREGIBLE,0.064001,80.4962,355.9198,8,0,19,174.7,,"[CORREGIBLE] O2: succión de la bomba bifásica bajo el peor caso de T_amb (riesgo de cavitación) (medido=326.6290807921778, esperado=<= 325.088 K). Causa probable: subenfriamiento insuficiente a la sal",O2,,,,,0,False,
4000|1280|500|300.033|0.85|1|0.85|0.75|0.8|0.8|0.8|303.55,435,77,20368,barridos_2026-09-19/fase2_libre/busqueda_libre_v2.csv;barridos_2026-09-19/fase2_libre/ronda6_diagnostico.csv,2,4000.0,1280.0,500.0,300.032917,0.85,1.0,0.85,0.75,0.8,0.8,0.8,303.55,False,csv:P_alta; csv:P_baja; csv:T_fuente; csv:T_sumidero; csv:x_b; csv:m_b; csv:eta_t; csv:eta_p; csv:eps_hrvg; csv:eps_reg; csv:eps_cond,"T_from_Ph(P, h, x): el motor teqp no cubre el estado pedido (ver TASK_CONTEXT 2026-09-18-validar-teqp-nh3h2o). Detalle: h=105991 fuera de dominio a P=1.28e+06 Pa, x=0.8570",True,CORREGIBLE,0.100789,126.1643,360.8232,8,0,17,189.7,,"[CORREGIBLE] O2: succión de la bomba bifásica bajo el peor caso de T_amb (riesgo de cavitación) (medido=313.9991101244245, esperado=<= 312.183 K). Causa probable: subenfriamiento insuficiente a la sal",O2,,,,,0,False,
4000|2000|500|300.033|0.85|1|0.85|0.75|0.8|0.8|0.8|303.55,436,71,22892,barridos_2026-09-19/fase2_libre/busqueda_libre_v2.csv;barridos_2026-09-19/fase2_libre/ronda6_diagnostico.csv,2,4000.0,2000.0,500.0,300.032917,0.85,1.0,0.85,0.75,0.8,0.8,0.8,303.55,False,csv:P_alta; csv:P_baja; csv:T_fuente; csv:T_sumidero; csv:x_b; csv:m_b; csv:eta_t; csv:eta_p; csv:eps_hrvg; csv:eps_reg; csv:eps_cond,"T_from_Ph(P, h, x): el motor teqp no cubre el estado pedido (ver TASK_CONTEXT 2026-09-18-validar-teqp-nh3h2o). Detalle: h=109591 fuera de dominio a P=2e+06 Pa, x=0.8570",True,CORREGIBLE,0.06552,82.1371,360.7987,8,0,17,199.6,,"[CORREGIBLE] O2: succión de la bomba bifásica bajo el peor caso de T_amb (riesgo de cavitación) (medido=330.7038175459143, esperado=<= 329.323 K). Causa probable: subenfriamiento insuficiente a la sal",O2,,,,,0,False,
4500|1440|500|300.033|0.85|1|0.85|0.75|0.8|0.8|0.8|303.55,437,66,22476,barridos_2026-09-19/fase2_libre/busqueda_libre_v2.csv;barridos_2026-09-19/fase2_libre/ronda6_diagnostico.csv,2,4500.0,1440.0,500.0,300.032917,0.85,1.0,0.85,0.75,0.8,0.8,0.8,303.55,False,csv:P_alta; csv:P_baja; csv:T_fuente; csv:T_sumidero; csv:x_b; csv:m_b; csv:eta_t; csv:eta_p; csv:eps_hrvg; csv:eps_reg; csv:eps_cond,"T_from_Ph(P, h, x): el motor teqp no cubre el estado pedido (ver TASK_CONTEXT 2026-09-18-validar-teqp-nh3h2o). Detalle: h=85902 fuera de dominio a P=1.44e+06 Pa, x=0.8570",True,CORREGIBLE,0.103182,128.5906,364.0958,8,0,16,189.6,,"[CORREGIBLE] O2: succión de la bomba bifásica bajo el peor caso de T_amb (riesgo de cavitación) (medido=318.17507857389757, esperado=<= 316.510 K). Causa probable: subenfriamiento insuficiente a la sa",O2,,,,,0,False,
4500|1170|380|300.033|0.75|1|0.85|0.75|0.8|0.8|0.85|303.55,441,78,20368,barridos_2026-09-19/fase2_libre/busqueda_libre_v2.csv;barridos_2026-09-19/fase2_libre/ronda6_diagnostico.csv,2,4500.0,1170.0,380.0,300.032917,0.75,1.0,0.85,0.75,0.8,0.8,0.85,303.55,False,csv:P_alta; csv:P_baja; csv:T_fuente; csv:T_sumidero; csv:x_b; csv:m_b; csv:eta_t; csv:eta_p; csv:eps_hrvg; csv:eps_reg; csv:eps_cond,"T_from_Ph(P, h, x): el motor teqp no cubre el estado pedido (ver TASK_CONTEXT 2026-09-18-validar-teqp-nh3h2o). Detalle: h=-2.53734e+08 fuera de dominio a P=4.5e+06 Pa, x=0.7604",False,NO_CONVERGIO,,,,,,,46.3,punto interior no evaluable,CicloNoConvergeError: punto interior no evaluable durante brentq (T=357.298962 K),,,,,,,,
3000|440|470|300.033|0.4|1|0.85|0.75|0.85|0.75|0.95|303.55,443,67,22476,barridos_2026-09-19/fase2_libre/sensibilidad_P_baja.csv;barridos_2026-09-19/fase2_libre/mapa_2d_pbaja_epscond.csv,2,3000.0,440.0,470.0,300.032917,0.4,1.0,0.85,0.75,0.85,0.75,0.95,303.55,False,csv:P_alta; csv:P_baja; csv:T_fuente; csv:T_sumidero; csv:x_b; csv:m_b; csv:eta_t; csv:eta_p; csv:eps_hrvg; csv:eps_reg; csv:eps_cond,"T_from_Ph(P, h, x): el motor teqp no cubre el estado pedido (ver TASK_CONTEXT 2026-09-18-validar-teqp-nh3h2o). Detalle: equilibrio no resoluble en T=297.32 K, P=4.4e+05 Pa, x=0.1390",False,NO_CONVERGIO,,,,,,,28.7,punto interior no evaluable,CicloNoConvergeError: punto interior no evaluable durante brentq (T=469.000000 K),,,,,,,,
4000|1840|400|300.033|0.75|1|0.85|0.75|0.8|0.8|0.85|303.55,442,72,22892,barridos_2026-09-19/fase2_libre/busqueda_libre_v2.csv;barridos_2026-09-19/fase2_libre/ronda6_diagnostico.csv,2,4000.0,1840.0,400.0,300.032917,0.75,1.0,0.85,0.75,0.8,0.8,0.85,303.55,False,csv:P_alta; csv:P_baja; csv:T_fuente; csv:T_sumidero; csv:x_b; csv:m_b; csv:eta_t; csv:eta_p; csv:eps_hrvg; csv:eps_reg; csv:eps_cond,"T_from_Ph(P, h, x): el motor teqp no cubre el estado pedido (ver TASK_CONTEXT 2026-09-18-validar-teqp-nh3h2o). Detalle: h=-5.83279e+08 fuera de dominio a P=4e+06 Pa, x=0.7604",False,NO_CONVERGIO,,,,,,,38.1,punto interior no evaluable,CicloNoConvergeError: punto interior no evaluable durante brentq (T=351.845145 K),,,,,,,,
4000|2800|500|300.033|0.85|1|0.85|0.75|0.8|0.8|0.8|303.55,438,75,26924,barridos_2026-09-19/fase2_libre/busqueda_libre_v2.csv;barridos_2026-09-19/fase2_libre/ronda5_diagnostico.csv;barridos_2026-09-19/fase2_libre/ronda6_diagnostico.csv,3,4000.0,2800.0,500.0,300.032917,0.85,1.0,0.85,0.75,0.8,0.8,0.8,303.55,False,csv:P_alta; csv:P_baja; csv:T_fuente; csv:T_sumidero; csv:x_b; csv:m_b; csv:eta_t; csv:eta_p; csv:eps_hrvg; csv:eps_reg; csv:eps_cond,"T_from_Ph(P, h, x): el motor teqp no cubre el estado pedido (ver TASK_CONTEXT 2026-09-18-validar-teqp-nh3h2o). Detalle: h=112337 fuera de dominio a P=2.8e+06 Pa, x=0.8570",True,CORREGIBLE,0.035491,44.4472,360.8157,8,0,18,212.4,,"[CORREGIBLE] O2: succión de la bomba bifásica bajo el peor caso de T_amb (riesgo de cavitación) (medido=344.63871328068484, esperado=<= 343.714 K). Causa probable: subenfriamiento insuficiente a la sa",O2,,,,,0,False,
3000|400|470|300.033|0.4|1|0.85|0.75|0.975|0.75|0.95|303.55,444,79,20368,barridos_2026-09-19/fase2_libre/sensibilidad_eps_hrvg.csv,1,3000.0,400.0,470.0,300.032917,0.4,1.0,0.85,0.75,0.975,0.75,0.95,303.55,False,csv:P_alta; csv:P_baja; csv:T_fuente; csv:T_sumidero; csv:x_b; csv:m_b; csv:eta_t; csv:eta_p; csv:eps_hrvg; csv:eps_reg; csv:eps_cond,"T_from_Ph(P, h, x): el motor teqp no cubre el estado pedido (ver TASK_CONTEXT 2026-09-18-validar-teqp-nh3h2o). Detalle: equilibrio no resoluble en T=298.62 K, P=4e+05 Pa, x=0.1385",True,CORREGIBLE,0.125729,198.045,353.2918,9,0,0,66.4,,"[CORREGIBLE] O1: título de vapor a la salida de la turbina bajo el umbral tecnológico usual (erosión de álabes) (medido=0.8997804712566634, esperado=>= 0.90). Causa probable: expansión hasta P_baja de",O1,,,,,0,False,
4500|2250|500|300.033|0.85|1|0.85|0.75|0.8|0.8|0.8|303.55,439,76,25144,barridos_2026-09-19/fase2_libre/busqueda_libre_v2.csv;barridos_2026-09-19/fase2_libre/ronda6_diagnostico.csv,2,4500.0,2250.0,500.0,300.032917,0.85,1.0,0.85,0.75,0.8,0.8,0.8,303.55,False,csv:P_alta; csv:P_baja; csv:T_fuente; csv:T_sumidero; csv:x_b; csv:m_b; csv:eta_t; csv:eta_p; csv:eps_hrvg; csv:eps_reg; csv:eps_cond,"T_from_Ph(P, h, x): el motor teqp no cubre el estado pedido (ver TASK_CONTEXT 2026-09-18-validar-teqp-nh3h2o). Detalle: h=88773.8 fuera de dominio a P=2.25e+06 Pa, x=0.8570",True,CORREGIBLE,0.06705,83.6073,363.9366,8,0,16,206.0,,"[CORREGIBLE] O2: succión de la bomba bifásica bajo el peor caso de T_amb (riesgo de cavitación) (medido=335.38982862774, esperado=<= 334.205 K). Causa probable: subenfriamiento insuficiente a la salid",O2,,,,,0,False,
4500|3150|500|300.033|0.85|1|0.85|0.75|0.8|0.8|0.8|303.55,440,72,27548,barridos_2026-09-19/fase2_libre/busqueda_libre_v2.csv;barridos_2026-09-19/fase2_libre/ronda6_diagnostico.csv,2,4500.0,3150.0,500.0,300.032917,0.85,1.0,0.85,0.75,0.8,0.8,0.8,303.55,False,csv:P_alta; csv:P_baja; csv:T_fuente; csv:T_sumidero; csv:x_b; csv:m_b; csv:eta_t; csv:eta_p; csv:eps_hrvg; csv:eps_reg; csv:eps_cond,"T_from_Ph(P, h, x): el motor teqp no cubre el estado pedido (ver TASK_CONTEXT 2026-09-18-validar-teqp-nh3h2o). Detalle: h=91043.7 fuera de dominio a P=3.15e+06 Pa, x=0.8570",True,CORREGIBLE,0.036258,45.134,364.4317,8,0,16,204.8,,"[CORREGIBLE] O2: succión de la bomba bifásica bajo el peor caso de T_amb (riesgo de cavitación) (medido=349.76067094270246, esperado=<= 349.091 K). Causa probable: subenfriamiento insuficiente a la sa",O2,,,,,0,False,
2000|157.885|583.15|300.033|0.35|1|0.85|0.75|0.8|0.75|0.8|303.55,447,76,26924,barridos_2026-09-19/b0_scan_cementera.csv,1,2000.0,157.88536139565775,583.15,300.032917,0.35,1.0,0.85,0.75,0.8,0.75,0.8,303.55,False,csv:P_alta; csv:P_baja; extra:T_fuente; extra:T_sumidero; csv:x_b; extra:m_b; csv:eta_t; csv:eta_p; csv:eps_hrvg; csv:eps_reg; csv:eps_cond,"lado_frio(P_baja=157.9 kPa, T=290.8 K, estado fuera del dominio/cobertura del motor teqp — sin relacion con la campana de la sonda || T_from_Ph(P, h, x): el motor teqp no cubre el estado pedido (ver T",True,CORREGIBLE,0.151829,281.9357,397.1724,8,0,28,89.6,,"[CORREGIBLE] O1: título de vapor a la salida de la turbina bajo el umbral tecnológico usual (erosión de álabes) (medido=0.8872515209431566, esperado=>= 0.90). Causa probable: expansión hasta P_baja de","O1,O2",,,,,0,False,
2000|157.885|583.15|300.033|0.35|1|0.85|0.75|0.65|0.75|0.8|303.55,446,73,22892,barridos_2026-09-19/b0_scan_cementera.csv,1,2000.0,157.88536139565775,583.15,300.032917,0.35,1.0,0.85,0.75,0.65,0.75,0.8,303.55,False,csv:P_alta; csv:P_baja; extra:T_fuente; extra:T_sumidero; csv:x_b; extra:m_b; csv:eta_t; csv:eta_p; csv:eps_hrvg; csv:eps_reg; csv:eps_cond,"bracket_sonda: T2_sonda=582.8 K > dew=464.9 K (sobrecalentado: sonda T1 del arranque del bracket pega el estado 2 fuera de campana) || equilibrio_liquido_vapor(P=2000.0 kPa, T=582.7999694738063 K): no",True,CORREGIBLE,0.151015,231.1889,393.705,9,0,25,106.9,,"[CORREGIBLE] O1: título de vapor a la salida de la turbina bajo el umbral tecnológico usual (erosión de álabes) (medido=0.8887841664421642, esperado=>= 0.90). Causa probable: expansión hasta P_baja de","O1,O2",,,,,0,False,
2000|157.885|583.15|300.033|0.35|1|0.85|0.75|0.5|0.75|0.8|303.55,445,68,22476,barridos_2026-09-19/b0_scan_cementera.csv,1,2000.0,157.88536139565775,583.15,300.032917,0.35,1.0,0.85,0.75,0.5,0.75,0.8,303.55,False,csv:P_alta; csv:P_baja; extra:T_fuente; extra:T_sumidero; csv:x_b; extra:m_b; csv:eta_t; csv:eta_p; csv:eps_hrvg; csv:eps_reg; csv:eps_cond,"bracket_sonda: T2_sonda=582.6 K > dew=464.9 K (sobrecalentado: sonda T1 del arranque del bracket pega el estado 2 fuera de campana) || equilibrio_liquido_vapor(P=2000.0 kPa, T=582.6499664015699 K): no",True,CORREGIBLE,0.149769,177.9776,389.2834,8,0,25,114.0,,"[CORREGIBLE] O1: título de vapor a la salida de la turbina bajo el umbral tecnológico usual (erosión de álabes) (medido=0.8909960982588121, esperado=>= 0.90). Causa probable: expansión hasta P_baja de","O1,O2",,,,,0,False,
2000|157.885|583.15|300.033|0.35|1|0.85|0.75|0.9|0.75|0.8|303.55,448,80,20368,barridos_2026-09-19/b0_scan_cementera.csv,1,2000.0,157.88536139565775,583.15,300.032917,0.35,1.0,0.85,0.75,0.9,0.75,0.8,303.55,False,csv:P_alta; csv:P_baja; extra:T_fuente; extra:T_sumidero; csv:x_b; extra:m_b; csv:eta_t; csv:eta_p; csv:eps_hrvg; csv:eps_reg; csv:eps_cond,"lado_frio(P_baja=157.9 kPa, estado fuera del dominio/cobertura del motor teqp — sin relacion con la campana de la sonda || T_from_Ph(P, h, x): el motor teqp no cubre el estado pedido (ver TASK_CONTEXT",False,NO_CONVERGIO,,,,,,,91.0,sin extremos evaluables,"CicloNoConvergeError: sin dos extremos evaluables en el rango físico de T1 (repliegues_lo=56, repliegues_hi=0, paso=5.0 K)",,,,,,,,
2000|218.689|583.15|300.033|0.4|1|0.85|0.75|0.8|0.75|0.8|303.55,451,77,26924,barridos_2026-09-19/b0_scan_cementera.csv,1,2000.0,218.6892492858801,583.15,300.032917,0.4,1.0,0.85,0.75,0.8,0.75,0.8,303.55,False,csv:P_alta; csv:P_baja; extra:T_fuente; extra:T_sumidero; csv:x_b; extra:m_b; csv:eta_t; csv:eta_p; csv:eps_hrvg; csv:eps_reg; csv:eps_cond,"bracket_sonda: T2_sonda=582.9 K > dew=461.4 K (sobrecalentado: sonda T1 del arranque del bracket pega el estado 2 fuera de campana) || equilibrio_liquido_vapor(P=2000.0 kPa, T=582.9499848878836 K): no",True,CORREGIBLE,0.135037,246.5531,389.1091,8,0,30,80.0,,"[CORREGIBLE] O1: título de vapor a la salida de la turbina bajo el umbral tecnológico usual (erosión de álabes) (medido=0.8986512746280771, esperado=>= 0.90). Causa probable: expansión hasta P_baja de","O1,O2",,,,,0,False,
2000|218.689|583.15|300.033|0.4|1|0.85|0.75|0.5|0.75|0.8|303.55,449,77,25144,barridos_2026-09-19/b0_scan_cementera.csv,1,2000.0,218.6892492858801,583.15,300.032917,0.4,1.0,0.85,0.75,0.5,0.75,0.8,303.55,False,csv:P_alta; csv:P_baja; extra:T_fuente; extra:T_sumidero; csv:x_b; extra:m_b; csv:eta_t; csv:eta_p; csv:eps_hrvg; csv:eps_reg; csv:eps_cond,"bracket_sonda: T2_sonda=582.6 K > dew=461.4 K (sobrecalentado: sonda T1 del arranque del bracket pega el estado 2 fuera de campana) || equilibrio_liquido_vapor(P=2000.0 kPa, T=582.6499762910928 K): no",True,CORREGIBLE,0.13547,158.9779,384.9748,8,0,25,109.1,,"[CORREGIBLE] O2: succión de la bomba bifásica bajo el peor caso de T_amb (riesgo de cavitación) (medido=317.44790549322676, esperado=<= 303.033 K). Causa probable: subenfriamiento insuficiente a la sa",O2,,,,,0,False,
2000|218.689|583.15|300.033|0.4|1|0.85|0.75|0.9|0.75|0.8|303.55,452,74,22892,barridos_2026-09-19/b0_scan_cementera.csv,1,2000.0,218.6892492858801,583.15,300.032917,0.4,1.0,0.85,0.75,0.9,0.75,0.8,303.55,False,csv:P_alta; csv:P_baja; extra:T_fuente; extra:T_sumidero; csv:x_b; extra:m_b; csv:eta_t; csv:eta_p; csv:eps_hrvg; csv:eps_reg; csv:eps_cond,"lado_frio(P_baja=218.7 kPa, estado fuera del dominio/cobertura del motor teqp — sin relacion con la campana de la sonda || T_from_Ph(P, h, x): el motor teqp no cubre el estado pedido (ver TASK_CONTEXT",False,NO_CONVERGIO,,,,,,,84.0,sin extremos evaluables,"CicloNoConvergeError: sin dos extremos evaluables en el rango físico de T1 (repliegues_lo=56, repliegues_hi=0, paso=5.0 K)",,,,,,,,
2000|218.689|583.15|300.033|0.4|1|0.85|0.75|0.65|0.75|0.8|303.55,450,73,27548,barridos_2026-09-19/b0_scan_cementera.csv,1,2000.0,218.6892492858801,583.15,300.032917,0.4,1.0,0.85,0.75,0.65,0.75,0.8,303.55,False,csv:P_alta; csv:P_baja; extra:T_fuente; extra:T_sumidero; csv:x_b; extra:m_b; csv:eta_t; csv:eta_p; csv:eps_hrvg; csv:eps_reg; csv:eps_cond,"bracket_sonda: T2_sonda=582.8 K > dew=461.4 K (sobrecalentado: sonda T1 del arranque del bracket pega el estado 2 fuera de campana) || equilibrio_liquido_vapor(P=2000.0 kPa, T=582.7999784686067 K): no",True,CORREGIBLE,0.135158,203.8683,386.6505,8,0,26,96.5,,"[CORREGIBLE] O2: succión de la bomba bifásica bajo el peor caso de T_amb (riesgo de cavitación) (medido=321.9313952601033, esperado=<= 303.033 K). Causa probable: subenfriamiento insuficiente a la sal",O2,,,,,0,False,
2000|293.413|583.15|300.033|0.45|1|0.85|0.75|0.5|0.75|0.8|303.55,453,69,22476,barridos_2026-09-19/b0_scan_cementera.csv,1,2000.0,293.41308192387106,583.15,300.032917,0.45,1.0,0.85,0.75,0.5,0.75,0.8,303.55,False,csv:P_alta; csv:P_baja; extra:T_fuente; extra:T_sumidero; csv:x_b; extra:m_b; csv:eta_t; csv:eta_p; csv:eps_hrvg; csv:eps_reg; csv:eps_cond,"bracket_sonda: T2_sonda=582.6 K > dew=457.7 K (sobrecalentado: sonda T1 del arranque del bracket pega el estado 2 fuera de campana) || equilibrio_liquido_vapor(P=2000.0 kPa, T=582.6499856812749 K): no",True,CORREGIBLE,0.121717,140.738,376.7552,8,0,26,107.6,,"[CORREGIBLE] O2: succión de la bomba bifásica bajo el peor caso de T_amb (riesgo de cavitación) (medido=316.6928255726526, esperado=<= 303.033 K). Causa probable: subenfriamiento insuficiente a la sal",O2,,,,,0,False,
2000|293.413|583.15|300.033|0.45|1|0.85|0.75|0.65|0.75|0.8|303.55,454,81,20368,barridos_2026-09-19/b0_scan_cementera.csv,1,2000.0,293.41308192387106,583.15,300.032917,0.45,1.0,0.85,0.75,0.65,0.75,0.8,303.55,False,csv:P_alta; csv:P_baja; extra:T_fuente; extra:T_sumidero; csv:x_b; extra:m_b; csv:eta_t; csv:eta_p; csv:eps_hrvg; csv:eps_reg; csv:eps_cond,"bracket_sonda: T2_sonda=582.8 K > dew=457.7 K (sobrecalentado: sonda T1 del arranque del bracket pega el estado 2 fuera de campana) || equilibrio_liquido_vapor(P=2000.0 kPa, T=582.7999870092624 K): no",True,CORREGIBLE,0.120107,178.0023,378.7266,8,0,27,93.1,,"[CORREGIBLE] O2: succión de la bomba bifásica bajo el peor caso de T_amb (riesgo de cavitación) (medido=321.07541220554543, esperado=<= 303.033 K). Causa probable: subenfriamiento insuficiente a la sa",O2,,,,,0,False,
2000|293.413|583.15|300.033|0.45|1|0.85|0.75|0.9|0.75|0.8|303.55,456,78,25144,barridos_2026-09-19/b0_scan_cementera.csv,1,2000.0,293.41308192387106,583.15,300.032917,0.45,1.0,0.85,0.75,0.9,0.75,0.8,303.55,False,csv:P_alta; csv:P_baja; extra:T_fuente; extra:T_sumidero; csv:x_b; extra:m_b; csv:eta_t; csv:eta_p; csv:eps_hrvg; csv:eps_reg; csv:eps_cond,"lado_frio(P_baja=293.4 kPa, estado fuera del dominio/cobertura del motor teqp — sin relacion con la campana de la sonda || T_from_Ph(P, h, x): el motor teqp no cubre el estado pedido (ver TASK_CONTEXT",False,NO_CONVERGIO,,,,,,,67.3,sin extremos evaluables,"CicloNoConvergeError: sin dos extremos evaluables en el rango físico de T1 (repliegues_lo=56, repliegues_hi=0, paso=5.0 K)",,,,,,,,
2000|380.465|583.15|300.033|0.5|1|0.85|0.75|0.9|0.75|0.8|303.55,460,82,20368,barridos_2026-09-19/b0_scan_cementera.csv,1,2000.0,380.4651667449188,583.15,300.032917,0.5,1.0,0.85,0.75,0.9,0.75,0.8,303.55,False,csv:P_alta; csv:P_baja; extra:T_fuente; extra:T_sumidero; csv:x_b; extra:m_b; csv:eta_t; csv:eta_p; csv:eps_hrvg; csv:eps_reg; csv:eps_cond,"lado_frio(P_baja=380.5 kPa, estado fuera del dominio/cobertura del motor teqp — sin relacion con la campana de la sonda || T_from_Ph(P, h, x): el motor teqp no cubre el estado pedido (ver TASK_CONTEXT",False,NO_CONVERGIO,,,,,,,52.1,sin extremos evaluables,"CicloNoConvergeError: sin dos extremos evaluables en el rango físico de T1 (repliegues_lo=56, repliegues_hi=0, paso=5.0 K)",,,,,,,,
2000|380.465|583.15|300.033|0.5|1|0.85|0.75|0.65|0.75|0.8|303.55,458,74,27548,barridos_2026-09-19/b0_scan_cementera.csv,1,2000.0,380.4651667449188,583.15,300.032917,0.5,1.0,0.85,0.75,0.65,0.75,0.8,303.55,False,csv:P_alta; csv:P_baja; extra:T_fuente; extra:T_sumidero; csv:x_b; extra:m_b; csv:eta_t; csv:eta_p; csv:eps_hrvg; csv:eps_reg; csv:eps_cond,"bracket_sonda: T2_sonda=582.8 K > dew=453.8 K (sobrecalentado: sonda T1 del arranque del bracket pega el estado 2 fuera de campana) || equilibrio_liquido_vapor(P=2000.0 kPa, T=582.7999951299813 K): no",True,CORREGIBLE,0.106553,154.6458,371.2075,9,0,28,83.1,,"[CORREGIBLE] O2: succión de la bomba bifásica bajo el peor caso de T_amb (riesgo de cavitación) (medido=319.74177060801236, esperado=<= 303.033 K). Causa probable: subenfriamiento insuficiente a la sa",O2,,,,,0,False,
2000|380.465|583.15|300.033|0.5|1|0.85|0.75|0.8|0.75|0.8|303.55,459,70,22476,barridos_2026-09-19/b0_scan_cementera.csv,1,2000.0,380.4651667449188,583.15,300.032917,0.5,1.0,0.85,0.75,0.8,0.75,0.8,303.55,False,csv:P_alta; csv:P_baja; extra:T_fuente; extra:T_sumidero; csv:x_b; extra:m_b; csv:eta_t; csv:eta_p; csv:eps_hrvg; csv:eps_reg; csv:eps_cond,"bracket_sonda: T2_sonda=582.9 K > dew=453.8 K (sobrecalentado: sonda T1 del arranque del bracket pega el estado 2 fuera de campana) || equilibrio_liquido_vapor(P=2000.0 kPa, T=582.9499965999129 K): no",True,CORREGIBLE,0.105296,184.8914,373.4584,8,1,34,77.9,,"[CORREGIBLE] O2: succión de la bomba bifásica bajo el peor caso de T_amb (riesgo de cavitación) (medido=323.9876385431861, esperado=<= 303.033 K). Causa probable: subenfriamiento insuficiente a la sal",O2,,,,,0,False,
2000|380.465|583.15|300.033|0.5|1|0.85|0.75|0.5|0.75|0.8|303.55,457,75,22892,barridos_2026-09-19/b0_scan_cementera.csv,1,2000.0,380.4651667449188,583.15,300.032917,0.5,1.0,0.85,0.75,0.5,0.75,0.8,303.55,False,csv:P_alta; csv:P_baja; extra:T_fuente; extra:T_sumidero; csv:x_b; extra:m_b; csv:eta_t; csv:eta_p; csv:eps_hrvg; csv:eps_reg; csv:eps_cond,"bracket_sonda: T2_sonda=582.6 K > dew=453.8 K (sobrecalentado: sonda T1 del arranque del bracket pega el estado 2 fuera de campana) || equilibrio_liquido_vapor(P=2000.0 kPa, T=582.6499946097252 K): no",True,CORREGIBLE,0.108805,123.6561,368.9153,8,0,27,111.8,,"[CORREGIBLE] O2: succión de la bomba bifásica bajo el peor caso de T_amb (riesgo de cavitación) (medido=315.61256099196703, esperado=<= 303.033 K). Causa probable: subenfriamiento insuficiente a la sa",O2,,,,,0,False,
2000|293.413|583.15|300.033|0.45|1|0.85|0.75|0.8|0.75|0.8|303.55,455,78,26924,barridos_2026-09-19/b0_scan_cementera.csv,1,2000.0,293.41308192387106,583.15,300.032917,0.45,1.0,0.85,0.75,0.8,0.75,0.8,303.55,False,csv:P_alta; csv:P_baja; extra:T_fuente; extra:T_sumidero; csv:x_b; extra:m_b; csv:eta_t; csv:eta_p; csv:eps_hrvg; csv:eps_reg; csv:eps_cond,"bracket_sonda: T2_sonda=582.9 K > dew=457.7 K (sobrecalentado: sonda T1 del arranque del bracket pega el estado 2 fuera de campana) || equilibrio_liquido_vapor(P=2000.0 kPa, T=582.949990891472 K): no ",True,CORREGIBLE,0.119429,214.0428,381.2007,8,0,32,119.3,,"[CORREGIBLE] O2: succión de la bomba bifásica bajo el peor caso de T_amb (riesgo de cavitación) (medido=325.4179229678877, esperado=<= 303.033 K). Causa probable: subenfriamiento insuficiente a la sal",O2,,,,,9,False,
2000|476.253|583.15|300.033|0.55|1|0.85|0.75|0.9|0.75|0.8|303.55,464,71,22476,barridos_2026-09-19/b0_scan_cementera.csv,1,2000.0,476.2531387660478,583.15,300.032917,0.55,1.0,0.85,0.75,0.9,0.75,0.8,303.55,False,csv:P_alta; csv:P_baja; extra:T_fuente; extra:T_sumidero; csv:x_b; extra:m_b; csv:eta_t; csv:eta_p; csv:eps_hrvg; csv:eps_reg; csv:eps_cond,"lado_frio(P_baja=476.3 kPa, estado fuera del dominio/cobertura del motor teqp — sin relacion con la campana de la sonda || T_from_Ph(P, h, x): el motor teqp no cubre el estado pedido (ver TASK_CONTEXT",False,NO_CONVERGIO,,,,,,,45.6,sin extremos evaluables,"CicloNoConvergeError: sin dos extremos evaluables en el rango físico de T1 (repliegues_lo=56, repliegues_hi=0, paso=5.0 K)",,,,,,,,
2000|476.253|583.15|300.033|0.55|1|0.85|0.75|0.65|0.75|0.8|303.55,462,83,20368,barridos_2026-09-19/b0_scan_cementera.csv,1,2000.0,476.2531387660478,583.15,300.032917,0.55,1.0,0.85,0.75,0.65,0.75,0.8,303.55,False,csv:P_alta; csv:P_baja; extra:T_fuente; extra:T_sumidero; csv:x_b; extra:m_b; csv:eta_t; csv:eta_p; csv:eps_hrvg; csv:eps_reg; csv:eps_cond,"bracket_sonda: T2_sonda=582.8 K > dew=449.6 K (sobrecalentado: sonda T1 del arranque del bracket pega el estado 2 fuera de campana) || equilibrio_liquido_vapor(P=2000.0 kPa, T=582.8000028568282 K): no",True,CORREGIBLE,0.094614,134.2115,363.9149,8,0,30,75.0,,"[CORREGIBLE] O2: succión de la bomba bifásica bajo el peor caso de T_amb (riesgo de cavitación) (medido=317.9887388034327, esperado=<= 303.033 K). Causa probable: subenfriamiento insuficiente a la sal",O2,,,,,0,False,
2000|476.253|583.15|300.033|0.55|1|0.85|0.75|0.5|0.75|0.8|303.55,461,79,25144,barridos_2026-09-19/b0_scan_cementera.csv,1,2000.0,476.2531387660478,583.15,300.032917,0.55,1.0,0.85,0.75,0.5,0.75,0.8,303.55,False,csv:P_alta; csv:P_baja; extra:T_fuente; extra:T_sumidero; csv:x_b; extra:m_b; csv:eta_t; csv:eta_p; csv:eps_hrvg; csv:eps_reg; csv:eps_cond,"bracket_sonda: T2_sonda=582.7 K > dew=449.6 K (sobrecalentado: sonda T1 del arranque del bracket pega el estado 2 fuera de campana) || equilibrio_liquido_vapor(P=2000.0 kPa, T=582.650003105099 K): no ",True,CORREGIBLE,0.097042,108.12,361.5076,9,0,28,104.4,,"[CORREGIBLE] O2: succión de la bomba bifásica bajo el peor caso de T_amb (riesgo de cavitación) (medido=314.22644974378676, esperado=<= 303.033 K). Causa probable: subenfriamiento insuficiente a la sa",O2,,,,,0,False,
2000|575.702|583.15|300.033|0.6|1|0.85|0.75|0.9|0.75|0.8|303.55,468,84,20368,barridos_2026-09-19/b0_scan_cementera.csv,1,2000.0,575.7018172219059,583.15,300.032917,0.6,1.0,0.85,0.75,0.9,0.75,0.8,303.55,False,csv:P_alta; csv:P_baja; extra:T_fuente; extra:T_sumidero; csv:x_b; extra:m_b; csv:eta_t; csv:eta_p; csv:eps_hrvg; csv:eps_reg; csv:eps_cond,"lado_frio(P_baja=575.7 kPa, estado fuera del dominio/cobertura del motor teqp — sin relacion con la campana de la sonda || T_from_Ph(P, h, x): el motor teqp no cubre el estado pedido (ver TASK_CONTEXT",False,NO_CONVERGIO,,,,,,,34.4,sin extremos evaluables,"CicloNoConvergeError: sin dos extremos evaluables en el rango físico de T1 (repliegues_lo=56, repliegues_hi=0, paso=5.0 K)",,,,,,,,
2000|575.702|583.15|300.033|0.6|1|0.85|0.75|0.65|0.75|0.8|303.55,466,79,26924,barridos_2026-09-19/b0_scan_cementera.csv,1,2000.0,575.7018172219059,583.15,300.032917,0.6,1.0,0.85,0.75,0.65,0.75,0.8,303.55,False,csv:P_alta; csv:P_baja; extra:T_fuente; extra:T_sumidero; csv:x_b; extra:m_b; csv:eta_t; csv:eta_p; csv:eps_hrvg; csv:eps_reg; csv:eps_cond,"bracket_sonda: T2_sonda=582.8 K > dew=445.1 K (sobrecalentado: sonda T1 del arranque del bracket pega el estado 2 fuera de campana) || equilibrio_liquido_vapor(P=2000.0 kPa, T=582.8000102098437 K): no",True,CORREGIBLE,0.084467,116.8674,356.9232,8,0,31,77.4,,"[CORREGIBLE] O2: succión de la bomba bifásica bajo el peor caso de T_amb (riesgo de cavitación) (medido=315.8842103336224, esperado=<= 303.033 K). Causa probable: subenfriamiento insuficiente a la sal",O2,,,,,0,False,
2000|476.253|583.15|300.033|0.55|1|0.85|0.75|0.8|0.75|0.8|303.55,463,75,27548,barridos_2026-09-19/b0_scan_cementera.csv,1,2000.0,476.2531387660478,583.15,300.032917,0.55,1.0,0.85,0.75,0.8,0.75,0.8,303.55,False,csv:P_alta; csv:P_baja; extra:T_fuente; extra:T_sumidero; csv:x_b; extra:m_b; csv:eta_t; csv:eta_p; csv:eps_hrvg; csv:eps_reg; csv:eps_cond,"bracket_sonda: T2_sonda=583.0 K > dew=449.6 K (sobrecalentado: sonda T1 del arranque del bracket pega el estado 2 fuera de campana) || equilibrio_liquido_vapor(P=2000.0 kPa, T=582.9500020315322 K): no",True,CORREGIBLE,0.092882,159.46,365.9196,9,0,36,110.5,,"[CORREGIBLE] O2: succión de la bomba bifásica bajo el peor caso de T_amb (riesgo de cavitación) (medido=321.9991801383778, esperado=<= 303.033 K). Causa probable: subenfriamiento insuficiente a la sal",O2,,,,,3,False,
2000|673.345|583.15|300.033|0.65|1|0.85|0.75|0.9|0.75|0.8|303.55,472,76,27548,barridos_2026-09-19/b0_scan_cementera.csv,1,2000.0,673.3448664612341,583.15,300.032917,0.65,1.0,0.85,0.75,0.9,0.75,0.8,303.55,False,csv:P_alta; csv:P_baja; extra:T_fuente; extra:T_sumidero; csv:x_b; extra:m_b; csv:eta_t; csv:eta_p; csv:eps_hrvg; csv:eps_reg; csv:eps_cond,"bracket_sonda: T2_sonda=486.7 K > dew=440.2 K (sobrecalentado: sonda T1 del arranque del bracket pega el estado 2 fuera de campana) || equilibrio_liquido_vapor(P=2000.0 kPa, T=486.6708796343648 K): no",False,NO_CONVERGIO,,,,,,,6.9,sin extremos evaluables,"CicloNoConvergeError: sin dos extremos evaluables en el rango físico de T1 (repliegues_lo=56, repliegues_hi=0, paso=5.0 K)",,,,,,,,
2000|575.702|583.15|300.033|0.6|1|0.85|0.75|0.5|0.75|0.8|303.55,465,76,22892,barridos_2026-09-19/b0_scan_cementera.csv,1,2000.0,575.7018172219059,583.15,300.032917,0.6,1.0,0.85,0.75,0.5,0.75,0.8,303.55,False,csv:P_alta; csv:P_baja; extra:T_fuente; extra:T_sumidero; csv:x_b; extra:m_b; csv:eta_t; csv:eta_p; csv:eps_hrvg; csv:eps_reg; csv:eps_cond,"bracket_sonda: T2_sonda=582.7 K > dew=445.1 K (sobrecalentado: sonda T1 del arranque del bracket pega el estado 2 fuera de campana) || equilibrio_liquido_vapor(P=2000.0 kPa, T=582.6500111894273 K): no",True,CORREGIBLE,0.087318,94.9342,354.7921,9,0,29,95.7,,"[CORREGIBLE] O2: succión de la bomba bifásica bajo el peor caso de T_amb (riesgo de cavitación) (medido=312.5618972575626, esperado=<= 303.033 K). Causa probable: subenfriamiento insuficiente a la sal",O2,,,,,0,False,
2000|673.345|583.15|300.033|0.65|1|0.85|0.75|0.5|0.75|0.8|303.55,469,80,25144,barridos_2026-09-19/b0_scan_cementera.csv,1,2000.0,673.3448664612341,583.15,300.032917,0.65,1.0,0.85,0.75,0.5,0.75,0.8,303.55,False,csv:P_alta; csv:P_baja; extra:T_fuente; extra:T_sumidero; csv:x_b; extra:m_b; csv:eta_t; csv:eta_p; csv:eps_hrvg; csv:eps_reg; csv:eps_cond,"bracket_sonda: T2_sonda=582.7 K > dew=440.2 K (sobrecalentado: sonda T1 del arranque del bracket pega el estado 2 fuera de campana) || equilibrio_liquido_vapor(P=2000.0 kPa, T=582.6500188798763 K): no",True,CORREGIBLE,0.079313,83.9863,348.5407,8,0,31,78.7,,"[CORREGIBLE] O2: succión de la bomba bifásica bajo el peor caso de T_amb (riesgo de cavitación) (medido=310.77159343198286, esperado=<= 303.033 K). Causa probable: subenfriamiento insuficiente a la sa",O2,,,,,0,False,
2000|575.702|583.15|300.033|0.6|1|0.85|0.75|0.8|0.75|0.8|303.55,467,72,22476,barridos_2026-09-19/b0_scan_cementera.csv,1,2000.0,575.7018172219059,583.15,300.032917,0.6,1.0,0.85,0.75,0.8,0.75,0.8,303.55,False,csv:P_alta; csv:P_baja; extra:T_fuente; extra:T_sumidero; csv:x_b; extra:m_b; csv:eta_t; csv:eta_p; csv:eps_hrvg; csv:eps_reg; csv:eps_cond,"bracket_sonda: T2_sonda=583.0 K > dew=445.1 K (sobrecalentado: sonda T1 del arranque del bracket pega el estado 2 fuera de campana) || equilibrio_liquido_vapor(P=2000.0 kPa, T=582.9500072004193 K): no",True,CORREGIBLE,0.082346,137.9239,358.6566,8,0,39,94.4,,"[CORREGIBLE] O2: succión de la bomba bifásica bajo el peor caso de T_amb (riesgo de cavitación) (medido=319.5203966570875, esperado=<= 303.033 K). Causa probable: subenfriamiento insuficiente a la sal",O2,,,,,0,False,
2000|764.638|583.15|300.033|0.7|1|0.85|0.75|0.9|0.75|0.8|303.55,476,73,22476,barridos_2026-09-19/b0_scan_cementera.csv,1,2000.0,764.6376026707513,583.15,300.032917,0.7,1.0,0.85,0.75,0.9,0.75,0.8,303.55,False,csv:P_alta; csv:P_baja; extra:T_fuente; extra:T_sumidero; csv:x_b; extra:m_b; csv:eta_t; csv:eta_p; csv:eps_hrvg; csv:eps_reg; csv:eps_cond,"bracket_sonda: T2_sonda=489.9 K > dew=434.7 K (sobrecalentado: sonda T1 del arranque del bracket pega el estado 2 fuera de campana) || equilibrio_liquido_vapor(P=2000.0 kPa, T=489.89860600810783 K): n",False,NO_CONVERGIO,,,,,,,8.5,sin extremos evaluables,"CicloNoConvergeError: sin dos extremos evaluables en el rango físico de T1 (repliegues_lo=56, repliegues_hi=0, paso=5.0 K)",,,,,,,,
2000|673.345|583.15|300.033|0.65|1|0.85|0.75|0.65|0.75|0.8|303.55,470,85,20368,barridos_2026-09-19/b0_scan_cementera.csv,1,2000.0,673.3448664612341,583.15,300.032917,0.65,1.0,0.85,0.75,0.65,0.75,0.8,303.55,False,csv:P_alta; csv:P_baja; extra:T_fuente; extra:T_sumidero; csv:x_b; extra:m_b; csv:eta_t; csv:eta_p; csv:eps_hrvg; csv:eps_reg; csv:eps_cond,"bracket_sonda: T2_sonda=582.8 K > dew=440.2 K (sobrecalentado: sonda T1 del arranque del bracket pega el estado 2 fuera de campana) || equilibrio_liquido_vapor(P=2000.0 kPa, T=582.8000172046397 K): no",True,CORREGIBLE,0.076184,102.5973,350.3492,8,0,33,82.7,,"[CORREGIBLE] O2: succión de la bomba bifásica bajo el peor caso de T_amb (riesgo de cavitación) (medido=313.5553463265958, esperado=<= 303.033 K). Causa probable: subenfriamiento insuficiente a la sal",O2,,,,,0,False,
2000|764.638|583.15|300.033|0.7|1|0.85|0.75|0.5|0.75|0.8|303.55,473,77,27548,barridos_2026-09-19/b0_scan_cementera.csv,1,2000.0,764.6376026707513,583.15,300.032917,0.7,1.0,0.85,0.75,0.5,0.75,0.8,303.55,False,csv:P_alta; csv:P_baja; extra:T_fuente; extra:T_sumidero; csv:x_b; extra:m_b; csv:eta_t; csv:eta_p; csv:eps_hrvg; csv:eps_reg; csv:eps_cond,"bracket_sonda: T2_sonda=582.7 K > dew=434.7 K (sobrecalentado: sonda T1 del arranque del bracket pega el estado 2 fuera de campana) || equilibrio_liquido_vapor(P=2000.0 kPa, T=582.6500261900685 K): no",True,CORREGIBLE,0.072974,75.1217,342.8954,9,0,32,93.2,,"[CORREGIBLE] O2: succión de la bomba bifásica bajo el peor caso de T_amb (riesgo de cavitación) (medido=309.0049340303951, esperado=<= 303.033 K). Causa probable: subenfriamiento insuficiente a la sal",O2,,,,,0,False,
2000|673.345|583.15|300.033|0.65|1|0.85|0.75|0.8|0.75|0.8|303.55,471,80,26924,barridos_2026-09-19/b0_scan_cementera.csv,1,2000.0,673.3448664612341,583.15,300.032917,0.65,1.0,0.85,0.75,0.8,0.75,0.8,303.55,False,csv:P_alta; csv:P_baja; extra:T_fuente; extra:T_sumidero; csv:x_b; extra:m_b; csv:eta_t; csv:eta_p; csv:eps_hrvg; csv:eps_reg; csv:eps_cond,"bracket_sonda: T2_sonda=583.0 K > dew=440.2 K (sobrecalentado: sonda T1 del arranque del bracket pega el estado 2 fuera de campana) || equilibrio_liquido_vapor(P=2000.0 kPa, T=582.9500121175461 K): no",True,CORREGIBLE,0.073744,120.2361,351.7873,9,0,42,107.6,,"[CORREGIBLE] O2: succión de la bomba bifásica bajo el peor caso de T_amb (riesgo de cavitación) (medido=316.68840200459374, esperado=<= 303.033 K). Causa probable: subenfriamiento insuficiente a la sa",O2,,,,,0,False,
2000|764.638|583.15|300.033|0.7|1|0.85|0.75|0.65|0.75|0.8|303.55,474,77,22892,barridos_2026-09-19/b0_scan_cementera.csv,1,2000.0,764.6376026707513,583.15,300.032917,0.7,1.0,0.85,0.75,0.65,0.75,0.8,303.55,False,csv:P_alta; csv:P_baja; extra:T_fuente; extra:T_sumidero; csv:x_b; extra:m_b; csv:eta_t; csv:eta_p; csv:eps_hrvg; csv:eps_reg; csv:eps_cond,"bracket_sonda: T2_sonda=582.8 K > dew=434.7 K (sobrecalentado: sonda T1 del arranque del bracket pega el estado 2 fuera de campana) || equilibrio_liquido_vapor(P=2000.0 kPa, T=582.800023853604 K): no ",True,CORREGIBLE,0.069713,91.1889,344.3467,8,0,35,90.4,,"[CORREGIBLE] O2: succión de la bomba bifásica bajo el peor caso de T_amb (riesgo de cavitación) (medido=311.1913274920765, esperado=<= 303.033 K). Causa probable: subenfriamiento insuficiente a la sal",O2,,,,,0,False,
2500|157.885|583.15|300.033|0.35|1|0.85|0.75|0.5|0.75|0.8|303.55,477,74,22476,barridos_2026-09-19/b0_scan_cementera.csv,1,2500.0,157.88536139565775,583.15,300.032917,0.35,1.0,0.85,0.75,0.5,0.75,0.8,303.55,False,csv:P_alta; csv:P_baja; extra:T_fuente; extra:T_sumidero; csv:x_b; extra:m_b; csv:eta_t; csv:eta_p; csv:eps_hrvg; csv:eps_reg; csv:eps_cond,"bracket_sonda: T2_sonda=582.6 K > dew=475.2 K (sobrecalentado: sonda T1 del arranque del bracket pega el estado 2 fuera de campana) || equilibrio_liquido_vapor(P=2500.0 kPa, T=582.6499385156937 K): no",True,CORREGIBLE,0.161704,190.0394,392.443,9,0,22,123.5,,"[CORREGIBLE] O1: título de vapor a la salida de la turbina bajo el umbral tecnológico usual (erosión de álabes) (medido=0.8805050087458716, esperado=>= 0.90). Causa probable: expansión hasta P_baja de","O1,O2",,,,,0,False,
2500|157.885|583.15|300.033|0.35|1|0.85|0.75|0.65|0.75|0.8|303.55,478,86,20368,barridos_2026-09-19/b0_scan_cementera.csv,1,2500.0,157.88536139565775,583.15,300.032917,0.35,1.0,0.85,0.75,0.65,0.75,0.8,303.55,False,csv:P_alta; csv:P_baja; extra:T_fuente; extra:T_sumidero; csv:x_b; extra:m_b; csv:eta_t; csv:eta_p; csv:eps_hrvg; csv:eps_reg; csv:eps_cond,"bracket_sonda: T2_sonda=582.8 K > dew=475.2 K (sobrecalentado: sonda T1 del arranque del bracket pega el estado 2 fuera de campana) || equilibrio_liquido_vapor(P=2500.0 kPa, T=582.7999441127074 K): no",True,CORREGIBLE,0.164276,249.6647,394.9734,8,0,23,108.9,,"[CORREGIBLE] O1: título de vapor a la salida de la turbina bajo el umbral tecnológico usual (erosión de álabes) (medido=0.8780427966115891, esperado=>= 0.90). Causa probable: expansión hasta P_baja de","O1,O2",,,,,0,False,
2000|764.638|583.15|300.033|0.7|1|0.85|0.75|0.8|0.75|0.8|303.55,475,81,25144,barridos_2026-09-19/b0_scan_cementera.csv,1,2000.0,764.6376026707513,583.15,300.032917,0.7,1.0,0.85,0.75,0.8,0.75,0.8,303.55,False,csv:P_alta; csv:P_baja; extra:T_fuente; extra:T_sumidero; csv:x_b; extra:m_b; csv:eta_t; csv:eta_p; csv:eps_hrvg; csv:eps_reg; csv:eps_cond,"bracket_sonda: T2_sonda=583.0 K > dew=434.7 K (sobrecalentado: sonda T1 del arranque del bracket pega el estado 2 fuera de campana) || equilibrio_liquido_vapor(P=2000.0 kPa, T=582.9500167916119 K): no",True,CORREGIBLE,0.067016,106.125,345.4754,9,0,46,142.5,,"[CORREGIBLE] O2: succión de la bomba bifásica bajo el peor caso de T_amb (riesgo de cavitación) (medido=313.7217734123494, esperado=<= 303.033 K). Causa probable: subenfriamiento insuficiente a la sal",O2,,,,,7,False,
2500|157.885|583.15|300.033|0.35|1|0.85|0.75|0.9|0.75|0.8|303.55,480,81,26924,barridos_2026-09-19/b0_scan_cementera.csv,1,2500.0,157.88536139565775,583.15,300.032917,0.35,1.0,0.85,0.75,0.9,0.75,0.8,303.55,False,csv:P_alta; csv:P_baja; extra:T_fuente; extra:T_sumidero; csv:x_b; extra:m_b; csv:eta_t; csv:eta_p; csv:eps_hrvg; csv:eps_reg; csv:eps_cond,"bracket_sonda: T2_sonda=583.0 K > dew=475.2 K (sobrecalentado: sonda T1 del arranque del bracket pega el estado 2 fuera de campana) || equilibrio_liquido_vapor(P=2500.0 kPa, T=583.0499779325528 K): no",False,NO_CONVERGIO,,,,,,,94.6,sin cambio de signo,"CicloNoConvergeError: extremos [301.0329, 327.1500] K sin cambio de signo de F (F(lo)=107.45, F(hi)=86.609)",,,,,,,,
2500|157.885|583.15|300.033|0.35|1|0.85|0.75|0.8|0.75|0.8|303.55,479,78,27548,barridos_2026-09-19/b0_scan_cementera.csv,1,2500.0,157.88536139565775,583.15,300.032917,0.35,1.0,0.85,0.75,0.8,0.75,0.8,303.55,False,csv:P_alta; csv:P_baja; extra:T_fuente; extra:T_sumidero; csv:x_b; extra:m_b; csv:eta_t; csv:eta_p; csv:eps_hrvg; csv:eps_reg; csv:eps_cond,"bracket_sonda: T2_sonda=582.9 K > dew=475.2 K (sobrecalentado: sonda T1 del arranque del bracket pega el estado 2 fuera de campana) || equilibrio_liquido_vapor(P=2500.0 kPa, T=582.9499607392343 K): no",True,CORREGIBLE,0.166033,307.3345,399.9487,8,1,26,109.0,,"[CORREGIBLE] O1: título de vapor a la salida de la turbina bajo el umbral tecnológico usual (erosión de álabes) (medido=0.876310386154522, esperado=>= 0.90). Causa probable: expansión hasta P_baja dej","O1,O2",,,,,0,False,
2500|218.689|583.15|300.033|0.4|1|0.85|0.75|0.5|0.75|0.8|303.55,481,78,22892,barridos_2026-09-19/b0_scan_cementera.csv,1,2500.0,218.6892492858801,583.15,300.032917,0.4,1.0,0.85,0.75,0.5,0.75,0.8,303.55,False,csv:P_alta; csv:P_baja; extra:T_fuente; extra:T_sumidero; csv:x_b; extra:m_b; csv:eta_t; csv:eta_p; csv:eps_hrvg; csv:eps_reg; csv:eps_cond,"bracket_sonda: T2_sonda=582.6 K > dew=471.5 K (sobrecalentado: sonda T1 del arranque del bracket pega el estado 2 fuera de campana) || equilibrio_liquido_vapor(P=2500.0 kPa, T=582.6499509656046 K): no",True,CORREGIBLE,0.148424,172.3601,388.8194,8,0,23,110.7,,"[CORREGIBLE] O1: título de vapor a la salida de la turbina bajo el umbral tecnológico usual (erosión de álabes) (medido=0.8919196022663219, esperado=>= 0.90). Causa probable: expansión hasta P_baja de","O1,O2",,,,,0,False,
2500|218.689|583.15|300.033|0.4|1|0.85|0.75|0.9|0.75|0.8|303.55,484,82,25144,barridos_2026-09-19/b0_scan_cementera.csv,1,2500.0,218.6892492858801,583.15,300.032917,0.4,1.0,0.85,0.75,0.9,0.75,0.8,303.55,False,csv:P_alta; csv:P_baja; extra:T_fuente; extra:T_sumidero; csv:x_b; extra:m_b; csv:eta_t; csv:eta_p; csv:eps_hrvg; csv:eps_reg; csv:eps_cond,"lado_frio(P_baja=218.7 kPa, estado fuera del dominio/cobertura del motor teqp — sin relacion con la campana de la sonda || T_from_Ph(P, h, x): el motor teqp no cubre el estado pedido (ver TASK_CONTEXT",False,NO_CONVERGIO,,,,,,,75.5,sin extremos evaluables,"CicloNoConvergeError: sin dos extremos evaluables en el rango físico de T1 (repliegues_lo=56, repliegues_hi=0, paso=5.0 K)",,,,,,,,
2500|218.689|583.15|300.033|0.4|1|0.85|0.75|0.65|0.75|0.8|303.55,482,75,22476,barridos_2026-09-19/b0_scan_cementera.csv,1,2500.0,218.6892492858801,583.15,300.032917,0.4,1.0,0.85,0.75,0.65,0.75,0.8,303.55,False,csv:P_alta; csv:P_baja; extra:T_fuente; extra:T_sumidero; csv:x_b; extra:m_b; csv:eta_t; csv:eta_p; csv:eps_hrvg; csv:eps_reg; csv:eps_cond,"bracket_sonda: T2_sonda=582.8 K > dew=471.5 K (sobrecalentado: sonda T1 del arranque del bracket pega el estado 2 fuera de campana) || equilibrio_liquido_vapor(P=2500.0 kPa, T=582.799955436095 K): no ",True,CORREGIBLE,0.149333,223.7311,392.3879,8,0,24,100.5,,"[CORREGIBLE] O1: título de vapor a la salida de la turbina bajo el umbral tecnológico usual (erosión de álabes) (medido=0.8892898712234752, esperado=>= 0.90). Causa probable: expansión hasta P_baja de","O1,O2",,,,,0,False,
2500|218.689|583.15|300.033|0.4|1|0.85|0.75|0.8|0.75|0.8|303.55,483,87,20368,barridos_2026-09-19/b0_scan_cementera.csv,1,2500.0,218.6892492858801,583.15,300.032917,0.4,1.0,0.85,0.75,0.8,0.75,0.8,303.55,False,csv:P_alta; csv:P_baja; extra:T_fuente; extra:T_sumidero; csv:x_b; extra:m_b; csv:eta_t; csv:eta_p; csv:eps_hrvg; csv:eps_reg; csv:eps_cond,"bracket_sonda: T2_sonda=582.9 K > dew=471.5 K (sobrecalentado: sonda T1 del arranque del bracket pega el estado 2 fuera de campana) || equilibrio_liquido_vapor(P=2500.0 kPa, T=582.9499686987192 K): no",True,CORREGIBLE,0.149765,272.7969,396.5917,8,0,27,102.1,,"[CORREGIBLE] O1: título de vapor a la salida de la turbina bajo el umbral tecnológico usual (erosión de álabes) (medido=0.887432609259706, esperado=>= 0.90). Causa probable: expansión hasta P_baja dej","O1,O2",,,,,0,False,
2500|293.413|583.15|300.033|0.45|1|0.85|0.75|0.8|0.75|0.8|303.55,487,79,22892,barridos_2026-09-19/b0_scan_cementera.csv,1,2500.0,293.41308192387106,583.15,300.032917,0.45,1.0,0.85,0.75,0.8,0.75,0.8,303.55,False,csv:P_alta; csv:P_baja; extra:T_fuente; extra:T_sumidero; csv:x_b; extra:m_b; csv:eta_t; csv:eta_p; csv:eps_hrvg; csv:eps_reg; csv:eps_cond,"bracket_sonda: T2_sonda=582.9 K > dew=467.7 K (sobrecalentado: sonda T1 del arranque del bracket pega el estado 2 fuera de campana) || equilibrio_liquido_vapor(P=2500.0 kPa, T=582.9499762115182 K): no",True,CORREGIBLE,0.134436,240.3364,388.7444,8,0,29,85.6,,"[CORREGIBLE] O1: título de vapor a la salida de la turbina bajo el umbral tecnológico usual (erosión de álabes) (medido=0.898051458488772, esperado=>= 0.90). Causa probable: expansión hasta P_baja dej","O1,O2",,,,,0,False,
2500|293.413|583.15|300.033|0.45|1|0.85|0.75|0.65|0.75|0.8|303.55,486,79,27548,barridos_2026-09-19/b0_scan_cementera.csv,1,2500.0,293.41308192387106,583.15,300.032917,0.45,1.0,0.85,0.75,0.65,0.75,0.8,303.55,False,csv:P_alta; csv:P_baja; extra:T_fuente; extra:T_sumidero; csv:x_b; extra:m_b; csv:eta_t; csv:eta_p; csv:eps_hrvg; csv:eps_reg; csv:eps_cond,"bracket_sonda: T2_sonda=582.8 K > dew=467.7 K (sobrecalentado: sonda T1 del arranque del bracket pega el estado 2 fuera de campana) || equilibrio_liquido_vapor(P=2500.0 kPa, T=582.7999661239945 K): no",True,CORREGIBLE,0.135112,199.0968,386.7619,8,0,25,99.7,,"[CORREGIBLE] O1: título de vapor a la salida de la turbina bajo el umbral tecnológico usual (erosión de álabes) (medido=0.8999959525636467, esperado=>= 0.90). Causa probable: expansión hasta P_baja de","O1,O2",,,,,0,False,
2500|293.413|583.15|300.033|0.45|1|0.85|0.75|0.5|0.75|0.8|303.55,485,82,26924,barridos_2026-09-19/b0_scan_cementera.csv,1,2500.0,293.41308192387106,583.15,300.032917,0.45,1.0,0.85,0.75,0.5,0.75,0.8,303.55,False,csv:P_alta; csv:P_baja; extra:T_fuente; extra:T_sumidero; csv:x_b; extra:m_b; csv:eta_t; csv:eta_p; csv:eps_hrvg; csv:eps_reg; csv:eps_cond,"bracket_sonda: T2_sonda=582.6 K > dew=467.7 K (sobrecalentado: sonda T1 del arranque del bracket pega el estado 2 fuera de campana) || equilibrio_liquido_vapor(P=2500.0 kPa, T=582.6499627168082 K): no",True,CORREGIBLE,0.135744,155.4126,385.1435,11,0,24,124.4,,"[CORREGIBLE] O2: succión de la bomba bifásica bajo el peor caso de T_amb (riesgo de cavitación) (medido=316.3083193831977, esperado=<= 303.033 K). Causa probable: subenfriamiento insuficiente a la sal",O2,,,,,0,False,
2500|293.413|583.15|300.033|0.45|1|0.85|0.75|0.9|0.75|0.8|303.55,488,83,25144,barridos_2026-09-19/b0_scan_cementera.csv,1,2500.0,293.41308192387106,583.15,300.032917,0.45,1.0,0.85,0.75,0.9,0.75,0.8,303.55,False,csv:P_alta; csv:P_baja; extra:T_fuente; extra:T_sumidero; csv:x_b; extra:m_b; csv:eta_t; csv:eta_p; csv:eps_hrvg; csv:eps_reg; csv:eps_cond,"lado_frio(P_baja=293.4 kPa, estado fuera del dominio/cobertura del motor teqp — sin relacion con la campana de la sonda || T_from_Ph(P, h, x): el motor teqp no cubre el estado pedido (ver TASK_CONTEXT",False,NO_CONVERGIO,,,,,,,68.0,sin extremos evaluables,"CicloNoConvergeError: sin dos extremos evaluables en el rango físico de T1 (repliegues_lo=56, repliegues_hi=0, paso=5.0 K)",,,,,,,,
2500|380.465|583.15|300.033|0.5|1|0.85|0.75|0.9|0.75|0.8|303.55,492,80,27548,barridos_2026-09-19/b0_scan_cementera.csv,1,2500.0,380.4651667449188,583.15,300.032917,0.5,1.0,0.85,0.75,0.9,0.75,0.8,303.55,False,csv:P_alta; csv:P_baja; extra:T_fuente; extra:T_sumidero; csv:x_b; extra:m_b; csv:eta_t; csv:eta_p; csv:eps_hrvg; csv:eps_reg; csv:eps_cond,"lado_frio(P_baja=380.5 kPa, estado fuera del dominio/cobertura del motor teqp — sin relacion con la campana de la sonda || T_from_Ph(P, h, x): el motor teqp no cubre el estado pedido (ver TASK_CONTEXT",False,NO_CONVERGIO,,,,,,,64.5,sin extremos evaluables,"CicloNoConvergeError: sin dos extremos evaluables en el rango físico de T1 (repliegues_lo=56, repliegues_hi=0, paso=5.0 K)",,,,,,,,
2500|380.465|583.15|300.033|0.5|1|0.85|0.75|0.8|0.75|0.8|303.55,491,80,22892,barridos_2026-09-19/b0_scan_cementera.csv,1,2500.0,380.4651667449188,583.15,300.032917,0.5,1.0,0.85,0.75,0.8,0.75,0.8,303.55,False,csv:P_alta; csv:P_baja; extra:T_fuente; extra:T_sumidero; csv:x_b; extra:m_b; csv:eta_t; csv:eta_p; csv:eps_hrvg; csv:eps_reg; csv:eps_cond,"bracket_sonda: T2_sonda=582.9 K > dew=463.5 K (sobrecalentado: sonda T1 del arranque del bracket pega el estado 2 fuera de campana) || equilibrio_liquido_vapor(P=2500.0 kPa, T=582.9499833128548 K): no",True,CORREGIBLE,0.120561,211.0974,381.139,8,0,31,80.5,,"[CORREGIBLE] O2: succión de la bomba bifásica bajo el peor caso de T_amb (riesgo de cavitación) (medido=323.49382872530117, esperado=<= 303.033 K). Causa probable: subenfriamiento insuficiente a la sa",O2,,,,,0,False,
2500|380.465|583.15|300.033|0.5|1|0.85|0.75|0.5|0.75|0.8|303.55,489,76,22476,barridos_2026-09-19/b0_scan_cementera.csv,1,2500.0,380.4651667449188,583.15,300.032917,0.5,1.0,0.85,0.75,0.5,0.75,0.8,303.55,False,csv:P_alta; csv:P_baja; extra:T_fuente; extra:T_sumidero; csv:x_b; extra:m_b; csv:eta_t; csv:eta_p; csv:eps_hrvg; csv:eps_reg; csv:eps_cond,"bracket_sonda: T2_sonda=582.6 K > dew=463.5 K (sobrecalentado: sonda T1 del arranque del bracket pega el estado 2 fuera de campana) || equilibrio_liquido_vapor(P=2500.0 kPa, T=582.6499738243671 K): no",True,CORREGIBLE,0.123953,139.5759,377.521,8,0,25,108.8,,"[CORREGIBLE] O2: succión de la bomba bifásica bajo el peor caso de T_amb (riesgo de cavitación) (medido=315.24359604339014, esperado=<= 303.033 K). Causa probable: subenfriamiento insuficiente a la sa",O2,,,,,0,False,
2500|380.465|583.15|300.033|0.5|1|0.85|0.75|0.65|0.75|0.8|303.55,490,88,20368,barridos_2026-09-19/b0_scan_cementera.csv,1,2500.0,380.4651667449188,583.15,300.032917,0.5,1.0,0.85,0.75,0.65,0.75,0.8,303.55,False,csv:P_alta; csv:P_baja; extra:T_fuente; extra:T_sumidero; csv:x_b; extra:m_b; csv:eta_t; csv:eta_p; csv:eps_hrvg; csv:eps_reg; csv:eps_cond,"bracket_sonda: T2_sonda=582.8 K > dew=463.5 K (sobrecalentado: sonda T1 del arranque del bracket pega el estado 2 fuera de campana) || equilibrio_liquido_vapor(P=2500.0 kPa, T=582.7999762264981 K): no",True,CORREGIBLE,0.12192,176.2734,379.0769,8,0,26,121.7,,"[CORREGIBLE] O2: succión de la bomba bifásica bajo el peor caso de T_amb (riesgo de cavitación) (medido=319.33431381136756, esperado=<= 303.033 K). Causa probable: subenfriamiento insuficiente a la sa",O2,,,,,7,False,
2500|476.253|583.15|300.033|0.55|1|0.85|0.75|0.65|0.75|0.8|303.55,494,84,25144,barridos_2026-09-19/b0_scan_cementera.csv,1,2500.0,476.2531387660478,583.15,300.032917,0.55,1.0,0.85,0.75,0.65,0.75,0.8,303.55,False,csv:P_alta; csv:P_baja; extra:T_fuente; extra:T_sumidero; csv:x_b; extra:m_b; csv:eta_t; csv:eta_p; csv:eps_hrvg; csv:eps_reg; csv:eps_cond,"bracket_sonda: T2_sonda=582.8 K > dew=459.1 K (sobrecalentado: sonda T1 del arranque del bracket pega el estado 2 fuera de campana) || equilibrio_liquido_vapor(P=2500.0 kPa, T=582.7999857827765 K): no",True,CORREGIBLE,0.110346,155.9844,371.8891,8,0,28,86.3,,"[CORREGIBLE] O2: succión de la bomba bifásica bajo el peor caso de T_amb (riesgo de cavitación) (medido=317.6132353564302, esperado=<= 303.033 K). Causa probable: subenfriamiento insuficiente a la sal",O2,,,,,0,False,
2500|476.253|583.15|300.033|0.55|1|0.85|0.75|0.5|0.75|0.8|303.55,493,83,26924,barridos_2026-09-19/b0_scan_cementera.csv,1,2500.0,476.2531387660478,583.15,300.032917,0.55,1.0,0.85,0.75,0.5,0.75,0.8,303.55,False,csv:P_alta; csv:P_baja; extra:T_fuente; extra:T_sumidero; csv:x_b; extra:m_b; csv:eta_t; csv:eta_p; csv:eps_hrvg; csv:eps_reg; csv:eps_cond,"bracket_sonda: T2_sonda=582.6 K > dew=459.1 K (sobrecalentado: sonda T1 del arranque del bracket pega el estado 2 fuera de campana) || equilibrio_liquido_vapor(P=2500.0 kPa, T=582.6499843313403 K): no",True,CORREGIBLE,0.113335,125.2036,370.1196,9,0,26,113.9,,"[CORREGIBLE] O2: succión de la bomba bifásica bajo el peor caso de T_amb (riesgo de cavitación) (medido=313.8853010431915, esperado=<= 303.033 K). Causa probable: subenfriamiento insuficiente a la sal",O2,,,,,0,False,
2500|476.253|583.15|300.033|0.55|1|0.85|0.75|0.9|0.75|0.8|303.55,496,81,22892,barridos_2026-09-19/b0_scan_cementera.csv,1,2500.0,476.2531387660478,583.15,300.032917,0.55,1.0,0.85,0.75,0.9,0.75,0.8,303.55,False,csv:P_alta; csv:P_baja; extra:T_fuente; extra:T_sumidero; csv:x_b; extra:m_b; csv:eta_t; csv:eta_p; csv:eps_hrvg; csv:eps_reg; csv:eps_cond,"lado_frio(P_baja=476.3 kPa, estado fuera del dominio/cobertura del motor teqp — sin relacion con la campana de la sonda || T_from_Ph(P, h, x): el motor teqp no cubre el estado pedido (ver TASK_CONTEXT",False,NO_CONVERGIO,,,,,,,62.3,sin extremos evaluables,"CicloNoConvergeError: sin dos extremos evaluables en el rango físico de T1 (repliegues_lo=56, repliegues_hi=0, paso=5.0 K)",,,,,,,,
2500|476.253|583.15|300.033|0.55|1|0.85|0.75|0.8|0.75|0.8|303.55,495,81,27548,barridos_2026-09-19/b0_scan_cementera.csv,1,2500.0,476.2531387660478,583.15,300.032917,0.55,1.0,0.85,0.75,0.8,0.75,0.8,303.55,False,csv:P_alta; csv:P_baja; extra:T_fuente; extra:T_sumidero; csv:x_b; extra:m_b; csv:eta_t; csv:eta_p; csv:eps_hrvg; csv:eps_reg; csv:eps_cond,"bracket_sonda: T2_sonda=582.9 K > dew=459.1 K (sobrecalentado: sonda T1 del arranque del bracket pega el estado 2 fuera de campana) || equilibrio_liquido_vapor(P=2500.0 kPa, T=582.9499900302736 K): no",True,CORREGIBLE,0.108421,185.5571,373.7824,8,0,34,78.9,,"[CORREGIBLE] O2: succión de la bomba bifásica bajo el peor caso de T_amb (riesgo de cavitación) (medido=321.5217220675519, esperado=<= 303.033 K). Causa probable: subenfriamiento insuficiente a la sal",O2,,,,,0,False,
2500|575.702|583.15|300.033|0.6|1|0.85|0.75|0.65|0.75|0.8|303.55,498,89,20368,barridos_2026-09-19/b0_scan_cementera.csv,1,2500.0,575.7018172219059,583.15,300.032917,0.6,1.0,0.85,0.75,0.65,0.75,0.8,303.55,False,csv:P_alta; csv:P_baja; extra:T_fuente; extra:T_sumidero; csv:x_b; extra:m_b; csv:eta_t; csv:eta_p; csv:eps_hrvg; csv:eps_reg; csv:eps_cond,"bracket_sonda: T2_sonda=582.8 K > dew=454.4 K (sobrecalentado: sonda T1 del arranque del bracket pega el estado 2 fuera de campana) || equilibrio_liquido_vapor(P=2500.0 kPa, T=582.7999948239898 K): no",True,CORREGIBLE,0.100648,138.7595,365.1016,8,0,29,77.0,,"[CORREGIBLE] O2: succión de la bomba bifásica bajo el peor caso de T_amb (riesgo de cavitación) (medido=315.543217931046, esperado=<= 303.033 K). Causa probable: subenfriamiento insuficiente a la sali",O2,,,,,0,False,
2500|575.702|583.15|300.033|0.6|1|0.85|0.75|0.9|0.75|0.8|303.55,500,84,26924,barridos_2026-09-19/b0_scan_cementera.csv,1,2500.0,575.7018172219059,583.15,300.032917,0.6,1.0,0.85,0.75,0.9,0.75,0.8,303.55,False,csv:P_alta; csv:P_baja; extra:T_fuente; extra:T_sumidero; csv:x_b; extra:m_b; csv:eta_t; csv:eta_p; csv:eps_hrvg; csv:eps_reg; csv:eps_cond,"lado_frio(P_baja=575.7 kPa, estado fuera del dominio/cobertura del motor teqp — sin relacion con la campana de la sonda || T_from_Ph(P, h, x): el motor teqp no cubre el estado pedido (ver TASK_CONTEXT",False,NO_CONVERGIO,,,,,,,72.7,sin extremos evaluables,"CicloNoConvergeError: sin dos extremos evaluables en el rango físico de T1 (repliegues_lo=56, repliegues_hi=0, paso=5.0 K)",,,,,,,,
2500|575.702|583.15|300.033|0.6|1|0.85|0.75|0.5|0.75|0.8|303.55,497,77,22476,barridos_2026-09-19/b0_scan_cementera.csv,1,2500.0,575.7018172219059,583.15,300.032917,0.6,1.0,0.85,0.75,0.5,0.75,0.8,303.55,False,csv:P_alta; csv:P_baja; extra:T_fuente; extra:T_sumidero; csv:x_b; extra:m_b; csv:eta_t; csv:eta_p; csv:eps_hrvg; csv:eps_reg; csv:eps_cond,"bracket_sonda: T2_sonda=582.6 K > dew=454.4 K (sobrecalentado: sonda T1 del arranque del bracket pega el estado 2 fuera de campana) || equilibrio_liquido_vapor(P=2500.0 kPa, T=582.649994271979 K): no ",True,CORREGIBLE,0.104133,112.5744,363.2591,9,0,27,119.6,,"[CORREGIBLE] O2: succión de la bomba bifásica bajo el peor caso de T_amb (riesgo de cavitación) (medido=312.2909498789184, esperado=<= 303.033 K). Causa probable: subenfriamiento insuficiente a la sal",O2,,,,,0,False,
2500|575.702|583.15|300.033|0.6|1|0.85|0.75|0.8|0.75|0.8|303.55,499,85,25144,barridos_2026-09-19/b0_scan_cementera.csv,1,2500.0,575.7018172219059,583.15,300.032917,0.6,1.0,0.85,0.75,0.8,0.75,0.8,303.55,False,csv:P_alta; csv:P_baja; extra:T_fuente; extra:T_sumidero; csv:x_b; extra:m_b; csv:eta_t; csv:eta_p; csv:eps_hrvg; csv:eps_reg; csv:eps_cond,"bracket_sonda: T2_sonda=582.9 K > dew=454.4 K (sobrecalentado: sonda T1 del arranque del bracket pega el estado 2 fuera de campana) || equilibrio_liquido_vapor(P=2500.0 kPa, T=582.9499963856855 K): no",True,CORREGIBLE,0.098192,163.9099,366.743,9,0,36,109.1,,"[CORREGIBLE] O2: succión de la bomba bifásica bajo el peor caso de T_amb (riesgo de cavitación) (medido=319.07597791425917, esperado=<= 303.033 K). Causa probable: subenfriamiento insuficiente a la sa",O2,,,,,3,False,
2500|673.345|583.15|300.033|0.65|1|0.85|0.75|0.65|0.75|0.8|303.55,502,82,27548,barridos_2026-09-19/b0_scan_cementera.csv,1,2500.0,673.3448664612341,583.15,300.032917,0.65,1.0,0.85,0.75,0.65,0.75,0.8,303.55,False,csv:P_alta; csv:P_baja; extra:T_fuente; extra:T_sumidero; csv:x_b; extra:m_b; csv:eta_t; csv:eta_p; csv:eps_hrvg; csv:eps_reg; csv:eps_cond,"bracket_sonda: T2_sonda=582.8 K > dew=449.2 K (sobrecalentado: sonda T1 del arranque del bracket pega el estado 2 fuera de campana) || equilibrio_liquido_vapor(P=2500.0 kPa, T=582.8000033754329 K): no",True,CORREGIBLE,0.092866,124.6144,358.7596,8,0,31,85.1,,"[CORREGIBLE] O2: succión de la bomba bifásica bajo el peor caso de T_amb (riesgo de cavitación) (medido=313.26067999438135, esperado=<= 303.033 K). Causa probable: subenfriamiento insuficiente a la sa",O2,,,,,0,False,
2500|673.345|583.15|300.033|0.65|1|0.85|0.75|0.5|0.75|0.8|303.55,501,82,22892,barridos_2026-09-19/b0_scan_cementera.csv,1,2500.0,673.3448664612341,583.15,300.032917,0.65,1.0,0.85,0.75,0.5,0.75,0.8,303.55,False,csv:P_alta; csv:P_baja; extra:T_fuente; extra:T_sumidero; csv:x_b; extra:m_b; csv:eta_t; csv:eta_p; csv:eps_hrvg; csv:eps_reg; csv:eps_cond,"bracket_sonda: T2_sonda=582.7 K > dew=449.2 K (sobrecalentado: sonda T1 del arranque del bracket pega el estado 2 fuera de campana) || equilibrio_liquido_vapor(P=2500.0 kPa, T=582.6500036740919 K): no",True,CORREGIBLE,0.096508,101.843,357.0268,9,0,29,113.9,,"[CORREGIBLE] O2: succión de la bomba bifásica bajo el peor caso de T_amb (riesgo de cavitación) (medido=310.56502220990086, esperado=<= 303.033 K). Causa probable: subenfriamiento insuficiente a la sa",O2,,,,,0,False,
2500|673.345|583.15|300.033|0.65|1|0.85|0.75|0.9|0.75|0.8|303.55,504,85,26924,barridos_2026-09-19/b0_scan_cementera.csv,1,2500.0,673.3448664612341,583.15,300.032917,0.65,1.0,0.85,0.75,0.9,0.75,0.8,303.55,False,csv:P_alta; csv:P_baja; extra:T_fuente; extra:T_sumidero; csv:x_b; extra:m_b; csv:eta_t; csv:eta_p; csv:eps_hrvg; csv:eps_reg; csv:eps_cond,"lado_frio(P_baja=673.3 kPa, estado fuera del dominio/cobertura del motor teqp — sin relacion con la campana de la sonda || T_from_Ph(P, h, x): el motor teqp no cubre el estado pedido (ver TASK_CONTEXT",False,NO_CONVERGIO,,,,,,,58.3,sin extremos evaluables,"CicloNoConvergeError: sin dos extremos evaluables en el rango físico de T1 (repliegues_lo=56, repliegues_hi=0, paso=5.0 K)",,,,,,,,
2500|673.345|583.15|300.033|0.65|1|0.85|0.75|0.8|0.75|0.8|303.55,503,90,20368,barridos_2026-09-19/b0_scan_cementera.csv,1,2500.0,673.3448664612341,583.15,300.032917,0.65,1.0,0.85,0.75,0.8,0.75,0.8,303.55,False,csv:P_alta; csv:P_baja; extra:T_fuente; extra:T_sumidero; csv:x_b; extra:m_b; csv:eta_t; csv:eta_p; csv:eps_hrvg; csv:eps_reg; csv:eps_cond,"bracket_sonda: T2_sonda=583.0 K > dew=449.2 K (sobrecalentado: sonda T1 del arranque del bracket pega el estado 2 fuera de campana) || equilibrio_liquido_vapor(P=2500.0 kPa, T=582.9500023968751 K): no",True,CORREGIBLE,0.089952,146.1376,360.1273,8,0,40,102.7,,"[CORREGIBLE] O2: succión de la bomba bifásica bajo el peor caso de T_amb (riesgo de cavitación) (medido=316.2939551049157, esperado=<= 303.033 K). Causa probable: subenfriamiento insuficiente a la sal",O2,,,,,0,False,
2500|764.638|583.15|300.033|0.7|1|0.85|0.75|0.5|0.75|0.8|303.55,505,78,22476,barridos_2026-09-19/b0_scan_cementera.csv,1,2500.0,764.6376026707513,583.15,300.032917,0.7,1.0,0.85,0.75,0.5,0.75,0.8,303.55,False,csv:P_alta; csv:P_baja; extra:T_fuente; extra:T_sumidero; csv:x_b; extra:m_b; csv:eta_t; csv:eta_p; csv:eps_hrvg; csv:eps_reg; csv:eps_cond,"bracket_sonda: T2_sonda=582.7 K > dew=443.5 K (sobrecalentado: sonda T1 del arranque del bracket pega el estado 2 fuera de campana) || equilibrio_liquido_vapor(P=2500.0 kPa, T=582.6500125607776 K): no",True,CORREGIBLE,0.090794,93.1959,351.5771,9,0,30,101.8,,"[CORREGIBLE] O2: succión de la bomba bifásica bajo el peor caso de T_amb (riesgo de cavitación) (medido=308.84392315221254, esperado=<= 303.033 K). Causa probable: subenfriamiento insuficiente a la sa",O2,,,,,0,False,
2500|764.638|583.15|300.033|0.7|1|0.85|0.75|0.9|0.75|0.8|303.55,508,83,22892,barridos_2026-09-19/b0_scan_cementera.csv,1,2500.0,764.6376026707513,583.15,300.032917,0.7,1.0,0.85,0.75,0.9,0.75,0.8,303.55,False,csv:P_alta; csv:P_baja; extra:T_fuente; extra:T_sumidero; csv:x_b; extra:m_b; csv:eta_t; csv:eta_p; csv:eps_hrvg; csv:eps_reg; csv:eps_cond,"lado_frio(P_baja=764.6 kPa, estado fuera del dominio/cobertura del motor teqp — sin relacion con la campana de la sonda || T_from_Ph(P, h, x): el motor teqp no cubre el estado pedido (ver TASK_CONTEXT",False,NO_CONVERGIO,,,,,,,56.1,sin extremos evaluables,"CicloNoConvergeError: sin dos extremos evaluables en el rango físico de T1 (repliegues_lo=56, repliegues_hi=0, paso=5.0 K)",,,,,,,,
2500|764.638|583.15|300.033|0.7|1|0.85|0.75|0.65|0.75|0.8|303.55,506,86,25144,barridos_2026-09-19/b0_scan_cementera.csv,1,2500.0,764.6376026707513,583.15,300.032917,0.7,1.0,0.85,0.75,0.65,0.75,0.8,303.55,False,csv:P_alta; csv:P_baja; extra:T_fuente; extra:T_sumidero; csv:x_b; extra:m_b; csv:eta_t; csv:eta_p; csv:eps_hrvg; csv:eps_reg; csv:eps_cond,"bracket_sonda: T2_sonda=582.8 K > dew=443.5 K (sobrecalentado: sonda T1 del arranque del bracket pega el estado 2 fuera de campana) || equilibrio_liquido_vapor(P=2500.0 kPa, T=582.8000114581173 K): no",True,CORREGIBLE,0.08697,113.3585,352.9942,8,0,33,92.8,,"[CORREGIBLE] O2: succión de la bomba bifásica bajo el peor caso de T_amb (riesgo de cavitación) (medido=310.9520201580666, esperado=<= 303.033 K). Causa probable: subenfriamiento insuficiente a la sal",O2,,,,,0,False,
2500|764.638|583.15|300.033|0.7|1|0.85|0.75|0.8|0.75|0.8|303.55,507,83,27548,barridos_2026-09-19/b0_scan_cementera.csv,1,2500.0,764.6376026707513,583.15,300.032917,0.7,1.0,0.85,0.75,0.8,0.75,0.8,303.55,False,csv:P_alta; csv:P_baja; extra:T_fuente; extra:T_sumidero; csv:x_b; extra:m_b; csv:eta_t; csv:eta_p; csv:eps_hrvg; csv:eps_reg; csv:eps_cond,"bracket_sonda: T2_sonda=583.0 K > dew=443.5 K (sobrecalentado: sonda T1 del arranque del bracket pega el estado 2 fuera de campana) || equilibrio_liquido_vapor(P=2500.0 kPa, T=582.9500080786098 K): no",True,CORREGIBLE,0.083667,132.0013,354.0755,9,0,43,122.0,,"[CORREGIBLE] O2: succión de la bomba bifásica bajo el peor caso de T_amb (riesgo de cavitación) (medido=313.3925354293266, esperado=<= 303.033 K). Causa probable: subenfriamiento insuficiente a la sal",O2,,,,,0,False,
3000|157.885|583.15|300.033|0.35|1|0.85|0.75|0.5|0.75|0.8|303.55,509,86,26924,barridos_2026-09-19/b0_scan_cementera.csv,1,3000.0,157.88536139565775,583.15,300.032917,0.35,1.0,0.85,0.75,0.5,0.75,0.8,303.55,False,csv:P_alta; csv:P_baja; extra:T_fuente; extra:T_sumidero; csv:x_b; extra:m_b; csv:eta_t; csv:eta_p; csv:eps_hrvg; csv:eps_reg; csv:eps_cond,"bracket_sonda: T2_sonda=582.6 K > dew=484.0 K (sobrecalentado: sonda T1 del arranque del bracket pega el estado 2 fuera de campana) || equilibrio_liquido_vapor(P=3000.0 kPa, T=582.6499085643638 K): no",True,CORREGIBLE,0.170738,198.4705,395.4133,8,0,21,126.8,,"[CORREGIBLE] O1: título de vapor a la salida de la turbina bajo el umbral tecnológico usual (erosión de álabes) (medido=0.8715520346341887, esperado=>= 0.90). Causa probable: expansión hasta P_baja de","O1,O2",,,,,0,False,
3000|157.885|583.15|300.033|0.35|1|0.85|0.75|0.8|0.75|0.8|303.55,511,79,22476,barridos_2026-09-19/b0_scan_cementera.csv,1,3000.0,157.88536139565775,583.15,300.032917,0.35,1.0,0.85,0.75,0.8,0.75,0.8,303.55,False,csv:P_alta; csv:P_baja; extra:T_fuente; extra:T_sumidero; csv:x_b; extra:m_b; csv:eta_t; csv:eta_p; csv:eps_hrvg; csv:eps_reg; csv:eps_cond,"bracket_sonda: T2_sonda=582.9 K > dew=484.0 K (sobrecalentado: sonda T1 del arranque del bracket pega el estado 2 fuera de campana) || equilibrio_liquido_vapor(P=3000.0 kPa, T=582.9499415924488 K): no",True,CORREGIBLE,0.177181,326.6646,399.5571,8,0,24,102.5,,"[CORREGIBLE] O1: título de vapor a la salida de la turbina bajo el umbral tecnológico usual (erosión de álabes) (medido=0.8669813029987053, esperado=>= 0.90). Causa probable: expansión hasta P_baja de","O1,O2",,,,,0,False,
3000|157.885|583.15|300.033|0.35|1|0.85|0.75|0.65|0.75|0.8|303.55,510,91,20368,barridos_2026-09-19/b0_scan_cementera.csv,1,3000.0,157.88536139565775,583.15,300.032917,0.35,1.0,0.85,0.75,0.65,0.75,0.8,303.55,False,csv:P_alta; csv:P_baja; extra:T_fuente; extra:T_sumidero; csv:x_b; extra:m_b; csv:eta_t; csv:eta_p; csv:eps_hrvg; csv:eps_reg; csv:eps_cond,"bracket_sonda: T2_sonda=582.8 K > dew=484.0 K (sobrecalentado: sonda T1 del arranque del bracket pega el estado 2 fuera de campana) || equilibrio_liquido_vapor(P=3000.0 kPa, T=582.7999168727027 K): no",True,CORREGIBLE,0.174546,263.2737,396.3015,9,0,21,126.7,,"[CORREGIBLE] O1: título de vapor a la salida de la turbina bajo el umbral tecnológico usual (erosión de álabes) (medido=0.8688843338974698, esperado=>= 0.90). Causa probable: expansión hasta P_baja de","O1,O2",,,,,0,False,
3000|157.885|583.15|300.033|0.35|1|0.85|0.75|0.9|0.75|0.8|303.55,512,84,22892,barridos_2026-09-19/b0_scan_cementera.csv,1,3000.0,157.88536139565775,583.15,300.032917,0.35,1.0,0.85,0.75,0.9,0.75,0.8,303.55,False,csv:P_alta; csv:P_baja; extra:T_fuente; extra:T_sumidero; csv:x_b; extra:m_b; csv:eta_t; csv:eta_p; csv:eps_hrvg; csv:eps_reg; csv:eps_cond,"bracket_sonda: T2_sonda=583.0 K > dew=484.0 K (sobrecalentado: sonda T1 del arranque del bracket pega el estado 2 fuera de campana) || equilibrio_liquido_vapor(P=3000.0 kPa, T=583.0499671665914 K): no",False,NO_CONVERGIO,,,,,,,112.1,sin cambio de signo,"CicloNoConvergeError: extremos [301.0329, 357.1500] K sin cambio de signo de F (F(lo)=101.38, F(hi)=62.147)",,,,,,,,
3000|218.689|583.15|300.033|0.4|1|0.85|0.75|0.5|0.75|0.8|303.55,513,87,25144,barridos_2026-09-19/b0_scan_cementera.csv,1,3000.0,218.6892492858801,583.15,300.032917,0.4,1.0,0.85,0.75,0.5,0.75,0.8,303.55,False,csv:P_alta; csv:P_baja; extra:T_fuente; extra:T_sumidero; csv:x_b; extra:m_b; csv:eta_t; csv:eta_p; csv:eps_hrvg; csv:eps_reg; csv:eps_cond,"bracket_sonda: T2_sonda=582.6 K > dew=480.2 K (sobrecalentado: sonda T1 del arranque del bracket pega el estado 2 fuera de campana) || equilibrio_liquido_vapor(P=3000.0 kPa, T=582.6499238952598 K): no",True,CORREGIBLE,0.158287,181.9141,391.5226,8,0,22,126.0,,"[CORREGIBLE] O1: título de vapor a la salida de la turbina bajo el umbral tecnológico usual (erosión de álabes) (medido=0.8827967215793983, esperado=>= 0.90). Causa probable: expansión hasta P_baja de","O1,O2",,,,,0,False,
3000|218.689|583.15|300.033|0.4|1|0.85|0.75|0.65|0.75|0.8|303.55,514,84,27548,barridos_2026-09-19/b0_scan_cementera.csv,1,3000.0,218.6892492858801,583.15,300.032917,0.4,1.0,0.85,0.75,0.65,0.75,0.8,303.55,False,csv:P_alta; csv:P_baja; extra:T_fuente; extra:T_sumidero; csv:x_b; extra:m_b; csv:eta_t; csv:eta_p; csv:eps_hrvg; csv:eps_reg; csv:eps_cond,"bracket_sonda: T2_sonda=582.8 K > dew=480.2 K (sobrecalentado: sonda T1 del arranque del bracket pega el estado 2 fuera de campana) || equilibrio_liquido_vapor(P=3000.0 kPa, T=582.7999308163661 K): no",True,CORREGIBLE,0.160342,238.5304,393.5181,9,0,22,112.5,,"[CORREGIBLE] O1: título de vapor a la salida de la turbina bajo el umbral tecnológico usual (erosión de álabes) (medido=0.8799275352038229, esperado=>= 0.90). Causa probable: expansión hasta P_baja de","O1,O2",,,,,0,False,
3000|218.689|583.15|300.033|0.4|1|0.85|0.75|0.8|0.75|0.8|303.55,515,87,26924,barridos_2026-09-19/b0_scan_cementera.csv,1,3000.0,218.6892492858801,583.15,300.032917,0.4,1.0,0.85,0.75,0.8,0.75,0.8,303.55,False,csv:P_alta; csv:P_baja; extra:T_fuente; extra:T_sumidero; csv:x_b; extra:m_b; csv:eta_t; csv:eta_p; csv:eps_hrvg; csv:eps_reg; csv:eps_cond,"bracket_sonda: T2_sonda=582.9 K > dew=480.2 K (sobrecalentado: sonda T1 del arranque del bracket pega el estado 2 fuera de campana) || equilibrio_liquido_vapor(P=3000.0 kPa, T=582.9499513937507 K): no",True,CORREGIBLE,0.16159,293.2845,397.5298,9,0,25,111.3,,"[CORREGIBLE] O1: título de vapor a la salida de la turbina bajo el umbral tecnológico usual (erosión de álabes) (medido=0.877872678558192, esperado=>= 0.90). Causa probable: expansión hasta P_baja dej","O1,O2",,,,,0,False,
3000|218.689|583.15|300.033|0.4|1|0.85|0.75|0.9|0.75|0.8|303.55,516,80,22476,barridos_2026-09-19/b0_scan_cementera.csv,1,3000.0,218.6892492858801,583.15,300.032917,0.4,1.0,0.85,0.75,0.9,0.75,0.8,303.55,False,csv:P_alta; csv:P_baja; extra:T_fuente; extra:T_sumidero; csv:x_b; extra:m_b; csv:eta_t; csv:eta_p; csv:eps_hrvg; csv:eps_reg; csv:eps_cond,"lado_frio(P_baja=218.7 kPa, T=294.0 K, estado fuera del dominio/cobertura del motor teqp — sin relacion con la campana de la sonda || T_from_Ph(P, h, x): el motor teqp no cubre el estado pedido (ver T",False,NO_CONVERGIO,,,,,,,119.7,sin cambio de signo,"CicloNoConvergeError: extremos [301.0329, 332.1500] K sin cambio de signo de F (F(lo)=105.04, F(hi)=78.067)",,,,,,,,
3000|293.413|583.15|300.033|0.45|1|0.85|0.75|0.65|0.75|0.8|303.55,518,85,22892,barridos_2026-09-19/b0_scan_cementera.csv,1,3000.0,293.41308192387106,583.15,300.032917,0.45,1.0,0.85,0.75,0.65,0.75,0.8,303.55,False,csv:P_alta; csv:P_baja; extra:T_fuente; extra:T_sumidero; csv:x_b; extra:m_b; csv:eta_t; csv:eta_p; csv:eps_hrvg; csv:eps_reg; csv:eps_cond,"bracket_sonda: T2_sonda=582.8 K > dew=476.1 K (sobrecalentado: sonda T1 del arranque del bracket pega el estado 2 fuera de campana) || equilibrio_liquido_vapor(P=3000.0 kPa, T=582.7999439066651 K): no",True,CORREGIBLE,0.146899,215.0444,390.6299,9,0,23,112.8,,"[CORREGIBLE] O1: título de vapor a la salida de la turbina bajo el umbral tecnológico usual (erosión de álabes) (medido=0.8904459774253953, esperado=>= 0.90). Causa probable: expansión hasta P_baja de","O1,O2",,,,,0,False,
3000|293.413|583.15|300.033|0.45|1|0.85|0.75|0.5|0.75|0.8|303.55,517,92,20368,barridos_2026-09-19/b0_scan_cementera.csv,1,3000.0,293.41308192387106,583.15,300.032917,0.45,1.0,0.85,0.75,0.5,0.75,0.8,303.55,False,csv:P_alta; csv:P_baja; extra:T_fuente; extra:T_sumidero; csv:x_b; extra:m_b; csv:eta_t; csv:eta_p; csv:eps_hrvg; csv:eps_reg; csv:eps_cond,"bracket_sonda: T2_sonda=582.6 K > dew=476.1 K (sobrecalentado: sonda T1 del arranque del bracket pega el estado 2 fuera de campana) || equilibrio_liquido_vapor(P=3000.0 kPa, T=582.6499382879426 K): no",True,CORREGIBLE,0.146477,166.0623,387.5802,8,0,23,123.4,,"[CORREGIBLE] O1: título de vapor a la salida de la turbina bajo el umbral tecnológico usual (erosión de álabes) (medido=0.8934718726528993, esperado=>= 0.90). Causa probable: expansión hasta P_baja de","O1,O2",,,,,0,False,
3000|293.413|583.15|300.033|0.45|1|0.85|0.75|0.8|0.75|0.8|303.55,519,88,25144,barridos_2026-09-19/b0_scan_cementera.csv,1,3000.0,293.41308192387106,583.15,300.032917,0.45,1.0,0.85,0.75,0.8,0.75,0.8,303.55,False,csv:P_alta; csv:P_baja; extra:T_fuente; extra:T_sumidero; csv:x_b; extra:m_b; csv:eta_t; csv:eta_p; csv:eps_hrvg; csv:eps_reg; csv:eps_cond,"bracket_sonda: T2_sonda=582.9 K > dew=476.1 K (sobrecalentado: sonda T1 del arranque del bracket pega el estado 2 fuera de campana) || equilibrio_liquido_vapor(P=3000.0 kPa, T=582.9499605951814 K): no",True,CORREGIBLE,0.146826,261.7502,395.2587,9,0,27,117.5,,"[CORREGIBLE] O1: título de vapor a la salida de la turbina bajo el umbral tecnológico usual (erosión de álabes) (medido=0.8882769549202351, esperado=>= 0.90). Causa probable: expansión hasta P_baja de","O1,O2",,,,,0,False,
3000|293.413|583.15|300.033|0.45|1|0.85|0.75|0.9|0.75|0.8|303.55,520,85,27548,barridos_2026-09-19/b0_scan_cementera.csv,1,3000.0,293.41308192387106,583.15,300.032917,0.45,1.0,0.85,0.75,0.9,0.75,0.8,303.55,False,csv:P_alta; csv:P_baja; extra:T_fuente; extra:T_sumidero; csv:x_b; extra:m_b; csv:eta_t; csv:eta_p; csv:eps_hrvg; csv:eps_reg; csv:eps_cond,"bracket_sonda: T2_sonda=583.0 K > dew=476.1 K (sobrecalentado: sonda T1 del arranque del bracket pega el estado 2 fuera de campana) || equilibrio_liquido_vapor(P=3000.0 kPa, T=583.0499778518495 K): no",False,NO_CONVERGIO,,,,,,,127.2,sin cambio de signo,"CicloNoConvergeError: extremos [301.0329, 307.1500] K sin cambio de signo de F (F(lo)=99.903, F(hi)=94.607)",,,,,,,,
3000|380.465|583.15|300.033|0.5|1|0.85|0.75|0.5|0.75|0.8|303.55,521,88,26924,barridos_2026-09-19/b0_scan_cementera.csv,1,3000.0,380.4651667449188,583.15,300.032917,0.5,1.0,0.85,0.75,0.5,0.75,0.8,303.55,False,csv:P_alta; csv:P_baja; extra:T_fuente; extra:T_sumidero; csv:x_b; extra:m_b; csv:eta_t; csv:eta_p; csv:eps_hrvg; csv:eps_reg; csv:eps_cond,"bracket_sonda: T2_sonda=582.6 K > dew=471.8 K (sobrecalentado: sonda T1 del arranque del bracket pega el estado 2 fuera de campana) || equilibrio_liquido_vapor(P=3000.0 kPa, T=582.6499518189073 K): no",True,CORREGIBLE,0.13559,151.2779,383.604,9,0,24,118.1,,"[CORREGIBLE] O2: succión de la bomba bifásica bajo el peor caso de T_amb (riesgo de cavitación) (medido=314.93731745142253, esperado=<= 303.033 K). Causa probable: subenfriamiento insuficiente a la sa",O2,,,,,0,False,
3000|380.465|583.15|300.033|0.5|1|0.85|0.75|0.9|0.75|0.8|303.55,524,93,20368,barridos_2026-09-19/b0_scan_cementera.csv,1,3000.0,380.4651667449188,583.15,300.032917,0.5,1.0,0.85,0.75,0.9,0.75,0.8,303.55,False,csv:P_alta; csv:P_baja; extra:T_fuente; extra:T_sumidero; csv:x_b; extra:m_b; csv:eta_t; csv:eta_p; csv:eps_hrvg; csv:eps_reg; csv:eps_cond,"lado_frio(P_baja=380.5 kPa, T=294.3 K, estado fuera del dominio/cobertura del motor teqp — sin relacion con la campana de la sonda || T_from_Ph(P, h, x): el motor teqp no cubre el estado pedido (ver T",False,NO_CONVERGIO,,,,,,,95.0,sin extremos evaluables,"CicloNoConvergeError: sin dos extremos evaluables en el rango físico de T1 (repliegues_lo=56, repliegues_hi=0, paso=5.0 K)",,,,,,,,
3000|380.465|583.15|300.033|0.5|1|0.85|0.75|0.65|0.75|0.8|303.55,522,81,22476,barridos_2026-09-19/b0_scan_cementera.csv,1,3000.0,380.4651667449188,583.15,300.032917,0.5,1.0,0.85,0.75,0.65,0.75,0.8,303.55,False,csv:P_alta; csv:P_baja; extra:T_fuente; extra:T_sumidero; csv:x_b; extra:m_b; csv:eta_t; csv:eta_p; csv:eps_hrvg; csv:eps_reg; csv:eps_cond,"bracket_sonda: T2_sonda=582.8 K > dew=471.8 K (sobrecalentado: sonda T1 del arranque del bracket pega el estado 2 fuera de campana) || equilibrio_liquido_vapor(P=3000.0 kPa, T=582.7999562131994 K): no",True,CORREGIBLE,0.13452,193.3121,386.15,8,0,25,100.0,,"[CORREGIBLE] O2: succión de la bomba bifásica bajo el peor caso de T_amb (riesgo de cavitación) (medido=318.9498756881222, esperado=<= 303.033 K). Causa probable: subenfriamiento insuficiente a la sal",O2,,,,,0,False,
3000|380.465|583.15|300.033|0.5|1|0.85|0.75|0.8|0.75|0.8|303.55,523,86,22892,barridos_2026-09-19/b0_scan_cementera.csv,1,3000.0,380.4651667449188,583.15,300.032917,0.5,1.0,0.85,0.75,0.8,0.75,0.8,303.55,False,csv:P_alta; csv:P_baja; extra:T_fuente; extra:T_sumidero; csv:x_b; extra:m_b; csv:eta_t; csv:eta_p; csv:eps_hrvg; csv:eps_reg; csv:eps_cond,"bracket_sonda: T2_sonda=582.9 K > dew=471.8 K (sobrecalentado: sonda T1 del arranque del bracket pega el estado 2 fuera de campana) || equilibrio_liquido_vapor(P=3000.0 kPa, T=582.9499692456847 K): no",True,CORREGIBLE,0.133263,232.7337,387.7274,8,0,29,96.9,,"[CORREGIBLE] O1: título de vapor a la salida de la turbina bajo el umbral tecnológico usual (erosión de álabes) (medido=0.8980177257788561, esperado=>= 0.90). Causa probable: expansión hasta P_baja de","O1,O2",,,,,0,False,
3000|476.253|583.15|300.033|0.55|1|0.85|0.75|0.5|0.75|0.8|303.55,525,89,25144,barridos_2026-09-19/b0_scan_cementera.csv,1,3000.0,476.2531387660478,583.15,300.032917,0.55,1.0,0.85,0.75,0.5,0.75,0.8,303.55,False,csv:P_alta; csv:P_baja; extra:T_fuente; extra:T_sumidero; csv:x_b; extra:m_b; csv:eta_t; csv:eta_p; csv:eps_hrvg; csv:eps_reg; csv:eps_cond,"bracket_sonda: T2_sonda=582.6 K > dew=467.2 K (sobrecalentado: sonda T1 del arranque del bracket pega el estado 2 fuera de campana) || equilibrio_liquido_vapor(P=3000.0 kPa, T=582.6499645491316 K): no",True,CORREGIBLE,0.125905,137.8962,377.6276,8,0,25,116.1,,"[CORREGIBLE] O2: succión de la bomba bifásica bajo el peor caso de T_amb (riesgo de cavitación) (medido=313.6025648656563, esperado=<= 303.033 K). Causa probable: subenfriamiento insuficiente a la sal",O2,,,,,0,False,
3000|476.253|583.15|300.033|0.55|1|0.85|0.75|0.65|0.75|0.8|303.55,526,86,27548,barridos_2026-09-19/b0_scan_cementera.csv,1,3000.0,476.2531387660478,583.15,300.032917,0.55,1.0,0.85,0.75,0.65,0.75,0.8,303.55,False,csv:P_alta; csv:P_baja; extra:T_fuente; extra:T_sumidero; csv:x_b; extra:m_b; csv:eta_t; csv:eta_p; csv:eps_hrvg; csv:eps_reg; csv:eps_cond,"bracket_sonda: T2_sonda=582.8 K > dew=467.2 K (sobrecalentado: sonda T1 del arranque del bracket pega el estado 2 fuera de campana) || equilibrio_liquido_vapor(P=3000.0 kPa, T=582.7999677914471 K): no",True,CORREGIBLE,0.123503,173.7879,378.9075,8,0,26,102.2,,"[CORREGIBLE] O2: succión de la bomba bifásica bajo el peor caso de T_amb (riesgo de cavitación) (medido=317.2750940651952, esperado=<= 303.033 K). Causa probable: subenfriamiento insuficiente a la sal",O2,,,,,0,False,
3000|476.253|583.15|300.033|0.55|1|0.85|0.75|0.8|0.75|0.8|303.55,527,89,26924,barridos_2026-09-19/b0_scan_cementera.csv,1,3000.0,476.2531387660478,583.15,300.032917,0.55,1.0,0.85,0.75,0.8,0.75,0.8,303.55,False,csv:P_alta; csv:P_baja; extra:T_fuente; extra:T_sumidero; csv:x_b; extra:m_b; csv:eta_t; csv:eta_p; csv:eps_hrvg; csv:eps_reg; csv:eps_cond,"bracket_sonda: T2_sonda=582.9 K > dew=467.2 K (sobrecalentado: sonda T1 del arranque del bracket pega el estado 2 fuera de campana) || equilibrio_liquido_vapor(P=3000.0 kPa, T=582.949977384278 K): no ",True,CORREGIBLE,0.121381,207.1609,380.5414,8,0,32,84.6,,"[CORREGIBLE] O2: succión de la bomba bifásica bajo el peor caso de T_amb (riesgo de cavitación) (medido=321.1246418625047, esperado=<= 303.033 K). Causa probable: subenfriamiento insuficiente a la sal",O2,,,,,0,False,
3000|476.253|583.15|300.033|0.55|1|0.85|0.75|0.9|0.75|0.8|303.55,528,94,20368,barridos_2026-09-19/b0_scan_cementera.csv,1,3000.0,476.2531387660478,583.15,300.032917,0.55,1.0,0.85,0.75,0.9,0.75,0.8,303.55,False,csv:P_alta; csv:P_baja; extra:T_fuente; extra:T_sumidero; csv:x_b; extra:m_b; csv:eta_t; csv:eta_p; csv:eps_hrvg; csv:eps_reg; csv:eps_cond,"lado_frio(P_baja=476.3 kPa, T=294.7 K, estado fuera del dominio/cobertura del motor teqp — sin relacion con la campana de la sonda || T_from_Ph(P, h, x): el motor teqp no cubre el estado pedido (ver T",False,NO_CONVERGIO,,,,,,,85.9,sin extremos evaluables,"CicloNoConvergeError: sin dos extremos evaluables en el rango físico de T1 (repliegues_lo=56, repliegues_hi=0, paso=5.0 K)",,,,,,,,
3000|575.702|583.15|300.033|0.6|1|0.85|0.75|0.65|0.75|0.8|303.55,530,87,22892,barridos_2026-09-19/b0_scan_cementera.csv,1,3000.0,575.7018172219059,583.15,300.032917,0.6,1.0,0.85,0.75,0.65,0.75,0.8,303.55,False,csv:P_alta; csv:P_baja; extra:T_fuente; extra:T_sumidero; csv:x_b; extra:m_b; csv:eta_t; csv:eta_p; csv:eps_hrvg; csv:eps_reg; csv:eps_cond,"bracket_sonda: T2_sonda=582.8 K > dew=462.3 K (sobrecalentado: sonda T1 del arranque del bracket pega el estado 2 fuera de campana) || equilibrio_liquido_vapor(P=3000.0 kPa, T=582.7999786865958 K): no",True,CORREGIBLE,0.114115,156.8327,372.1508,8,0,28,97.7,,"[CORREGIBLE] O2: succión de la bomba bifásica bajo el peor caso de T_amb (riesgo de cavitación) (medido=315.26114642288167, esperado=<= 303.033 K). Causa probable: subenfriamiento insuficiente a la sa",O2,,,,,0,False,
3000|575.702|583.15|300.033|0.6|1|0.85|0.75|0.5|0.75|0.8|303.55,529,82,22476,barridos_2026-09-19/b0_scan_cementera.csv,1,3000.0,575.7018172219059,583.15,300.032917,0.6,1.0,0.85,0.75,0.5,0.75,0.8,303.55,False,csv:P_alta; csv:P_baja; extra:T_fuente; extra:T_sumidero; csv:x_b; extra:m_b; csv:eta_t; csv:eta_p; csv:eps_hrvg; csv:eps_reg; csv:eps_cond,"bracket_sonda: T2_sonda=582.6 K > dew=462.3 K (sobrecalentado: sonda T1 del arranque del bracket pega el estado 2 fuera de campana) || equilibrio_liquido_vapor(P=3000.0 kPa, T=582.6499765282789 K): no",True,CORREGIBLE,0.11765,126.1763,370.8199,8,0,26,115.5,,"[CORREGIBLE] O2: succión de la bomba bifásica bajo el peor caso de T_amb (riesgo de cavitación) (medido=312.0406830253365, esperado=<= 303.033 K). Causa probable: subenfriamiento insuficiente a la sal",O2,,,,,0,False,
3000|575.702|583.15|300.033|0.6|1|0.85|0.75|0.8|0.75|0.8|303.55,531,90,25144,barridos_2026-09-19/b0_scan_cementera.csv,1,3000.0,575.7018172219059,583.15,300.032917,0.6,1.0,0.85,0.75,0.8,0.75,0.8,303.55,False,csv:P_alta; csv:P_baja; extra:T_fuente; extra:T_sumidero; csv:x_b; extra:m_b; csv:eta_t; csv:eta_p; csv:eps_hrvg; csv:eps_reg; csv:eps_cond,"bracket_sonda: T2_sonda=582.9 K > dew=462.3 K (sobrecalentado: sonda T1 del arranque del bracket pega el estado 2 fuera de campana) || equilibrio_liquido_vapor(P=3000.0 kPa, T=582.9499850427404 K): no",True,CORREGIBLE,0.111438,185.4774,373.7065,8,0,34,88.7,,"[CORREGIBLE] O2: succión de la bomba bifásica bajo el peor caso de T_amb (riesgo de cavitación) (medido=318.7081775206903, esperado=<= 303.033 K). Causa probable: subenfriamiento insuficiente a la sal",O2,,,,,0,False,
3000|575.702|583.15|300.033|0.6|1|0.85|0.75|0.9|0.75|0.8|303.55,532,87,27548,barridos_2026-09-19/b0_scan_cementera.csv,1,3000.0,575.7018172219059,583.15,300.032917,0.6,1.0,0.85,0.75,0.9,0.75,0.8,303.55,False,csv:P_alta; csv:P_baja; extra:T_fuente; extra:T_sumidero; csv:x_b; extra:m_b; csv:eta_t; csv:eta_p; csv:eps_hrvg; csv:eps_reg; csv:eps_cond,"lado_frio(P_baja=575.7 kPa, estado fuera del dominio/cobertura del motor teqp — sin relacion con la campana de la sonda || T_from_Ph(P, h, x): el motor teqp no cubre el estado pedido (ver TASK_CONTEXT",False,NO_CONVERGIO,,,,,,,86.1,sin extremos evaluables,"CicloNoConvergeError: sin dos extremos evaluables en el rango físico de T1 (repliegues_lo=56, repliegues_hi=0, paso=5.0 K)",,,,,,,,
3000|673.345|583.15|300.033|0.65|1|0.85|0.75|0.65|0.75|0.8|303.55,534,95,20368,barridos_2026-09-19/b0_scan_cementera.csv,1,3000.0,673.3448664612341,583.15,300.032917,0.65,1.0,0.85,0.75,0.65,0.75,0.8,303.55,False,csv:P_alta; csv:P_baja; extra:T_fuente; extra:T_sumidero; csv:x_b; extra:m_b; csv:eta_t; csv:eta_p; csv:eps_hrvg; csv:eps_reg; csv:eps_cond,"bracket_sonda: T2_sonda=582.8 K > dew=456.9 K (sobrecalentado: sonda T1 del arranque del bracket pega el estado 2 fuera de campana) || equilibrio_liquido_vapor(P=3000.0 kPa, T=582.7999889363278 K): no",True,CORREGIBLE,0.106798,142.8675,366.015,8,0,29,93.4,,"[CORREGIBLE] O2: succión de la bomba bifásica bajo el peor caso de T_amb (riesgo de cavitación) (medido=313.0180032347031, esperado=<= 303.033 K). Causa probable: subenfriamiento insuficiente a la sal",O2,,,,,0,False,
3000|673.345|583.15|300.033|0.65|1|0.85|0.75|0.5|0.75|0.8|303.55,533,90,26924,barridos_2026-09-19/b0_scan_cementera.csv,1,3000.0,673.3448664612341,583.15,300.032917,0.65,1.0,0.85,0.75,0.5,0.75,0.8,303.55,False,csv:P_alta; csv:P_baja; extra:T_fuente; extra:T_sumidero; csv:x_b; extra:m_b; csv:eta_t; csv:eta_p; csv:eps_hrvg; csv:eps_reg; csv:eps_cond,"bracket_sonda: T2_sonda=582.6 K > dew=456.9 K (sobrecalentado: sonda T1 del arranque del bracket pega el estado 2 fuera de campana) || equilibrio_liquido_vapor(P=3000.0 kPa, T=582.649987797769 K): no ",True,CORREGIBLE,0.110972,116.2518,364.6684,9,0,27,109.1,,"[CORREGIBLE] O2: succión de la bomba bifásica bajo el peor caso de T_amb (riesgo de cavitación) (medido=310.3548252396047, esperado=<= 303.033 K). Causa probable: subenfriamiento insuficiente a la sal",O2,,,,,0,False,
3000|673.345|583.15|300.033|0.65|1|0.85|0.75|0.8|0.75|0.8|303.55,535,88,22892,barridos_2026-09-19/b0_scan_cementera.csv,1,3000.0,673.3448664612341,583.15,300.032917,0.65,1.0,0.85,0.75,0.8,0.75,0.8,303.55,False,csv:P_alta; csv:P_baja; extra:T_fuente; extra:T_sumidero; csv:x_b; extra:m_b; csv:eta_t; csv:eta_p; csv:eps_hrvg; csv:eps_reg; csv:eps_cond,"bracket_sonda: T2_sonda=582.9 K > dew=456.9 K (sobrecalentado: sonda T1 del arranque del bracket pega el estado 2 fuera de campana) || equilibrio_liquido_vapor(P=3000.0 kPa, T=582.949992247571 K): no ",True,CORREGIBLE,0.103531,167.6876,367.3178,8,0,37,90.7,,"[CORREGIBLE] O2: succión de la bomba bifásica bajo el peor caso de T_amb (riesgo de cavitación) (medido=315.96922547751313, esperado=<= 303.033 K). Causa probable: subenfriamiento insuficiente a la sa",O2,,,,,0,False,
3000|673.345|583.15|300.033|0.65|1|0.85|0.75|0.9|0.75|0.8|303.55,536,83,22476,barridos_2026-09-19/b0_scan_cementera.csv,1,3000.0,673.3448664612341,583.15,300.032917,0.65,1.0,0.85,0.75,0.9,0.75,0.8,303.55,False,csv:P_alta; csv:P_baja; extra:T_fuente; extra:T_sumidero; csv:x_b; extra:m_b; csv:eta_t; csv:eta_p; csv:eps_hrvg; csv:eps_reg; csv:eps_cond,"lado_frio(P_baja=673.3 kPa, estado fuera del dominio/cobertura del motor teqp — sin relacion con la campana de la sonda || T_from_Ph(P, h, x): el motor teqp no cubre el estado pedido (ver TASK_CONTEXT",False,NO_CONVERGIO,,,,,,,79.8,sin extremos evaluables,"CicloNoConvergeError: sin dos extremos evaluables en el rango físico de T1 (repliegues_lo=56, repliegues_hi=0, paso=5.0 K)",,,,,,,,
3000|764.638|583.15|300.033|0.7|1|0.85|0.75|0.9|0.75|0.8|303.55,540,91,26924,barridos_2026-09-19/b0_scan_cementera.csv,1,3000.0,764.6376026707513,583.15,300.032917,0.7,1.0,0.85,0.75,0.9,0.75,0.8,303.55,False,csv:P_alta; csv:P_baja; extra:T_fuente; extra:T_sumidero; csv:x_b; extra:m_b; csv:eta_t; csv:eta_p; csv:eps_hrvg; csv:eps_reg; csv:eps_cond,"lado_frio(P_baja=764.6 kPa, estado fuera del dominio/cobertura del motor teqp — sin relacion con la campana de la sonda || T_from_Ph(P, h, x): el motor teqp no cubre el estado pedido (ver TASK_CONTEXT",False,NO_CONVERGIO,,,,,,,61.4,sin extremos evaluables,"CicloNoConvergeError: sin dos extremos evaluables en el rango físico de T1 (repliegues_lo=56, repliegues_hi=0, paso=5.0 K)",,,,,,,,
3000|764.638|583.15|300.033|0.7|1|0.85|0.75|0.65|0.75|0.8|303.55,538,88,27548,barridos_2026-09-19/b0_scan_cementera.csv,1,3000.0,764.6376026707513,583.15,300.032917,0.7,1.0,0.85,0.75,0.65,0.75,0.8,303.55,False,csv:P_alta; csv:P_baja; extra:T_fuente; extra:T_sumidero; csv:x_b; extra:m_b; csv:eta_t; csv:eta_p; csv:eps_hrvg; csv:eps_reg; csv:eps_cond,"bracket_sonda: T2_sonda=582.8 K > dew=451.0 K (sobrecalentado: sonda T1 del arranque del bracket pega el estado 2 fuera de campana) || equilibrio_liquido_vapor(P=3000.0 kPa, T=582.7999985728345 K): no",True,CORREGIBLE,0.101408,131.7828,360.4547,8,0,31,89.7,,"[CORREGIBLE] O2: succión de la bomba bifásica bajo el peor caso de T_amb (riesgo de cavitación) (medido=310.75589288344025, esperado=<= 303.033 K). Causa probable: subenfriamiento insuficiente a la sa",O2,,,,,0,False,
3000|764.638|583.15|300.033|0.7|1|0.85|0.75|0.5|0.75|0.8|303.55,537,91,25144,barridos_2026-09-19/b0_scan_cementera.csv,1,3000.0,764.6376026707513,583.15,300.032917,0.7,1.0,0.85,0.75,0.5,0.75,0.8,303.55,False,csv:P_alta; csv:P_baja; extra:T_fuente; extra:T_sumidero; csv:x_b; extra:m_b; csv:eta_t; csv:eta_p; csv:eps_hrvg; csv:eps_reg; csv:eps_cond,"bracket_sonda: T2_sonda=582.6 K > dew=451.0 K (sobrecalentado: sonda T1 del arranque del bracket pega el estado 2 fuera de campana) || equilibrio_liquido_vapor(P=3000.0 kPa, T=582.6499983929879 K): no",True,CORREGIBLE,0.105875,108.0783,359.241,8,0,29,111.0,,"[CORREGIBLE] O2: succión de la bomba bifásica bajo el peor caso de T_amb (riesgo de cavitación) (medido=308.688940554583, esperado=<= 303.033 K). Causa probable: subenfriamiento insuficiente a la sali",O2,,,,,0,False,
3000|764.638|583.15|300.033|0.7|1|0.85|0.75|0.8|0.75|0.8|303.55,539,96,20368,barridos_2026-09-19/b0_scan_cementera.csv,1,3000.0,764.6376026707513,583.15,300.032917,0.7,1.0,0.85,0.75,0.8,0.75,0.8,303.55,False,csv:P_alta; csv:P_baja; extra:T_fuente; extra:T_sumidero; csv:x_b; extra:m_b; csv:eta_t; csv:eta_p; csv:eps_hrvg; csv:eps_reg; csv:eps_cond,"bracket_sonda: T2_sonda=582.9 K > dew=451.0 K (sobrecalentado: sonda T1 del arranque del bracket pega el estado 2 fuera de campana) || equilibrio_liquido_vapor(P=3000.0 kPa, T=582.9499990214032 K): no",True,CORREGIBLE,0.097643,153.5766,361.4926,8,0,41,104.2,,"[CORREGIBLE] O2: succión de la bomba bifásica bajo el peor caso de T_amb (riesgo de cavitación) (medido=313.12300447697976, esperado=<= 303.033 K). Causa probable: subenfriamiento insuficiente a la sa",O2,,,,,0,False,
3500|157.885|583.15|300.033|0.35|1|0.85|0.75|0.5|0.75|0.8|303.55,541,89,22892,barridos_2026-09-19/b0_scan_cementera.csv,1,3500.0,157.88536139565775,583.15,300.032917,0.35,1.0,0.85,0.75,0.5,0.75,0.8,303.55,False,csv:P_alta; csv:P_baja; extra:T_fuente; extra:T_sumidero; csv:x_b; extra:m_b; csv:eta_t; csv:eta_p; csv:eps_hrvg; csv:eps_reg; csv:eps_cond,"bracket_sonda: T2_sonda=582.6 K > dew=491.7 K (sobrecalentado: sonda T1 del arranque del bracket pega el estado 2 fuera de campana) || equilibrio_liquido_vapor(P=3500.0 kPa, T=582.6498764241708 K): no",True,CORREGIBLE,0.177788,204.4256,398.2422,9,0,19,102.7,,"[CORREGIBLE] O1: título de vapor a la salida de la turbina bajo el umbral tecnológico usual (erosión de álabes) (medido=0.8636334606389822, esperado=>= 0.90). Causa probable: expansión hasta P_baja de","O1,O2",,,,,0,False,
3500|157.885|583.15|300.033|0.35|1|0.85|0.75|0.65|0.75|0.8|303.55,542,84,22476,barridos_2026-09-19/b0_scan_cementera.csv,1,3500.0,157.88536139565775,583.15,300.032917,0.35,1.0,0.85,0.75,0.65,0.75,0.8,303.55,False,csv:P_alta; csv:P_baja; extra:T_fuente; extra:T_sumidero; csv:x_b; extra:m_b; csv:eta_t; csv:eta_p; csv:eps_hrvg; csv:eps_reg; csv:eps_cond,"bracket_sonda: T2_sonda=582.8 K > dew=491.7 K (sobrecalentado: sonda T1 del arranque del bracket pega el estado 2 fuera de campana) || equilibrio_liquido_vapor(P=3500.0 kPa, T=582.7998876413816 K): no",True,CORREGIBLE,0.182777,273.5471,397.6632,8,0,20,99.6,,"[CORREGIBLE] O1: título de vapor a la salida de la turbina bajo el umbral tecnológico usual (erosión de álabes) (medido=0.8607940964038052, esperado=>= 0.90). Causa probable: expansión hasta P_baja de","O1,O2",,,,,0,False,
3500|157.885|583.15|300.033|0.35|1|0.85|0.75|0.9|0.75|0.8|303.55,544,89,27548,barridos_2026-09-19/b0_scan_cementera.csv,1,3500.0,157.88536139565775,583.15,300.032917,0.35,1.0,0.85,0.75,0.9,0.75,0.8,303.55,False,csv:P_alta; csv:P_baja; extra:T_fuente; extra:T_sumidero; csv:x_b; extra:m_b; csv:eta_t; csv:eta_p; csv:eps_hrvg; csv:eps_reg; csv:eps_cond,"bracket_sonda: T2_sonda=583.0 K > dew=491.7 K (sobrecalentado: sonda T1 del arranque del bracket pega el estado 2 fuera de campana) || equilibrio_liquido_vapor(P=3500.0 kPa, T=583.0499556132532 K): no",False,NO_CONVERGIO,,,,,,,79.1,sin cambio de signo,"CicloNoConvergeError: extremos [301.0329, 387.1500] K sin cambio de signo de F (F(lo)=100.37, F(hi)=35.823)",,,,,,,,
3500|157.885|583.15|300.033|0.35|1|0.85|0.75|0.8|0.75|0.8|303.55,543,92,26924,barridos_2026-09-19/b0_scan_cementera.csv,1,3500.0,157.88536139565775,583.15,300.032917,0.35,1.0,0.85,0.75,0.8,0.75,0.8,303.55,False,csv:P_alta; csv:P_baja; extra:T_fuente; extra:T_sumidero; csv:x_b; extra:m_b; csv:eta_t; csv:eta_p; csv:eps_hrvg; csv:eps_reg; csv:eps_cond,"bracket_sonda: T2_sonda=582.9 K > dew=491.7 K (sobrecalentado: sonda T1 del arranque del bracket pega el estado 2 fuera de campana) || equilibrio_liquido_vapor(P=3500.0 kPa, T=582.9499210455783 K): no",True,CORREGIBLE,0.186235,341.8047,399.3601,8,0,22,111.8,,"[CORREGIBLE] O1: título de vapor a la salida de la turbina bajo el umbral tecnológico usual (erosión de álabes) (medido=0.8587429798460035, esperado=>= 0.90). Causa probable: expansión hasta P_baja de","O1,O2",,,,,0,False,
3500|218.689|583.15|300.033|0.4|1|0.85|0.75|0.9|0.75|0.8|303.55,548,85,22476,barridos_2026-09-19/b0_scan_cementera.csv,1,3500.0,218.6892492858801,583.15,300.032917,0.4,1.0,0.85,0.75,0.9,0.75,0.8,303.55,False,csv:P_alta; csv:P_baja; extra:T_fuente; extra:T_sumidero; csv:x_b; extra:m_b; csv:eta_t; csv:eta_p; csv:eps_hrvg; csv:eps_reg; csv:eps_cond,"bracket_sonda: T2_sonda=583.0 K > dew=487.7 K (sobrecalentado: sonda T1 del arranque del bracket pega el estado 2 fuera de campana) || equilibrio_liquido_vapor(P=3500.0 kPa, T=583.0499622835222 K): no",False,NO_CONVERGIO,,,,,,,76.6,sin cambio de signo,"CicloNoConvergeError: extremos [301.0329, 362.1500] K sin cambio de signo de F (F(lo)=98.634, F(hi)=53.729)",,,,,,,,
3500|218.689|583.15|300.033|0.4|1|0.85|0.75|0.65|0.75|0.8|303.55,546,97,20368,barridos_2026-09-19/b0_scan_cementera.csv,1,3500.0,218.6892492858801,583.15,300.032917,0.4,1.0,0.85,0.75,0.65,0.75,0.8,303.55,False,csv:P_alta; csv:P_baja; extra:T_fuente; extra:T_sumidero; csv:x_b; extra:m_b; csv:eta_t; csv:eta_p; csv:eps_hrvg; csv:eps_reg; csv:eps_cond,"bracket_sonda: T2_sonda=582.8 K > dew=487.7 K (sobrecalentado: sonda T1 del arranque del bracket pega el estado 2 fuera de campana) || equilibrio_liquido_vapor(P=3500.0 kPa, T=582.7999045171467 K): no",True,CORREGIBLE,0.169196,249.8625,394.6965,8,0,21,98.0,,"[CORREGIBLE] O1: título de vapor a la salida de la turbina bajo el umbral tecnológico usual (erosión de álabes) (medido=0.871660949560555, esperado=>= 0.90). Causa probable: expansión hasta P_baja dej","O1,O2",,,,,0,False,
3500|218.689|583.15|300.033|0.4|1|0.85|0.75|0.8|0.75|0.8|303.55,547,90,22892,barridos_2026-09-19/b0_scan_cementera.csv,1,3500.0,218.6892492858801,583.15,300.032917,0.4,1.0,0.85,0.75,0.8,0.75,0.8,303.55,False,csv:P_alta; csv:P_baja; extra:T_fuente; extra:T_sumidero; csv:x_b; extra:m_b; csv:eta_t; csv:eta_p; csv:eps_hrvg; csv:eps_reg; csv:eps_cond,"bracket_sonda: T2_sonda=582.9 K > dew=487.7 K (sobrecalentado: sonda T1 del arranque del bracket pega el estado 2 fuera de campana) || equilibrio_liquido_vapor(P=3500.0 kPa, T=582.9499329079966 K): no",True,CORREGIBLE,0.171209,309.4615,397.2254,8,0,24,112.8,,"[CORREGIBLE] O1: título de vapor a la salida de la turbina bajo el umbral tecnológico usual (erosión de álabes) (medido=0.8694342061019209, esperado=>= 0.90). Causa probable: expansión hasta P_baja de","O1,O2",,,,,0,False,
3500|293.413|583.15|300.033|0.45|1|0.85|0.75|0.5|0.75|0.8|303.55,549,90,27548,barridos_2026-09-19/b0_scan_cementera.csv,1,3500.0,293.41308192387106,583.15,300.032917,0.45,1.0,0.85,0.75,0.5,0.75,0.8,303.55,False,csv:P_alta; csv:P_baja; extra:T_fuente; extra:T_sumidero; csv:x_b; extra:m_b; csv:eta_t; csv:eta_p; csv:eps_hrvg; csv:eps_reg; csv:eps_cond,"bracket_sonda: T2_sonda=582.6 K > dew=483.5 K (sobrecalentado: sonda T1 del arranque del bracket pega el estado 2 fuera de campana) || equilibrio_liquido_vapor(P=3500.0 kPa, T=582.6499123118491 K): no",True,CORREGIBLE,0.154962,173.9695,389.9238,8,0,21,93.7,,"[CORREGIBLE] O1: título de vapor a la salida de la turbina bajo el umbral tecnológico usual (erosión de álabes) (medido=0.8852757637267274, esperado=>= 0.90). Causa probable: expansión hasta P_baja de","O1,O2",,,,,0,False,
3500|293.413|583.15|300.033|0.45|1|0.85|0.75|0.9|0.75|0.8|303.55,552,98,20368,barridos_2026-09-19/b0_scan_cementera.csv,1,3500.0,293.41308192387106,583.15,300.032917,0.45,1.0,0.85,0.75,0.9,0.75,0.8,303.55,False,csv:P_alta; csv:P_baja; extra:T_fuente; extra:T_sumidero; csv:x_b; extra:m_b; csv:eta_t; csv:eta_p; csv:eps_hrvg; csv:eps_reg; csv:eps_cond,"bracket_sonda: T2_sonda=583.0 K > dew=483.5 K (sobrecalentado: sonda T1 del arranque del bracket pega el estado 2 fuera de campana) || equilibrio_liquido_vapor(P=3500.0 kPa, T=583.049968514565 K): no ",False,NO_CONVERGIO,,,,,,,77.3,sin cambio de signo,"CicloNoConvergeError: extremos [301.0329, 332.1500] K sin cambio de signo de F (F(lo)=102.76, F(hi)=74.61)",,,,,,,,
3500|293.413|583.15|300.033|0.45|1|0.85|0.75|0.65|0.75|0.8|303.55,550,93,26924,barridos_2026-09-19/b0_scan_cementera.csv,1,3500.0,293.41308192387106,583.15,300.032917,0.45,1.0,0.85,0.75,0.65,0.75,0.8,303.55,False,csv:P_alta; csv:P_baja; extra:T_fuente; extra:T_sumidero; csv:x_b; extra:m_b; csv:eta_t; csv:eta_p; csv:eps_hrvg; csv:eps_reg; csv:eps_cond,"bracket_sonda: T2_sonda=582.8 K > dew=483.5 K (sobrecalentado: sonda T1 del arranque del bracket pega el estado 2 fuera de campana) || equilibrio_liquido_vapor(P=3500.0 kPa, T=582.7999202818456 K): no",True,CORREGIBLE,0.156404,227.3948,391.6271,9,0,22,106.0,,"[CORREGIBLE] O1: título de vapor a la salida de la turbina bajo el umbral tecnológico usual (erosión de álabes) (medido=0.8820177622624416, esperado=>= 0.90). Causa probable: expansión hasta P_baja de","O1,O2",,,,,0,False,
3500|293.413|583.15|300.033|0.45|1|0.85|0.75|0.8|0.75|0.8|303.55,551,86,22476,barridos_2026-09-19/b0_scan_cementera.csv,1,3500.0,293.41308192387106,583.15,300.032917,0.45,1.0,0.85,0.75,0.8,0.75,0.8,303.55,False,csv:P_alta; csv:P_baja; extra:T_fuente; extra:T_sumidero; csv:x_b; extra:m_b; csv:eta_t; csv:eta_p; csv:eps_hrvg; csv:eps_reg; csv:eps_cond,"bracket_sonda: T2_sonda=582.9 K > dew=483.5 K (sobrecalentado: sonda T1 del arranque del bracket pega el estado 2 fuera de campana) || equilibrio_liquido_vapor(P=3500.0 kPa, T=582.9499439893389 K): no",True,CORREGIBLE,0.157038,278.9136,394.9325,9,0,25,107.3,,"[CORREGIBLE] O1: título de vapor a la salida de la turbina bajo el umbral tecnológico usual (erosión de álabes) (medido=0.8796523069832165, esperado=>= 0.90). Causa probable: expansión hasta P_baja de","O1,O2",,,,,0,False,
3500|380.465|583.15|300.033|0.5|1|0.85|0.75|0.5|0.75|0.8|303.55,553,91,22892,barridos_2026-09-19/b0_scan_cementera.csv,1,3500.0,380.4651667449188,583.15,300.032917,0.5,1.0,0.85,0.75,0.5,0.75,0.8,303.55,False,csv:P_alta; csv:P_baja; extra:T_fuente; extra:T_sumidero; csv:x_b; extra:m_b; csv:eta_t; csv:eta_p; csv:eps_hrvg; csv:eps_reg; csv:eps_cond,"bracket_sonda: T2_sonda=582.6 K > dew=479.0 K (sobrecalentado: sonda T1 del arranque del bracket pega el estado 2 fuera de campana) || equilibrio_liquido_vapor(P=3500.0 kPa, T=582.6499285260971 K): no",True,CORREGIBLE,0.144835,160.1066,385.706,8,0,22,95.8,,"[CORREGIBLE] O1: título de vapor a la salida de la turbina bajo el umbral tecnológico usual (erosión de álabes) (medido=0.895118147440247, esperado=>= 0.90). Causa probable: expansión hasta P_baja dej","O1,O2",,,,,0,False,
3500|380.465|583.15|300.033|0.5|1|0.85|0.75|0.65|0.75|0.8|303.55,554,91,27548,barridos_2026-09-19/b0_scan_cementera.csv,1,3500.0,380.4651667449188,583.15,300.032917,0.5,1.0,0.85,0.75,0.65,0.75,0.8,303.55,False,csv:P_alta; csv:P_baja; extra:T_fuente; extra:T_sumidero; csv:x_b; extra:m_b; csv:eta_t; csv:eta_p; csv:eps_hrvg; csv:eps_reg; csv:eps_cond,"bracket_sonda: T2_sonda=582.8 K > dew=479.0 K (sobrecalentado: sonda T1 del arranque del bracket pega el estado 2 fuera de campana) || equilibrio_liquido_vapor(P=3500.0 kPa, T=582.7999350288503 K): no",True,CORREGIBLE,0.144703,206.6272,388.4737,9,0,23,110.7,,"[CORREGIBLE] O1: título de vapor a la salida de la turbina bajo el umbral tecnológico usual (erosión de álabes) (medido=0.8917000905449338, esperado=>= 0.90). Causa probable: expansión hasta P_baja de","O1,O2",,,,,0,False,
3500|380.465|583.15|300.033|0.5|1|0.85|0.75|0.9|0.75|0.8|303.55,556,94,26924,barridos_2026-09-19/b0_scan_cementera.csv,1,3500.0,380.4651667449188,583.15,300.032917,0.5,1.0,0.85,0.75,0.9,0.75,0.8,303.55,False,csv:P_alta; csv:P_baja; extra:T_fuente; extra:T_sumidero; csv:x_b; extra:m_b; csv:eta_t; csv:eta_p; csv:eps_hrvg; csv:eps_reg; csv:eps_cond,"lado_frio(P_baja=380.5 kPa, estado fuera del dominio/cobertura del motor teqp — sin relacion con la campana de la sonda || T_from_Ph(P, h, x): el motor teqp no cubre el estado pedido (ver TASK_CONTEXT",False,NO_CONVERGIO,,,,,,,78.8,sin extremos evaluables,"CicloNoConvergeError: sin dos extremos evaluables en el rango físico de T1 (repliegues_lo=56, repliegues_hi=0, paso=5.0 K)",,,,,,,,
3500|380.465|583.15|300.033|0.5|1|0.85|0.75|0.8|0.75|0.8|303.55,555,99,20368,barridos_2026-09-19/b0_scan_cementera.csv,1,3500.0,380.4651667449188,583.15,300.032917,0.5,1.0,0.85,0.75,0.8,0.75,0.8,303.55,False,csv:P_alta; csv:P_baja; extra:T_fuente; extra:T_sumidero; csv:x_b; extra:m_b; csv:eta_t; csv:eta_p; csv:eps_hrvg; csv:eps_reg; csv:eps_cond,"bracket_sonda: T2_sonda=582.9 K > dew=479.0 K (sobrecalentado: sonda T1 del arranque del bracket pega el estado 2 fuera de campana) || equilibrio_liquido_vapor(P=3500.0 kPa, T=582.9499543552746 K): no",True,CORREGIBLE,0.144038,250.771,392.5004,9,0,27,111.6,,"[CORREGIBLE] O1: título de vapor a la salida de la turbina bajo el umbral tecnológico usual (erosión de álabes) (medido=0.8892287541710958, esperado=>= 0.90). Causa probable: expansión hasta P_baja de","O1,O2",,,,,0,False,
3500|476.253|583.15|300.033|0.55|1|0.85|0.75|0.5|0.75|0.8|303.55,557,87,22476,barridos_2026-09-19/b0_scan_cementera.csv,1,3500.0,476.2531387660478,583.15,300.032917,0.55,1.0,0.85,0.75,0.5,0.75,0.8,303.55,False,csv:P_alta; csv:P_baja; extra:T_fuente; extra:T_sumidero; csv:x_b; extra:m_b; csv:eta_t; csv:eta_p; csv:eps_hrvg; csv:eps_reg; csv:eps_cond,"bracket_sonda: T2_sonda=582.6 K > dew=474.2 K (sobrecalentado: sonda T1 del arranque del bracket pega el estado 2 fuera de campana) || equilibrio_liquido_vapor(P=3500.0 kPa, T=582.6499437044089 K): no",True,CORREGIBLE,0.135927,147.5895,381.4575,10,0,23,103.3,,"[CORREGIBLE] O2: succión de la bomba bifásica bajo el peor caso de T_amb (riesgo de cavitación) (medido=313.360219477668, esperado=<= 303.033 K). Causa probable: subenfriamiento insuficiente a la sali",O2,,,,,0,False,
3500|476.253|583.15|300.033|0.55|1|0.85|0.75|0.65|0.75|0.8|303.55,558,92,22892,barridos_2026-09-19/b0_scan_cementera.csv,1,3500.0,476.2531387660478,583.15,300.032917,0.55,1.0,0.85,0.75,0.65,0.75,0.8,303.55,False,csv:P_alta; csv:P_baja; extra:T_fuente; extra:T_sumidero; csv:x_b; extra:m_b; csv:eta_t; csv:eta_p; csv:eps_hrvg; csv:eps_reg; csv:eps_cond,"bracket_sonda: T2_sonda=582.8 K > dew=474.2 K (sobrecalentado: sonda T1 del arranque del bracket pega el estado 2 fuera de campana) || equilibrio_liquido_vapor(P=3500.0 kPa, T=582.7999488336169 K): no",True,CORREGIBLE,0.134388,188.0005,385.2354,10,0,25,116.1,,"[CORREGIBLE] O2: succión de la bomba bifásica bajo el peor caso de T_amb (riesgo de cavitación) (medido=316.964294889638, esperado=<= 303.033 K). Causa probable: subenfriamiento insuficiente a la sali",O2,,,,,0,False,
3500|476.253|583.15|300.033|0.55|1|0.85|0.75|0.9|0.75|0.8|303.55,560,95,26924,barridos_2026-09-19/b0_scan_cementera.csv,1,3500.0,476.2531387660478,583.15,300.032917,0.55,1.0,0.85,0.75,0.9,0.75,0.8,303.55,False,csv:P_alta; csv:P_baja; extra:T_fuente; extra:T_sumidero; csv:x_b; extra:m_b; csv:eta_t; csv:eta_p; csv:eps_hrvg; csv:eps_reg; csv:eps_cond,"lado_frio(P_baja=476.3 kPa, estado fuera del dominio/cobertura del motor teqp — sin relacion con la campana de la sonda || T_from_Ph(P, h, x): el motor teqp no cubre el estado pedido (ver TASK_CONTEXT",False,NO_CONVERGIO,,,,,,,76.4,sin extremos evaluables,"CicloNoConvergeError: sin dos extremos evaluables en el rango físico de T1 (repliegues_lo=56, repliegues_hi=0, paso=5.0 K)",,,,,,,,
3500|476.253|583.15|300.033|0.55|1|0.85|0.75|0.8|0.75|0.8|303.55,559,92,27548,barridos_2026-09-19/b0_scan_cementera.csv,1,3500.0,476.2531387660478,583.15,300.032917,0.55,1.0,0.85,0.75,0.8,0.75,0.8,303.55,False,csv:P_alta; csv:P_baja; extra:T_fuente; extra:T_sumidero; csv:x_b; extra:m_b; csv:eta_t; csv:eta_p; csv:eps_hrvg; csv:eps_reg; csv:eps_cond,"bracket_sonda: T2_sonda=582.9 K > dew=474.2 K (sobrecalentado: sonda T1 del arranque del bracket pega el estado 2 fuera de campana) || equilibrio_liquido_vapor(P=3500.0 kPa, T=582.9499640588756 K): no",True,CORREGIBLE,0.132525,225.5945,386.5157,8,0,30,103.8,,"[CORREGIBLE] O1: título de vapor a la salida de la turbina bajo el umbral tecnológico usual (erosión de álabes) (medido=0.8980103006810379, esperado=>= 0.90). Causa probable: expansión hasta P_baja de","O1,O2",,,,,0,False,
3500|575.702|583.15|300.033|0.6|1|0.85|0.75|0.5|0.75|0.8|303.55,561,100,20368,barridos_2026-09-19/b0_scan_cementera.csv,1,3500.0,575.7018172219059,583.15,300.032917,0.6,1.0,0.85,0.75,0.5,0.75,0.8,303.55,False,csv:P_alta; csv:P_baja; extra:T_fuente; extra:T_sumidero; csv:x_b; extra:m_b; csv:eta_t; csv:eta_p; csv:eps_hrvg; csv:eps_reg; csv:eps_cond,"bracket_sonda: T2_sonda=582.6 K > dew=469.1 K (sobrecalentado: sonda T1 del arranque del bracket pega el estado 2 fuera de campana) || equilibrio_liquido_vapor(P=3500.0 kPa, T=582.6499579154371 K): no",True,CORREGIBLE,0.128457,136.6601,377.1655,12,0,24,124.8,,"[CORREGIBLE] O2: succión de la bomba bifásica bajo el peor caso de T_amb (riesgo de cavitación) (medido=311.82722905434053, esperado=<= 303.033 K). Causa probable: subenfriamiento insuficiente a la sa",O2,,,,,0,False,
3500|575.702|583.15|300.033|0.6|1|0.85|0.75|0.65|0.75|0.8|303.55,562,88,22476,barridos_2026-09-19/b0_scan_cementera.csv,1,3500.0,575.7018172219059,583.15,300.032917,0.6,1.0,0.85,0.75,0.65,0.75,0.8,303.55,False,csv:P_alta; csv:P_baja; extra:T_fuente; extra:T_sumidero; csv:x_b; extra:m_b; csv:eta_t; csv:eta_p; csv:eps_hrvg; csv:eps_reg; csv:eps_cond,"bracket_sonda: T2_sonda=582.8 K > dew=469.1 K (sobrecalentado: sonda T1 del arranque del bracket pega el estado 2 fuera de campana) || equilibrio_liquido_vapor(P=3500.0 kPa, T=582.7999617586163 K): no",True,CORREGIBLE,0.125709,171.8541,378.6126,8,0,26,113.9,,"[CORREGIBLE] O2: succión de la bomba bifásica bajo el peor caso de T_amb (riesgo de cavitación) (medido=314.98299809648046, esperado=<= 303.033 K). Causa probable: subenfriamiento insuficiente a la sa",O2,,,,,0,False,
3500|575.702|583.15|300.033|0.6|1|0.85|0.75|0.8|0.75|0.8|303.55,563,93,22892,barridos_2026-09-19/b0_scan_cementera.csv,1,3500.0,575.7018172219059,583.15,300.032917,0.6,1.0,0.85,0.75,0.8,0.75,0.8,303.55,False,csv:P_alta; csv:P_baja; extra:T_fuente; extra:T_sumidero; csv:x_b; extra:m_b; csv:eta_t; csv:eta_p; csv:eps_hrvg; csv:eps_reg; csv:eps_cond,"bracket_sonda: T2_sonda=582.9 K > dew=469.1 K (sobrecalentado: sonda T1 del arranque del bracket pega el estado 2 fuera de campana) || equilibrio_liquido_vapor(P=3500.0 kPa, T=582.9499731440801 K): no",True,CORREGIBLE,0.122864,203.9504,379.8687,8,0,32,92.7,,"[CORREGIBLE] O2: succión de la bomba bifásica bajo el peor caso de T_amb (riesgo de cavitación) (medido=318.3926317936272, esperado=<= 303.033 K). Causa probable: subenfriamiento insuficiente a la sal",O2,,,,,0,False,
3500|673.345|583.15|300.033|0.65|1|0.85|0.75|0.5|0.75|0.8|303.55,565,93,27548,barridos_2026-09-19/b0_scan_cementera.csv,1,3500.0,673.3448664612341,583.15,300.032917,0.65,1.0,0.85,0.75,0.5,0.75,0.8,303.55,False,csv:P_alta; csv:P_baja; extra:T_fuente; extra:T_sumidero; csv:x_b; extra:m_b; csv:eta_t; csv:eta_p; csv:eps_hrvg; csv:eps_reg; csv:eps_cond,"bracket_sonda: T2_sonda=582.6 K > dew=463.5 K (sobrecalentado: sonda T1 del arranque del bracket pega el estado 2 fuera de campana) || equilibrio_liquido_vapor(P=3500.0 kPa, T=582.6499712174704 K): no",True,CORREGIBLE,0.122556,127.4333,371.4831,7,0,26,84.9,,"[CORREGIBLE] O2: succión de la bomba bifásica bajo el peor caso de T_amb (riesgo de cavitación) (medido=310.17648896649524, esperado=<= 303.033 K). Causa probable: subenfriamiento insuficiente a la sa",O2,,,,,0,False,
3500|575.702|583.15|300.033|0.6|1|0.85|0.75|0.9|0.75|0.8|303.55,564,96,26924,barridos_2026-09-19/b0_scan_cementera.csv,1,3500.0,575.7018172219059,583.15,300.032917,0.6,1.0,0.85,0.75,0.9,0.75,0.8,303.55,False,csv:P_alta; csv:P_baja; extra:T_fuente; extra:T_sumidero; csv:x_b; extra:m_b; csv:eta_t; csv:eta_p; csv:eps_hrvg; csv:eps_reg; csv:eps_cond,"lado_frio(P_baja=575.7 kPa, T=295.4 K, estado fuera del dominio/cobertura del motor teqp — sin relacion con la campana de la sonda || T_from_Ph(P, h, x): el motor teqp no cubre el estado pedido (ver T",False,NO_CONVERGIO,,,,,,,104.9,sin extremos evaluables,"CicloNoConvergeError: sin dos extremos evaluables en el rango físico de T1 (repliegues_lo=56, repliegues_hi=0, paso=5.0 K)",,,,,,,,
3500|673.345|583.15|300.033|0.65|1|0.85|0.75|0.8|0.75|0.8|303.55,567,89,22476,barridos_2026-09-19/b0_scan_cementera.csv,1,3500.0,673.3448664612341,583.15,300.032917,0.65,1.0,0.85,0.75,0.8,0.75,0.8,303.55,False,csv:P_alta; csv:P_baja; extra:T_fuente; extra:T_sumidero; csv:x_b; extra:m_b; csv:eta_t; csv:eta_p; csv:eps_hrvg; csv:eps_reg; csv:eps_cond,"bracket_sonda: T2_sonda=582.9 K > dew=463.5 K (sobrecalentado: sonda T1 del arranque del bracket pega el estado 2 fuera de campana) || equilibrio_liquido_vapor(P=3500.0 kPa, T=582.9499816481906 K): no",True,CORREGIBLE,0.115267,186.193,373.6851,8,0,35,105.2,,"[CORREGIBLE] O2: succión de la bomba bifásica bajo el peor caso de T_amb (riesgo de cavitación) (medido=315.69197286108096, esperado=<= 303.033 K). Causa probable: subenfriamiento insuficiente a la sa",O2,,,,,0,False,
3500|673.345|583.15|300.033|0.65|1|0.85|0.75|0.9|0.75|0.8|303.55,568,94,22892,barridos_2026-09-19/b0_scan_cementera.csv,1,3500.0,673.3448664612341,583.15,300.032917,0.65,1.0,0.85,0.75,0.9,0.75,0.8,303.55,False,csv:P_alta; csv:P_baja; extra:T_fuente; extra:T_sumidero; csv:x_b; extra:m_b; csv:eta_t; csv:eta_p; csv:eps_hrvg; csv:eps_reg; csv:eps_cond,"lado_frio(P_baja=673.3 kPa, estado fuera del dominio/cobertura del motor teqp — sin relacion con la campana de la sonda || T_from_Ph(P, h, x): el motor teqp no cubre el estado pedido (ver TASK_CONTEXT",False,NO_CONVERGIO,,,,,,,100.1,sin extremos evaluables,"CicloNoConvergeError: sin dos extremos evaluables en el rango físico de T1 (repliegues_lo=56, repliegues_hi=0, paso=5.0 K)",,,,,,,,
3500|673.345|583.15|300.033|0.65|1|0.85|0.75|0.65|0.75|0.8|303.55,566,101,20368,barridos_2026-09-19/b0_scan_cementera.csv,1,3500.0,673.3448664612341,583.15,300.032917,0.65,1.0,0.85,0.75,0.65,0.75,0.8,303.55,False,csv:P_alta; csv:P_baja; extra:T_fuente; extra:T_sumidero; csv:x_b; extra:m_b; csv:eta_t; csv:eta_p; csv:eps_hrvg; csv:eps_reg; csv:eps_cond,"bracket_sonda: T2_sonda=582.8 K > dew=463.5 K (sobrecalentado: sonda T1 del arranque del bracket pega el estado 2 fuera de campana) || equilibrio_liquido_vapor(P=3500.0 kPa, T=582.7999738568861 K): no",True,CORREGIBLE,0.118844,158.3751,372.5209,8,0,28,118.8,,"[CORREGIBLE] O2: succión de la bomba bifásica bajo el peor caso de T_amb (riesgo de cavitación) (medido=312.796838237161, esperado=<= 303.033 K). Causa probable: subenfriamiento insuficiente a la sali",O2,,,,,0,False,
3500|764.638|583.15|300.033|0.7|1|0.85|0.75|0.5|0.75|0.8|303.55,569,94,27548,barridos_2026-09-19/b0_scan_cementera.csv,1,3500.0,764.6376026707513,583.15,300.032917,0.7,1.0,0.85,0.75,0.5,0.75,0.8,303.55,False,csv:P_alta; csv:P_baja; extra:T_fuente; extra:T_sumidero; csv:x_b; extra:m_b; csv:eta_t; csv:eta_p; csv:eps_hrvg; csv:eps_reg; csv:eps_cond,"bracket_sonda: T2_sonda=582.6 K > dew=457.4 K (sobrecalentado: sonda T1 del arranque del bracket pega el estado 2 fuera de campana) || equilibrio_liquido_vapor(P=3500.0 kPa, T=582.649983661207 K): no ",True,CORREGIBLE,0.118205,119.8431,366.1232,8,0,27,105.9,,"[CORREGIBLE] O2: succión de la bomba bifásica bajo el peor caso de T_amb (riesgo de cavitación) (medido=308.54922087917805, esperado=<= 303.033 K). Causa probable: subenfriamiento insuficiente a la sa",O2,,,,,0,False,
3500|764.638|583.15|300.033|0.7|1|0.85|0.75|0.65|0.75|0.8|303.55,570,97,26924,barridos_2026-09-19/b0_scan_cementera.csv,1,3500.0,764.6376026707513,583.15,300.032917,0.7,1.0,0.85,0.75,0.65,0.75,0.8,303.55,False,csv:P_alta; csv:P_baja; extra:T_fuente; extra:T_sumidero; csv:x_b; extra:m_b; csv:eta_t; csv:eta_p; csv:eps_hrvg; csv:eps_reg; csv:eps_cond,"bracket_sonda: T2_sonda=582.8 K > dew=457.4 K (sobrecalentado: sonda T1 del arranque del bracket pega el estado 2 fuera de campana) || equilibrio_liquido_vapor(P=3500.0 kPa, T=582.7999851745518 K): no",True,CORREGIBLE,0.113854,147.5488,367.0689,8,0,30,125.3,,"[CORREGIBLE] O2: succión de la bomba bifásica bajo el peor caso de T_amb (riesgo de cavitación) (medido=310.5878361291464, esperado=<= 303.033 K). Causa probable: subenfriamiento insuficiente a la sal",O2,,,,,0,False,
3500|764.638|583.15|300.033|0.7|1|0.85|0.75|0.9|0.75|0.8|303.55,572,95,22892,barridos_2026-09-19/b0_scan_cementera.csv,1,3500.0,764.6376026707513,583.15,300.032917,0.7,1.0,0.85,0.75,0.9,0.75,0.8,303.55,False,csv:P_alta; csv:P_baja; extra:T_fuente; extra:T_sumidero; csv:x_b; extra:m_b; csv:eta_t; csv:eta_p; csv:eps_hrvg; csv:eps_reg; csv:eps_cond,"lado_frio(P_baja=764.6 kPa, estado fuera del dominio/cobertura del motor teqp — sin relacion con la campana de la sonda || T_from_Ph(P, h, x): el motor teqp no cubre el estado pedido (ver TASK_CONTEXT",False,NO_CONVERGIO,,,,,,,79.5,sin extremos evaluables,"CicloNoConvergeError: sin dos extremos evaluables en el rango físico de T1 (repliegues_lo=56, repliegues_hi=0, paso=5.0 K)",,,,,,,,
4000|157.885|583.15|300.033|0.35|1|0.85|0.75|0.5|0.75|0.8|303.55,573,102,20368,barridos_2026-09-19/b0_scan_cementera.csv,1,4000.0,157.88536139565775,583.15,300.032917,0.35,1.0,0.85,0.75,0.5,0.75,0.8,303.55,False,csv:P_alta; csv:P_baja; extra:T_fuente; extra:T_sumidero; csv:x_b; extra:m_b; csv:eta_t; csv:eta_p; csv:eps_hrvg; csv:eps_reg; csv:eps_cond,"bracket_sonda: T2_sonda=582.6 K > dew=498.6 K (sobrecalentado: sonda T1 del arranque del bracket pega el estado 2 fuera de campana) || equilibrio_liquido_vapor(P=4000.0 kPa, T=582.6498419051522 K): no",True,CORREGIBLE,0.183391,208.5789,400.9637,9,0,18,104.3,,"[CORREGIBLE] O1: título de vapor a la salida de la turbina bajo el umbral tecnológico usual (erosión de álabes) (medido=0.8564500948983147, esperado=>= 0.90). Causa probable: expansión hasta P_baja de","O1,O2",,,,,0,False,
3500|764.638|583.15|300.033|0.7|1|0.85|0.75|0.8|0.75|0.8|303.55,571,90,22476,barridos_2026-09-19/b0_scan_cementera.csv,1,3500.0,764.6376026707513,583.15,300.032917,0.7,1.0,0.85,0.75,0.8,0.75,0.8,303.55,False,csv:P_alta; csv:P_baja; extra:T_fuente; extra:T_sumidero; csv:x_b; extra:m_b; csv:eta_t; csv:eta_p; csv:eps_hrvg; csv:eps_reg; csv:eps_cond,"bracket_sonda: T2_sonda=582.9 K > dew=457.4 K (sobrecalentado: sonda T1 del arranque del bracket pega el estado 2 fuera de campana) || equilibrio_liquido_vapor(P=3500.0 kPa, T=582.9499896036444 K): no",True,CORREGIBLE,0.109742,172.144,368.0588,8,0,39,140.2,,"[CORREGIBLE] O2: succión de la bomba bifásica bajo el peor caso de T_amb (riesgo de cavitación) (medido=312.8940434798463, esperado=<= 303.033 K). Causa probable: subenfriamiento insuficiente a la sal",O2,,,,,7,False,
4000|157.885|583.15|300.033|0.35|1|0.85|0.75|0.65|0.75|0.8|303.55,574,95,27548,barridos_2026-09-19/b0_scan_cementera.csv,1,4000.0,157.88536139565775,583.15,300.032917,0.35,1.0,0.85,0.75,0.65,0.75,0.8,303.55,False,csv:P_alta; csv:P_baja; extra:T_fuente; extra:T_sumidero; csv:x_b; extra:m_b; csv:eta_t; csv:eta_p; csv:eps_hrvg; csv:eps_reg; csv:eps_cond,"bracket_sonda: T2_sonda=582.8 K > dew=498.6 K (sobrecalentado: sonda T1 del arranque del bracket pega el estado 2 fuera de campana) || equilibrio_liquido_vapor(P=4000.0 kPa, T=582.7998562448414 K): no",True,CORREGIBLE,0.189529,281.3837,399.0469,10,0,18,126.1,,"[CORREGIBLE] O1: título de vapor a la salida de la turbina bajo el umbral tecnológico usual (erosión de álabes) (medido=0.8534660968633111, esperado=>= 0.90). Causa probable: expansión hasta P_baja de","O1,O2",,,,,0,False,
4000|157.885|583.15|300.033|0.35|1|0.85|0.75|0.8|0.75|0.8|303.55,575,98,26924,barridos_2026-09-19/b0_scan_cementera.csv,1,4000.0,157.88536139565775,583.15,300.032917,0.35,1.0,0.85,0.75,0.8,0.75,0.8,303.55,False,csv:P_alta; csv:P_baja; extra:T_fuente; extra:T_sumidero; csv:x_b; extra:m_b; csv:eta_t; csv:eta_p; csv:eps_hrvg; csv:eps_reg; csv:eps_cond,"bracket_sonda: T2_sonda=582.9 K > dew=498.6 K (sobrecalentado: sonda T1 del arranque del bracket pega el estado 2 fuera de campana) || equilibrio_liquido_vapor(P=4000.0 kPa, T=582.9498989671126 K): no",True,CORREGIBLE,0.193771,353.8749,399.304,9,0,20,119.1,,"[CORREGIBLE] O1: título de vapor a la salida de la turbina bajo el umbral tecnológico usual (erosión de álabes) (medido=0.8512851652291104, esperado=>= 0.90). Causa probable: expansión hasta P_baja de","O1,O2",,,,,0,False,
4000|157.885|583.15|300.033|0.35|1|0.85|0.75|0.9|0.75|0.8|303.55,576,96,22892,barridos_2026-09-19/b0_scan_cementera.csv,1,4000.0,157.88536139565775,583.15,300.032917,0.35,1.0,0.85,0.75,0.9,0.75,0.8,303.55,False,csv:P_alta; csv:P_baja; extra:T_fuente; extra:T_sumidero; csv:x_b; extra:m_b; csv:eta_t; csv:eta_p; csv:eps_hrvg; csv:eps_reg; csv:eps_cond,"bracket_sonda: T2_sonda=583.0 K > dew=498.6 K (sobrecalentado: sonda T1 del arranque del bracket pega el estado 2 fuera de campana) || equilibrio_liquido_vapor(P=4000.0 kPa, T=583.0499431839448 K): no",False,NO_CONVERGIO,,,,,,,86.6,sin cambio de signo,"CicloNoConvergeError: extremos [301.0329, 407.1500] K sin cambio de signo de F (F(lo)=99.543, F(hi)=10.85)",,,,,,,,
4000|218.689|583.15|300.033|0.4|1|0.85|0.75|0.5|0.75|0.8|303.55,577,103,20368,barridos_2026-09-19/b0_scan_cementera.csv,1,4000.0,218.6892492858801,583.15,300.032917,0.4,1.0,0.85,0.75,0.5,0.75,0.8,303.55,False,csv:P_alta; csv:P_baja; extra:T_fuente; extra:T_sumidero; csv:x_b; extra:m_b; csv:eta_t; csv:eta_p; csv:eps_hrvg; csv:eps_reg; csv:eps_cond,"bracket_sonda: T2_sonda=582.6 K > dew=494.4 K (sobrecalentado: sonda T1 del arranque del bracket pega el estado 2 fuera de campana) || equilibrio_liquido_vapor(P=4000.0 kPa, T=582.6498639997957 K): no",True,CORREGIBLE,0.172256,193.9061,396.6047,9,0,19,99.5,,"[CORREGIBLE] O1: título de vapor a la salida de la turbina bajo el umbral tecnológico usual (erosión de álabes) (medido=0.8674154857865453, esperado=>= 0.90). Causa probable: expansión hasta P_baja de","O1,O2",,,,,0,False,
4000|218.689|583.15|300.033|0.4|1|0.85|0.75|0.9|0.75|0.8|303.55,580,99,26924,barridos_2026-09-19/b0_scan_cementera.csv,1,4000.0,218.6892492858801,583.15,300.032917,0.4,1.0,0.85,0.75,0.9,0.75,0.8,303.55,False,csv:P_alta; csv:P_baja; extra:T_fuente; extra:T_sumidero; csv:x_b; extra:m_b; csv:eta_t; csv:eta_p; csv:eps_hrvg; csv:eps_reg; csv:eps_cond,"bracket_sonda: T2_sonda=583.0 K > dew=494.4 K (sobrecalentado: sonda T1 del arranque del bracket pega el estado 2 fuera de campana) || equilibrio_liquido_vapor(P=4000.0 kPa, T=583.0499510987776 K): no",False,NO_CONVERGIO,,,,,,,66.8,sin cambio de signo,"CicloNoConvergeError: extremos [301.0329, 387.1500] K sin cambio de signo de F (F(lo)=97.654, F(hi)=29.292)",,,,,,,,
4000|218.689|583.15|300.033|0.4|1|0.85|0.75|0.65|0.75|0.8|303.55,578,91,22476,barridos_2026-09-19/b0_scan_cementera.csv,1,4000.0,218.6892492858801,583.15,300.032917,0.4,1.0,0.85,0.75,0.65,0.75,0.8,303.55,False,csv:P_alta; csv:P_baja; extra:T_fuente; extra:T_sumidero; csv:x_b; extra:m_b; csv:eta_t; csv:eta_p; csv:eps_hrvg; csv:eps_reg; csv:eps_cond,"bracket_sonda: T2_sonda=582.8 K > dew=494.4 K (sobrecalentado: sonda T1 del arranque del bracket pega el estado 2 fuera de campana) || equilibrio_liquido_vapor(P=4000.0 kPa, T=582.7998763382648 K): no",True,CORREGIBLE,0.176486,258.6654,395.9068,9,0,19,97.7,,"[CORREGIBLE] O1: título de vapor a la salida de la turbina bajo el umbral tecnológico usual (erosión de álabes) (medido=0.864175033686869, esperado=>= 0.90). Causa probable: expansión hasta P_baja dej","O1,O2",,,,,0,False,
4000|218.689|583.15|300.033|0.4|1|0.85|0.75|0.8|0.75|0.8|303.55,579,96,27548,barridos_2026-09-19/b0_scan_cementera.csv,1,4000.0,218.6892492858801,583.15,300.032917,0.4,1.0,0.85,0.75,0.8,0.75,0.8,303.55,False,csv:P_alta; csv:P_baja; extra:T_fuente; extra:T_sumidero; csv:x_b; extra:m_b; csv:eta_t; csv:eta_p; csv:eps_hrvg; csv:eps_reg; csv:eps_cond,"bracket_sonda: T2_sonda=582.9 K > dew=494.4 K (sobrecalentado: sonda T1 del arranque del bracket pega el estado 2 fuera de campana) || equilibrio_liquido_vapor(P=4000.0 kPa, T=582.9499130785033 K): no",True,CORREGIBLE,0.179232,322.4857,397.0651,8,0,22,114.8,,"[CORREGIBLE] O1: título de vapor a la salida de la turbina bajo el umbral tecnológico usual (erosión de álabes) (medido=0.8617971275713991, esperado=>= 0.90). Causa probable: expansión hasta P_baja de","O1,O2",,,,,0,False,
4000|293.413|583.15|300.033|0.45|1|0.85|0.75|0.5|0.75|0.8|303.55,581,97,22892,barridos_2026-09-19/b0_scan_cementera.csv,1,4000.0,293.41308192387106,583.15,300.032917,0.45,1.0,0.85,0.75,0.5,0.75,0.8,303.55,False,csv:P_alta; csv:P_baja; extra:T_fuente; extra:T_sumidero; csv:x_b; extra:m_b; csv:eta_t; csv:eta_p; csv:eps_hrvg; csv:eps_reg; csv:eps_cond,"bracket_sonda: T2_sonda=582.6 K > dew=490.0 K (sobrecalentado: sonda T1 del arranque del bracket pega el estado 2 fuera de campana) || equilibrio_liquido_vapor(P=4000.0 kPa, T=582.6498846937828 K): no",True,CORREGIBLE,0.161815,179.8845,392.1952,9,0,20,99.7,,"[CORREGIBLE] O1: título de vapor a la salida de la turbina bajo el umbral tecnológico usual (erosión de álabes) (medido=0.8778434808428729, esperado=>= 0.90). Causa probable: expansión hasta P_baja de","O1,O2",,,,,0,False,
3500|218.689|583.15|300.033|0.4|1|0.85|0.75|0.5|0.75|0.8|303.55,545,92,25144,barridos_2026-09-19/b0_scan_cementera.csv,1,3500.0,218.6892492858801,583.15,300.032917,0.4,1.0,0.85,0.75,0.5,0.75,0.8,303.55,False,csv:P_alta; csv:P_baja; extra:T_fuente; extra:T_sumidero; csv:x_b; extra:m_b; csv:eta_t; csv:eta_p; csv:eps_hrvg; csv:eps_reg; csv:eps_cond,lazo_frio_no_conv (sin P/T): el lazo interior frio no convergio en la 1a evaluacion del bracket — no es un estado de campana || lazo interior (frio) no convergio tras max_iter_frio,False,NO_CONVERGIO,,,,,,,847.8,otro,CicloNoConvergeError: lazo interior (frio) no convergio tras max_iter_frio,,,,,,,,
4000|293.413|583.15|300.033|0.45|1|0.85|0.75|0.65|0.75|0.8|303.55,582,104,20368,barridos_2026-09-19/b0_scan_cementera.csv,1,4000.0,293.41308192387106,583.15,300.032917,0.45,1.0,0.85,0.75,0.65,0.75,0.8,303.55,False,csv:P_alta; csv:P_baja; extra:T_fuente; extra:T_sumidero; csv:x_b; extra:m_b; csv:eta_t; csv:eta_p; csv:eps_hrvg; csv:eps_reg; csv:eps_cond,"bracket_sonda: T2_sonda=582.8 K > dew=490.0 K (sobrecalentado: sonda T1 del arranque del bracket pega el estado 2 fuera de campana) || equilibrio_liquido_vapor(P=4000.0 kPa, T=582.7998951632658 K): no",True,CORREGIBLE,0.164256,237.1243,392.6664,8,0,21,100.3,,"[CORREGIBLE] O1: título de vapor a la salida de la turbina bajo el umbral tecnológico usual (erosión de álabes) (medido=0.8743875842064556, esperado=>= 0.90). Causa probable: expansión hasta P_baja de","O1,O2",,,,,0,False,
4000|293.413|583.15|300.033|0.45|1|0.85|0.75|0.9|0.75|0.8|303.55,584,92,22476,barridos_2026-09-19/b0_scan_cementera.csv,1,4000.0,293.41308192387106,583.15,300.032917,0.45,1.0,0.85,0.75,0.9,0.75,0.8,303.55,False,csv:P_alta; csv:P_baja; extra:T_fuente; extra:T_sumidero; csv:x_b; extra:m_b; csv:eta_t; csv:eta_p; csv:eps_hrvg; csv:eps_reg; csv:eps_cond,"bracket_sonda: T2_sonda=583.0 K > dew=490.0 K (sobrecalentado: sonda T1 del arranque del bracket pega el estado 2 fuera de campana) || equilibrio_liquido_vapor(P=4000.0 kPa, T=583.0499585866643 K): no",False,NO_CONVERGIO,,,,,,,81.9,sin cambio de signo,"CicloNoConvergeError: extremos [306.0329, 357.1500] K sin cambio de signo de F (F(lo)=93.116, F(hi)=53.983)",,,,,,,,
4000|293.413|583.15|300.033|0.45|1|0.85|0.75|0.8|0.75|0.8|303.55,583,100,26924,barridos_2026-09-19/b0_scan_cementera.csv,1,4000.0,293.41308192387106,583.15,300.032917,0.45,1.0,0.85,0.75,0.8,0.75,0.8,303.55,False,csv:P_alta; csv:P_baja; extra:T_fuente; extra:T_sumidero; csv:x_b; extra:m_b; csv:eta_t; csv:eta_p; csv:eps_hrvg; csv:eps_reg; csv:eps_cond,"bracket_sonda: T2_sonda=582.9 K > dew=490.0 K (sobrecalentado: sonda T1 del arranque del bracket pega el estado 2 fuera de campana) || equilibrio_liquido_vapor(P=4000.0 kPa, T=582.9499263332617 K): no",True,CORREGIBLE,0.165569,292.842,394.6709,8,0,24,109.5,,"[CORREGIBLE] O1: título de vapor a la salida de la turbina bajo el umbral tecnológico usual (erosión de álabes) (medido=0.8718488032288533, esperado=>= 0.90). Causa probable: expansión hasta P_baja de","O1,O2",,,,,0,False,
4000|380.465|583.15|300.033|0.5|1|0.85|0.75|0.5|0.75|0.8|303.55,585,97,27548,barridos_2026-09-19/b0_scan_cementera.csv,1,4000.0,380.4651667449188,583.15,300.032917,0.5,1.0,0.85,0.75,0.5,0.75,0.8,303.55,False,csv:P_alta; csv:P_baja; extra:T_fuente; extra:T_sumidero; csv:x_b; extra:m_b; csv:eta_t; csv:eta_p; csv:eps_hrvg; csv:eps_reg; csv:eps_cond,"bracket_sonda: T2_sonda=582.6 K > dew=485.4 K (sobrecalentado: sonda T1 del arranque del bracket pega el estado 2 fuera de campana) || equilibrio_liquido_vapor(P=4000.0 kPa, T=582.6499038701613 K): no",True,CORREGIBLE,0.152343,166.8497,387.7538,9,0,21,96.0,,"[CORREGIBLE] O1: título de vapor a la salida de la turbina bajo el umbral tecnológico usual (erosión de álabes) (medido=0.887591345929864, esperado=>= 0.90). Causa probable: expansión hasta P_baja dej","O1,O2",,,,,0,False,
4000|380.465|583.15|300.033|0.5|1|0.85|0.75|0.65|0.75|0.8|303.55,586,98,22892,barridos_2026-09-19/b0_scan_cementera.csv,1,4000.0,380.4651667449188,583.15,300.032917,0.5,1.0,0.85,0.75,0.65,0.75,0.8,303.55,False,csv:P_alta; csv:P_baja; extra:T_fuente; extra:T_sumidero; csv:x_b; extra:m_b; csv:eta_t; csv:eta_p; csv:eps_hrvg; csv:eps_reg; csv:eps_cond,"bracket_sonda: T2_sonda=582.8 K > dew=485.4 K (sobrecalentado: sonda T1 del arranque del bracket pega el estado 2 fuera de campana) || equilibrio_liquido_vapor(P=4000.0 kPa, T=582.7999126044614 K): no",True,CORREGIBLE,0.153138,217.2321,389.3442,8,0,22,103.5,,"[CORREGIBLE] O1: título de vapor a la salida de la turbina bajo el umbral tecnológico usual (erosión de álabes) (medido=0.8839457826503974, esperado=>= 0.90). Causa probable: expansión hasta P_baja de","O1,O2",,,,,0,False,
4000|380.465|583.15|300.033|0.5|1|0.85|0.75|0.9|0.75|0.8|303.55,588,105,20368,barridos_2026-09-19/b0_scan_cementera.csv,1,4000.0,380.4651667449188,583.15,300.032917,0.5,1.0,0.85,0.75,0.9,0.75,0.8,303.55,False,csv:P_alta; csv:P_baja; extra:T_fuente; extra:T_sumidero; csv:x_b; extra:m_b; csv:eta_t; csv:eta_p; csv:eps_hrvg; csv:eps_reg; csv:eps_cond,"bracket_sonda: T2_sonda=583.0 K > dew=485.4 K (sobrecalentado: sonda T1 del arranque del bracket pega el estado 2 fuera de campana) || equilibrio_liquido_vapor(P=4000.0 kPa, T=583.0499654803522 K): no",False,NO_CONVERGIO,,,,,,,85.3,sin cambio de signo,"CicloNoConvergeError: extremos [301.0329, 332.1500] K sin cambio de signo de F (F(lo)=100.42, F(hi)=71.671)",,,,,,,,
4000|380.465|583.15|300.033|0.5|1|0.85|0.75|0.8|0.75|0.8|303.55,587,93,25144,barridos_2026-09-19/b0_scan_cementera.csv,1,4000.0,380.4651667449188,583.15,300.032917,0.5,1.0,0.85,0.75,0.8,0.75,0.8,303.55,False,csv:P_alta; csv:P_baja; extra:T_fuente; extra:T_sumidero; csv:x_b; extra:m_b; csv:eta_t; csv:eta_p; csv:eps_hrvg; csv:eps_reg; csv:eps_cond,"bracket_sonda: T2_sonda=582.9 K > dew=485.4 K (sobrecalentado: sonda T1 del arranque del bracket pega el estado 2 fuera de campana) || equilibrio_liquido_vapor(P=4000.0 kPa, T=582.949938593057 K): no ",True,CORREGIBLE,0.153098,265.5435,392.1406,9,0,26,113.4,,"[CORREGIBLE] O1: título de vapor a la salida de la turbina bajo el umbral tecnológico usual (erosión de álabes) (medido=0.8812783343817874, esperado=>= 0.90). Causa probable: expansión hasta P_baja de","O1,O2",,,,,0,False,
4000|476.253|583.15|300.033|0.55|1|0.85|0.75|0.5|0.75|0.8|303.55,589,93,22476,barridos_2026-09-19/b0_scan_cementera.csv,1,4000.0,476.2531387660478,583.15,300.032917,0.55,1.0,0.85,0.75,0.5,0.75,0.8,303.55,False,csv:P_alta; csv:P_baja; extra:T_fuente; extra:T_sumidero; csv:x_b; extra:m_b; csv:eta_t; csv:eta_p; csv:eps_hrvg; csv:eps_reg; csv:eps_cond,"bracket_sonda: T2_sonda=582.6 K > dew=480.5 K (sobrecalentado: sonda T1 del arranque del bracket pega el estado 2 fuera de campana) || equilibrio_liquido_vapor(P=4000.0 kPa, T=582.6499217371228 K): no",True,CORREGIBLE,0.144101,155.1069,383.2833,10,0,22,118.5,,"[CORREGIBLE] O1: título de vapor a la salida de la turbina bajo el umbral tecnológico usual (erosión de álabes) (medido=0.8965505682054972, esperado=>= 0.90). Causa probable: expansión hasta P_baja de","O1,O2",,,,,0,False,
4000|476.253|583.15|300.033|0.55|1|0.85|0.75|0.65|0.75|0.8|303.55,590,101,26924,barridos_2026-09-19/b0_scan_cementera.csv,1,4000.0,476.2531387660478,583.15,300.032917,0.55,1.0,0.85,0.75,0.65,0.75,0.8,303.55,False,csv:P_alta; csv:P_baja; extra:T_fuente; extra:T_sumidero; csv:x_b; extra:m_b; csv:eta_t; csv:eta_p; csv:eps_hrvg; csv:eps_reg; csv:eps_cond,"bracket_sonda: T2_sonda=582.8 K > dew=480.5 K (sobrecalentado: sonda T1 del arranque del bracket pega el estado 2 fuera de campana) || equilibrio_liquido_vapor(P=4000.0 kPa, T=582.7999288546176 K): no",True,CORREGIBLE,0.143424,199.4176,385.9402,9,0,23,111.7,,"[CORREGIBLE] O1: título de vapor a la salida de la turbina bajo el umbral tecnológico usual (erosión de álabes) (medido=0.8927129861662465, esperado=>= 0.90). Causa probable: expansión hasta P_baja de","O1,O2",,,,,0,False,
4000|476.253|583.15|300.033|0.55|1|0.85|0.75|0.9|0.75|0.8|303.55,592,99,22892,barridos_2026-09-19/b0_scan_cementera.csv,1,4000.0,476.2531387660478,583.15,300.032917,0.55,1.0,0.85,0.75,0.9,0.75,0.8,303.55,False,csv:P_alta; csv:P_baja; extra:T_fuente; extra:T_sumidero; csv:x_b; extra:m_b; csv:eta_t; csv:eta_p; csv:eps_hrvg; csv:eps_reg; csv:eps_cond,"lado_frio(P_baja=476.3 kPa, estado fuera del dominio/cobertura del motor teqp — sin relacion con la campana de la sonda || T_from_Ph(P, h, x): el motor teqp no cubre el estado pedido (ver TASK_CONTEXT",False,NO_CONVERGIO,,,,,,,90.8,sin extremos evaluables,"CicloNoConvergeError: sin dos extremos evaluables en el rango físico de T1 (repliegues_lo=56, repliegues_hi=0, paso=5.0 K)",,,,,,,,
4000|476.253|583.15|300.033|0.55|1|0.85|0.75|0.8|0.75|0.8|303.55,591,98,27548,barridos_2026-09-19/b0_scan_cementera.csv,1,4000.0,476.2531387660478,583.15,300.032917,0.55,1.0,0.85,0.75,0.8,0.75,0.8,303.55,False,csv:P_alta; csv:P_baja; extra:T_fuente; extra:T_sumidero; csv:x_b; extra:m_b; csv:eta_t; csv:eta_p; csv:eps_hrvg; csv:eps_reg; csv:eps_cond,"bracket_sonda: T2_sonda=582.9 K > dew=480.5 K (sobrecalentado: sonda T1 del arranque del bracket pega el estado 2 fuera de campana) || equilibrio_liquido_vapor(P=4000.0 kPa, T=582.9499500155782 K): no",True,CORREGIBLE,0.142119,241.1297,389.4705,8,0,28,115.2,,"[CORREGIBLE] O1: título de vapor a la salida de la turbina bajo el umbral tecnológico usual (erosión de álabes) (medido=0.8899392324712572, esperado=>= 0.90). Causa probable: expansión hasta P_baja de","O1,O2",,,,,0,False,
4000|575.702|583.15|300.033|0.6|1|0.85|0.75|0.5|0.75|0.8|303.55,593,106,20368,barridos_2026-09-19/b0_scan_cementera.csv,1,4000.0,575.7018172219059,583.15,300.032917,0.6,1.0,0.85,0.75,0.5,0.75,0.8,303.55,False,csv:P_alta; csv:P_baja; extra:T_fuente; extra:T_sumidero; csv:x_b; extra:m_b; csv:eta_t; csv:eta_p; csv:eps_hrvg; csv:eps_reg; csv:eps_cond,"bracket_sonda: T2_sonda=582.6 K > dew=475.2 K (sobrecalentado: sonda T1 del arranque del bracket pega el estado 2 fuera de campana) || equilibrio_liquido_vapor(P=4000.0 kPa, T=582.6499383864727 K): no",True,CORREGIBLE,0.13727,144.8632,378.7369,9,0,23,108.1,,"[CORREGIBLE] O2: succión de la bomba bifásica bajo el peor caso de T_amb (riesgo de cavitación) (medido=311.6414719026773, esperado=<= 303.033 K). Causa probable: subenfriamiento insuficiente a la sal",O2,,,,,0,False,
4000|575.702|583.15|300.033|0.6|1|0.85|0.75|0.65|0.75|0.8|303.55,594,94,25144,barridos_2026-09-19/b0_scan_cementera.csv,1,4000.0,575.7018172219059,583.15,300.032917,0.6,1.0,0.85,0.75,0.65,0.75,0.8,303.55,False,csv:P_alta; csv:P_baja; extra:T_fuente; extra:T_sumidero; csv:x_b; extra:m_b; csv:eta_t; csv:eta_p; csv:eps_hrvg; csv:eps_reg; csv:eps_cond,"bracket_sonda: T2_sonda=582.8 K > dew=475.2 K (sobrecalentado: sonda T1 del arranque del bracket pega el estado 2 fuera de campana) || equilibrio_liquido_vapor(P=4000.0 kPa, T=582.7999439972838 K): no",True,CORREGIBLE,0.135358,184.0089,382.4381,8,0,25,108.7,,"[CORREGIBLE] O2: succión de la bomba bifásica bajo el peor caso de T_amb (riesgo de cavitación) (medido=314.73784108299327, esperado=<= 303.033 K). Causa probable: subenfriamiento insuficiente a la sa",O2,,,,,0,False,
4000|575.702|583.15|300.033|0.6|1|0.85|0.75|0.9|0.75|0.8|303.55,596,102,26924,barridos_2026-09-19/b0_scan_cementera.csv,1,4000.0,575.7018172219059,583.15,300.032917,0.6,1.0,0.85,0.75,0.9,0.75,0.8,303.55,False,csv:P_alta; csv:P_baja; extra:T_fuente; extra:T_sumidero; csv:x_b; extra:m_b; csv:eta_t; csv:eta_p; csv:eps_hrvg; csv:eps_reg; csv:eps_cond,"lado_frio(P_baja=575.7 kPa, estado fuera del dominio/cobertura del motor teqp — sin relacion con la campana de la sonda || T_from_Ph(P, h, x): el motor teqp no cubre el estado pedido (ver TASK_CONTEXT",False,NO_CONVERGIO,,,,,,,94.5,sin extremos evaluables,"CicloNoConvergeError: sin dos extremos evaluables en el rango físico de T1 (repliegues_lo=56, repliegues_hi=0, paso=5.0 K)",,,,,,,,
4000|575.702|583.15|300.033|0.6|1|0.85|0.75|0.8|0.75|0.8|303.55,595,94,22476,barridos_2026-09-19/b0_scan_cementera.csv,1,4000.0,575.7018172219059,583.15,300.032917,0.6,1.0,0.85,0.75,0.8,0.75,0.8,303.55,False,csv:P_alta; csv:P_baja; extra:T_fuente; extra:T_sumidero; csv:x_b; extra:m_b; csv:eta_t; csv:eta_p; csv:eps_hrvg; csv:eps_reg; csv:eps_cond,"bracket_sonda: T2_sonda=582.9 K > dew=475.2 K (sobrecalentado: sonda T1 del arranque del bracket pega el estado 2 fuera de campana) || equilibrio_liquido_vapor(P=4000.0 kPa, T=582.9499606595923 K): no",True,CORREGIBLE,0.132892,220.0116,385.4421,8,0,31,114.9,,"[CORREGIBLE] O1: título de vapor a la salida de la turbina bajo el umbral tecnológico usual (erosión de álabes) (medido=0.8977257875911925, esperado=>= 0.90). Causa probable: expansión hasta P_baja de","O1,O2",,,,,0,False,
4000|673.345|583.15|300.033|0.65|1|0.85|0.75|0.5|0.75|0.8|303.55,597,100,22892,barridos_2026-09-19/b0_scan_cementera.csv,1,4000.0,673.3448664612341,583.15,300.032917,0.65,1.0,0.85,0.75,0.5,0.75,0.8,303.55,False,csv:P_alta; csv:P_baja; extra:T_fuente; extra:T_sumidero; csv:x_b; extra:m_b; csv:eta_t; csv:eta_p; csv:eps_hrvg; csv:eps_reg; csv:eps_cond,"bracket_sonda: T2_sonda=582.6 K > dew=469.4 K (sobrecalentado: sonda T1 del arranque del bracket pega el estado 2 fuera de campana) || equilibrio_liquido_vapor(P=4000.0 kPa, T=582.6499538970673 K): no",True,CORREGIBLE,0.132057,136.2763,374.2037,9,0,25,86.8,,"[CORREGIBLE] O2: succión de la bomba bifásica bajo el peor caso de T_amb (riesgo de cavitación) (medido=310.0210107228076, esperado=<= 303.033 K). Causa probable: subenfriamiento insuficiente a la sal",O2,,,,,0,False,
4000|673.345|583.15|300.033|0.65|1|0.85|0.75|0.65|0.75|0.8|303.55,598,99,27548,barridos_2026-09-19/b0_scan_cementera.csv,1,4000.0,673.3448664612341,583.15,300.032917,0.65,1.0,0.85,0.75,0.65,0.75,0.8,303.55,False,csv:P_alta; csv:P_baja; extra:T_fuente; extra:T_sumidero; csv:x_b; extra:m_b; csv:eta_t; csv:eta_p; csv:eps_hrvg; csv:eps_reg; csv:eps_cond,"bracket_sonda: T2_sonda=582.8 K > dew=469.4 K (sobrecalentado: sonda T1 del arranque del bracket pega el estado 2 fuera de campana) || equilibrio_liquido_vapor(P=4000.0 kPa, T=582.79995810422 K): no e",True,CORREGIBLE,0.129111,171.1821,378.4999,8,0,26,114.7,,"[CORREGIBLE] O2: succión de la bomba bifásica bajo el peor caso de T_amb (riesgo de cavitación) (medido=312.5888378547002, esperado=<= 303.033 K). Causa probable: subenfriamiento insuficiente a la sal",O2,,,,,0,False,
4000|673.345|583.15|300.033|0.65|1|0.85|0.75|0.9|0.75|0.8|303.55,600,95,25144,barridos_2026-09-19/b0_scan_cementera.csv,1,4000.0,673.3448664612341,583.15,300.032917,0.65,1.0,0.85,0.75,0.9,0.75,0.8,303.55,False,csv:P_alta; csv:P_baja; extra:T_fuente; extra:T_sumidero; csv:x_b; extra:m_b; csv:eta_t; csv:eta_p; csv:eps_hrvg; csv:eps_reg; csv:eps_cond,"lado_frio(P_baja=673.3 kPa, estado fuera del dominio/cobertura del motor teqp — sin relacion con la campana de la sonda || T_from_Ph(P, h, x): el motor teqp no cubre el estado pedido (ver TASK_CONTEXT",False,NO_CONVERGIO,,,,,,,110.7,sin extremos evaluables,"CicloNoConvergeError: sin dos extremos evaluables en el rango físico de T1 (repliegues_lo=56, repliegues_hi=0, paso=5.0 K)",,,,,,,,
4000|673.345|583.15|300.033|0.65|1|0.85|0.75|0.8|0.75|0.8|303.55,599,107,20368,barridos_2026-09-19/b0_scan_cementera.csv,1,4000.0,673.3448664612341,583.15,300.032917,0.65,1.0,0.85,0.75,0.8,0.75,0.8,303.55,False,csv:P_alta; csv:P_baja; extra:T_fuente; extra:T_sumidero; csv:x_b; extra:m_b; csv:eta_t; csv:eta_p; csv:eps_hrvg; csv:eps_reg; csv:eps_cond,"bracket_sonda: T2_sonda=582.9 K > dew=469.4 K (sobrecalentado: sonda T1 del arranque del bracket pega el estado 2 fuera de campana) || equilibrio_liquido_vapor(P=4000.0 kPa, T=582.9499705755757 K): no",True,CORREGIBLE,0.125635,202.4393,379.4296,8,0,33,120.7,,"[CORREGIBLE] O2: succión de la bomba bifásica bajo el peor caso de T_amb (riesgo de cavitación) (medido=315.4490646179361, esperado=<= 303.033 K). Causa probable: subenfriamiento insuficiente a la sal",O2,,,,,0,False,
4000|764.638|583.15|300.033|0.7|1|0.85|0.75|0.5|0.75|0.8|303.55,601,103,26924,barridos_2026-09-19/b0_scan_cementera.csv,1,4000.0,764.6376026707513,583.15,300.032917,0.7,1.0,0.85,0.75,0.5,0.75,0.8,303.55,False,csv:P_alta; csv:P_baja; extra:T_fuente; extra:T_sumidero; csv:x_b; extra:m_b; csv:eta_t; csv:eta_p; csv:eps_hrvg; csv:eps_reg; csv:eps_cond,"bracket_sonda: T2_sonda=582.6 K > dew=463.1 K (sobrecalentado: sonda T1 del arranque del bracket pega el estado 2 fuera de campana) || equilibrio_liquido_vapor(P=4000.0 kPa, T=582.6499683382733 K): no",True,CORREGIBLE,0.128328,129.2015,369.5593,8,0,26,120.2,,"[CORREGIBLE] O2: succión de la bomba bifásica bajo el peor caso de T_amb (riesgo de cavitación) (medido=308.42801447322563, esperado=<= 303.033 K). Causa probable: subenfriamiento insuficiente a la sa",O2,,,,,7,False,
4000|764.638|583.15|300.033|0.7|1|0.85|0.75|0.65|0.75|0.8|303.55,602,95,22476,barridos_2026-09-19/b0_scan_cementera.csv,1,4000.0,764.6376026707513,583.15,300.032917,0.7,1.0,0.85,0.75,0.65,0.75,0.8,303.55,False,csv:P_alta; csv:P_baja; extra:T_fuente; extra:T_sumidero; csv:x_b; extra:m_b; csv:eta_t; csv:eta_p; csv:eps_hrvg; csv:eps_reg; csv:eps_cond,"bracket_sonda: T2_sonda=582.8 K > dew=463.1 K (sobrecalentado: sonda T1 del arranque del bracket pega el estado 2 fuera de campana) || equilibrio_liquido_vapor(P=4000.0 kPa, T=582.7999712385445 K): no",True,CORREGIBLE,0.124735,160.9124,373.1462,8,0,28,125.7,,"[CORREGIBLE] O2: succión de la bomba bifásica bajo el peor caso de T_amb (riesgo de cavitación) (medido=310.4223913360446, esperado=<= 303.033 K). Causa probable: subenfriamiento insuficiente a la sal",O2,,,,,0,False,
4000|764.638|583.15|300.033|0.7|1|0.85|0.75|0.8|0.75|0.8|303.55,603,101,22892,barridos_2026-09-19/b0_scan_cementera.csv,1,4000.0,764.6376026707513,583.15,300.032917,0.7,1.0,0.85,0.75,0.8,0.75,0.8,303.55,False,csv:P_alta; csv:P_baja; extra:T_fuente; extra:T_sumidero; csv:x_b; extra:m_b; csv:eta_t; csv:eta_p; csv:eps_hrvg; csv:eps_reg; csv:eps_cond,"bracket_sonda: T2_sonda=582.9 K > dew=463.1 K (sobrecalentado: sonda T1 del arranque del bracket pega el estado 2 fuera de campana) || equilibrio_liquido_vapor(P=4000.0 kPa, T=582.949979807921 K): no ",True,CORREGIBLE,0.120447,188.4802,373.9785,8,0,37,135.5,,"[CORREGIBLE] O2: succión de la bomba bifásica bajo el peor caso de T_amb (riesgo de cavitación) (medido=312.6943870968154, esperado=<= 303.033 K). Causa probable: subenfriamiento insuficiente a la sal",O2,,,,,7,False,
4000|764.638|583.15|300.033|0.7|1|0.85|0.75|0.9|0.75|0.8|303.55,604,100,27548,barridos_2026-09-19/b0_scan_cementera.csv,1,4000.0,764.6376026707513,583.15,300.032917,0.7,1.0,0.85,0.75,0.9,0.75,0.8,303.55,False,csv:P_alta; csv:P_baja; extra:T_fuente; extra:T_sumidero; csv:x_b; extra:m_b; csv:eta_t; csv:eta_p; csv:eps_hrvg; csv:eps_reg; csv:eps_cond,"lado_frio(P_baja=764.6 kPa, estado fuera del dominio/cobertura del motor teqp — sin relacion con la campana de la sonda || T_from_Ph(P, h, x): el motor teqp no cubre el estado pedido (ver TASK_CONTEXT",False,NO_CONVERGIO,,,,,,,110.9,sin extremos evaluables,"CicloNoConvergeError: sin dos extremos evaluables en el rango físico de T1 (repliegues_lo=56, repliegues_hi=0, paso=5.0 K)",,,,,,,,
4500|157.885|583.15|300.033|0.35|1|0.85|0.75|0.65|0.75|0.8|303.55,606,108,20368,barridos_2026-09-19/b0_scan_cementera.csv,1,4500.0,157.88536139565775,583.15,300.032917,0.35,1.0,0.85,0.75,0.65,0.75,0.8,303.55,False,csv:P_alta; csv:P_baja; extra:T_fuente; extra:T_sumidero; csv:x_b; extra:m_b; csv:eta_t; csv:eta_p; csv:eps_hrvg; csv:eps_reg; csv:eps_cond,"bracket_sonda: T2_sonda=582.8 K > dew=504.8 K (sobrecalentado: sonda T1 del arranque del bracket pega el estado 2 fuera de campana) || equilibrio_liquido_vapor(P=4500.0 kPa, T=582.7998227312158 K): no",True,CORREGIBLE,0.195153,287.354,400.4479,8,0,17,101.9,,"[CORREGIBLE] O1: título de vapor a la salida de la turbina bajo el umbral tecnológico usual (erosión de álabes) (medido=0.8467030973478802, esperado=>= 0.90). Causa probable: expansión hasta P_baja de","O1,O2",,,,,0,False,
4500|157.885|583.15|300.033|0.35|1|0.85|0.75|0.5|0.75|0.8|303.55,605,96,25144,barridos_2026-09-19/b0_scan_cementera.csv,1,4500.0,157.88536139565775,583.15,300.032917,0.35,1.0,0.85,0.75,0.5,0.75,0.8,303.55,False,csv:P_alta; csv:P_baja; extra:T_fuente; extra:T_sumidero; csv:x_b; extra:m_b; csv:eta_t; csv:eta_p; csv:eps_hrvg; csv:eps_reg; csv:eps_cond,"bracket_sonda: T2_sonda=582.6 K > dew=504.8 K (sobrecalentado: sonda T1 del arranque del bracket pega el estado 2 fuera de campana) || equilibrio_liquido_vapor(P=4500.0 kPa, T=582.6498050574721 K): no",True,CORREGIBLE,0.187887,211.3557,403.6029,10,0,16,115.2,,"[CORREGIBLE] O1: título de vapor a la salida de la turbina bajo el umbral tecnológico usual (erosión de álabes) (medido=0.8498091858901131, esperado=>= 0.90). Causa probable: expansión hasta P_baja de","O1,O2",,,,,0,False,
4500|218.689|583.15|300.033|0.4|1|0.85|0.75|0.5|0.75|0.8|303.55,609,102,22892,barridos_2026-09-19/b0_scan_cementera.csv,1,4500.0,218.6892492858801,583.15,300.032917,0.4,1.0,0.85,0.75,0.5,0.75,0.8,303.55,False,csv:P_alta; csv:P_baja; extra:T_fuente; extra:T_sumidero; csv:x_b; extra:m_b; csv:eta_t; csv:eta_p; csv:eps_hrvg; csv:eps_reg; csv:eps_cond,"bracket_sonda: T2_sonda=582.6 K > dew=500.5 K (sobrecalentado: sonda T1 del arranque del bracket pega el estado 2 fuera de campana) || equilibrio_liquido_vapor(P=4500.0 kPa, T=582.6498310513545 K): no",True,CORREGIBLE,0.177298,197.5069,399.0315,9,0,17,98.2,,"[CORREGIBLE] O1: título de vapor a la salida de la turbina bajo el umbral tecnológico usual (erosión de álabes) (medido=0.8606522538659941, esperado=>= 0.90). Causa probable: expansión hasta P_baja de","O1,O2",,,,,0,False,
4500|157.885|583.15|300.033|0.35|1|0.85|0.75|0.8|0.75|0.8|303.55,607,104,26924,barridos_2026-09-19/b0_scan_cementera.csv,1,4500.0,157.88536139565775,583.15,300.032917,0.35,1.0,0.85,0.75,0.8,0.75,0.8,303.55,False,csv:P_alta; csv:P_baja; extra:T_fuente; extra:T_sumidero; csv:x_b; extra:m_b; csv:eta_t; csv:eta_p; csv:eps_hrvg; csv:eps_reg; csv:eps_cond,"bracket_sonda: T2_sonda=582.9 K > dew=504.8 K (sobrecalentado: sonda T1 del arranque del bracket pega el estado 2 fuera de campana) || equilibrio_liquido_vapor(P=4500.0 kPa, T=582.9498754346008 K): no",True,CORREGIBLE,0.200156,363.5895,399.3559,8,0,19,126.7,,"[CORREGIBLE] O1: título de vapor a la salida de la turbina bajo el umbral tecnológico usual (erosión de álabes) (medido=0.844407828108291, esperado=>= 0.90). Causa probable: expansión hasta P_baja dej","O1,O2",,,,,0,False,
4500|218.689|583.15|300.033|0.4|1|0.85|0.75|0.65|0.75|0.8|303.55,610,101,27548,barridos_2026-09-19/b0_scan_cementera.csv,1,4500.0,218.6892492858801,583.15,300.032917,0.4,1.0,0.85,0.75,0.65,0.75,0.8,303.55,False,csv:P_alta; csv:P_baja; extra:T_fuente; extra:T_sumidero; csv:x_b; extra:m_b; csv:eta_t; csv:eta_p; csv:eps_hrvg; csv:eps_reg; csv:eps_cond,"bracket_sonda: T2_sonda=582.8 K > dew=500.5 K (sobrecalentado: sonda T1 del arranque del bracket pega el estado 2 fuera de campana) || equilibrio_liquido_vapor(P=4500.0 kPa, T=582.7998463698442 K): no",True,CORREGIBLE,0.182588,265.5353,397.1412,8,0,18,116.2,,"[CORREGIBLE] O1: título de vapor a la salida de la turbina bajo el umbral tecnológico usual (erosión de álabes) (medido=0.8572667107862219, esperado=>= 0.90). Causa probable: expansión hasta P_baja de","O1,O2",,,,,0,False,
4500|218.689|583.15|300.033|0.4|1|0.85|0.75|0.9|0.75|0.8|303.55,612,97,25144,barridos_2026-09-19/b0_scan_cementera.csv,1,4500.0,218.6892492858801,583.15,300.032917,0.4,1.0,0.85,0.75,0.9,0.75,0.8,303.55,False,csv:P_alta; csv:P_baja; extra:T_fuente; extra:T_sumidero; csv:x_b; extra:m_b; csv:eta_t; csv:eta_p; csv:eps_hrvg; csv:eps_reg; csv:eps_cond,"bracket_sonda: T2_sonda=583.0 K > dew=500.5 K (sobrecalentado: sonda T1 del arranque del bracket pega el estado 2 fuera de campana) || equilibrio_liquido_vapor(P=4500.0 kPa, T=583.049939264632 K): no ",False,NO_CONVERGIO,,,,,,,88.1,sin cambio de signo,"CicloNoConvergeError: extremos [301.0329, 407.1500] K sin cambio de signo de F (F(lo)=96.914, F(hi)=6.2896)",,,,,,,,
4500|218.689|583.15|300.033|0.4|1|0.85|0.75|0.8|0.75|0.8|303.55,611,109,20368,barridos_2026-09-19/b0_scan_cementera.csv,1,4500.0,218.6892492858801,583.15,300.032917,0.4,1.0,0.85,0.75,0.8,0.75,0.8,303.55,False,csv:P_alta; csv:P_baja; extra:T_fuente; extra:T_sumidero; csv:x_b; extra:m_b; csv:eta_t; csv:eta_p; csv:eps_hrvg; csv:eps_reg; csv:eps_cond,"bracket_sonda: T2_sonda=582.9 K > dew=500.5 K (sobrecalentado: sonda T1 del arranque del bracket pega el estado 2 fuera de campana) || equilibrio_liquido_vapor(P=4500.0 kPa, T=582.9498920175722 K): no",True,CORREGIBLE,0.186046,333.0961,397.014,8,0,21,115.7,,"[CORREGIBLE] O1: título de vapor a la salida de la turbina bajo el umbral tecnológico usual (erosión de álabes) (medido=0.8547550729061976, esperado=>= 0.90). Causa probable: expansión hasta P_baja de","O1,O2",,,,,0,False,
4500|157.885|583.15|300.033|0.35|1|0.85|0.75|0.9|0.75|0.8|303.55,608,96,22476,barridos_2026-09-19/b0_scan_cementera.csv,1,4500.0,157.88536139565775,583.15,300.032917,0.35,1.0,0.85,0.75,0.9,0.75,0.8,303.55,False,csv:P_alta; csv:P_baja; extra:T_fuente; extra:T_sumidero; csv:x_b; extra:m_b; csv:eta_t; csv:eta_p; csv:eps_hrvg; csv:eps_reg; csv:eps_cond,"lado_frio(P_baja=157.9 kPa, T=370.5 K, estado fuera del dominio/cobertura del motor teqp — sin relacion con la campana de la sonda || T_from_Ph(P, h, x): el motor teqp no cubre el estado pedido (ver T",True,NO_CONVERGIO,0.250798,506.0807,405.1725,10,0,30,171.5,,"[NO_CONVERGIO] N2: el balance global de energía no cierra dentro de la tolerancia (medido=417.2359681653554, esperado=<= 2.01788 kW (1e-3 relativo a Qi)). Causa probable: residuo numérico del lazo de ","N2,O1,O2,O5,C1,C3,C3",,,,,0,False,
4500|293.413|583.15|300.033|0.45|1|0.85|0.75|0.5|0.75|0.8|303.55,613,103,22892,barridos_2026-09-19/b0_scan_cementera.csv,1,4500.0,293.41308192387106,583.15,300.032917,0.45,1.0,0.85,0.75,0.5,0.75,0.8,303.55,False,csv:P_alta; csv:P_baja; extra:T_fuente; extra:T_sumidero; csv:x_b; extra:m_b; csv:eta_t; csv:eta_p; csv:eps_hrvg; csv:eps_reg; csv:eps_cond,"bracket_sonda: T2_sonda=582.6 K > dew=495.9 K (sobrecalentado: sonda T1 del arranque del bracket pega el estado 2 fuera de campana) || equilibrio_liquido_vapor(P=4500.0 kPa, T=582.6498555419076 K): no",True,CORREGIBLE,0.167422,184.2824,394.4105,10,0,18,82.1,,"[CORREGIBLE] O1: título de vapor a la salida de la turbina bajo el umbral tecnológico usual (erosión de álabes) (medido=0.8709726030580377, esperado=>= 0.90). Causa probable: expansión hasta P_baja de","O1,O2",,,,,0,False,
4500|293.413|583.15|300.033|0.45|1|0.85|0.75|0.9|0.75|0.8|303.55,616,98,25144,barridos_2026-09-19/b0_scan_cementera.csv,1,4500.0,293.41308192387106,583.15,300.032917,0.45,1.0,0.85,0.75,0.9,0.75,0.8,303.55,False,csv:P_alta; csv:P_baja; extra:T_fuente; extra:T_sumidero; csv:x_b; extra:m_b; csv:eta_t; csv:eta_p; csv:eps_hrvg; csv:eps_reg; csv:eps_cond,"bracket_sonda: T2_sonda=583.0 K > dew=495.9 K (sobrecalentado: sonda T1 del arranque del bracket pega el estado 2 fuera de campana) || equilibrio_liquido_vapor(P=4500.0 kPa, T=583.0499482595454 K): no",False,NO_CONVERGIO,,,,,,,78.1,sin cambio de signo,"CicloNoConvergeError: extremos [301.0329, 382.1500] K sin cambio de signo de F (F(lo)=94.78, F(hi)=28.081)",,,,,,,,
4500|293.413|583.15|300.033|0.45|1|0.85|0.75|0.65|0.75|0.8|303.55,614,105,26924,barridos_2026-09-19/b0_scan_cementera.csv,1,4500.0,293.41308192387106,583.15,300.032917,0.45,1.0,0.85,0.75,0.65,0.75,0.8,303.55,False,csv:P_alta; csv:P_baja; extra:T_fuente; extra:T_sumidero; csv:x_b; extra:m_b; csv:eta_t; csv:eta_p; csv:eps_hrvg; csv:eps_reg; csv:eps_cond,"bracket_sonda: T2_sonda=582.8 K > dew=495.9 K (sobrecalentado: sonda T1 del arranque del bracket pega el estado 2 fuera de campana) || equilibrio_liquido_vapor(P=4500.0 kPa, T=582.7998686740774 K): no",True,CORREGIBLE,0.170853,244.8542,393.7366,8,0,19,115.1,,"[CORREGIBLE] O1: título de vapor a la salida de la turbina bajo el umbral tecnológico usual (erosión de álabes) (medido=0.8673468796600456, esperado=>= 0.90). Causa probable: expansión hasta P_baja de","O1,O2",,,,,0,False,
4500|293.413|583.15|300.033|0.45|1|0.85|0.75|0.8|0.75|0.8|303.55,615,102,27548,barridos_2026-09-19/b0_scan_cementera.csv,1,4500.0,293.41308192387106,583.15,300.032917,0.45,1.0,0.85,0.75,0.8,0.75,0.8,303.55,False,csv:P_alta; csv:P_baja; extra:T_fuente; extra:T_sumidero; csv:x_b; extra:m_b; csv:eta_t; csv:eta_p; csv:eps_hrvg; csv:eps_reg; csv:eps_cond,"bracket_sonda: T2_sonda=582.9 K > dew=495.9 K (sobrecalentado: sonda T1 del arranque del bracket pega el estado 2 fuera de campana) || equilibrio_liquido_vapor(P=4500.0 kPa, T=582.9499077845537 K): no",True,CORREGIBLE,0.172829,304.2986,394.52,10,0,22,120.0,,"[CORREGIBLE] O1: título de vapor a la salida de la turbina bajo el umbral tecnológico usual (erosión de álabes) (medido=0.8646540654942745, esperado=>= 0.90). Causa probable: expansión hasta P_baja de","O1,O2",,,,,0,False,
4500|380.465|583.15|300.033|0.5|1|0.85|0.75|0.5|0.75|0.8|303.55,617,110,20368,barridos_2026-09-19/b0_scan_cementera.csv,1,4500.0,380.4651667449188,583.15,300.032917,0.5,1.0,0.85,0.75,0.5,0.75,0.8,303.55,False,csv:P_alta; csv:P_baja; extra:T_fuente; extra:T_sumidero; csv:x_b; extra:m_b; csv:eta_t; csv:eta_p; csv:eps_hrvg; csv:eps_reg; csv:eps_cond,"bracket_sonda: T2_sonda=582.6 K > dew=491.2 K (sobrecalentado: sonda T1 del arranque del bracket pega el estado 2 fuera de campana) || equilibrio_liquido_vapor(P=4500.0 kPa, T=582.64987776571 K): no e",True,CORREGIBLE,0.158528,172.0061,389.7588,10,0,20,99.6,,"[CORREGIBLE] O1: título de vapor a la salida de la turbina bajo el umbral tecnológico usual (erosión de álabes) (medido=0.8806334176005167, esperado=>= 0.90). Causa probable: expansión hasta P_baja de","O1,O2",,,,,0,False,
4500|380.465|583.15|300.033|0.5|1|0.85|0.75|0.65|0.75|0.8|303.55,618,97,22476,barridos_2026-09-19/b0_scan_cementera.csv,1,4500.0,380.4651667449188,583.15,300.032917,0.5,1.0,0.85,0.75,0.65,0.75,0.8,303.55,False,csv:P_alta; csv:P_baja; extra:T_fuente; extra:T_sumidero; csv:x_b; extra:m_b; csv:eta_t; csv:eta_p; csv:eps_hrvg; csv:eps_reg; csv:eps_cond,"bracket_sonda: T2_sonda=582.8 K > dew=491.2 K (sobrecalentado: sonda T1 del arranque del bracket pega el estado 2 fuera de campana) || equilibrio_liquido_vapor(P=4500.0 kPa, T=582.7998888622953 K): no",True,CORREGIBLE,0.160248,225.772,390.2528,8,0,21,122.1,,"[CORREGIBLE] O1: título de vapor a la salida de la turbina bajo el umbral tecnológico usual (erosión de álabes) (medido=0.8767915349114538, esperado=>= 0.90). Causa probable: expansión hasta P_baja de","O1,O2",,,,,0,False,
4500|380.465|583.15|300.033|0.5|1|0.85|0.75|0.8|0.75|0.8|303.55,619,104,22892,barridos_2026-09-19/b0_scan_cementera.csv,1,4500.0,380.4651667449188,583.15,300.032917,0.5,1.0,0.85,0.75,0.8,0.75,0.8,303.55,False,csv:P_alta; csv:P_baja; extra:T_fuente; extra:T_sumidero; csv:x_b; extra:m_b; csv:eta_t; csv:eta_p; csv:eps_hrvg; csv:eps_reg; csv:eps_cond,"bracket_sonda: T2_sonda=582.9 K > dew=491.2 K (sobrecalentado: sonda T1 del arranque del bracket pega el estado 2 fuera de campana) || equilibrio_liquido_vapor(P=4500.0 kPa, T=582.9499219043236 K): no",True,CORREGIBLE,0.16082,277.7874,391.8935,9,0,24,124.2,,"[CORREGIBLE] O1: título de vapor a la salida de la turbina bajo el umbral tecnológico usual (erosión de álabes) (medido=0.8739490375036564, esperado=>= 0.90). Causa probable: expansión hasta P_baja de","O1,O2",,,,,0,False,
4500|476.253|583.15|300.033|0.55|1|0.85|0.75|0.65|0.75|0.8|303.55,622,103,27548,barridos_2026-09-19/b0_scan_cementera.csv,1,4500.0,476.2531387660478,583.15,300.032917,0.55,1.0,0.85,0.75,0.65,0.75,0.8,303.55,False,csv:P_alta; csv:P_baja; extra:T_fuente; extra:T_sumidero; csv:x_b; extra:m_b; csv:eta_t; csv:eta_p; csv:eps_hrvg; csv:eps_reg; csv:eps_cond,"bracket_sonda: T2_sonda=582.8 K > dew=486.1 K (sobrecalentado: sonda T1 del arranque del bracket pega el estado 2 fuera de campana) || equilibrio_liquido_vapor(P=4500.0 kPa, T=582.7999077937342 K): no",False,NO_CONVERGIO,,,,,,,62.5,punto interior no evaluable,CicloNoConvergeError: punto interior no evaluable durante brentq (T=301.032917 K),,,,,,,,
4500|476.253|583.15|300.033|0.55|1|0.85|0.75|0.5|0.75|0.8|303.55,621,106,26924,barridos_2026-09-19/b0_scan_cementera.csv,1,4500.0,476.2531387660478,583.15,300.032917,0.55,1.0,0.85,0.75,0.5,0.75,0.8,303.55,False,csv:P_alta; csv:P_baja; extra:T_fuente; extra:T_sumidero; csv:x_b; extra:m_b; csv:eta_t; csv:eta_p; csv:eps_hrvg; csv:eps_reg; csv:eps_cond,"bracket_sonda: T2_sonda=582.6 K > dew=486.1 K (sobrecalentado: sonda T1 del arranque del bracket pega el estado 2 fuera de campana) || equilibrio_liquido_vapor(P=4500.0 kPa, T=582.6498985805763 K): no",True,CORREGIBLE,0.150872,160.9707,385.0804,8,0,21,96.6,,"[CORREGIBLE] O1: título de vapor a la salida de la turbina bajo el umbral tecnológico usual (erosión de álabes) (medido=0.8895330316528551, esperado=>= 0.90). Causa probable: expansión hasta P_baja de","O1,O2",,,,,0,False,
4500|380.465|583.15|300.033|0.5|1|0.85|0.75|0.9|0.75|0.8|303.55,620,99,25144,barridos_2026-09-19/b0_scan_cementera.csv,1,4500.0,380.4651667449188,583.15,300.032917,0.5,1.0,0.85,0.75,0.9,0.75,0.8,303.55,False,csv:P_alta; csv:P_baja; extra:T_fuente; extra:T_sumidero; csv:x_b; extra:m_b; csv:eta_t; csv:eta_p; csv:eps_hrvg; csv:eps_reg; csv:eps_cond,"bracket_sonda: T2_sonda=583.0 K > dew=491.2 K (sobrecalentado: sonda T1 del arranque del bracket pega el estado 2 fuera de campana) || equilibrio_liquido_vapor(P=4500.0 kPa, T=583.0499560963282 K): no",False,NO_CONVERGIO,,,,,,,114.5,sin cambio de signo,"CicloNoConvergeError: extremos [301.0329, 352.1500] K sin cambio de signo de F (F(lo)=96.047, F(hi)=53.948)",,,,,,,,
4500|476.253|583.15|300.033|0.55|1|0.85|0.75|0.8|0.75|0.8|303.55,623,111,20368,barridos_2026-09-19/b0_scan_cementera.csv,1,4500.0,476.2531387660478,583.15,300.032917,0.55,1.0,0.85,0.75,0.8,0.75,0.8,303.55,False,csv:P_alta; csv:P_baja; extra:T_fuente; extra:T_sumidero; csv:x_b; extra:m_b; csv:eta_t; csv:eta_p; csv:eps_hrvg; csv:eps_reg; csv:eps_cond,"bracket_sonda: T2_sonda=582.9 K > dew=486.1 K (sobrecalentado: sonda T1 del arranque del bracket pega el estado 2 fuera de campana) || equilibrio_liquido_vapor(P=4500.0 kPa, T=582.9499352116528 K): no",True,CORREGIBLE,0.150318,254.0935,389.1314,9,0,26,143.0,,"[CORREGIBLE] O1: título de vapor a la salida de la turbina bajo el umbral tecnológico usual (erosión de álabes) (medido=0.8824996265294469, esperado=>= 0.90). Causa probable: expansión hasta P_baja de","O1,O2",,,,,0,False,
4500|476.253|583.15|300.033|0.55|1|0.85|0.75|0.9|0.75|0.8|303.55,624,98,22476,barridos_2026-09-19/b0_scan_cementera.csv,1,4500.0,476.2531387660478,583.15,300.032917,0.55,1.0,0.85,0.75,0.9,0.75,0.8,303.55,False,csv:P_alta; csv:P_baja; extra:T_fuente; extra:T_sumidero; csv:x_b; extra:m_b; csv:eta_t; csv:eta_p; csv:eps_hrvg; csv:eps_reg; csv:eps_cond,"bracket_sonda: T2_sonda=583.0 K > dew=486.1 K (sobrecalentado: sonda T1 del arranque del bracket pega el estado 2 fuera de campana) || equilibrio_liquido_vapor(P=4500.0 kPa, T=583.0499635790477 K): no",False,NO_CONVERGIO,,,,,,,134.1,sin cambio de signo,"CicloNoConvergeError: extremos [301.0329, 322.1500] K sin cambio de signo de F (F(lo)=97.989, F(hi)=78.476)",,,,,,,,
4500|575.702|583.15|300.033|0.6|1|0.85|0.75|0.5|0.75|0.8|303.55,625,105,22892,barridos_2026-09-19/b0_scan_cementera.csv,1,4500.0,575.7018172219059,583.15,300.032917,0.6,1.0,0.85,0.75,0.5,0.75,0.8,303.55,False,csv:P_alta; csv:P_baja; extra:T_fuente; extra:T_sumidero; csv:x_b; extra:m_b; csv:eta_t; csv:eta_p; csv:eps_hrvg; csv:eps_reg; csv:eps_cond,"bracket_sonda: T2_sonda=582.6 K > dew=480.6 K (sobrecalentado: sonda T1 del arranque del bracket pega el estado 2 fuera de campana) || equilibrio_liquido_vapor(P=4500.0 kPa, T=582.6499178899375 K): no",True,CORREGIBLE,0.144655,151.3891,380.3656,9,0,22,135.4,,"[CORREGIBLE] O1: título de vapor a la salida de la turbina bajo el umbral tecnológico usual (erosión de álabes) (medido=0.897635607385419, esperado=>= 0.90). Causa probable: expansión hasta P_baja dej","O1,O2",,,,,7,False,
4500|575.702|583.15|300.033|0.6|1|0.85|0.75|0.9|0.75|0.8|303.55,628,100,25144,barridos_2026-09-19/b0_scan_cementera.csv,1,4500.0,575.7018172219059,583.15,300.032917,0.6,1.0,0.85,0.75,0.9,0.75,0.8,303.55,False,csv:P_alta; csv:P_baja; extra:T_fuente; extra:T_sumidero; csv:x_b; extra:m_b; csv:eta_t; csv:eta_p; csv:eps_hrvg; csv:eps_reg; csv:eps_cond,"lado_frio(P_baja=575.7 kPa, estado fuera del dominio/cobertura del motor teqp — sin relacion con la campana de la sonda || T_from_Ph(P, h, x): el motor teqp no cubre el estado pedido (ver TASK_CONTEXT",False,NO_CONVERGIO,,,,,,,132.1,sin extremos evaluables,"CicloNoConvergeError: sin dos extremos evaluables en el rango físico de T1 (repliegues_lo=56, repliegues_hi=0, paso=5.0 K)",,,,,,,,
4500|575.702|583.15|300.033|0.6|1|0.85|0.75|0.8|0.75|0.8|303.55,627,107,26924,barridos_2026-09-19/b0_scan_cementera.csv,1,4500.0,575.7018172219059,583.15,300.032917,0.6,1.0,0.85,0.75,0.8,0.75,0.8,303.55,False,csv:P_alta; csv:P_baja; extra:T_fuente; extra:T_sumidero; csv:x_b; extra:m_b; csv:eta_t; csv:eta_p; csv:eps_hrvg; csv:eps_reg; csv:eps_cond,"bracket_sonda: T2_sonda=582.9 K > dew=480.6 K (sobrecalentado: sonda T1 del arranque del bracket pega el estado 2 fuera de campana) || equilibrio_liquido_vapor(P=4500.0 kPa, T=582.9499475563136 K): no",True,CORREGIBLE,0.141578,233.6197,386.2115,8,0,29,151.9,,"[CORREGIBLE] O1: título de vapor a la salida de la turbina bajo el umbral tecnológico usual (erosión de álabes) (medido=0.8902053846104461, esperado=>= 0.90). Causa probable: expansión hasta P_baja de","O1,O2",,,,,0,False,
4500|575.702|583.15|300.033|0.6|1|0.85|0.75|0.65|0.75|0.8|303.55,626,104,27548,barridos_2026-09-19/b0_scan_cementera.csv,1,4500.0,575.7018172219059,583.15,300.032917,0.6,1.0,0.85,0.75,0.65,0.75,0.8,303.55,False,csv:P_alta; csv:P_baja; extra:T_fuente; extra:T_sumidero; csv:x_b; extra:m_b; csv:eta_t; csv:eta_p; csv:eps_hrvg; csv:eps_reg; csv:eps_cond,"bracket_sonda: T2_sonda=582.8 K > dew=480.6 K (sobrecalentado: sonda T1 del arranque del bracket pega el estado 2 fuera de campana) || equilibrio_liquido_vapor(P=4500.0 kPa, T=582.7999253557668 K): no",True,CORREGIBLE,0.143527,193.978,383.0338,8,0,24,179.8,,"[CORREGIBLE] O1: título de vapor a la salida de la turbina bajo el umbral tecnológico usual (erosión de álabes) (medido=0.8932987047557287, esperado=>= 0.90). Causa probable: expansión hasta P_baja de","O1,O2",,,,,7,False,
4500|673.345|583.15|300.033|0.65|1|0.85|0.75|0.5|0.75|0.8|303.55,629,112,20368,barridos_2026-09-19/b0_scan_cementera.csv,1,4500.0,673.3448664612341,583.15,300.032917,0.65,1.0,0.85,0.75,0.5,0.75,0.8,303.55,False,csv:P_alta; csv:P_baja; extra:T_fuente; extra:T_sumidero; csv:x_b; extra:m_b; csv:eta_t; csv:eta_p; csv:eps_hrvg; csv:eps_reg; csv:eps_cond,"bracket_sonda: T2_sonda=582.6 K > dew=474.7 K (sobrecalentado: sonda T1 del arranque del bracket pega el estado 2 fuera de campana) || equilibrio_liquido_vapor(P=4500.0 kPa, T=582.6499357975489 K): no",True,CORREGIBLE,0.139978,143.3451,375.5976,9,0,23,112.7,,"[CORREGIBLE] O2: succión de la bomba bifásica bajo el peor caso de T_amb (riesgo de cavitación) (medido=309.8826668216341, esperado=<= 303.033 K). Causa probable: subenfriamiento insuficiente a la sal",O2,,,,,0,False,
4500|673.345|583.15|300.033|0.65|1|0.85|0.75|0.65|0.75|0.8|303.55,630,99,22476,barridos_2026-09-19/b0_scan_cementera.csv,1,4500.0,673.3448664612341,583.15,300.032917,0.65,1.0,0.85,0.75,0.65,0.75,0.8,303.55,False,csv:P_alta; csv:P_baja; extra:T_fuente; extra:T_sumidero; csv:x_b; extra:m_b; csv:eta_t; csv:eta_p; csv:eps_hrvg; csv:eps_reg; csv:eps_cond,"bracket_sonda: T2_sonda=582.8 K > dew=474.7 K (sobrecalentado: sonda T1 del arranque del bracket pega el estado 2 fuera de campana) || equilibrio_liquido_vapor(P=4500.0 kPa, T=582.7999416428223 K): no",True,CORREGIBLE,0.137815,181.7509,379.2611,8,0,25,142.7,,"[CORREGIBLE] O2: succión de la bomba bifásica bajo el peor caso de T_amb (riesgo de cavitación) (medido=312.4033945282473, esperado=<= 303.033 K). Causa probable: subenfriamiento insuficiente a la sal",O2,,,,,0,False,
4500|673.345|583.15|300.033|0.65|1|0.85|0.75|0.9|0.75|0.8|303.55,632,101,25144,barridos_2026-09-19/b0_scan_cementera.csv,1,4500.0,673.3448664612341,583.15,300.032917,0.65,1.0,0.85,0.75,0.9,0.75,0.8,303.55,False,csv:P_alta; csv:P_baja; extra:T_fuente; extra:T_sumidero; csv:x_b; extra:m_b; csv:eta_t; csv:eta_p; csv:eps_hrvg; csv:eps_reg; csv:eps_cond,"lado_frio(P_baja=673.3 kPa, estado fuera del dominio/cobertura del motor teqp — sin relacion con la campana de la sonda || T_from_Ph(P, h, x): el motor teqp no cubre el estado pedido (ver TASK_CONTEXT",False,NO_CONVERGIO,,,,,,,121.8,sin extremos evaluables,"CicloNoConvergeError: sin dos extremos evaluables en el rango físico de T1 (repliegues_lo=56, repliegues_hi=0, paso=5.0 K)",,,,,,,,
4500|764.638|583.15|300.033|0.7|1|0.85|0.75|0.5|0.75|0.8|303.55,633,108,26924,barridos_2026-09-19/b0_scan_cementera.csv,1,4500.0,764.6376026707513,583.15,300.032917,0.7,1.0,0.85,0.75,0.5,0.75,0.8,303.55,False,csv:P_alta; csv:P_baja; extra:T_fuente; extra:T_sumidero; csv:x_b; extra:m_b; csv:eta_t; csv:eta_p; csv:eps_hrvg; csv:eps_reg; csv:eps_cond,"bracket_sonda: T2_sonda=582.6 K > dew=468.2 K (sobrecalentado: sonda T1 del arranque del bracket pega el estado 2 fuera de campana) || equilibrio_liquido_vapor(P=4500.0 kPa, T=582.6499523952821 K): no",True,CORREGIBLE,0.136781,136.7361,370.7621,8,0,25,122.5,,"[CORREGIBLE] O2: succión de la bomba bifásica bajo el peor caso de T_amb (riesgo de cavitación) (medido=308.32065928957985, esperado=<= 303.033 K). Causa probable: subenfriamiento insuficiente a la sa",O2,,,,,0,False,
4500|673.345|583.15|300.033|0.65|1|0.85|0.75|0.8|0.75|0.8|303.55,631,106,22892,barridos_2026-09-19/b0_scan_cementera.csv,1,4500.0,673.3448664612341,583.15,300.032917,0.65,1.0,0.85,0.75,0.8,0.75,0.8,303.55,False,csv:P_alta; csv:P_baja; extra:T_fuente; extra:T_sumidero; csv:x_b; extra:m_b; csv:eta_t; csv:eta_p; csv:eps_hrvg; csv:eps_reg; csv:eps_cond,"bracket_sonda: T2_sonda=582.9 K > dew=474.7 K (sobrecalentado: sonda T1 del arranque del bracket pega el estado 2 fuera de campana) || equilibrio_liquido_vapor(P=4500.0 kPa, T=582.9499590047309 K): no",True,CORREGIBLE,0.134785,216.5873,383.1042,9,0,32,170.8,,"[CORREGIBLE] O1: título de vapor a la salida de la turbina bajo el umbral tecnológico usual (erosión de álabes) (medido=0.8970271449516076, esperado=>= 0.90). Causa probable: expansión hasta P_baja de","O1,O2",,,,,0,False,
4500|764.638|583.15|300.033|0.7|1|0.85|0.75|0.65|0.75|0.8|303.55,634,105,27548,barridos_2026-09-19/b0_scan_cementera.csv,1,4500.0,764.6376026707513,583.15,300.032917,0.7,1.0,0.85,0.75,0.65,0.75,0.8,303.55,False,csv:P_alta; csv:P_baja; extra:T_fuente; extra:T_sumidero; csv:x_b; extra:m_b; csv:eta_t; csv:eta_p; csv:eps_hrvg; csv:eps_reg; csv:eps_cond,"bracket_sonda: T2_sonda=582.8 K > dew=468.2 K (sobrecalentado: sonda T1 del arranque del bracket pega el estado 2 fuera de campana) || equilibrio_liquido_vapor(P=4500.0 kPa, T=582.7999567385058 K): no",True,CORREGIBLE,0.133967,171.9921,375.3551,8,0,27,150.7,,"[CORREGIBLE] O2: succión de la bomba bifásica bajo el peor caso de T_amb (riesgo de cavitación) (medido=310.2756606273824, esperado=<= 303.033 K). Causa probable: subenfriamiento insuficiente a la sal",O2,,,,,0,False,
4500|764.638|583.15|300.033|0.7|1|0.85|0.75|0.8|0.75|0.8|303.55,635,113,20368,barridos_2026-09-19/b0_scan_cementera.csv,1,4500.0,764.6376026707513,583.15,300.032917,0.7,1.0,0.85,0.75,0.8,0.75,0.8,303.55,False,csv:P_alta; csv:P_baja; extra:T_fuente; extra:T_sumidero; csv:x_b; extra:m_b; csv:eta_t; csv:eta_p; csv:eps_hrvg; csv:eps_reg; csv:eps_cond,"bracket_sonda: T2_sonda=582.9 K > dew=468.2 K (sobrecalentado: sonda T1 del arranque del bracket pega el estado 2 fuera de campana) || equilibrio_liquido_vapor(P=4500.0 kPa, T=582.9499696157108 K): no",True,CORREGIBLE,0.130019,202.9887,379.3919,8,0,35,168.4,,"[CORREGIBLE] O2: succión de la bomba bifásica bajo el peor caso de T_amb (riesgo de cavitación) (medido=312.5163460683071, esperado=<= 303.033 K). Causa probable: subenfriamiento insuficiente a la sal",O2,,,,,0,False,
5000|157.885|583.15|300.033|0.35|1|0.85|0.75|0.5|0.75|0.8|303.55,637,102,25144,barridos_2026-09-19/b0_scan_cementera.csv,1,5000.0,157.88536139565775,583.15,300.032917,0.35,1.0,0.85,0.75,0.5,0.75,0.8,303.55,False,csv:P_alta; csv:P_baja; extra:T_fuente; extra:T_sumidero; csv:x_b; extra:m_b; csv:eta_t; csv:eta_p; csv:eps_hrvg; csv:eps_reg; csv:eps_cond,"bracket_sonda: T2_sonda=582.6 K > dew=510.4 K (sobrecalentado: sonda T1 del arranque del bracket pega el estado 2 fuera de campana) || equilibrio_liquido_vapor(P=5000.0 kPa, T=582.6497654567917 K): no",True,CORREGIBLE,0.191501,213.04,406.1796,8,0,15,97.7,,"[CORREGIBLE] O1: título de vapor a la salida de la turbina bajo el umbral tecnológico usual (erosión de álabes) (medido=0.8435787773424013, esperado=>= 0.90). Causa probable: expansión hasta P_baja de","O1,O2",,,,,0,False,
4500|764.638|583.15|300.033|0.7|1|0.85|0.75|0.9|0.75|0.8|303.55,636,100,22476,barridos_2026-09-19/b0_scan_cementera.csv,1,4500.0,764.6376026707513,583.15,300.032917,0.7,1.0,0.85,0.75,0.9,0.75,0.8,303.55,False,csv:P_alta; csv:P_baja; extra:T_fuente; extra:T_sumidero; csv:x_b; extra:m_b; csv:eta_t; csv:eta_p; csv:eps_hrvg; csv:eps_reg; csv:eps_cond,"lado_frio(P_baja=764.6 kPa, estado fuera del dominio/cobertura del motor teqp — sin relacion con la campana de la sonda || T_from_Ph(P, h, x): el motor teqp no cubre el estado pedido (ver TASK_CONTEXT",False,NO_CONVERGIO,,,,,,,138.0,sin extremos evaluables,"CicloNoConvergeError: sin dos extremos evaluables en el rango físico de T1 (repliegues_lo=56, repliegues_hi=0, paso=5.0 K)",,,,,,,,
5000|157.885|583.15|300.033|0.35|1|0.85|0.75|0.65|0.75|0.8|303.55,638,109,26924,barridos_2026-09-19/b0_scan_cementera.csv,1,5000.0,157.88536139565775,583.15,300.032917,0.35,1.0,0.85,0.75,0.65,0.75,0.8,303.55,False,csv:P_alta; csv:P_baja; extra:T_fuente; extra:T_sumidero; csv:x_b; extra:m_b; csv:eta_t; csv:eta_p; csv:eps_hrvg; csv:eps_reg; csv:eps_cond,"bracket_sonda: T2_sonda=582.8 K > dew=510.4 K (sobrecalentado: sonda T1 del arranque del bracket pega el estado 2 fuera de campana) || equilibrio_liquido_vapor(P=5000.0 kPa, T=582.799786727604 K): no ",True,CORREGIBLE,0.199889,291.8409,401.8649,8,0,16,109.7,,"[CORREGIBLE] O1: título de vapor a la salida de la turbina bajo el umbral tecnológico usual (erosión de álabes) (medido=0.8403700249966655, esperado=>= 0.90). Causa probable: expansión hasta P_baja de","O1,O2",,,,,0,False,
5000|157.885|583.15|300.033|0.35|1|0.85|0.75|0.8|0.75|0.8|303.55,639,107,22892,barridos_2026-09-19/b0_scan_cementera.csv,1,5000.0,157.88536139565775,583.15,300.032917,0.35,1.0,0.85,0.75,0.8,0.75,0.8,303.55,False,csv:P_alta; csv:P_baja; extra:T_fuente; extra:T_sumidero; csv:x_b; extra:m_b; csv:eta_t; csv:eta_p; csv:eps_hrvg; csv:eps_reg; csv:eps_cond,"bracket_sonda: T2_sonda=582.9 K > dew=510.4 K (sobrecalentado: sonda T1 del arranque del bracket pega el estado 2 fuera de campana) || equilibrio_liquido_vapor(P=5000.0 kPa, T=582.9498501622762 K): no",True,CORREGIBLE,0.205638,371.4304,399.4947,8,0,18,118.2,,"[CORREGIBLE] O1: título de vapor a la salida de la turbina bajo el umbral tecnológico usual (erosión de álabes) (medido=0.8379739053429469, esperado=>= 0.90). Causa probable: expansión hasta P_baja de","O1,O2",,,,,0,False,
5000|218.689|583.15|300.033|0.4|1|0.85|0.75|0.5|0.75|0.8|303.55,641,114,20368,barridos_2026-09-19/b0_scan_cementera.csv,1,5000.0,218.6892492858801,583.15,300.032917,0.4,1.0,0.85,0.75,0.5,0.75,0.8,303.55,False,csv:P_alta; csv:P_baja; extra:T_fuente; extra:T_sumidero; csv:x_b; extra:m_b; csv:eta_t; csv:eta_p; csv:eps_hrvg; csv:eps_reg; csv:eps_cond,"bracket_sonda: T2_sonda=582.6 K > dew=506.0 K (sobrecalentado: sonda T1 del arranque del bracket pega el estado 2 fuera de campana) || equilibrio_liquido_vapor(P=5000.0 kPa, T=582.6497960619932 K): no",True,CORREGIBLE,0.181409,199.9624,401.4053,9,0,16,84.4,,"[CORREGIBLE] O1: título de vapor a la salida de la turbina bajo el umbral tecnológico usual (erosión de álabes) (medido=0.854305950151005, esperado=>= 0.90). Causa probable: expansión hasta P_baja dej","O1,O2",,,,,0,False,
5000|218.689|583.15|300.033|0.4|1|0.85|0.75|0.65|0.75|0.8|303.55,642,103,25144,barridos_2026-09-19/b0_scan_cementera.csv,1,5000.0,218.6892492858801,583.15,300.032917,0.4,1.0,0.85,0.75,0.65,0.75,0.8,303.55,False,csv:P_alta; csv:P_baja; extra:T_fuente; extra:T_sumidero; csv:x_b; extra:m_b; csv:eta_t; csv:eta_p; csv:eps_hrvg; csv:eps_reg; csv:eps_cond,"bracket_sonda: T2_sonda=582.8 K > dew=506.0 K (sobrecalentado: sonda T1 del arranque del bracket pega el estado 2 fuera de campana) || equilibrio_liquido_vapor(P=5000.0 kPa, T=582.7998145587675 K): no",True,CORREGIBLE,0.187753,270.8733,398.3959,9,0,17,92.9,,"[CORREGIBLE] O1: título de vapor a la salida de la turbina bajo el umbral tecnológico usual (erosión de álabes) (medido=0.8507969271272751, esperado=>= 0.90). Causa probable: expansión hasta P_baja de","O1,O2",,,,,0,False,
5000|293.413|583.15|300.033|0.45|1|0.85|0.75|0.5|0.75|0.8|303.55,645,108,22892,barridos_2026-09-19/b0_scan_cementera.csv,1,5000.0,293.41308192387106,583.15,300.032917,0.45,1.0,0.85,0.75,0.5,0.75,0.8,303.55,False,csv:P_alta; csv:P_baja; extra:T_fuente; extra:T_sumidero; csv:x_b; extra:m_b; csv:eta_t; csv:eta_p; csv:eps_hrvg; csv:eps_reg; csv:eps_cond,"bracket_sonda: T2_sonda=582.6 K > dew=501.3 K (sobrecalentado: sonda T1 del arranque del bracket pega el estado 2 fuera de campana) || equilibrio_liquido_vapor(P=5000.0 kPa, T=582.6498240208944 K): no",True,CORREGIBLE,0.172043,187.4815,396.5828,9,0,17,90.4,,"[CORREGIBLE] O1: título de vapor a la salida de la turbina bajo el umbral tecnológico usual (erosión de álabes) (medido=0.8645245258140363, esperado=>= 0.90). Causa probable: expansión hasta P_baja de","O1,O2",,,,,0,False,
5000|218.689|583.15|300.033|0.4|1|0.85|0.75|0.8|0.75|0.8|303.55,643,101,22476,barridos_2026-09-19/b0_scan_cementera.csv,1,5000.0,218.6892492858801,583.15,300.032917,0.4,1.0,0.85,0.75,0.8,0.75,0.8,303.55,False,csv:P_alta; csv:P_baja; extra:T_fuente; extra:T_sumidero; csv:x_b; extra:m_b; csv:eta_t; csv:eta_p; csv:eps_hrvg; csv:eps_reg; csv:eps_cond,"bracket_sonda: T2_sonda=582.9 K > dew=506.0 K (sobrecalentado: sonda T1 del arranque del bracket pega el estado 2 fuera de campana) || equilibrio_liquido_vapor(P=5000.0 kPa, T=582.9498697188159 K): no",True,CORREGIBLE,0.191911,341.7922,397.0496,8,0,19,136.6,,"[CORREGIBLE] O1: título de vapor a la salida de la turbina bajo el umbral tecnológico usual (erosión de álabes) (medido=0.8481667025115428, esperado=>= 0.90). Causa probable: expansión hasta P_baja de","O1,O2",,,,,3,False,
5000|157.885|583.15|300.033|0.35|1|0.85|0.75|0.9|0.75|0.8|303.55,640,106,27548,barridos_2026-09-19/b0_scan_cementera.csv,1,5000.0,157.88536139565775,583.15,300.032917,0.35,1.0,0.85,0.75,0.9,0.75,0.8,303.55,False,csv:P_alta; csv:P_baja; extra:T_fuente; extra:T_sumidero; csv:x_b; extra:m_b; csv:eta_t; csv:eta_p; csv:eps_hrvg; csv:eps_reg; csv:eps_cond,"bracket_sonda: T2_sonda=583.0 K > dew=510.4 K (sobrecalentado: sonda T1 del arranque del bracket pega el estado 2 fuera de campana) || equilibrio_liquido_vapor(P=5000.0 kPa, T=583.0499158335899 K): no",True,NO_CONVERGIO,0.222969,452.6363,399.9421,9,0,27,201.3,,"[NO_CONVERGIO] N2: el balance global de energía no cierra dentro de la tolerancia (medido=120.45747002876232, esperado=<= 2.03004 kW (1e-3 relativo a Qi)). Causa probable: residuo numérico del lazo de","N2,O1,O2,O5,C1,C3,C3",,,,,9,False,
5000|218.689|583.15|300.033|0.4|1|0.85|0.75|0.9|0.75|0.8|303.55,644,110,26924,barridos_2026-09-19/b0_scan_cementera.csv,1,5000.0,218.6892492858801,583.15,300.032917,0.4,1.0,0.85,0.75,0.9,0.75,0.8,303.55,False,csv:P_alta; csv:P_baja; extra:T_fuente; extra:T_sumidero; csv:x_b; extra:m_b; csv:eta_t; csv:eta_p; csv:eps_hrvg; csv:eps_reg; csv:eps_cond,"bracket_sonda: T2_sonda=583.0 K > dew=506.0 K (sobrecalentado: sonda T1 del arranque del bracket pega el estado 2 fuera de campana) || equilibrio_liquido_vapor(P=5000.0 kPa, T=583.0499268216607 K): no",True,NO_CONVERGIO,0.249079,492.3956,403.0102,11,0,31,159.1,,"[NO_CONVERGIO] N2: el balance global de energía no cierra dentro de la tolerancia (medido=496.4212906420182, esperado=<= 1.97687 kW (1e-3 relativo a Qi)). Causa probable: residuo numérico del lazo de ","N2,O1,O2,O5,C1,C3,C3",,,,,0,False,
5000|293.413|583.15|300.033|0.45|1|0.85|0.75|0.65|0.75|0.8|303.55,646,115,20368,barridos_2026-09-19/b0_scan_cementera.csv,1,5000.0,293.41308192387106,583.15,300.032917,0.45,1.0,0.85,0.75,0.65,0.75,0.8,303.55,False,csv:P_alta; csv:P_baja; extra:T_fuente; extra:T_sumidero; csv:x_b; extra:m_b; csv:eta_t; csv:eta_p; csv:eps_hrvg; csv:eps_reg; csv:eps_cond,"bracket_sonda: T2_sonda=582.8 K > dew=501.3 K (sobrecalentado: sonda T1 del arranque del bracket pega el estado 2 fuera de campana) || equilibrio_liquido_vapor(P=5000.0 kPa, T=582.7998399751158 K): no",True,CORREGIBLE,0.176464,251.0029,394.8318,8,0,18,101.6,,"[CORREGIBLE] O1: título de vapor a la salida de la turbina bajo el umbral tecnológico usual (erosión de álabes) (medido=0.8607527996865638, esperado=>= 0.90). Causa probable: expansión hasta P_baja de","O1,O2",,,,,0,False,
5000|293.413|583.15|300.033|0.45|1|0.85|0.75|0.9|0.75|0.8|303.55,648,109,22892,barridos_2026-09-19/b0_scan_cementera.csv,1,5000.0,293.41308192387106,583.15,300.032917,0.45,1.0,0.85,0.75,0.9,0.75,0.8,303.55,False,csv:P_alta; csv:P_baja; extra:T_fuente; extra:T_sumidero; csv:x_b; extra:m_b; csv:eta_t; csv:eta_p; csv:eps_hrvg; csv:eps_reg; csv:eps_cond,"bracket_sonda: T2_sonda=583.0 K > dew=501.3 K (sobrecalentado: sonda T1 del arranque del bracket pega el estado 2 fuera de campana) || equilibrio_liquido_vapor(P=5000.0 kPa, T=583.0499367378692 K): no",False,NO_CONVERGIO,,,,,,,63.5,sin cambio de signo,"CicloNoConvergeError: extremos [301.0329, 402.1500] K sin cambio de signo de F (F(lo)=94.092, F(hi)=6.0682)",,,,,,,,
5000|293.413|583.15|300.033|0.45|1|0.85|0.75|0.8|0.75|0.8|303.55,647,104,25144,barridos_2026-09-19/b0_scan_cementera.csv,1,5000.0,293.41308192387106,583.15,300.032917,0.45,1.0,0.85,0.75,0.8,0.75,0.8,303.55,False,csv:P_alta; csv:P_baja; extra:T_fuente; extra:T_sumidero; csv:x_b; extra:m_b; csv:eta_t; csv:eta_p; csv:eps_hrvg; csv:eps_reg; csv:eps_cond,"bracket_sonda: T2_sonda=582.9 K > dew=501.3 K (sobrecalentado: sonda T1 del arranque del bracket pega el estado 2 fuera de campana) || equilibrio_liquido_vapor(P=5000.0 kPa, T=582.9498875228045 K): no",True,CORREGIBLE,0.179092,313.7994,394.4561,8,0,21,110.2,,"[CORREGIBLE] O1: título de vapor a la salida de la turbina bajo el umbral tecnológico usual (erosión de álabes) (medido=0.857922587402413, esperado=>= 0.90). Causa probable: expansión hasta P_baja dej","O1,O2",,,,,0,False,
5000|380.465|583.15|300.033|0.5|1|0.85|0.75|0.5|0.75|0.8|303.55,649,102,22476,barridos_2026-09-19/b0_scan_cementera.csv,1,5000.0,380.4651667449188,583.15,300.032917,0.5,1.0,0.85,0.75,0.5,0.75,0.8,303.55,False,csv:P_alta; csv:P_baja; extra:T_fuente; extra:T_sumidero; csv:x_b; extra:m_b; csv:eta_t; csv:eta_p; csv:eps_hrvg; csv:eps_reg; csv:eps_cond,"bracket_sonda: T2_sonda=582.6 K > dew=496.4 K (sobrecalentado: sonda T1 del arranque del bracket pega el estado 2 fuera de campana) || equilibrio_liquido_vapor(P=5000.0 kPa, T=582.649850272518 K): no ",True,CORREGIBLE,0.163669,175.9109,391.7311,9,0,18,79.5,,"[CORREGIBLE] O1: título de vapor a la salida de la turbina bajo el umbral tecnológico usual (erosión de álabes) (medido=0.8741030330087225, esperado=>= 0.90). Causa probable: expansión hasta P_baja de","O1,O2",,,,,0,False,
5000|380.465|583.15|300.033|0.5|1|0.85|0.75|0.65|0.75|0.8|303.55,650,107,27548,barridos_2026-09-19/b0_scan_cementera.csv,1,5000.0,380.4651667449188,583.15,300.032917,0.5,1.0,0.85,0.75,0.65,0.75,0.8,303.55,False,csv:P_alta; csv:P_baja; extra:T_fuente; extra:T_sumidero; csv:x_b; extra:m_b; csv:eta_t; csv:eta_p; csv:eps_hrvg; csv:eps_reg; csv:eps_cond,"bracket_sonda: T2_sonda=582.8 K > dew=496.4 K (sobrecalentado: sonda T1 del arranque del bracket pega el estado 2 fuera de campana) || equilibrio_liquido_vapor(P=5000.0 kPa, T=582.7998638756969 K): no",True,CORREGIBLE,0.166317,232.6822,391.1913,8,0,19,95.9,,"[CORREGIBLE] O1: título de vapor a la salida de la turbina bajo el umbral tecnológico usual (erosión de álabes) (medido=0.8700910881161947, esperado=>= 0.90). Causa probable: expansión hasta P_baja de","O1,O2",,,,,0,False,
5000|380.465|583.15|300.033|0.5|1|0.85|0.75|0.8|0.75|0.8|303.55,651,111,26924,barridos_2026-09-19/b0_scan_cementera.csv,1,5000.0,380.4651667449188,583.15,300.032917,0.5,1.0,0.85,0.75,0.8,0.75,0.8,303.55,False,csv:P_alta; csv:P_baja; extra:T_fuente; extra:T_sumidero; csv:x_b; extra:m_b; csv:eta_t; csv:eta_p; csv:eps_hrvg; csv:eps_reg; csv:eps_cond,"bracket_sonda: T2_sonda=582.9 K > dew=496.4 K (sobrecalentado: sonda T1 del arranque del bracket pega el estado 2 fuera de campana) || equilibrio_liquido_vapor(P=5000.0 kPa, T=582.9499043932647 K): no",True,CORREGIBLE,0.167494,288.0348,391.7338,8,0,23,107.3,,"[CORREGIBLE] O1: título de vapor a la salida de la turbina bajo el umbral tecnológico usual (erosión de álabes) (medido=0.867091579926161, esperado=>= 0.90). Causa probable: expansión hasta P_baja dej","O1,O2",,,,,0,False,
5000|476.253|583.15|300.033|0.55|1|0.85|0.75|0.5|0.75|0.8|303.55,653,110,22892,barridos_2026-09-19/b0_scan_cementera.csv,1,5000.0,476.2531387660478,583.15,300.032917,0.55,1.0,0.85,0.75,0.5,0.75,0.8,303.55,False,csv:P_alta; csv:P_baja; extra:T_fuente; extra:T_sumidero; csv:x_b; extra:m_b; csv:eta_t; csv:eta_p; csv:eps_hrvg; csv:eps_reg; csv:eps_cond,"bracket_sonda: T2_sonda=582.6 K > dew=491.2 K (sobrecalentado: sonda T1 del arranque del bracket pega el estado 2 fuera de campana) || equilibrio_liquido_vapor(P=5000.0 kPa, T=582.6498741606871 K): no",True,CORREGIBLE,0.156536,165.5314,386.8554,10,0,20,90.0,,"[CORREGIBLE] O1: título de vapor a la salida de la turbina bajo el umbral tecnológico usual (erosión de álabes) (medido=0.8829457730008796, esperado=>= 0.90). Causa probable: expansión hasta P_baja de","O1,O2",,,,,0,False,
5000|380.465|583.15|300.033|0.5|1|0.85|0.75|0.9|0.75|0.8|303.55,652,116,20368,barridos_2026-09-19/b0_scan_cementera.csv,1,5000.0,380.4651667449188,583.15,300.032917,0.5,1.0,0.85,0.75,0.9,0.75,0.8,303.55,False,csv:P_alta; csv:P_baja; extra:T_fuente; extra:T_sumidero; csv:x_b; extra:m_b; csv:eta_t; csv:eta_p; csv:eps_hrvg; csv:eps_reg; csv:eps_cond,"bracket_sonda: T2_sonda=583.0 K > dew=496.4 K (sobrecalentado: sonda T1 del arranque del bracket pega el estado 2 fuera de campana) || equilibrio_liquido_vapor(P=5000.0 kPa, T=583.0499463256147 K): no",False,NO_CONVERGIO,,,,,,,118.9,sin cambio de signo,"CicloNoConvergeError: extremos [301.0329, 372.1500] K sin cambio de signo de F (F(lo)=92.987, F(hi)=32.177)",,,,,,,,
5000|476.253|583.15|300.033|0.55|1|0.85|0.75|0.65|0.75|0.8|303.55,654,105,25144,barridos_2026-09-19/b0_scan_cementera.csv,1,5000.0,476.2531387660478,583.15,300.032917,0.55,1.0,0.85,0.75,0.65,0.75,0.8,303.55,False,csv:P_alta; csv:P_baja; extra:T_fuente; extra:T_sumidero; csv:x_b; extra:m_b; csv:eta_t; csv:eta_p; csv:eps_hrvg; csv:eps_reg; csv:eps_cond,"bracket_sonda: T2_sonda=582.8 K > dew=491.2 K (sobrecalentado: sonda T1 del arranque del bracket pega el estado 2 fuera de campana) || equilibrio_liquido_vapor(P=5000.0 kPa, T=582.7998855835322 K): no",True,CORREGIBLE,0.157596,216.3204,387.4754,8,0,21,110.4,,"[CORREGIBLE] O1: título de vapor a la salida de la turbina bajo el umbral tecnológico usual (erosión de álabes) (medido=0.8786867581335334, esperado=>= 0.90). Causa probable: expansión hasta P_baja de","O1,O2",,,,,0,False,
5000|476.253|583.15|300.033|0.55|1|0.85|0.75|0.8|0.75|0.8|303.55,655,103,22476,barridos_2026-09-19/b0_scan_cementera.csv,1,5000.0,476.2531387660478,583.15,300.032917,0.55,1.0,0.85,0.75,0.8,0.75,0.8,303.55,False,csv:P_alta; csv:P_baja; extra:T_fuente; extra:T_sumidero; csv:x_b; extra:m_b; csv:eta_t; csv:eta_p; csv:eps_hrvg; csv:eps_reg; csv:eps_cond,"bracket_sonda: T2_sonda=582.9 K > dew=491.2 K (sobrecalentado: sonda T1 del arranque del bracket pega el estado 2 fuera de campana) || equilibrio_liquido_vapor(P=5000.0 kPa, T=582.9499195996518 K): no",True,CORREGIBLE,0.157415,265.0217,388.8801,9,0,25,122.0,,"[CORREGIBLE] O1: título de vapor a la salida de la turbina bajo el umbral tecnológico usual (erosión de álabes) (medido=0.875539018548054, esperado=>= 0.90). Causa probable: expansión hasta P_baja dej","O1,O2",,,,,0,False,
5000|476.253|583.15|300.033|0.55|1|0.85|0.75|0.9|0.75|0.8|303.55,656,108,27548,barridos_2026-09-19/b0_scan_cementera.csv,1,5000.0,476.2531387660478,583.15,300.032917,0.55,1.0,0.85,0.75,0.9,0.75,0.8,303.55,False,csv:P_alta; csv:P_baja; extra:T_fuente; extra:T_sumidero; csv:x_b; extra:m_b; csv:eta_t; csv:eta_p; csv:eps_hrvg; csv:eps_reg; csv:eps_cond,"bracket_sonda: T2_sonda=583.0 K > dew=491.2 K (sobrecalentado: sonda T1 del arranque del bracket pega el estado 2 fuera de campana) || equilibrio_liquido_vapor(P=5000.0 kPa, T=583.049954800427 K): no ",False,NO_CONVERGIO,,,,,,,128.8,sin cambio de signo,"CicloNoConvergeError: extremos [301.0329, 342.1500] K sin cambio de signo de F (F(lo)=94.357, F(hi)=58.776)",,,,,,,,
5000|575.702|583.15|300.033|0.6|1|0.85|0.75|0.5|0.75|0.8|303.55,657,112,26924,barridos_2026-09-19/b0_scan_cementera.csv,1,5000.0,575.7018172219059,583.15,300.032917,0.6,1.0,0.85,0.75,0.5,0.75,0.8,303.55,False,csv:P_alta; csv:P_baja; extra:T_fuente; extra:T_sumidero; csv:x_b; extra:m_b; csv:eta_t; csv:eta_p; csv:eps_hrvg; csv:eps_reg; csv:eps_cond,"bracket_sonda: T2_sonda=582.6 K > dew=485.5 K (sobrecalentado: sonda T1 del arranque del bracket pega el estado 2 fuera de campana) || equilibrio_liquido_vapor(P=5000.0 kPa, T=582.6498963695108 K): no",True,CORREGIBLE,0.150836,156.544,381.9471,9,0,21,113.4,,"[CORREGIBLE] O1: título de vapor a la salida de la turbina bajo el umbral tecnológico usual (erosión de álabes) (medido=0.8910237458759636, esperado=>= 0.90). Causa probable: expansión hasta P_baja de","O1,O2",,,,,0,False,
5000|575.702|583.15|300.033|0.6|1|0.85|0.75|0.65|0.75|0.8|303.55,658,111,22892,barridos_2026-09-19/b0_scan_cementera.csv,1,5000.0,575.7018172219059,583.15,300.032917,0.6,1.0,0.85,0.75,0.65,0.75,0.8,303.55,False,csv:P_alta; csv:P_baja; extra:T_fuente; extra:T_sumidero; csv:x_b; extra:m_b; csv:eta_t; csv:eta_p; csv:eps_hrvg; csv:eps_reg; csv:eps_cond,"bracket_sonda: T2_sonda=582.8 K > dew=485.5 K (sobrecalentado: sonda T1 del arranque del bracket pega el estado 2 fuera de campana) || equilibrio_liquido_vapor(P=5000.0 kPa, T=582.7999057828017 K): no",True,CORREGIBLE,0.150537,202.2268,383.6696,8,0,22,114.4,,"[CORREGIBLE] O1: título de vapor a la salida de la turbina bajo el umbral tecnológico usual (erosión de álabes) (medido=0.8864611419405465, esperado=>= 0.90). Causa probable: expansión hasta P_baja de","O1,O2",,,,,0,False,
5000|575.702|583.15|300.033|0.6|1|0.85|0.75|0.9|0.75|0.8|303.55,660,106,25144,barridos_2026-09-19/b0_scan_cementera.csv,1,5000.0,575.7018172219059,583.15,300.032917,0.6,1.0,0.85,0.75,0.9,0.75,0.8,303.55,False,csv:P_alta; csv:P_baja; extra:T_fuente; extra:T_sumidero; csv:x_b; extra:m_b; csv:eta_t; csv:eta_p; csv:eps_hrvg; csv:eps_reg; csv:eps_cond,"lado_frio(P_baja=575.7 kPa, estado fuera del dominio/cobertura del motor teqp — sin relacion con la campana de la sonda || T_from_Ph(P, h, x): el motor teqp no cubre el estado pedido (ver TASK_CONTEXT",False,NO_CONVERGIO,,,,,,,120.1,sin extremos evaluables,"CicloNoConvergeError: sin dos extremos evaluables en el rango físico de T1 (repliegues_lo=56, repliegues_hi=0, paso=5.0 K)",,,,,,,,
5000|575.702|583.15|300.033|0.6|1|0.85|0.75|0.8|0.75|0.8|303.55,659,117,20368,barridos_2026-09-19/b0_scan_cementera.csv,1,5000.0,575.7018172219059,583.15,300.032917,0.6,1.0,0.85,0.75,0.8,0.75,0.8,303.55,False,csv:P_alta; csv:P_baja; extra:T_fuente; extra:T_sumidero; csv:x_b; extra:m_b; csv:eta_t; csv:eta_p; csv:eps_hrvg; csv:eps_reg; csv:eps_cond,"bracket_sonda: T2_sonda=582.9 K > dew=485.5 K (sobrecalentado: sonda T1 del arranque del bracket pega el estado 2 fuera de campana) || equilibrio_liquido_vapor(P=5000.0 kPa, T=582.9499337981711 K): no",True,CORREGIBLE,0.149106,245.1565,385.8738,8,0,28,133.4,,"[CORREGIBLE] O1: título de vapor a la salida de la turbina bajo el umbral tecnológico usual (erosión de álabes) (medido=0.88316937525027, esperado=>= 0.90). Causa probable: expansión hasta P_baja deja","O1,O2",,,,,0,False,
5000|673.345|583.15|300.033|0.65|1|0.85|0.75|0.5|0.75|0.8|303.55,661,104,22476,barridos_2026-09-19/b0_scan_cementera.csv,1,5000.0,673.3448664612341,583.15,300.032917,0.65,1.0,0.85,0.75,0.5,0.75,0.8,303.55,False,csv:P_alta; csv:P_baja; extra:T_fuente; extra:T_sumidero; csv:x_b; extra:m_b; csv:eta_t; csv:eta_p; csv:eps_hrvg; csv:eps_reg; csv:eps_cond,"bracket_sonda: T2_sonda=582.6 K > dew=479.5 K (sobrecalentado: sonda T1 del arranque del bracket pega el estado 2 fuera de campana) || equilibrio_liquido_vapor(P=5000.0 kPa, T=582.6499168768315 K): no",True,CORREGIBLE,0.146658,149.0191,376.9915,10,0,22,127.4,,"[CORREGIBLE] O1: título de vapor a la salida de la turbina bajo el umbral tecnológico usual (erosión de álabes) (medido=0.8984098462966744, esperado=>= 0.90). Causa probable: expansión hasta P_baja de","O1,O2",,,,,3,False,
5000|673.345|583.15|300.033|0.65|1|0.85|0.75|0.65|0.75|0.8|303.55,662,109,27548,barridos_2026-09-19/b0_scan_cementera.csv,1,5000.0,673.3448664612341,583.15,300.032917,0.65,1.0,0.85,0.75,0.65,0.75,0.8,303.55,False,csv:P_alta; csv:P_baja; extra:T_fuente; extra:T_sumidero; csv:x_b; extra:m_b; csv:eta_t; csv:eta_p; csv:eps_hrvg; csv:eps_reg; csv:eps_cond,"bracket_sonda: T2_sonda=582.8 K > dew=479.5 K (sobrecalentado: sonda T1 del arranque del bracket pega el estado 2 fuera de campana) || equilibrio_liquido_vapor(P=5000.0 kPa, T=582.79992443439 K): no e",True,CORREGIBLE,0.145297,190.5599,379.7528,8,0,24,128.4,,"[CORREGIBLE] O1: título de vapor a la salida de la turbina bajo el umbral tecnológico usual (erosión de álabes) (medido=0.8934048088413278, esperado=>= 0.90). Causa probable: expansión hasta P_baja de","O1,O2",,,,,3,False,
5000|673.345|583.15|300.033|0.65|1|0.85|0.75|0.9|0.75|0.8|303.55,664,112,22892,barridos_2026-09-19/b0_scan_cementera.csv,1,5000.0,673.3448664612341,583.15,300.032917,0.65,1.0,0.85,0.75,0.9,0.75,0.8,303.55,False,csv:P_alta; csv:P_baja; extra:T_fuente; extra:T_sumidero; csv:x_b; extra:m_b; csv:eta_t; csv:eta_p; csv:eps_hrvg; csv:eps_reg; csv:eps_cond,"lado_frio(P_baja=673.3 kPa, estado fuera del dominio/cobertura del motor teqp — sin relacion con la campana de la sonda || T_from_Ph(P, h, x): el motor teqp no cubre el estado pedido (ver TASK_CONTEXT",False,NO_CONVERGIO,,,,,,,108.5,sin extremos evaluables,"CicloNoConvergeError: sin dos extremos evaluables en el rango físico de T1 (repliegues_lo=56, repliegues_hi=0, paso=5.0 K)",,,,,,,,
5000|673.345|583.15|300.033|0.65|1|0.85|0.75|0.8|0.75|0.8|303.55,663,113,26924,barridos_2026-09-19/b0_scan_cementera.csv,1,5000.0,673.3448664612341,583.15,300.032917,0.65,1.0,0.85,0.75,0.8,0.75,0.8,303.55,False,csv:P_alta; csv:P_baja; extra:T_fuente; extra:T_sumidero; csv:x_b; extra:m_b; csv:eta_t; csv:eta_p; csv:eps_hrvg; csv:eps_reg; csv:eps_cond,"bracket_sonda: T2_sonda=582.9 K > dew=479.5 K (sobrecalentado: sonda T1 del arranque del bracket pega el estado 2 fuera de campana) || equilibrio_liquido_vapor(P=5000.0 kPa, T=582.9499469086995 K): no",True,CORREGIBLE,0.142748,228.6553,382.6862,9,0,30,141.9,,"[CORREGIBLE] O1: título de vapor a la salida de la turbina bajo el umbral tecnológico usual (erosión de álabes) (medido=0.8899469746465067, esperado=>= 0.90). Causa probable: expansión hasta P_baja de","O1,O2",,,,,0,False,
5000|764.638|583.15|300.033|0.7|1|0.85|0.75|0.65|0.75|0.8|303.55,666,118,20368,barridos_2026-09-19/b0_scan_cementera.csv,1,5000.0,764.6376026707513,583.15,300.032917,0.7,1.0,0.85,0.75,0.65,0.75,0.8,303.55,False,csv:P_alta; csv:P_baja; extra:T_fuente; extra:T_sumidero; csv:x_b; extra:m_b; csv:eta_t; csv:eta_p; csv:eps_hrvg; csv:eps_reg; csv:eps_cond,"bracket_sonda: T2_sonda=582.8 K > dew=472.8 K (sobrecalentado: sonda T1 del arranque del bracket pega el estado 2 fuera de campana) || equilibrio_liquido_vapor(P=5000.0 kPa, T=582.7999416464809 K): no",True,CORREGIBLE,0.141911,181.2781,375.7087,8,0,26,109.5,,"[CORREGIBLE] O1: título de vapor a la salida de la turbina bajo el umbral tecnológico usual (erosión de álabes) (medido=0.8995978163571368, esperado=>= 0.90). Causa probable: expansión hasta P_baja de","O1,O2",,,,,0,False,
5000|764.638|583.15|300.033|0.7|1|0.85|0.75|0.5|0.75|0.8|303.55,665,107,25144,barridos_2026-09-19/b0_scan_cementera.csv,1,5000.0,764.6376026707513,583.15,300.032917,0.7,1.0,0.85,0.75,0.5,0.75,0.8,303.55,False,csv:P_alta; csv:P_baja; extra:T_fuente; extra:T_sumidero; csv:x_b; extra:m_b; csv:eta_t; csv:eta_p; csv:eps_hrvg; csv:eps_reg; csv:eps_cond,"bracket_sonda: T2_sonda=582.6 K > dew=472.8 K (sobrecalentado: sonda T1 del arranque del bracket pega el estado 2 fuera de campana) || equilibrio_liquido_vapor(P=5000.0 kPa, T=582.6499358015184 K): no",True,CORREGIBLE,0.143924,142.8384,371.9765,8,0,24,138.9,,"[CORREGIBLE] O2: succión de la bomba bifásica bajo el peor caso de T_amb (riesgo de cavitación) (medido=308.2240217868581, esperado=<= 303.033 K). Causa probable: subenfriamiento insuficiente a la sal",O2,,,,,7,True,
5500|157.885|583.15|300.033|0.35|1|0.85|0.75|0.5|0.75|0.8|303.55,669,113,22892,barridos_2026-09-19/b0_scan_cementera.csv,1,5500.0,157.88536139565775,583.15,300.032917,0.35,1.0,0.85,0.75,0.5,0.75,0.8,303.55,False,csv:P_alta; csv:P_baja; extra:T_fuente; extra:T_sumidero; csv:x_b; extra:m_b; csv:eta_t; csv:eta_p; csv:eps_hrvg; csv:eps_reg; csv:eps_cond,"bracket_sonda: T2_sonda=582.6 K > dew=515.6 K (sobrecalentado: sonda T1 del arranque del bracket pega el estado 2 fuera de campana) || equilibrio_liquido_vapor(P=5500.0 kPa, T=582.6497224480062 K): no",True,CORREGIBLE,0.194392,213.8295,408.709,9,0,14,93.3,,"[CORREGIBLE] O1: título de vapor a la salida de la turbina bajo el umbral tecnológico usual (erosión de álabes) (medido=0.8376640570792551, esperado=>= 0.90). Causa probable: expansión hasta P_baja de","O1,O2",,,,,0,False,
5500|157.885|583.15|300.033|0.35|1|0.85|0.75|0.65|0.75|0.8|303.55,670,114,26924,barridos_2026-09-19/b0_scan_cementera.csv,1,5500.0,157.88536139565775,583.15,300.032917,0.35,1.0,0.85,0.75,0.65,0.75,0.8,303.55,False,csv:P_alta; csv:P_baja; extra:T_fuente; extra:T_sumidero; csv:x_b; extra:m_b; csv:eta_t; csv:eta_p; csv:eps_hrvg; csv:eps_reg; csv:eps_cond,"bracket_sonda: T2_sonda=582.8 K > dew=515.6 K (sobrecalentado: sonda T1 del arranque del bracket pega el estado 2 fuera de campana) || equilibrio_liquido_vapor(P=5500.0 kPa, T=582.7997475561701 K): no",True,CORREGIBLE,0.203901,295.1125,403.2982,8,0,15,99.8,,"[CORREGIBLE] O1: título de vapor a la salida de la turbina bajo el umbral tecnológico usual (erosión de álabes) (medido=0.8343698568758551, esperado=>= 0.90). Causa probable: expansión hasta P_baja de","O1,O2",,,,,0,False,
5000|764.638|583.15|300.033|0.7|1|0.85|0.75|0.9|0.75|0.8|303.55,668,110,27548,barridos_2026-09-19/b0_scan_cementera.csv,1,5000.0,764.6376026707513,583.15,300.032917,0.7,1.0,0.85,0.75,0.9,0.75,0.8,303.55,False,csv:P_alta; csv:P_baja; extra:T_fuente; extra:T_sumidero; csv:x_b; extra:m_b; csv:eta_t; csv:eta_p; csv:eps_hrvg; csv:eps_reg; csv:eps_cond,"lado_frio(P_baja=764.6 kPa, estado fuera del dominio/cobertura del motor teqp — sin relacion con la campana de la sonda || T_from_Ph(P, h, x): el motor teqp no cubre el estado pedido (ver TASK_CONTEXT",False,NO_CONVERGIO,,,,,,,136.7,sin extremos evaluables,"CicloNoConvergeError: sin dos extremos evaluables en el rango físico de T1 (repliegues_lo=56, repliegues_hi=0, paso=5.0 K)",,,,,,,,
5000|764.638|583.15|300.033|0.7|1|0.85|0.75|0.8|0.75|0.8|303.55,667,105,22476,barridos_2026-09-19/b0_scan_cementera.csv,1,5000.0,764.6376026707513,583.15,300.032917,0.7,1.0,0.85,0.75,0.8,0.75,0.8,303.55,False,csv:P_alta; csv:P_baja; extra:T_fuente; extra:T_sumidero; csv:x_b; extra:m_b; csv:eta_t; csv:eta_p; csv:eps_hrvg; csv:eps_reg; csv:eps_cond,"bracket_sonda: T2_sonda=582.9 K > dew=472.8 K (sobrecalentado: sonda T1 del arranque del bracket pega el estado 2 fuera de campana) || equilibrio_liquido_vapor(P=5000.0 kPa, T=582.9499590073376 K): no",True,CORREGIBLE,0.138417,215.5064,379.2951,9,0,34,178.3,,"[CORREGIBLE] O1: título de vapor a la salida de la turbina bajo el umbral tecnológico usual (erosión de álabes) (medido=0.8959107935551104, esperado=>= 0.90). Causa probable: expansión hasta P_baja de","O1,O2",,,,,0,False,
5500|157.885|583.15|300.033|0.35|1|0.85|0.75|0.8|0.75|0.8|303.55,671,119,20368,barridos_2026-09-19/b0_scan_cementera.csv,1,5500.0,157.88536139565775,583.15,300.032917,0.35,1.0,0.85,0.75,0.8,0.75,0.8,303.55,False,csv:P_alta; csv:P_baja; extra:T_fuente; extra:T_sumidero; csv:x_b; extra:m_b; csv:eta_t; csv:eta_p; csv:eps_hrvg; csv:eps_reg; csv:eps_cond,"bracket_sonda: T2_sonda=582.9 K > dew=515.6 K (sobrecalentado: sonda T1 del arranque del bracket pega el estado 2 fuera de campana) || equilibrio_liquido_vapor(P=5500.0 kPa, T=582.9498224951333 K): no",True,CORREGIBLE,0.210389,377.7365,399.7062,8,0,17,120.1,,"[CORREGIBLE] O1: título de vapor a la salida de la turbina bajo el umbral tecnológico usual (erosión de álabes) (medido=0.8318850541424307, esperado=>= 0.90). Causa probable: expansión hasta P_baja de","O1,O2",,,,,0,False,
5500|218.689|583.15|300.033|0.4|1|0.85|0.75|0.5|0.75|0.8|303.55,673,114,22892,barridos_2026-09-19/b0_scan_cementera.csv,1,5500.0,218.6892492858801,583.15,300.032917,0.4,1.0,0.85,0.75,0.5,0.75,0.8,303.55,False,csv:P_alta; csv:P_baja; extra:T_fuente; extra:T_sumidero; csv:x_b; extra:m_b; csv:eta_t; csv:eta_p; csv:eps_hrvg; csv:eps_reg; csv:eps_cond,"bracket_sonda: T2_sonda=582.6 K > dew=511.1 K (sobrecalentado: sonda T1 del arranque del bracket pega el estado 2 fuera de campana) || equilibrio_liquido_vapor(P=5500.0 kPa, T=582.6497583373193 K): no",True,CORREGIBLE,0.184758,201.483,403.7393,8,0,15,104.6,,"[CORREGIBLE] O1: título de vapor a la salida de la turbina bajo el umbral tecnológico usual (erosión de álabes) (medido=0.8482792272950597, esperado=>= 0.90). Causa probable: expansión hasta P_baja de","O1,O2",,,,,0,False,
5500|157.885|583.15|300.033|0.35|1|0.85|0.75|0.9|0.75|0.8|303.55,672,108,25144,barridos_2026-09-19/b0_scan_cementera.csv,1,5500.0,157.88536139565775,583.15,300.032917,0.35,1.0,0.85,0.75,0.9,0.75,0.8,303.55,False,csv:P_alta; csv:P_baja; extra:T_fuente; extra:T_sumidero; csv:x_b; extra:m_b; csv:eta_t; csv:eta_p; csv:eps_hrvg; csv:eps_reg; csv:eps_cond,"bracket_sonda: T2_sonda=583.0 K > dew=515.6 K (sobrecalentado: sonda T1 del arranque del bracket pega el estado 2 fuera de campana) || equilibrio_liquido_vapor(P=5500.0 kPa, T=583.0499000902668 K): no",True,CORREGIBLE,0.213999,433.104,398.7918,9,0,25,169.7,,"[CORREGIBLE] O1: título de vapor a la salida de la turbina bajo el umbral tecnológico usual (erosión de álabes) (medido=0.8305705566382462, esperado=>= 0.90). Causa probable: expansión hasta P_baja de","O1,O2",,,,,0,False,
5500|218.689|583.15|300.033|0.4|1|0.85|0.75|0.65|0.75|0.8|303.55,674,115,26924,barridos_2026-09-19/b0_scan_cementera.csv,1,5500.0,218.6892492858801,583.15,300.032917,0.4,1.0,0.85,0.75,0.65,0.75,0.8,303.55,False,csv:P_alta; csv:P_baja; extra:T_fuente; extra:T_sumidero; csv:x_b; extra:m_b; csv:eta_t; csv:eta_p; csv:eps_hrvg; csv:eps_reg; csv:eps_cond,"bracket_sonda: T2_sonda=582.8 K > dew=511.1 K (sobrecalentado: sonda T1 del arranque del bracket pega el estado 2 fuera de campana) || equilibrio_liquido_vapor(P=5500.0 kPa, T=582.7997802496387 K): no",True,CORREGIBLE,0.19216,274.9607,399.6694,8,0,16,107.0,,"[CORREGIBLE] O1: título de vapor a la salida de la turbina bajo el umbral tecnológico usual (erosión de álabes) (medido=0.8446657447951951, esperado=>= 0.90). Causa probable: expansión hasta P_baja de","O1,O2",,,,,0,False,
5500|218.689|583.15|300.033|0.4|1|0.85|0.75|0.8|0.75|0.8|303.55,675,111,27548,barridos_2026-09-19/b0_scan_cementera.csv,1,5500.0,218.6892492858801,583.15,300.032917,0.4,1.0,0.85,0.75,0.8,0.75,0.8,303.55,False,csv:P_alta; csv:P_baja; extra:T_fuente; extra:T_sumidero; csv:x_b; extra:m_b; csv:eta_t; csv:eta_p; csv:eps_hrvg; csv:eps_reg; csv:eps_cond,"bracket_sonda: T2_sonda=582.9 K > dew=511.1 K (sobrecalentado: sonda T1 del arranque del bracket pega el estado 2 fuera de campana) || equilibrio_liquido_vapor(P=5500.0 kPa, T=582.9498455990573 K): no",True,CORREGIBLE,0.197011,348.926,397.1565,8,0,18,144.0,,"[CORREGIBLE] O1: título de vapor a la salida de la turbina bajo el umbral tecnológico usual (erosión de álabes) (medido=0.8419305046939539, esperado=>= 0.90). Causa probable: expansión hasta P_baja de","O1,O2",,,,,0,False,
5500|293.413|583.15|300.033|0.45|1|0.85|0.75|0.5|0.75|0.8|303.55,677,120,20368,barridos_2026-09-19/b0_scan_cementera.csv,1,5500.0,293.41308192387106,583.15,300.032917,0.45,1.0,0.85,0.75,0.5,0.75,0.8,303.55,False,csv:P_alta; csv:P_baja; extra:T_fuente; extra:T_sumidero; csv:x_b; extra:m_b; csv:eta_t; csv:eta_p; csv:eps_hrvg; csv:eps_reg; csv:eps_cond,"bracket_sonda: T2_sonda=582.6 K > dew=506.3 K (sobrecalentado: sonda T1 del arranque del bracket pega el estado 2 fuera de campana) || equilibrio_liquido_vapor(P=5500.0 kPa, T=582.649791033527 K): no ",True,CORREGIBLE,0.175859,189.7046,398.7228,8,0,16,132.6,,"[CORREGIBLE] O1: título de vapor a la salida de la turbina bajo el umbral tecnológico usual (erosión de álabes) (medido=0.8583996204331253, esperado=>= 0.90). Causa probable: expansión hasta P_baja de","O1,O2",,,,,7,False,
5500|293.413|583.15|300.033|0.45|1|0.85|0.75|0.65|0.75|0.8|303.55,678,115,22892,barridos_2026-09-19/b0_scan_cementera.csv,1,5500.0,293.41308192387106,583.15,300.032917,0.45,1.0,0.85,0.75,0.65,0.75,0.8,303.55,False,csv:P_alta; csv:P_baja; extra:T_fuente; extra:T_sumidero; csv:x_b; extra:m_b; csv:eta_t; csv:eta_p; csv:eps_hrvg; csv:eps_reg; csv:eps_cond,"bracket_sonda: T2_sonda=582.8 K > dew=506.3 K (sobrecalentado: sonda T1 del arranque del bracket pega el estado 2 fuera de campana) || equilibrio_liquido_vapor(P=5500.0 kPa, T=582.799809987678 K): no ",True,CORREGIBLE,0.181276,255.8647,395.9486,8,0,17,124.6,,"[CORREGIBLE] O1: título de vapor a la salida de la turbina bajo el umbral tecnológico usual (erosión de álabes) (medido=0.8545026690850249, esperado=>= 0.90). Causa probable: expansión hasta P_baja de","O1,O2",,,,,0,False,
5500|218.689|583.15|300.033|0.4|1|0.85|0.75|0.9|0.75|0.8|303.55,676,106,22476,barridos_2026-09-19/b0_scan_cementera.csv,1,5500.0,218.6892492858801,583.15,300.032917,0.4,1.0,0.85,0.75,0.9,0.75,0.8,303.55,False,csv:P_alta; csv:P_baja; extra:T_fuente; extra:T_sumidero; csv:x_b; extra:m_b; csv:eta_t; csv:eta_p; csv:eps_hrvg; csv:eps_reg; csv:eps_cond,"bracket_sonda: T2_sonda=583.0 K > dew=511.1 K (sobrecalentado: sonda T1 del arranque del bracket pega el estado 2 fuera de campana) || equilibrio_liquido_vapor(P=5500.0 kPa, T=583.0499132533103 K): no",True,NO_CONVERGIO,0.227609,452.7674,397.8843,9,0,28,199.1,,"[NO_CONVERGIO] N2: el balance global de energía no cierra dentro de la tolerancia (medido=246.91366175707515, esperado=<= 1.98923 kW (1e-3 relativo a Qi)). Causa probable: residuo numérico del lazo de","N2,O1,O2,O5,C1,C3,C3",,,,,0,False,
5500|293.413|583.15|300.033|0.45|1|0.85|0.75|0.8|0.75|0.8|303.55,679,109,25144,barridos_2026-09-19/b0_scan_cementera.csv,1,5500.0,293.41308192387106,583.15,300.032917,0.45,1.0,0.85,0.75,0.8,0.75,0.8,303.55,False,csv:P_alta; csv:P_baja; extra:T_fuente; extra:T_sumidero; csv:x_b; extra:m_b; csv:eta_t; csv:eta_p; csv:eps_hrvg; csv:eps_reg; csv:eps_cond,"bracket_sonda: T2_sonda=582.9 K > dew=506.3 K (sobrecalentado: sonda T1 del arranque del bracket pega el estado 2 fuera de campana) || equilibrio_liquido_vapor(P=5500.0 kPa, T=582.9498665131875 K): no",True,CORREGIBLE,0.184553,321.709,394.4625,8,0,20,147.8,,"[CORREGIBLE] O1: título de vapor a la salida de la turbina bajo el umbral tecnológico usual (erosión de álabes) (medido=0.8515498650017913, esperado=>= 0.90). Causa probable: expansión hasta P_baja de","O1,O2",,,,,0,False,
5500|380.465|583.15|300.033|0.5|1|0.85|0.75|0.5|0.75|0.8|303.55,681,112,27548,barridos_2026-09-19/b0_scan_cementera.csv,1,5500.0,380.4651667449188,583.15,300.032917,0.5,1.0,0.85,0.75,0.5,0.75,0.8,303.55,False,csv:P_alta; csv:P_baja; extra:T_fuente; extra:T_sumidero; csv:x_b; extra:m_b; csv:eta_t; csv:eta_p; csv:eps_hrvg; csv:eps_reg; csv:eps_cond,"bracket_sonda: T2_sonda=582.6 K > dew=501.2 K (sobrecalentado: sonda T1 del arranque del bracket pega el estado 2 fuera de campana) || equilibrio_liquido_vapor(P=5500.0 kPa, T=582.6498207566964 K): no",True,CORREGIBLE,0.167959,178.7986,393.6793,8,0,17,107.4,,"[CORREGIBLE] O1: título de vapor a la salida de la turbina bajo el umbral tecnológico usual (erosión de álabes) (medido=0.8678985689765136, esperado=>= 0.90). Causa probable: expansión hasta P_baja de","O1,O2",,,,,0,False,
5500|380.465|583.15|300.033|0.5|1|0.85|0.75|0.65|0.75|0.8|303.55,682,121,20368,barridos_2026-09-19/b0_scan_cementera.csv,1,5500.0,380.4651667449188,583.15,300.032917,0.5,1.0,0.85,0.75,0.65,0.75,0.8,303.55,False,csv:P_alta; csv:P_baja; extra:T_fuente; extra:T_sumidero; csv:x_b; extra:m_b; csv:eta_t; csv:eta_p; csv:eps_hrvg; csv:eps_reg; csv:eps_cond,"bracket_sonda: T2_sonda=582.8 K > dew=501.2 K (sobrecalentado: sonda T1 del arranque del bracket pega el estado 2 fuera de campana) || equilibrio_liquido_vapor(P=5500.0 kPa, T=582.7998370064525 K): no",True,CORREGIBLE,0.171545,238.269,392.1547,11,0,18,129.0,,"[CORREGIBLE] O1: título de vapor a la salida de la turbina bajo el umbral tecnológico usual (erosión de álabes) (medido=0.8637392915530447, esperado=>= 0.90). Causa probable: expansión hasta P_baja de","O1,O2",,,,,0,False,
5500|380.465|583.15|300.033|0.5|1|0.85|0.75|0.9|0.75|0.8|303.55,684,107,22476,barridos_2026-09-19/b0_scan_cementera.csv,1,5500.0,380.4651667449188,583.15,300.032917,0.5,1.0,0.85,0.75,0.9,0.75,0.8,303.55,False,csv:P_alta; csv:P_baja; extra:T_fuente; extra:T_sumidero; csv:x_b; extra:m_b; csv:eta_t; csv:eta_p; csv:eps_hrvg; csv:eps_reg; csv:eps_cond,"bracket_sonda: T2_sonda=583.0 K > dew=501.2 K (sobrecalentado: sonda T1 del arranque del bracket pega el estado 2 fuera de campana) || equilibrio_liquido_vapor(P=5500.0 kPa, T=583.0499355667579 K): no",False,NO_CONVERGIO,,,,,,,113.7,sin cambio de signo,"CicloNoConvergeError: extremos [301.0329, 392.1500] K sin cambio de signo de F (F(lo)=91.328, F(hi)=10.636)",,,,,,,,
5500|293.413|583.15|300.033|0.45|1|0.85|0.75|0.9|0.75|0.8|303.55,680,116,26924,barridos_2026-09-19/b0_scan_cementera.csv,1,5500.0,293.41308192387106,583.15,300.032917,0.45,1.0,0.85,0.75,0.9,0.75,0.8,303.55,False,csv:P_alta; csv:P_baja; extra:T_fuente; extra:T_sumidero; csv:x_b; extra:m_b; csv:eta_t; csv:eta_p; csv:eps_hrvg; csv:eps_reg; csv:eps_cond,"bracket_sonda: T2_sonda=583.0 K > dew=506.3 K (sobrecalentado: sonda T1 del arranque del bracket pega el estado 2 fuera de campana) || equilibrio_liquido_vapor(P=5500.0 kPa, T=583.0499250301596 K): no",True,NO_CONVERGIO,0.250318,483.3861,401.0483,9,0,33,229.9,,"[NO_CONVERGIO] N2: el balance global de energía no cierra dentro de la tolerancia (medido=599.256978945103, esperado=<= 1.93109 kW (1e-3 relativo a Qi)). Causa probable: residuo numérico del lazo de c","N2,O1,O2,O5,C1,C3,C3",,,,,9,False,
5500|380.465|583.15|300.033|0.5|1|0.85|0.75|0.8|0.75|0.8|303.55,683,116,22892,barridos_2026-09-19/b0_scan_cementera.csv,1,5500.0,380.4651667449188,583.15,300.032917,0.5,1.0,0.85,0.75,0.8,0.75,0.8,303.55,False,csv:P_alta; csv:P_baja; extra:T_fuente; extra:T_sumidero; csv:x_b; extra:m_b; csv:eta_t; csv:eta_p; csv:eps_hrvg; csv:eps_reg; csv:eps_cond,"bracket_sonda: T2_sonda=582.9 K > dew=501.2 K (sobrecalentado: sonda T1 del arranque del bracket pega el estado 2 fuera de campana) || equilibrio_liquido_vapor(P=5500.0 kPa, T=582.9498854371222 K): no",True,CORREGIBLE,0.173327,296.6618,391.6437,8,0,22,155.1,,"[CORREGIBLE] O1: título de vapor a la salida de la turbina bajo el umbral tecnológico usual (erosión de álabes) (medido=0.8605986720454567, esperado=>= 0.90). Causa probable: expansión hasta P_baja de","O1,O2",,,,,0,False,
5500|476.253|583.15|300.033|0.55|1|0.85|0.75|0.5|0.75|0.8|303.55,685,110,25144,barridos_2026-09-19/b0_scan_cementera.csv,1,5500.0,476.2531387660478,583.15,300.032917,0.55,1.0,0.85,0.75,0.5,0.75,0.8,303.55,False,csv:P_alta; csv:P_baja; extra:T_fuente; extra:T_sumidero; csv:x_b; extra:m_b; csv:eta_t; csv:eta_p; csv:eps_hrvg; csv:eps_reg; csv:eps_cond,"bracket_sonda: T2_sonda=582.6 K > dew=495.8 K (sobrecalentado: sonda T1 del arranque del bracket pega el estado 2 fuera de campana) || equilibrio_liquido_vapor(P=5500.0 kPa, T=582.6498485661417 K): no",True,CORREGIBLE,0.161301,169.0352,388.6145,8,0,19,109.5,,"[CORREGIBLE] O1: título de vapor a la salida de la turbina bajo el umbral tecnológico usual (erosión de álabes) (medido=0.8766856270806828, esperado=>= 0.90). Causa probable: expansión hasta P_baja de","O1,O2",,,,,0,False,
5500|476.253|583.15|300.033|0.55|1|0.85|0.75|0.65|0.75|0.8|303.55,686,113,27548,barridos_2026-09-19/b0_scan_cementera.csv,1,5500.0,476.2531387660478,583.15,300.032917,0.55,1.0,0.85,0.75,0.65,0.75,0.8,303.55,False,csv:P_alta; csv:P_baja; extra:T_fuente; extra:T_sumidero; csv:x_b; extra:m_b; csv:eta_t; csv:eta_p; csv:eps_hrvg; csv:eps_reg; csv:eps_cond,"bracket_sonda: T2_sonda=582.8 K > dew=495.8 K (sobrecalentado: sonda T1 del arranque del bracket pega el estado 2 fuera de campana) || equilibrio_liquido_vapor(P=5500.0 kPa, T=582.7998623249276 K): no",True,CORREGIBLE,0.163246,222.5747,388.2887,8,0,20,114.2,,"[CORREGIBLE] O1: título de vapor a la salida de la turbina bajo el umbral tecnológico usual (erosión de álabes) (medido=0.8722557751274844, esperado=>= 0.90). Causa probable: expansión hasta P_baja de","O1,O2",,,,,0,False,
5500|476.253|583.15|300.033|0.55|1|0.85|0.75|0.8|0.75|0.8|303.55,687,122,20368,barridos_2026-09-19/b0_scan_cementera.csv,1,5500.0,476.2531387660478,583.15,300.032917,0.55,1.0,0.85,0.75,0.8,0.75,0.8,303.55,False,csv:P_alta; csv:P_baja; extra:T_fuente; extra:T_sumidero; csv:x_b; extra:m_b; csv:eta_t; csv:eta_p; csv:eps_hrvg; csv:eps_reg; csv:eps_cond,"bracket_sonda: T2_sonda=582.9 K > dew=495.8 K (sobrecalentado: sonda T1 del arranque del bracket pega el estado 2 fuera de campana) || equilibrio_liquido_vapor(P=5500.0 kPa, T=582.9499033074846 K): no",True,CORREGIBLE,0.163627,274.3012,388.698,8,0,24,139.4,,"[CORREGIBLE] O1: título de vapor a la salida de la turbina bajo el umbral tecnológico usual (erosión de álabes) (medido=0.8689477072864794, esperado=>= 0.90). Causa probable: expansión hasta P_baja de","O1,O2",,,,,0,False,
5500|575.702|583.15|300.033|0.6|1|0.85|0.75|0.65|0.75|0.8|303.55,690,117,22892,barridos_2026-09-19/b0_scan_cementera.csv,1,5500.0,575.7018172219059,583.15,300.032917,0.6,1.0,0.85,0.75,0.65,0.75,0.8,303.55,False,csv:P_alta; csv:P_baja; extra:T_fuente; extra:T_sumidero; csv:x_b; extra:m_b; csv:eta_t; csv:eta_p; csv:eps_hrvg; csv:eps_reg; csv:eps_cond,"bracket_sonda: T2_sonda=582.8 K > dew=490.1 K (sobrecalentado: sonda T1 del arranque del bracket pega el estado 2 fuera de campana) || equilibrio_liquido_vapor(P=5500.0 kPa, T=582.7998852223399 K): no",True,CORREGIBLE,0.156613,209.0835,384.3372,8,0,21,101.8,,"[CORREGIBLE] O1: título de vapor a la salida de la turbina bajo el umbral tecnológico usual (erosión de álabes) (medido=0.87997816343524, esperado=>= 0.90). Causa probable: expansión hasta P_baja deja","O1,O2",,,,,0,False,
5500|575.702|583.15|300.033|0.6|1|0.85|0.75|0.5|0.75|0.8|303.55,689,117,26924,barridos_2026-09-19/b0_scan_cementera.csv,1,5500.0,575.7018172219059,583.15,300.032917,0.6,1.0,0.85,0.75,0.5,0.75,0.8,303.55,False,csv:P_alta; csv:P_baja; extra:T_fuente; extra:T_sumidero; csv:x_b; extra:m_b; csv:eta_t; csv:eta_p; csv:eps_hrvg; csv:eps_reg; csv:eps_cond,"bracket_sonda: T2_sonda=582.6 K > dew=490.1 K (sobrecalentado: sonda T1 del arranque del bracket pega el estado 2 fuera de campana) || equilibrio_liquido_vapor(P=5500.0 kPa, T=582.649873763611 K): no ",True,CORREGIBLE,0.156067,160.6044,383.5214,10,0,20,132.9,,"[CORREGIBLE] O1: título de vapor a la salida de la turbina bajo el umbral tecnológico usual (erosión de álabes) (medido=0.884737615229595, esperado=>= 0.90). Causa probable: expansión hasta P_baja dej","O1,O2",,,,,0,False,
5500|476.253|583.15|300.033|0.55|1|0.85|0.75|0.9|0.75|0.8|303.55,688,108,22476,barridos_2026-09-19/b0_scan_cementera.csv,1,5500.0,476.2531387660478,583.15,300.032917,0.55,1.0,0.85,0.75,0.9,0.75,0.8,303.55,False,csv:P_alta; csv:P_baja; extra:T_fuente; extra:T_sumidero; csv:x_b; extra:m_b; csv:eta_t; csv:eta_p; csv:eps_hrvg; csv:eps_reg; csv:eps_cond,"bracket_sonda: T2_sonda=583.0 K > dew=495.8 K (sobrecalentado: sonda T1 del arranque del bracket pega el estado 2 fuera de campana) || equilibrio_liquido_vapor(P=5500.0 kPa, T=583.0499457214764 K): no",False,NO_CONVERGIO,,,,,,,142.3,sin cambio de signo,"CicloNoConvergeError: extremos [301.0329, 362.1500] K sin cambio de signo de F (F(lo)=91.232, F(hi)=37.338)",,,,,,,,
5500|575.702|583.15|300.033|0.6|1|0.85|0.75|0.8|0.75|0.8|303.55,691,111,25144,barridos_2026-09-19/b0_scan_cementera.csv,1,5500.0,575.7018172219059,583.15,300.032917,0.6,1.0,0.85,0.75,0.8,0.75,0.8,303.55,False,csv:P_alta; csv:P_baja; extra:T_fuente; extra:T_sumidero; csv:x_b; extra:m_b; csv:eta_t; csv:eta_p; csv:eps_hrvg; csv:eps_reg; csv:eps_cond,"bracket_sonda: T2_sonda=582.9 K > dew=490.1 K (sobrecalentado: sonda T1 del arranque del bracket pega el estado 2 fuera de campana) || equilibrio_liquido_vapor(P=5500.0 kPa, T=582.9499193457298 K): no",True,CORREGIBLE,0.155705,255.0186,385.605,8,0,26,138.4,,"[CORREGIBLE] O1: título de vapor a la salida de la turbina bajo el umbral tecnológico usual (erosión de álabes) (medido=0.8765060814651123, esperado=>= 0.90). Causa probable: expansión hasta P_baja de","O1,O2",,,,,0,False,
5500|673.345|583.15|300.033|0.65|1|0.85|0.75|0.5|0.75|0.8|303.55,693,123,20368,barridos_2026-09-19/b0_scan_cementera.csv,1,5500.0,673.3448664612341,583.15,300.032917,0.65,1.0,0.85,0.75,0.5,0.75,0.8,303.55,False,csv:P_alta; csv:P_baja; extra:T_fuente; extra:T_sumidero; csv:x_b; extra:m_b; csv:eta_t; csv:eta_p; csv:eps_hrvg; csv:eps_reg; csv:eps_cond,"bracket_sonda: T2_sonda=582.6 K > dew=483.8 K (sobrecalentado: sonda T1 del arranque del bracket pega el estado 2 fuera de campana) || equilibrio_liquido_vapor(P=5500.0 kPa, T=582.6498970895614 K): no",True,CORREGIBLE,0.152335,153.5646,378.3871,10,0,21,114.9,,"[CORREGIBLE] O1: título de vapor a la salida de la turbina bajo el umbral tecnológico usual (erosión de álabes) (medido=0.8921343646734733, esperado=>= 0.90). Causa probable: expansión hasta P_baja de","O1,O2",,,,,0,False,
5500|673.345|583.15|300.033|0.65|1|0.85|0.75|0.65|0.75|0.8|303.55,694,118,22892,barridos_2026-09-19/b0_scan_cementera.csv,1,5500.0,673.3448664612341,583.15,300.032917,0.65,1.0,0.85,0.75,0.65,0.75,0.8,303.55,False,csv:P_alta; csv:P_baja; extra:T_fuente; extra:T_sumidero; csv:x_b; extra:m_b; csv:eta_t; csv:eta_p; csv:eps_hrvg; csv:eps_reg; csv:eps_cond,"bracket_sonda: T2_sonda=582.8 K > dew=483.8 K (sobrecalentado: sonda T1 del arranque del bracket pega el estado 2 fuera de campana) || equilibrio_liquido_vapor(P=5500.0 kPa, T=582.7999064376448 K): no",True,CORREGIBLE,0.151794,197.947,380.2798,9,0,23,100.9,,"[CORREGIBLE] O1: título de vapor a la salida de la turbina bajo el umbral tecnológico usual (erosión de álabes) (medido=0.8869011113938511, esperado=>= 0.90). Causa probable: expansión hasta P_baja de","O1,O2",,,,,0,False,
5500|575.702|583.15|300.033|0.6|1|0.85|0.75|0.9|0.75|0.8|303.55,692,114,27548,barridos_2026-09-19/b0_scan_cementera.csv,1,5500.0,575.7018172219059,583.15,300.032917,0.6,1.0,0.85,0.75,0.9,0.75,0.8,303.55,False,csv:P_alta; csv:P_baja; extra:T_fuente; extra:T_sumidero; csv:x_b; extra:m_b; csv:eta_t; csv:eta_p; csv:eps_hrvg; csv:eps_reg; csv:eps_cond,"bracket_sonda: T2_sonda=583.0 K > dew=490.1 K (sobrecalentado: sonda T1 del arranque del bracket pega el estado 2 fuera de campana) || equilibrio_liquido_vapor(P=5500.0 kPa, T=583.0499546576352 K): no",False,NO_CONVERGIO,,,,,,,181.6,sin cambio de signo,"CicloNoConvergeError: extremos [301.0329, 327.1500] K sin cambio de signo de F (F(lo)=92.031, F(hi)=68.593)",,,,,,,,
5500|673.345|583.15|300.033|0.65|1|0.85|0.75|0.9|0.75|0.8|303.55,696,109,22476,barridos_2026-09-19/b0_scan_cementera.csv,1,5500.0,673.3448664612341,583.15,300.032917,0.65,1.0,0.85,0.75,0.9,0.75,0.8,303.55,False,csv:P_alta; csv:P_baja; extra:T_fuente; extra:T_sumidero; csv:x_b; extra:m_b; csv:eta_t; csv:eta_p; csv:eps_hrvg; csv:eps_reg; csv:eps_cond,"lado_frio(P_baja=673.3 kPa, estado fuera del dominio/cobertura del motor teqp — sin relacion con la campana de la sonda || T_from_Ph(P, h, x): el motor teqp no cubre el estado pedido (ver TASK_CONTEXT",False,NO_CONVERGIO,,,,,,,138.1,sin extremos evaluables,"CicloNoConvergeError: sin dos extremos evaluables en el rango físico de T1 (repliegues_lo=56, repliegues_hi=0, paso=5.0 K)",,,,,,,,
5500|673.345|583.15|300.033|0.65|1|0.85|0.75|0.8|0.75|0.8|303.55,695,118,26924,barridos_2026-09-19/b0_scan_cementera.csv,1,5500.0,673.3448664612341,583.15,300.032917,0.65,1.0,0.85,0.75,0.8,0.75,0.8,303.55,False,csv:P_alta; csv:P_baja; extra:T_fuente; extra:T_sumidero; csv:x_b; extra:m_b; csv:eta_t; csv:eta_p; csv:eps_hrvg; csv:eps_reg; csv:eps_cond,"bracket_sonda: T2_sonda=582.9 K > dew=483.8 K (sobrecalentado: sonda T1 del arranque del bracket pega el estado 2 fuera de campana) || equilibrio_liquido_vapor(P=5500.0 kPa, T=582.9499342584376 K): no",True,CORREGIBLE,0.149736,239.0257,382.3365,9,0,29,149.1,,"[CORREGIBLE] O1: título de vapor a la salida de la turbina bajo el umbral tecnológico usual (erosión de álabes) (medido=0.8832413849380267, esperado=>= 0.90). Causa probable: expansión hasta P_baja de","O1,O2",,,,,0,False,
5500|764.638|583.15|300.033|0.7|1|0.85|0.75|0.5|0.75|0.8|303.55,697,112,25144,barridos_2026-09-19/b0_scan_cementera.csv,1,5500.0,764.6376026707513,583.15,300.032917,0.7,1.0,0.85,0.75,0.5,0.75,0.8,303.55,False,csv:P_alta; csv:P_baja; extra:T_fuente; extra:T_sumidero; csv:x_b; extra:m_b; csv:eta_t; csv:eta_p; csv:eps_hrvg; csv:eps_reg; csv:eps_cond,"bracket_sonda: T2_sonda=582.6 K > dew=477.0 K (sobrecalentado: sonda T1 del arranque del bracket pega el estado 2 fuera de campana) || equilibrio_liquido_vapor(P=5500.0 kPa, T=582.6499185244036 K): no",True,CORREGIBLE,0.150009,147.7837,373.2017,8,0,23,117.7,,"[CORREGIBLE] O1: título de vapor a la salida de la turbina bajo el umbral tecnológico usual (erosión de álabes) (medido=0.8991056433507252, esperado=>= 0.90). Causa probable: expansión hasta P_baja de","O1,O2",,,,,0,False,
5500|764.638|583.15|300.033|0.7|1|0.85|0.75|0.65|0.75|0.8|303.55,698,124,20368,barridos_2026-09-19/b0_scan_cementera.csv,1,5500.0,764.6376026707513,583.15,300.032917,0.7,1.0,0.85,0.75,0.65,0.75,0.8,303.55,False,csv:P_alta; csv:P_baja; extra:T_fuente; extra:T_sumidero; csv:x_b; extra:m_b; csv:eta_t; csv:eta_p; csv:eps_hrvg; csv:eps_reg; csv:eps_cond,"bracket_sonda: T2_sonda=582.8 K > dew=477.0 K (sobrecalentado: sonda T1 del arranque del bracket pega el estado 2 fuera de campana) || equilibrio_liquido_vapor(P=5500.0 kPa, T=582.7999259328188 K): no",True,CORREGIBLE,0.148819,189.1164,376.1009,9,0,25,103.4,,"[CORREGIBLE] O1: título de vapor a la salida de la turbina bajo el umbral tecnológico usual (erosión de álabes) (medido=0.8931086643365995, esperado=>= 0.90). Causa probable: expansión hasta P_baja de","O1,O2",,,,,0,False,
5500|764.638|583.15|300.033|0.7|1|0.85|0.75|0.9|0.75|0.8|303.55,700,115,27548,barridos_2026-09-19/b0_scan_cementera.csv,1,5500.0,764.6376026707513,583.15,300.032917,0.7,1.0,0.85,0.75,0.9,0.75,0.8,303.55,False,csv:P_alta; csv:P_baja; extra:T_fuente; extra:T_sumidero; csv:x_b; extra:m_b; csv:eta_t; csv:eta_p; csv:eps_hrvg; csv:eps_reg; csv:eps_cond,"lado_frio(P_baja=764.6 kPa, estado fuera del dominio/cobertura del motor teqp — sin relacion con la campana de la sonda || T_from_Ph(P, h, x): el motor teqp no cubre el estado pedido (ver TASK_CONTEXT",False,NO_CONVERGIO,,,,,,,118.5,sin extremos evaluables,"CicloNoConvergeError: sin dos extremos evaluables en el rango físico de T1 (repliegues_lo=56, repliegues_hi=0, paso=5.0 K)",,,,,,,,
6000|157.885|583.15|300.033|0.35|1|0.85|0.75|0.65|0.75|0.8|303.55,702,119,26924,barridos_2026-09-19/b0_scan_cementera.csv,1,6000.0,157.88536139565775,583.15,300.032917,0.35,1.0,0.85,0.75,0.65,0.75,0.8,303.55,False,csv:P_alta; csv:P_baja; extra:T_fuente; extra:T_sumidero; csv:x_b; extra:m_b; csv:eta_t; csv:eta_p; csv:eps_hrvg; csv:eps_reg; csv:eps_cond,"bracket_sonda: T2_sonda=582.8 K > dew=520.5 K (sobrecalentado: sonda T1 del arranque del bracket pega el estado 2 fuera de campana) || equilibrio_liquido_vapor(P=6000.0 kPa, T=582.7997060160121 K): no",True,CORREGIBLE,0.207311,297.3626,404.7494,9,0,14,83.3,,"[CORREGIBLE] O1: título de vapor a la salida de la turbina bajo el umbral tecnológico usual (erosión de álabes) (medido=0.8286301090812391, esperado=>= 0.90). Causa probable: expansión hasta P_baja de","O1,O2",,,,,0,False,
6000|157.885|583.15|300.033|0.35|1|0.85|0.75|0.5|0.75|0.8|303.55,701,110,22476,barridos_2026-09-19/b0_scan_cementera.csv,1,6000.0,157.88536139565775,583.15,300.032917,0.35,1.0,0.85,0.75,0.5,0.75,0.8,303.55,False,csv:P_alta; csv:P_baja; extra:T_fuente; extra:T_sumidero; csv:x_b; extra:m_b; csv:eta_t; csv:eta_p; csv:eps_hrvg; csv:eps_reg; csv:eps_cond,"bracket_sonda: T2_sonda=582.6 K > dew=520.5 K (sobrecalentado: sonda T1 del arranque del bracket pega el estado 2 fuera de campana) || equilibrio_liquido_vapor(P=6000.0 kPa, T=582.6496767414995 K): no",True,CORREGIBLE,0.196674,213.8663,411.2041,10,0,13,92.2,,"[CORREGIBLE] O1: título de vapor a la salida de la turbina bajo el umbral tecnológico usual (erosión de álabes) (medido=0.8319941231606373, esperado=>= 0.90). Causa probable: expansión hasta P_baja de","O1,O2",,,,,0,False,
5500|764.638|583.15|300.033|0.7|1|0.85|0.75|0.8|0.75|0.8|303.55,699,119,22892,barridos_2026-09-19/b0_scan_cementera.csv,1,5500.0,764.6376026707513,583.15,300.032917,0.7,1.0,0.85,0.75,0.8,0.75,0.8,303.55,False,csv:P_alta; csv:P_baja; extra:T_fuente; extra:T_sumidero; csv:x_b; extra:m_b; csv:eta_t; csv:eta_p; csv:eps_hrvg; csv:eps_reg; csv:eps_cond,"bracket_sonda: T2_sonda=582.9 K > dew=477.0 K (sobrecalentado: sonda T1 del arranque del bracket pega el estado 2 fuera de campana) || equilibrio_liquido_vapor(P=5500.0 kPa, T=582.949947961936 K): no ",True,CORREGIBLE,0.145791,226.3078,378.8709,9,0,32,154.3,,"[CORREGIBLE] O1: título de vapor a la salida de la turbina bajo el umbral tecnológico usual (erosión de álabes) (medido=0.8891943173249671, esperado=>= 0.90). Causa probable: expansión hasta P_baja de","O1,O2",,,,,0,False,
6000|157.885|583.15|300.033|0.35|1|0.85|0.75|0.8|0.75|0.8|303.55,703,113,25144,barridos_2026-09-19/b0_scan_cementera.csv,1,6000.0,157.88536139565775,583.15,300.032917,0.35,1.0,0.85,0.75,0.8,0.75,0.8,303.55,False,csv:P_alta; csv:P_baja; extra:T_fuente; extra:T_sumidero; csv:x_b; extra:m_b; csv:eta_t; csv:eta_p; csv:eps_hrvg; csv:eps_reg; csv:eps_cond,"bracket_sonda: T2_sonda=582.9 K > dew=520.5 K (sobrecalentado: sonda T1 del arranque del bracket pega el estado 2 fuera de campana) || equilibrio_liquido_vapor(P=6000.0 kPa, T=582.9497933694389 K): no",True,CORREGIBLE,0.214536,382.7541,399.9809,8,0,15,125.9,,"[CORREGIBLE] O1: título de vapor a la salida de la turbina bajo el umbral tecnológico usual (erosión de álabes) (medido=0.826067822098219, esperado=>= 0.90). Causa probable: expansión hasta P_baja dej","O1,O2",,,,,0,False,
6000|218.689|583.15|300.033|0.4|1|0.85|0.75|0.65|0.75|0.8|303.55,706,120,26924,barridos_2026-09-19/b0_scan_cementera.csv,1,6000.0,218.6892492858801,583.15,300.032917,0.4,1.0,0.85,0.75,0.65,0.75,0.8,303.55,False,csv:P_alta; csv:P_baja; extra:T_fuente; extra:T_sumidero; csv:x_b; extra:m_b; csv:eta_t; csv:eta_p; csv:eps_hrvg; csv:eps_reg; csv:eps_cond,"bracket_sonda: T2_sonda=582.8 K > dew=515.8 K (sobrecalentado: sonda T1 del arranque del bracket pega el estado 2 fuera de campana) || equilibrio_liquido_vapor(P=6000.0 kPa, T=582.7997432809835 K): no",True,CORREGIBLE,0.195935,278.0017,400.9618,8,0,15,78.5,,"[CORREGIBLE] O1: título de vapor a la salida de la turbina bajo el umbral tecnológico usual (erosión de álabes) (medido=0.8387984423321296, esperado=>= 0.90). Causa probable: expansión hasta P_baja de","O1,O2",,,,,0,False,
6000|157.885|583.15|300.033|0.35|1|0.85|0.75|0.9|0.75|0.8|303.55,704,125,20368,barridos_2026-09-19/b0_scan_cementera.csv,1,6000.0,157.88536139565775,583.15,300.032917,0.35,1.0,0.85,0.75,0.9,0.75,0.8,303.55,False,csv:P_alta; csv:P_baja; extra:T_fuente; extra:T_sumidero; csv:x_b; extra:m_b; csv:eta_t; csv:eta_p; csv:eps_hrvg; csv:eps_reg; csv:eps_cond,"bracket_sonda: T2_sonda=583.0 K > dew=520.5 K (sobrecalentado: sonda T1 del arranque del bracket pega el estado 2 fuera de campana) || equilibrio_liquido_vapor(P=6000.0 kPa, T=583.0498838180675 K): no",True,CORREGIBLE,0.218527,440.2802,398.24,8,0,23,141.0,,"[CORREGIBLE] O1: título de vapor a la salida de la turbina bajo el umbral tecnológico usual (erosión de álabes) (medido=0.8247035430652417, esperado=>= 0.90). Causa probable: expansión hasta P_baja de","O1,O2",,,,,0,False,
6000|218.689|583.15|300.033|0.4|1|0.85|0.75|0.5|0.75|0.8|303.55,705,116,27548,barridos_2026-09-19/b0_scan_cementera.csv,1,6000.0,218.6892492858801,583.15,300.032917,0.4,1.0,0.85,0.75,0.5,0.75,0.8,303.55,False,csv:P_alta; csv:P_baja; extra:T_fuente; extra:T_sumidero; csv:x_b; extra:m_b; csv:eta_t; csv:eta_p; csv:eps_hrvg; csv:eps_reg; csv:eps_cond,"bracket_sonda: T2_sonda=582.6 K > dew=515.8 K (sobrecalentado: sonda T1 del arranque del bracket pega el estado 2 fuera de campana) || equilibrio_liquido_vapor(P=6000.0 kPa, T=582.649717743345 K): no ",True,CORREGIBLE,0.187468,202.2204,406.0444,9,0,14,122.1,,"[CORREGIBLE] O1: título de vapor a la salida de la turbina bajo el umbral tecnológico usual (erosión de álabes) (medido=0.8424992230580041, esperado=>= 0.90). Causa probable: expansión hasta P_baja de","O1,O2",,,,,7,False,
6000|218.689|583.15|300.033|0.4|1|0.85|0.75|0.8|0.75|0.8|303.55,707,111,22476,barridos_2026-09-19/b0_scan_cementera.csv,1,6000.0,218.6892492858801,583.15,300.032917,0.4,1.0,0.85,0.75,0.8,0.75,0.8,303.55,False,csv:P_alta; csv:P_baja; extra:T_fuente; extra:T_sumidero; csv:x_b; extra:m_b; csv:eta_t; csv:eta_p; csv:eps_hrvg; csv:eps_reg; csv:eps_cond,"bracket_sonda: T2_sonda=582.9 K > dew=515.8 K (sobrecalentado: sonda T1 del arranque del bracket pega el estado 2 fuera de campana) || equilibrio_liquido_vapor(P=6000.0 kPa, T=582.9498195095875 K): no",True,CORREGIBLE,0.20148,354.7544,397.3241,9,0,17,119.8,,"[CORREGIBLE] O1: título de vapor a la salida de la turbina bajo el umbral tecnológico usual (erosión de álabes) (medido=0.8359705962525713, esperado=>= 0.90). Causa probable: expansión hasta P_baja de","O1,O2",,,,,0,False,
6000|293.413|583.15|300.033|0.45|1|0.85|0.75|0.5|0.75|0.8|303.55,709,114,25144,barridos_2026-09-19/b0_scan_cementera.csv,1,6000.0,293.41308192387106,583.15,300.032917,0.45,1.0,0.85,0.75,0.5,0.75,0.8,303.55,False,csv:P_alta; csv:P_baja; extra:T_fuente; extra:T_sumidero; csv:x_b; extra:m_b; csv:eta_t; csv:eta_p; csv:eps_hrvg; csv:eps_reg; csv:eps_cond,"bracket_sonda: T2_sonda=582.6 K > dew=510.9 K (sobrecalentado: sonda T1 del arranque del bracket pega el estado 2 fuera de campana) || equilibrio_liquido_vapor(P=6000.0 kPa, T=582.649755529864 K): no ",True,CORREGIBLE,0.179003,191.1128,400.8399,10,0,15,117.7,,"[CORREGIBLE] O1: título de vapor a la salida de la turbina bajo el umbral tecnológico usual (erosión de álabes) (medido=0.852523241433707, esperado=>= 0.90). Causa probable: expansión hasta P_baja dej","O1,O2",,,,,7,False,
6000|218.689|583.15|300.033|0.4|1|0.85|0.75|0.9|0.75|0.8|303.55,708,120,22892,barridos_2026-09-19/b0_scan_cementera.csv,1,6000.0,218.6892492858801,583.15,300.032917,0.4,1.0,0.85,0.75,0.9,0.75,0.8,303.55,False,csv:P_alta; csv:P_baja; extra:T_fuente; extra:T_sumidero; csv:x_b; extra:m_b; csv:eta_t; csv:eta_p; csv:eps_hrvg; csv:eps_reg; csv:eps_cond,"bracket_sonda: T2_sonda=583.0 K > dew=515.8 K (sobrecalentado: sonda T1 del arranque del bracket pega el estado 2 fuera de campana) || equilibrio_liquido_vapor(P=6000.0 kPa, T=583.0498984417502 K): no",True,NO_CONVERGIO,0.216704,430.4503,396.0874,9,0,26,158.7,,"[NO_CONVERGIO] N2: el balance global de energía no cierra dentro de la tolerancia (medido=104.52755599847586, esperado=<= 1.98635 kW (1e-3 relativo a Qi)). Causa probable: residuo numérico del lazo de","N2,O1,O2,O5,C1,C3,C3",,,,,0,False,
6000|293.413|583.15|300.033|0.45|1|0.85|0.75|0.65|0.75|0.8|303.55,710,121,26924,barridos_2026-09-19/b0_scan_cementera.csv,1,6000.0,293.41308192387106,583.15,300.032917,0.45,1.0,0.85,0.75,0.65,0.75,0.8,303.55,False,csv:P_alta; csv:P_baja; extra:T_fuente; extra:T_sumidero; csv:x_b; extra:m_b; csv:eta_t; csv:eta_p; csv:eps_hrvg; csv:eps_reg; csv:eps_cond,"bracket_sonda: T2_sonda=582.8 K > dew=510.9 K (sobrecalentado: sonda T1 del arranque del bracket pega el estado 2 fuera de campana) || equilibrio_liquido_vapor(P=6000.0 kPa, T=582.7997776958698 K): no",True,CORREGIBLE,0.185427,259.6534,397.0858,8,0,16,90.6,,"[CORREGIBLE] O1: título de vapor a la salida de la turbina bajo el umbral tecnológico usual (erosión de álabes) (medido=0.8485196651514447, esperado=>= 0.90). Causa probable: expansión hasta P_baja de","O1,O2",,,,,0,False,
6000|293.413|583.15|300.033|0.45|1|0.85|0.75|0.8|0.75|0.8|303.55,711,126,20368,barridos_2026-09-19/b0_scan_cementera.csv,1,6000.0,293.41308192387106,583.15,300.032917,0.45,1.0,0.85,0.75,0.8,0.75,0.8,303.55,False,csv:P_alta; csv:P_baja; extra:T_fuente; extra:T_sumidero; csv:x_b; extra:m_b; csv:eta_t; csv:eta_p; csv:eps_hrvg; csv:eps_reg; csv:eps_cond,"bracket_sonda: T2_sonda=582.9 K > dew=510.9 K (sobrecalentado: sonda T1 del arranque del bracket pega el estado 2 fuera de campana) || equilibrio_liquido_vapor(P=6000.0 kPa, T=582.9498438030934 K): no",True,CORREGIBLE,0.189353,328.2939,394.5275,8,0,19,117.5,,"[CORREGIBLE] O1: título de vapor a la salida de la turbina bajo el umbral tecnológico usual (erosión de álabes) (medido=0.8454577289615562, esperado=>= 0.90). Causa probable: expansión hasta P_baja de","O1,O2",,,,,0,False,
6000|380.465|583.15|300.033|0.5|1|0.85|0.75|0.5|0.75|0.8|303.55,713,112,22476,barridos_2026-09-19/b0_scan_cementera.csv,1,6000.0,380.4651667449188,583.15,300.032917,0.5,1.0,0.85,0.75,0.5,0.75,0.8,303.55,False,csv:P_alta; csv:P_baja; extra:T_fuente; extra:T_sumidero; csv:x_b; extra:m_b; csv:eta_t; csv:eta_p; csv:eps_hrvg; csv:eps_reg; csv:eps_cond,"bracket_sonda: T2_sonda=582.6 K > dew=505.7 K (sobrecalentado: sonda T1 del arranque del bracket pega el estado 2 fuera de campana) || equilibrio_liquido_vapor(P=6000.0 kPa, T=582.6497899281202 K): no",True,CORREGIBLE,0.171541,180.8392,395.6107,9,0,17,114.0,,"[CORREGIBLE] O1: título de vapor a la salida de la turbina bajo el umbral tecnológico usual (erosión de álabes) (medido=0.8619438632859846, esperado=>= 0.90). Causa probable: expansión hasta P_baja de","O1,O2",,,,,5,False,
6000|380.465|583.15|300.033|0.5|1|0.85|0.75|0.65|0.75|0.8|303.55,714,115,25144,barridos_2026-09-19/b0_scan_cementera.csv,1,6000.0,380.4651667449188,583.15,300.032917,0.5,1.0,0.85,0.75,0.65,0.75,0.8,303.55,False,csv:P_alta; csv:P_baja; extra:T_fuente; extra:T_sumidero; csv:x_b; extra:m_b; csv:eta_t; csv:eta_p; csv:eps_hrvg; csv:eps_reg; csv:eps_cond,"bracket_sonda: T2_sonda=582.8 K > dew=505.7 K (sobrecalentado: sonda T1 del arranque del bracket pega el estado 2 fuera de campana) || equilibrio_liquido_vapor(P=6000.0 kPa, T=582.7998089805594 K): no",True,CORREGIBLE,0.176077,242.7555,393.1401,9,0,17,89.6,,"[CORREGIBLE] O1: título de vapor a la salida de la turbina bajo el umbral tecnológico usual (erosión de álabes) (medido=0.8576574251746243, esperado=>= 0.90). Causa probable: expansión hasta P_baja de","O1,O2",,,,,0,False,
6000|380.465|583.15|300.033|0.5|1|0.85|0.75|0.8|0.75|0.8|303.55,715,121,22892,barridos_2026-09-19/b0_scan_cementera.csv,1,6000.0,380.4651667449188,583.15,300.032917,0.5,1.0,0.85,0.75,0.8,0.75,0.8,303.55,False,csv:P_alta; csv:P_baja; extra:T_fuente; extra:T_sumidero; csv:x_b; extra:m_b; csv:eta_t; csv:eta_p; csv:eps_hrvg; csv:eps_reg; csv:eps_cond,"bracket_sonda: T2_sonda=582.9 K > dew=505.7 K (sobrecalentado: sonda T1 del arranque del bracket pega el estado 2 fuera de campana) || equilibrio_liquido_vapor(P=6000.0 kPa, T=582.9498657998512 K): no",True,CORREGIBLE,0.178466,303.9436,391.6105,8,0,21,128.5,,"[CORREGIBLE] O1: título de vapor a la salida de la turbina bajo el umbral tecnológico usual (erosión de álabes) (medido=0.8543900411206826, esperado=>= 0.90). Causa probable: expansión hasta P_baja de","O1,O2",,,,,0,False,
6000|476.253|583.15|300.033|0.55|1|0.85|0.75|0.5|0.75|0.8|303.55,717,127,20368,barridos_2026-09-19/b0_scan_cementera.csv,1,6000.0,476.2531387660478,583.15,300.032917,0.55,1.0,0.85,0.75,0.5,0.75,0.8,303.55,False,csv:P_alta; csv:P_baja; extra:T_fuente; extra:T_sumidero; csv:x_b; extra:m_b; csv:eta_t; csv:eta_p; csv:eps_hrvg; csv:eps_reg; csv:eps_cond,"bracket_sonda: T2_sonda=582.6 K > dew=500.2 K (sobrecalentado: sonda T1 del arranque del bracket pega el estado 2 fuera de campana) || equilibrio_liquido_vapor(P=6000.0 kPa, T=582.6498211378926 K): no",True,CORREGIBLE,0.165317,171.6606,390.3634,9,0,18,100.2,,"[CORREGIBLE] O1: título de vapor a la salida de la turbina bajo el umbral tecnológico usual (erosión de álabes) (medido=0.8706752657905942, esperado=>= 0.90). Causa probable: expansión hasta P_baja de","O1,O2",,,,,0,False,
6000|293.413|583.15|300.033|0.45|1|0.85|0.75|0.9|0.75|0.8|303.55,712,117,27548,barridos_2026-09-19/b0_scan_cementera.csv,1,6000.0,293.41308192387106,583.15,300.032917,0.45,1.0,0.85,0.75,0.9,0.75,0.8,303.55,False,csv:P_alta; csv:P_baja; extra:T_fuente; extra:T_sumidero; csv:x_b; extra:m_b; csv:eta_t; csv:eta_p; csv:eps_hrvg; csv:eps_reg; csv:eps_cond,"bracket_sonda: T2_sonda=583.0 K > dew=510.9 K (sobrecalentado: sonda T1 del arranque del bracket pega el estado 2 fuera de campana) || equilibrio_liquido_vapor(P=6000.0 kPa, T=583.0499122422564 K): no",True,NO_CONVERGIO,0.232629,452.4955,395.7072,9,0,29,218.2,,"[NO_CONVERGIO] N2: el balance global de energía no cierra dentro de la tolerancia (medido=376.71724476370844, esperado=<= 1.94514 kW (1e-3 relativo a Qi)). Causa probable: residuo numérico del lazo de","N2,O1,O2,O5,C1,C3,C3",,,,,9,False,
6000|380.465|583.15|300.033|0.5|1|0.85|0.75|0.9|0.75|0.8|303.55,716,122,26924,barridos_2026-09-19/b0_scan_cementera.csv,1,6000.0,380.4651667449188,583.15,300.032917,0.5,1.0,0.85,0.75,0.9,0.75,0.8,303.55,False,csv:P_alta; csv:P_baja; extra:T_fuente; extra:T_sumidero; csv:x_b; extra:m_b; csv:eta_t; csv:eta_p; csv:eps_hrvg; csv:eps_reg; csv:eps_cond,"bracket_sonda: T2_sonda=583.0 K > dew=505.7 K (sobrecalentado: sonda T1 del arranque del bracket pega el estado 2 fuera de campana) || equilibrio_liquido_vapor(P=6000.0 kPa, T=583.0499246211548 K): no",True,NO_CONVERGIO,0.25386,477.5338,399.1696,8,0,35,164.3,,"[NO_CONVERGIO] N2: el balance global de energía no cierra dentro de la tolerancia (medido=716.0254834100626, esperado=<= 1.88109 kW (1e-3 relativo a Qi)). Causa probable: residuo numérico del lazo de ","N2,O1,O2,O5,C1,C3,C3",,,,,0,False,
6000|476.253|583.15|300.033|0.55|1|0.85|0.75|0.65|0.75|0.8|303.55,718,113,22476,barridos_2026-09-19/b0_scan_cementera.csv,1,6000.0,476.2531387660478,583.15,300.032917,0.55,1.0,0.85,0.75,0.65,0.75,0.8,303.55,False,csv:P_alta; csv:P_baja; extra:T_fuente; extra:T_sumidero; csv:x_b; extra:m_b; csv:eta_t; csv:eta_p; csv:eps_hrvg; csv:eps_reg; csv:eps_cond,"bracket_sonda: T2_sonda=582.8 K > dew=500.2 K (sobrecalentado: sonda T1 del arranque del bracket pega el estado 2 fuera de campana) || equilibrio_liquido_vapor(P=6000.0 kPa, T=582.7998373536875 K): no",True,CORREGIBLE,0.168165,227.702,389.1261,8,0,19,102.9,,"[CORREGIBLE] O1: título de vapor a la salida de la turbina bajo el umbral tecnológico usual (erosión de álabes) (medido=0.8660967997866689, esperado=>= 0.90). Causa probable: expansión hasta P_baja de","O1,O2",,,,,0,False,
6000|476.253|583.15|300.033|0.55|1|0.85|0.75|0.8|0.75|0.8|303.55,719,116,25144,barridos_2026-09-19/b0_scan_cementera.csv,1,6000.0,476.2531387660478,583.15,300.032917,0.55,1.0,0.85,0.75,0.8,0.75,0.8,303.55,False,csv:P_alta; csv:P_baja; extra:T_fuente; extra:T_sumidero; csv:x_b; extra:m_b; csv:eta_t; csv:eta_p; csv:eps_hrvg; csv:eps_reg; csv:eps_cond,"bracket_sonda: T2_sonda=582.9 K > dew=500.2 K (sobrecalentado: sonda T1 del arranque del bracket pega el estado 2 fuera de campana) || equilibrio_liquido_vapor(P=6000.0 kPa, T=582.9498856823876 K): no",True,CORREGIBLE,0.169113,282.2156,388.5715,8,0,23,142.2,,"[CORREGIBLE] O1: título de vapor a la salida de la turbina bajo el umbral tecnológico usual (erosión de álabes) (medido=0.8626435734505843, esperado=>= 0.90). Causa probable: expansión hasta P_baja de","O1,O2",,,,,0,False,
6000|575.702|583.15|300.033|0.6|1|0.85|0.75|0.65|0.75|0.8|303.55,722,118,27548,barridos_2026-09-19/b0_scan_cementera.csv,1,6000.0,575.7018172219059,583.15,300.032917,0.6,1.0,0.85,0.75,0.65,0.75,0.8,303.55,False,csv:P_alta; csv:P_baja; extra:T_fuente; extra:T_sumidero; csv:x_b; extra:m_b; csv:eta_t; csv:eta_p; csv:eps_hrvg; csv:eps_reg; csv:eps_cond,"bracket_sonda: T2_sonda=582.8 K > dew=494.3 K (sobrecalentado: sonda T1 del arranque del bracket pega el estado 2 fuera de campana) || equilibrio_liquido_vapor(P=6000.0 kPa, T=582.7998633767365 K): no",True,CORREGIBLE,0.161918,214.788,385.0312,9,0,20,101.2,,"[CORREGIBLE] O1: título de vapor a la salida de la turbina bajo el umbral tecnológico usual (erosión de álabes) (medido=0.8737681865428407, esperado=>= 0.90). Causa probable: expansión hasta P_baja de","O1,O2",,,,,0,False,
6000|476.253|583.15|300.033|0.55|1|0.85|0.75|0.9|0.75|0.8|303.55,720,122,22892,barridos_2026-09-19/b0_scan_cementera.csv,1,6000.0,476.2531387660478,583.15,300.032917,0.55,1.0,0.85,0.75,0.9,0.75,0.8,303.55,False,csv:P_alta; csv:P_baja; extra:T_fuente; extra:T_sumidero; csv:x_b; extra:m_b; csv:eta_t; csv:eta_p; csv:eps_hrvg; csv:eps_reg; csv:eps_cond,"bracket_sonda: T2_sonda=583.0 K > dew=500.2 K (sobrecalentado: sonda T1 del arranque del bracket pega el estado 2 fuera de campana) || equilibrio_liquido_vapor(P=6000.0 kPa, T=583.0499357063368 K): no",False,NO_CONVERGIO,,,,,,,133.2,sin cambio de signo,"CicloNoConvergeError: extremos [301.0329, 377.1500] K sin cambio de signo de F (F(lo)=89.002, F(hi)=20.259)",,,,,,,,
6000|575.702|583.15|300.033|0.6|1|0.85|0.75|0.5|0.75|0.8|303.55,721,128,20368,barridos_2026-09-19/b0_scan_cementera.csv,1,6000.0,575.7018172219059,583.15,300.032917,0.6,1.0,0.85,0.75,0.5,0.75,0.8,303.55,False,csv:P_alta; csv:P_baja; extra:T_fuente; extra:T_sumidero; csv:x_b; extra:m_b; csv:eta_t; csv:eta_p; csv:eps_hrvg; csv:eps_reg; csv:eps_cond,"bracket_sonda: T2_sonda=582.6 K > dew=494.3 K (sobrecalentado: sonda T1 del arranque del bracket pega el estado 2 fuera de campana) || equilibrio_liquido_vapor(P=6000.0 kPa, T=582.6498497636472 K): no",True,CORREGIBLE,0.160508,163.7567,385.0924,10,0,19,148.5,,"[CORREGIBLE] O1: título de vapor a la salida de la turbina bajo el umbral tecnológico usual (erosión de álabes) (medido=0.878699134857721, esperado=>= 0.90). Causa probable: expansión hasta P_baja dej","O1,O2",,,,,0,False,
6000|575.702|583.15|300.033|0.6|1|0.85|0.75|0.8|0.75|0.8|303.55,723,123,26924,barridos_2026-09-19/b0_scan_cementera.csv,1,6000.0,575.7018172219059,583.15,300.032917,0.6,1.0,0.85,0.75,0.8,0.75,0.8,303.55,False,csv:P_alta; csv:P_baja; extra:T_fuente; extra:T_sumidero; csv:x_b; extra:m_b; csv:eta_t; csv:eta_p; csv:eps_hrvg; csv:eps_reg; csv:eps_cond,"bracket_sonda: T2_sonda=582.9 K > dew=494.3 K (sobrecalentado: sonda T1 del arranque del bracket pega el estado 2 fuera de campana) || equilibrio_liquido_vapor(P=6000.0 kPa, T=582.949903924388 K): no ",True,CORREGIBLE,0.161541,263.4968,385.3905,8,0,25,147.1,,"[CORREGIBLE] O1: título de vapor a la salida de la turbina bajo el umbral tecnológico usual (erosión de álabes) (medido=0.8701318774005016, esperado=>= 0.90). Causa probable: expansión hasta P_baja de","O1,O2",,,,,0,False,
6000|575.702|583.15|300.033|0.6|1|0.85|0.75|0.9|0.75|0.8|303.55,724,114,22476,barridos_2026-09-19/b0_scan_cementera.csv,1,6000.0,575.7018172219059,583.15,300.032917,0.6,1.0,0.85,0.75,0.9,0.75,0.8,303.55,False,csv:P_alta; csv:P_baja; extra:T_fuente; extra:T_sumidero; csv:x_b; extra:m_b; csv:eta_t; csv:eta_p; csv:eps_hrvg; csv:eps_reg; csv:eps_cond,"bracket_sonda: T2_sonda=583.0 K > dew=494.3 K (sobrecalentado: sonda T1 del arranque del bracket pega el estado 2 fuera de campana) || equilibrio_liquido_vapor(P=6000.0 kPa, T=583.0499458880274 K): no",False,NO_CONVERGIO,,,,,,,191.7,sin cambio de signo,"CicloNoConvergeError: extremos [301.0329, 347.1500] K sin cambio de signo de F (F(lo)=89.409, F(hi)=47.305)",,,,,,,,
6000|673.345|583.15|300.033|0.65|1|0.85|0.75|0.65|0.75|0.8|303.55,726,119,27548,barridos_2026-09-19/b0_scan_cementera.csv,1,6000.0,673.3448664612341,583.15,300.032917,0.65,1.0,0.85,0.75,0.65,0.75,0.8,303.55,False,csv:P_alta; csv:P_baja; extra:T_fuente; extra:T_sumidero; csv:x_b; extra:m_b; csv:eta_t; csv:eta_p; csv:eps_hrvg; csv:eps_reg; csv:eps_cond,"bracket_sonda: T2_sonda=582.8 K > dew=487.9 K (sobrecalentado: sonda T1 del arranque del bracket pega el estado 2 fuera de campana) || equilibrio_liquido_vapor(P=6000.0 kPa, T=582.7998876081557 K): no",True,CORREGIBLE,0.157482,204.1589,380.8356,9,0,22,122.7,,"[CORREGIBLE] O1: título de vapor a la salida de la turbina bajo el umbral tecnológico usual (erosión de álabes) (medido=0.8806698914358009, esperado=>= 0.90). Causa probable: expansión hasta P_baja de","O1,O2",,,,,0,False,
6000|673.345|583.15|300.033|0.65|1|0.85|0.75|0.5|0.75|0.8|303.55,725,117,25144,barridos_2026-09-19/b0_scan_cementera.csv,1,6000.0,673.3448664612341,583.15,300.032917,0.65,1.0,0.85,0.75,0.5,0.75,0.8,303.55,False,csv:P_alta; csv:P_baja; extra:T_fuente; extra:T_sumidero; csv:x_b; extra:m_b; csv:eta_t; csv:eta_p; csv:eps_hrvg; csv:eps_reg; csv:eps_cond,"bracket_sonda: T2_sonda=582.6 K > dew=487.9 K (sobrecalentado: sonda T1 del arranque del bracket pega el estado 2 fuera de campana) || equilibrio_liquido_vapor(P=6000.0 kPa, T=582.6498763869183 K): no",True,CORREGIBLE,0.157178,157.1753,379.7866,9,0,21,154.7,,"[CORREGIBLE] O1: título de vapor a la salida de la turbina bajo el umbral tecnológico usual (erosión de álabes) (medido=0.8861007919010406, esperado=>= 0.90). Causa probable: expansión hasta P_baja de","O1,O2",,,,,0,False,
6000|673.345|583.15|300.033|0.65|1|0.85|0.75|0.8|0.75|0.8|303.55,727,123,22892,barridos_2026-09-19/b0_scan_cementera.csv,1,6000.0,673.3448664612341,583.15,300.032917,0.65,1.0,0.85,0.75,0.8,0.75,0.8,303.55,False,csv:P_alta; csv:P_baja; extra:T_fuente; extra:T_sumidero; csv:x_b; extra:m_b; csv:eta_t; csv:eta_p; csv:eps_hrvg; csv:eps_reg; csv:eps_cond,"bracket_sonda: T2_sonda=582.9 K > dew=487.9 K (sobrecalentado: sonda T1 del arranque del bracket pega el estado 2 fuera de campana) || equilibrio_liquido_vapor(P=6000.0 kPa, T=582.9499210226876 K): no",True,CORREGIBLE,0.155923,247.9959,382.04,8,0,28,175.5,,"[CORREGIBLE] O1: título de vapor a la salida de la turbina bajo el umbral tecnológico usual (erosión de álabes) (medido=0.876825629049106, esperado=>= 0.90). Causa probable: expansión hasta P_baja dej","O1,O2",,,,,0,False,
6000|673.345|583.15|300.033|0.65|1|0.85|0.75|0.9|0.75|0.8|303.55,728,129,20368,barridos_2026-09-19/b0_scan_cementera.csv,1,6000.0,673.3448664612341,583.15,300.032917,0.65,1.0,0.85,0.75,0.9,0.75,0.8,303.55,False,csv:P_alta; csv:P_baja; extra:T_fuente; extra:T_sumidero; csv:x_b; extra:m_b; csv:eta_t; csv:eta_p; csv:eps_hrvg; csv:eps_reg; csv:eps_cond,"lado_frio(P_baja=673.3 kPa, estado fuera del dominio/cobertura del motor teqp — sin relacion con la campana de la sonda || T_from_Ph(P, h, x): el motor teqp no cubre el estado pedido (ver TASK_CONTEXT",False,NO_CONVERGIO,,,,,,,159.6,sin extremos evaluables,"CicloNoConvergeError: sin dos extremos evaluables en el rango físico de T1 (repliegues_lo=56, repliegues_hi=0, paso=5.0 K)",,,,,,,,
6000|764.638|583.15|300.033|0.7|1|0.85|0.75|0.5|0.75|0.8|303.55,729,124,26924,barridos_2026-09-19/b0_scan_cementera.csv,1,6000.0,764.6376026707513,583.15,300.032917,0.7,1.0,0.85,0.75,0.5,0.75,0.8,303.55,False,csv:P_alta; csv:P_baja; extra:T_fuente; extra:T_sumidero; csv:x_b; extra:m_b; csv:eta_t; csv:eta_p; csv:eps_hrvg; csv:eps_reg; csv:eps_cond,"bracket_sonda: T2_sonda=582.6 K > dew=480.9 K (sobrecalentado: sonda T1 del arranque del bracket pega el estado 2 fuera de campana) || equilibrio_liquido_vapor(P=6000.0 kPa, T=582.6499005294478 K): no",True,CORREGIBLE,0.155218,151.7721,374.4382,8,0,22,149.4,,"[CORREGIBLE] O1: título de vapor a la salida de la turbina bajo el umbral tecnológico usual (erosión de álabes) (medido=0.8931163082413771, esperado=>= 0.90). Causa probable: expansión hasta P_baja de","O1,O2",,,,,0,False,
6000|764.638|583.15|300.033|0.7|1|0.85|0.75|0.65|0.75|0.8|303.55,730,115,22476,barridos_2026-09-19/b0_scan_cementera.csv,1,6000.0,764.6376026707513,583.15,300.032917,0.7,1.0,0.85,0.75,0.65,0.75,0.8,303.55,False,csv:P_alta; csv:P_baja; extra:T_fuente; extra:T_sumidero; csv:x_b; extra:m_b; csv:eta_t; csv:eta_p; csv:eps_hrvg; csv:eps_reg; csv:eps_cond,"bracket_sonda: T2_sonda=582.8 K > dew=480.9 K (sobrecalentado: sonda T1 del arranque del bracket pega el estado 2 fuera de campana) || equilibrio_liquido_vapor(P=6000.0 kPa, T=582.7999095661307 K): no",True,CORREGIBLE,0.154875,195.7603,376.524,8,0,24,141.5,,"[CORREGIBLE] O1: título de vapor a la salida de la turbina bajo el umbral tecnológico usual (erosión de álabes) (medido=0.8868893727122786, esperado=>= 0.90). Causa probable: expansión hasta P_baja de","O1,O2",,,,,3,False,
6000|764.638|583.15|300.033|0.7|1|0.85|0.75|0.9|0.75|0.8|303.55,732,118,25144,barridos_2026-09-19/b0_scan_cementera.csv,1,6000.0,764.6376026707513,583.15,300.032917,0.7,1.0,0.85,0.75,0.9,0.75,0.8,303.55,False,csv:P_alta; csv:P_baja; extra:T_fuente; extra:T_sumidero; csv:x_b; extra:m_b; csv:eta_t; csv:eta_p; csv:eps_hrvg; csv:eps_reg; csv:eps_cond,"lado_frio(P_baja=764.6 kPa, estado fuera del dominio/cobertura del motor teqp — sin relacion con la campana de la sonda || T_from_Ph(P, h, x): el motor teqp no cubre el estado pedido (ver TASK_CONTEXT",False,NO_CONVERGIO,,,,,,,126.3,sin extremos evaluables,"CicloNoConvergeError: sin dos extremos evaluables en el rango físico de T1 (repliegues_lo=56, repliegues_hi=0, paso=5.0 K)",,,,,,,,
6500|157.885|583.15|300.033|0.35|1|0.85|0.75|0.65|0.75|0.8|303.55,734,130,20368,barridos_2026-09-19/b0_scan_cementera.csv,1,6500.0,157.88536139565775,583.15,300.032917,0.35,1.0,0.85,0.75,0.65,0.75,0.8,303.55,False,csv:P_alta; csv:P_baja; extra:T_fuente; extra:T_sumidero; csv:x_b; extra:m_b; csv:eta_t; csv:eta_p; csv:eps_hrvg; csv:eps_reg; csv:eps_cond,"bracket_sonda: T2_sonda=582.8 K > dew=525.0 K (sobrecalentado: sonda T1 del arranque del bracket pega el estado 2 fuera de campana) || equilibrio_liquido_vapor(P=6500.0 kPa, T=582.7996610219641 K): no",True,CORREGIBLE,0.210207,298.7348,406.2211,9,0,13,81.7,,"[CORREGIBLE] O1: título de vapor a la salida de la turbina bajo el umbral tecnológico usual (erosión de álabes) (medido=0.8230947409817476, esperado=>= 0.90). Causa probable: expansión hasta P_baja de","O1,O2",,,,,0,False,
6000|764.638|583.15|300.033|0.7|1|0.85|0.75|0.8|0.75|0.8|303.55,731,120,27548,barridos_2026-09-19/b0_scan_cementera.csv,1,6000.0,764.6376026707513,583.15,300.032917,0.7,1.0,0.85,0.75,0.8,0.75,0.8,303.55,False,csv:P_alta; csv:P_baja; extra:T_fuente; extra:T_sumidero; csv:x_b; extra:m_b; csv:eta_t; csv:eta_p; csv:eps_hrvg; csv:eps_reg; csv:eps_cond,"bracket_sonda: T2_sonda=582.9 K > dew=480.9 K (sobrecalentado: sonda T1 del arranque del bracket pega el estado 2 fuera de campana) || equilibrio_liquido_vapor(P=6000.0 kPa, T=582.9499364574204 K): no",True,CORREGIBLE,0.152327,235.6959,378.4984,8,0,31,170.4,,"[CORREGIBLE] O1: título de vapor a la salida de la turbina bajo el umbral tecnológico usual (erosión de álabes) (medido=0.882767084429476, esperado=>= 0.90). Causa probable: expansión hasta P_baja dej","O1,O2",,,,,0,False,
6500|157.885|583.15|300.033|0.35|1|0.85|0.75|0.5|0.75|0.8|303.55,733,124,22892,barridos_2026-09-19/b0_scan_cementera.csv,1,6500.0,157.88536139565775,583.15,300.032917,0.35,1.0,0.85,0.75,0.5,0.75,0.8,303.55,False,csv:P_alta; csv:P_baja; extra:T_fuente; extra:T_sumidero; csv:x_b; extra:m_b; csv:eta_t; csv:eta_p; csv:eps_hrvg; csv:eps_reg; csv:eps_cond,"bracket_sonda: T2_sonda=582.6 K > dew=525.0 K (sobrecalentado: sonda T1 del arranque del bracket pega el estado 2 fuera de campana) || equilibrio_liquido_vapor(P=6500.0 kPa, T=582.649627278447 K): no ",True,CORREGIBLE,0.198428,213.255,413.6763,9,0,12,139.2,,"[CORREGIBLE] O1: título de vapor a la salida de la turbina bajo el umbral tecnológico usual (erosión de álabes) (medido=0.8265140596457861, esperado=>= 0.90). Causa probable: expansión hasta P_baja de","O1,O2",,,,,9,False,
6500|157.885|583.15|300.033|0.35|1|0.85|0.75|0.8|0.75|0.8|303.55,735,125,26924,barridos_2026-09-19/b0_scan_cementera.csv,1,6500.0,157.88536139565775,583.15,300.032917,0.35,1.0,0.85,0.75,0.8,0.75,0.8,303.55,False,csv:P_alta; csv:P_baja; extra:T_fuente; extra:T_sumidero; csv:x_b; extra:m_b; csv:eta_t; csv:eta_p; csv:eps_hrvg; csv:eps_reg; csv:eps_cond,"bracket_sonda: T2_sonda=582.9 K > dew=525.0 K (sobrecalentado: sonda T1 del arranque del bracket pega el estado 2 fuera de campana) || equilibrio_liquido_vapor(P=6500.0 kPa, T=582.9497617374702 K): no",True,CORREGIBLE,0.218173,386.6667,400.3126,9,0,14,122.0,,"[CORREGIBLE] O1: título de vapor a la salida de la turbina bajo el umbral tecnológico usual (erosión de álabes) (medido=0.8204655495310154, esperado=>= 0.90). Causa probable: expansión hasta P_baja de","O1,O2",,,,,0,False,
6500|218.689|583.15|300.033|0.4|1|0.85|0.75|0.65|0.75|0.8|303.55,738,131,20368,barridos_2026-09-19/b0_scan_cementera.csv,1,6500.0,218.6892492858801,583.15,300.032917,0.4,1.0,0.85,0.75,0.65,0.75,0.8,303.55,False,csv:P_alta; csv:P_baja; extra:T_fuente; extra:T_sumidero; csv:x_b; extra:m_b; csv:eta_t; csv:eta_p; csv:eps_hrvg; csv:eps_reg; csv:eps_cond,"bracket_sonda: T2_sonda=582.8 K > dew=520.2 K (sobrecalentado: sonda T1 del arranque del bracket pega el estado 2 fuera de campana) || equilibrio_liquido_vapor(P=6500.0 kPa, T=582.7997040513233 K): no",True,CORREGIBLE,0.199176,280.148,402.274,9,0,14,86.4,,"[CORREGIBLE] O1: título de vapor a la salida de la turbina bajo el umbral tecnológico usual (erosión de álabes) (medido=0.8331372001419081, esperado=>= 0.90). Causa probable: expansión hasta P_baja de","O1,O2",,,,,0,False,
6500|157.885|583.15|300.033|0.35|1|0.85|0.75|0.9|0.75|0.8|303.55,736,116,22476,barridos_2026-09-19/b0_scan_cementera.csv,1,6500.0,157.88536139565775,583.15,300.032917,0.35,1.0,0.85,0.75,0.9,0.75,0.8,303.55,False,csv:P_alta; csv:P_baja; extra:T_fuente; extra:T_sumidero; csv:x_b; extra:m_b; csv:eta_t; csv:eta_p; csv:eps_hrvg; csv:eps_reg; csv:eps_cond,"bracket_sonda: T2_sonda=583.0 K > dew=525.0 K (sobrecalentado: sonda T1 del arranque del bracket pega el estado 2 fuera de campana) || equilibrio_liquido_vapor(P=6500.0 kPa, T=583.0498660296633 K): no",True,CORREGIBLE,0.222544,446.2083,397.7621,8,0,21,134.2,,"[CORREGIBLE] O1: título de vapor a la salida de la turbina bajo el umbral tecnológico usual (erosión de álabes) (medido=0.819056624874484, esperado=>= 0.90). Causa probable: expansión hasta P_baja dej","O1,O2",,,,,0,False,
6500|218.689|583.15|300.033|0.4|1|0.85|0.75|0.5|0.75|0.8|303.55,737,119,25144,barridos_2026-09-19/b0_scan_cementera.csv,1,6500.0,218.6892492858801,583.15,300.032917,0.4,1.0,0.85,0.75,0.5,0.75,0.8,303.55,False,csv:P_alta; csv:P_baja; extra:T_fuente; extra:T_sumidero; csv:x_b; extra:m_b; csv:eta_t; csv:eta_p; csv:eps_hrvg; csv:eps_reg; csv:eps_cond,"bracket_sonda: T2_sonda=582.6 K > dew=520.2 K (sobrecalentado: sonda T1 del arranque del bracket pega el estado 2 fuera de campana) || equilibrio_liquido_vapor(P=6500.0 kPa, T=582.6496745813577 K): no",True,CORREGIBLE,0.189627,202.2867,408.3302,10,0,13,139.0,,"[CORREGIBLE] O1: título de vapor a la salida de la turbina bajo el umbral tecnológico usual (erosión de álabes) (medido=0.8369094526935132, esperado=>= 0.90). Causa probable: expansión hasta P_baja de","O1,O2",,,,,9,False,
6500|218.689|583.15|300.033|0.4|1|0.85|0.75|0.8|0.75|0.8|303.55,739,121,27548,barridos_2026-09-19/b0_scan_cementera.csv,1,6500.0,218.6892492858801,583.15,300.032917,0.4,1.0,0.85,0.75,0.8,0.75,0.8,303.55,False,csv:P_alta; csv:P_baja; extra:T_fuente; extra:T_sumidero; csv:x_b; extra:m_b; csv:eta_t; csv:eta_p; csv:eps_hrvg; csv:eps_reg; csv:eps_cond,"bracket_sonda: T2_sonda=582.9 K > dew=520.2 K (sobrecalentado: sonda T1 del arranque del bracket pega el estado 2 fuera de campana) || equilibrio_liquido_vapor(P=6500.0 kPa, T=582.9497919884103 K): no",True,CORREGIBLE,0.205417,359.4692,397.5448,8,0,16,114.6,,"[CORREGIBLE] O1: título de vapor a la salida de la turbina bajo el umbral tecnológico usual (erosión de álabes) (medido=0.8302284160205196, esperado=>= 0.90). Causa probable: expansión hasta P_baja de","O1,O2",,,,,0,False,
6500|293.413|583.15|300.033|0.45|1|0.85|0.75|0.65|0.75|0.8|303.55,742,132,20368,barridos_2026-09-19/b0_scan_cementera.csv,1,6500.0,293.41308192387106,583.15,300.032917,0.45,1.0,0.85,0.75,0.65,0.75,0.8,303.55,False,csv:P_alta; csv:P_baja; extra:T_fuente; extra:T_sumidero; csv:x_b; extra:m_b; csv:eta_t; csv:eta_p; csv:eps_hrvg; csv:eps_reg; csv:eps_cond,"bracket_sonda: T2_sonda=582.8 K > dew=515.1 K (sobrecalentado: sonda T1 del arranque del bracket pega el estado 2 fuera de campana) || equilibrio_liquido_vapor(P=6500.0 kPa, T=582.7997429145414 K): no",True,CORREGIBLE,0.189017,262.5286,398.2429,8,0,15,93.9,,"[CORREGIBLE] O1: título de vapor a la salida de la turbina bajo el umbral tecnológico usual (erosión de álabes) (medido=0.8427442481149507, esperado=>= 0.90). Causa probable: expansión hasta P_baja de","O1,O2",,,,,0,False,
6500|293.413|583.15|300.033|0.45|1|0.85|0.75|0.5|0.75|0.8|303.55,741,126,26924,barridos_2026-09-19/b0_scan_cementera.csv,1,6500.0,293.41308192387106,583.15,300.032917,0.45,1.0,0.85,0.75,0.5,0.75,0.8,303.55,False,csv:P_alta; csv:P_baja; extra:T_fuente; extra:T_sumidero; csv:x_b; extra:m_b; csv:eta_t; csv:eta_p; csv:eps_hrvg; csv:eps_reg; csv:eps_cond,"bracket_sonda: T2_sonda=582.6 K > dew=515.1 K (sobrecalentado: sonda T1 del arranque del bracket pega el estado 2 fuera de campana) || equilibrio_liquido_vapor(P=6500.0 kPa, T=582.649717347825 K): no ",True,CORREGIBLE,0.181571,191.8255,402.9421,9,0,14,134.4,,"[CORREGIBLE] O1: título de vapor a la salida de la turbina bajo el umbral tecnológico usual (erosión de álabes) (medido=0.8468374316085593, esperado=>= 0.90). Causa probable: expansión hasta P_baja de","O1,O2",,,,,5,False,
6500|380.465|583.15|300.033|0.5|1|0.85|0.75|0.5|0.75|0.8|303.55,745,122,27548,barridos_2026-09-19/b0_scan_cementera.csv,1,6500.0,380.4651667449188,583.15,300.032917,0.5,1.0,0.85,0.75,0.5,0.75,0.8,303.55,False,csv:P_alta; csv:P_baja; extra:T_fuente; extra:T_sumidero; csv:x_b; extra:m_b; csv:eta_t; csv:eta_p; csv:eps_hrvg; csv:eps_reg; csv:eps_cond,"bracket_sonda: T2_sonda=582.6 K > dew=509.8 K (sobrecalentado: sonda T1 del arranque del bracket pega el estado 2 fuera de campana) || equilibrio_liquido_vapor(P=6500.0 kPa, T=582.6497569159593 K): no",True,CORREGIBLE,0.174517,182.1593,397.5319,8,0,16,98.9,,"[CORREGIBLE] O1: título de vapor a la salida de la turbina bajo el umbral tecnológico usual (erosión de álabes) (medido=0.8561797234378224, esperado=>= 0.90). Causa probable: expansión hasta P_baja de","O1,O2",,,,,0,False,
6500|218.689|583.15|300.033|0.4|1|0.85|0.75|0.9|0.75|0.8|303.55,740,125,22892,barridos_2026-09-19/b0_scan_cementera.csv,1,6500.0,218.6892492858801,583.15,300.032917,0.4,1.0,0.85,0.75,0.9,0.75,0.8,303.55,False,csv:P_alta; csv:P_baja; extra:T_fuente; extra:T_sumidero; csv:x_b; extra:m_b; csv:eta_t; csv:eta_p; csv:eps_hrvg; csv:eps_reg; csv:eps_cond,"bracket_sonda: T2_sonda=583.0 K > dew=520.2 K (sobrecalentado: sonda T1 del arranque del bracket pega el estado 2 fuera de campana) || equilibrio_liquido_vapor(P=6500.0 kPa, T=583.0498830415131 K): no",True,NO_CONVERGIO,0.210092,415.4402,395.5868,9,0,24,180.4,,"[NO_CONVERGIO] N2: el balance global de energía no cierra dentro de la tolerancia (medido=10.615952899629178, esperado=<= 1.97742 kW (1e-3 relativo a Qi)). Causa probable: residuo numérico del lazo de","N2,O1,O2,O5,C1,C3,C3",,,,,9,False,
6500|293.413|583.15|300.033|0.45|1|0.85|0.75|0.8|0.75|0.8|303.55,743,117,22476,barridos_2026-09-19/b0_scan_cementera.csv,1,6500.0,293.41308192387106,583.15,300.032917,0.45,1.0,0.85,0.75,0.8,0.75,0.8,303.55,False,csv:P_alta; csv:P_baja; extra:T_fuente; extra:T_sumidero; csv:x_b; extra:m_b; csv:eta_t; csv:eta_p; csv:eps_hrvg; csv:eps_reg; csv:eps_cond,"bracket_sonda: T2_sonda=582.9 K > dew=515.1 K (sobrecalentado: sonda T1 del arranque del bracket pega el estado 2 fuera de campana) || equilibrio_liquido_vapor(P=6500.0 kPa, T=582.9498197191342 K): no",True,CORREGIBLE,0.193598,333.7538,394.6425,7,0,18,118.7,,"[CORREGIBLE] O1: título de vapor a la salida de la turbina bajo el umbral tecnológico usual (erosión de álabes) (medido=0.8395857233281269, esperado=>= 0.90). Causa probable: expansión hasta P_baja de","O1,O2",,,,,0,False,
6500|380.465|583.15|300.033|0.5|1|0.85|0.75|0.65|0.75|0.8|303.55,746,133,20368,barridos_2026-09-19/b0_scan_cementera.csv,1,6500.0,380.4651667449188,583.15,300.032917,0.5,1.0,0.85,0.75,0.65,0.75,0.8,303.55,False,csv:P_alta; csv:P_baja; extra:T_fuente; extra:T_sumidero; csv:x_b; extra:m_b; csv:eta_t; csv:eta_p; csv:eps_hrvg; csv:eps_reg; csv:eps_cond,"bracket_sonda: T2_sonda=582.8 K > dew=509.8 K (sobrecalentado: sonda T1 del arranque del bracket pega el estado 2 fuera de campana) || equilibrio_liquido_vapor(P=6500.0 kPa, T=582.7997789583726 K): no",True,CORREGIBLE,0.180022,246.3087,394.1459,8,0,17,84.4,,"[CORREGIBLE] O1: título de vapor a la salida de la turbina bajo el umbral tecnológico usual (erosión de álabes) (medido=0.8517844227512248, esperado=>= 0.90). Causa probable: expansión hasta P_baja de","O1,O2",,,,,0,False,
6500|293.413|583.15|300.033|0.45|1|0.85|0.75|0.9|0.75|0.8|303.55,744,120,25144,barridos_2026-09-19/b0_scan_cementera.csv,1,6500.0,293.41308192387106,583.15,300.032917,0.45,1.0,0.85,0.75,0.9,0.75,0.8,303.55,False,csv:P_alta; csv:P_baja; extra:T_fuente; extra:T_sumidero; csv:x_b; extra:m_b; csv:eta_t; csv:eta_p; csv:eps_hrvg; csv:eps_reg; csv:eps_cond,"bracket_sonda: T2_sonda=583.0 K > dew=515.1 K (sobrecalentado: sonda T1 del arranque del bracket pega el estado 2 fuera de campana) || equilibrio_liquido_vapor(P=6500.0 kPa, T=583.0498987279626 K): no",True,NO_CONVERGIO,0.223269,434.417,393.2565,9,0,27,174.8,,"[NO_CONVERGIO] N2: el balance global de energía no cierra dentro de la tolerancia (medido=241.95380796517838, esperado=<= 1.94571 kW (1e-3 relativo a Qi)). Causa probable: residuo numérico del lazo de","N2,O1,O2,O5,C1,C3,C3",,,,,0,False,
6500|476.253|583.15|300.033|0.55|1|0.85|0.75|0.65|0.75|0.8|303.55,750,118,22476,barridos_2026-09-19/b0_scan_cementera.csv,1,6500.0,476.2531387660478,583.15,300.032917,0.55,1.0,0.85,0.75,0.65,0.75,0.8,303.55,False,csv:P_alta; csv:P_baja; extra:T_fuente; extra:T_sumidero; csv:x_b; extra:m_b; csv:eta_t; csv:eta_p; csv:eps_hrvg; csv:eps_reg; csv:eps_cond,"bracket_sonda: T2_sonda=582.8 K > dew=504.2 K (sobrecalentado: sonda T1 del arranque del bracket pega el estado 2 fuera de campana) || equilibrio_liquido_vapor(P=6500.0 kPa, T=582.7998113829902 K): no",True,CORREGIBLE,0.172467,231.876,389.985,7,0,18,90.5,,"[CORREGIBLE] O1: título de vapor a la salida de la turbina bajo el umbral tecnológico usual (erosión de álabes) (medido=0.8601474624401253, esperado=>= 0.90). Causa probable: expansión hasta P_baja de","O1,O2",,,,,0,False,
6500|476.253|583.15|300.033|0.55|1|0.85|0.75|0.5|0.75|0.8|303.55,749,126,22892,barridos_2026-09-19/b0_scan_cementera.csv,1,6500.0,476.2531387660478,583.15,300.032917,0.55,1.0,0.85,0.75,0.5,0.75,0.8,303.55,False,csv:P_alta; csv:P_baja; extra:T_fuente; extra:T_sumidero; csv:x_b; extra:m_b; csv:eta_t; csv:eta_p; csv:eps_hrvg; csv:eps_reg; csv:eps_cond,"bracket_sonda: T2_sonda=582.6 K > dew=504.2 K (sobrecalentado: sonda T1 del arranque del bracket pega el estado 2 fuera de campana) || equilibrio_liquido_vapor(P=6500.0 kPa, T=582.6497925765441 K): no",True,CORREGIBLE,0.168697,173.5407,392.1073,8,0,17,104.6,,"[CORREGIBLE] O1: título de vapor a la salida de la turbina bajo el umbral tecnológico usual (erosión de álabes) (medido=0.8648545197569792, esperado=>= 0.90). Causa probable: expansión hasta P_baja de","O1,O2",,,,,0,False,
6500|380.465|583.15|300.033|0.5|1|0.85|0.75|0.8|0.75|0.8|303.55,747,127,26924,barridos_2026-09-19/b0_scan_cementera.csv,1,6500.0,380.4651667449188,583.15,300.032917,0.5,1.0,0.85,0.75,0.8,0.75,0.8,303.55,False,csv:P_alta; csv:P_baja; extra:T_fuente; extra:T_sumidero; csv:x_b; extra:m_b; csv:eta_t; csv:eta_p; csv:eps_hrvg; csv:eps_reg; csv:eps_cond,"bracket_sonda: T2_sonda=582.9 K > dew=509.8 K (sobrecalentado: sonda T1 del arranque del bracket pega el estado 2 fuera de campana) || equilibrio_liquido_vapor(P=6500.0 kPa, T=582.9498446977841 K): no",True,CORREGIBLE,0.183025,310.0876,391.6249,8,0,20,142.0,,"[CORREGIBLE] O1: título de vapor a la salida de la turbina bajo el umbral tecnológico usual (erosión de álabes) (medido=0.8484035262454728, esperado=>= 0.90). Causa probable: expansión hasta P_baja de","O1,O2",,,,,0,False,
6500|476.253|583.15|300.033|0.55|1|0.85|0.75|0.8|0.75|0.8|303.55,751,134,20368,barridos_2026-09-19/b0_scan_cementera.csv,1,6500.0,476.2531387660478,583.15,300.032917,0.55,1.0,0.85,0.75,0.8,0.75,0.8,303.55,False,csv:P_alta; csv:P_baja; extra:T_fuente; extra:T_sumidero; csv:x_b; extra:m_b; csv:eta_t; csv:eta_p; csv:eps_hrvg; csv:eps_reg; csv:eps_cond,"bracket_sonda: T2_sonda=582.9 K > dew=504.2 K (sobrecalentado: sonda T1 del arranque del bracket pega el estado 2 fuera de campana) || equilibrio_liquido_vapor(P=6500.0 kPa, T=582.9498674682441 K): no",True,CORREGIBLE,0.17399,288.9786,388.4903,8,0,22,135.5,,"[CORREGIBLE] O1: título de vapor a la salida de la turbina bajo el umbral tecnológico usual (erosión de álabes) (medido=0.8565629611353275, esperado=>= 0.90). Causa probable: expansión hasta P_baja de","O1,O2",,,,,0,False,
6500|380.465|583.15|300.033|0.5|1|0.85|0.75|0.9|0.75|0.8|303.55,748,123,27548,barridos_2026-09-19/b0_scan_cementera.csv,1,6500.0,380.4651667449188,583.15,300.032917,0.5,1.0,0.85,0.75,0.9,0.75,0.8,303.55,False,csv:P_alta; csv:P_baja; extra:T_fuente; extra:T_sumidero; csv:x_b; extra:m_b; csv:eta_t; csv:eta_p; csv:eps_hrvg; csv:eps_reg; csv:eps_cond,"bracket_sonda: T2_sonda=583.0 K > dew=509.8 K (sobrecalentado: sonda T1 del arranque del bracket pega el estado 2 fuera de campana) || equilibrio_liquido_vapor(P=6500.0 kPa, T=583.0499127562379 K): no",True,NO_CONVERGIO,0.238518,452.6014,393.4693,9,0,32,189.1,,"[NO_CONVERGIO] N2: el balance global de energía no cierra dentro de la tolerancia (medido=509.30336190200694, esperado=<= 1.89756 kW (1e-3 relativo a Qi)). Causa probable: residuo numérico del lazo de","N2,O1,O2,O5,C1,C3,C3",,,,,0,False,
6500|476.253|583.15|300.033|0.55|1|0.85|0.75|0.9|0.75|0.8|303.55,752,121,25144,barridos_2026-09-19/b0_scan_cementera.csv,1,6500.0,476.2531387660478,583.15,300.032917,0.55,1.0,0.85,0.75,0.9,0.75,0.8,303.55,False,csv:P_alta; csv:P_baja; extra:T_fuente; extra:T_sumidero; csv:x_b; extra:m_b; csv:eta_t; csv:eta_p; csv:eps_hrvg; csv:eps_reg; csv:eps_cond,"bracket_sonda: T2_sonda=583.0 K > dew=504.2 K (sobrecalentado: sonda T1 del arranque del bracket pega el estado 2 fuera de campana) || equilibrio_liquido_vapor(P=6500.0 kPa, T=583.0499255294386 K): no",False,NO_CONVERGIO,,,,,,,145.4,sin cambio de signo,"CicloNoConvergeError: extremos [301.0329, 392.1500] K sin cambio de signo de F (F(lo)=87.534, F(hi)=3.2923)",,,,,,,,
6500|575.702|583.15|300.033|0.6|1|0.85|0.75|0.5|0.75|0.8|303.55,753,119,22476,barridos_2026-09-19/b0_scan_cementera.csv,1,6500.0,575.7018172219059,583.15,300.032917,0.6,1.0,0.85,0.75,0.5,0.75,0.8,303.55,False,csv:P_alta; csv:P_baja; extra:T_fuente; extra:T_sumidero; csv:x_b; extra:m_b; csv:eta_t; csv:eta_p; csv:eps_hrvg; csv:eps_reg; csv:eps_cond,"bracket_sonda: T2_sonda=582.6 K > dew=498.1 K (sobrecalentado: sonda T1 del arranque del bracket pega el estado 2 fuera de campana) || equilibrio_liquido_vapor(P=6500.0 kPa, T=582.6498249778876 K): no",True,CORREGIBLE,0.164279,166.1401,386.6638,10,0,18,127.9,,"[CORREGIBLE] O1: título de vapor a la salida de la turbina bajo el umbral tecnológico usual (erosión de álabes) (medido=0.8728475391522519, esperado=>= 0.90). Causa probable: expansión hasta P_baja de","O1,O2",,,,,0,False,
6500|575.702|583.15|300.033|0.6|1|0.85|0.75|0.65|0.75|0.8|303.55,754,127,22892,barridos_2026-09-19/b0_scan_cementera.csv,1,6500.0,575.7018172219059,583.15,300.032917,0.6,1.0,0.85,0.75,0.65,0.75,0.8,303.55,False,csv:P_alta; csv:P_baja; extra:T_fuente; extra:T_sumidero; csv:x_b; extra:m_b; csv:eta_t; csv:eta_p; csv:eps_hrvg; csv:eps_reg; csv:eps_cond,"bracket_sonda: T2_sonda=582.8 K > dew=498.1 K (sobrecalentado: sonda T1 del arranque del bracket pega el estado 2 fuera de campana) || equilibrio_liquido_vapor(P=6500.0 kPa, T=582.7998408481845 K): no",True,CORREGIBLE,0.166576,219.5201,385.7478,7,0,20,119.9,,"[CORREGIBLE] O1: título de vapor a la salida de la turbina bajo el umbral tecnológico usual (erosión de álabes) (medido=0.8677678252280903, esperado=>= 0.90). Causa probable: expansión hasta P_baja de","O1,O2",,,,,3,False,
6500|575.702|583.15|300.033|0.6|1|0.85|0.75|0.8|0.75|0.8|303.55,755,128,26924,barridos_2026-09-19/b0_scan_cementera.csv,1,6500.0,575.7018172219059,583.15,300.032917,0.6,1.0,0.85,0.75,0.8,0.75,0.8,303.55,False,csv:P_alta; csv:P_baja; extra:T_fuente; extra:T_sumidero; csv:x_b; extra:m_b; csv:eta_t; csv:eta_p; csv:eps_hrvg; csv:eps_reg; csv:eps_cond,"bracket_sonda: T2_sonda=582.9 K > dew=498.1 K (sobrecalentado: sonda T1 del arranque del bracket pega el estado 2 fuera de campana) || equilibrio_liquido_vapor(P=6500.0 kPa, T=582.9498881437204 K): no",True,CORREGIBLE,0.16674,270.8107,385.2195,8,0,24,120.5,,"[CORREGIBLE] O1: título de vapor a la salida de la turbina bajo el umbral tecnológico usual (erosión de álabes) (medido=0.8639818832285446, esperado=>= 0.90). Causa probable: expansión hasta P_baja de","O1,O2",,,,,0,False,
6500|575.702|583.15|300.033|0.6|1|0.85|0.75|0.9|0.75|0.8|303.55,756,135,20368,barridos_2026-09-19/b0_scan_cementera.csv,1,6500.0,575.7018172219059,583.15,300.032917,0.6,1.0,0.85,0.75,0.9,0.75,0.8,303.55,False,csv:P_alta; csv:P_baja; extra:T_fuente; extra:T_sumidero; csv:x_b; extra:m_b; csv:eta_t; csv:eta_p; csv:eps_hrvg; csv:eps_reg; csv:eps_cond,"bracket_sonda: T2_sonda=583.0 K > dew=498.1 K (sobrecalentado: sonda T1 del arranque del bracket pega el estado 2 fuera de campana) || equilibrio_liquido_vapor(P=6500.0 kPa, T=583.0499370974193 K): no",False,NO_CONVERGIO,,,,,,,126.7,sin cambio de signo,"CicloNoConvergeError: extremos [301.0329, 362.1500] K sin cambio de signo de F (F(lo)=86.635, F(hi)=30.488)",,,,,,,,
6500|673.345|583.15|300.033|0.65|1|0.85|0.75|0.5|0.75|0.8|303.55,757,124,27548,barridos_2026-09-19/b0_scan_cementera.csv,1,6500.0,673.3448664612341,583.15,300.032917,0.65,1.0,0.85,0.75,0.5,0.75,0.8,303.55,False,csv:P_alta; csv:P_baja; extra:T_fuente; extra:T_sumidero; csv:x_b; extra:m_b; csv:eta_t; csv:eta_p; csv:eps_hrvg; csv:eps_reg; csv:eps_cond,"bracket_sonda: T2_sonda=582.6 K > dew=491.6 K (sobrecalentado: sonda T1 del arranque del bracket pega el estado 2 fuera de campana) || equilibrio_liquido_vapor(P=6500.0 kPa, T=582.649854666326 K): no ",True,CORREGIBLE,0.161318,159.9961,381.1923,9,0,20,124.1,,"[CORREGIBLE] O1: título de vapor a la salida de la turbina bajo el umbral tecnológico usual (erosión de álabes) (medido=0.8802481549963331, esperado=>= 0.90). Causa probable: expansión hasta P_baja de","O1,O2",,,,,0,False,
6500|673.345|583.15|300.033|0.65|1|0.85|0.75|0.65|0.75|0.8|303.55,758,122,25144,barridos_2026-09-19/b0_scan_cementera.csv,1,6500.0,673.3448664612341,583.15,300.032917,0.65,1.0,0.85,0.75,0.65,0.75,0.8,303.55,False,csv:P_alta; csv:P_baja; extra:T_fuente; extra:T_sumidero; csv:x_b; extra:m_b; csv:eta_t; csv:eta_p; csv:eps_hrvg; csv:eps_reg; csv:eps_cond,"bracket_sonda: T2_sonda=582.8 K > dew=491.6 K (sobrecalentado: sonda T1 del arranque del bracket pega el estado 2 fuera de campana) || equilibrio_liquido_vapor(P=6500.0 kPa, T=582.7998678527404 K): no",True,CORREGIBLE,0.162489,209.3813,381.4152,8,0,21,114.5,,"[CORREGIBLE] O1: título de vapor a la salida de la turbina bajo el umbral tecnológico usual (erosión de álabes) (medido=0.874647060300732, esperado=>= 0.90). Causa probable: expansión hasta P_baja dej","O1,O2",,,,,3,False,
6500|764.638|583.15|300.033|0.7|1|0.85|0.75|0.5|0.75|0.8|303.55,761,129,26924,barridos_2026-09-19/b0_scan_cementera.csv,1,6500.0,764.6376026707513,583.15,300.032917,0.7,1.0,0.85,0.75,0.5,0.75,0.8,303.55,False,csv:P_alta; csv:P_baja; extra:T_fuente; extra:T_sumidero; csv:x_b; extra:m_b; csv:eta_t; csv:eta_p; csv:eps_hrvg; csv:eps_reg; csv:eps_cond,"bracket_sonda: T2_sonda=582.6 K > dew=484.4 K (sobrecalentado: sonda T1 del arranque del bracket pega el estado 2 fuera de campana) || equilibrio_liquido_vapor(P=6500.0 kPa, T=582.6498817802272 K): no",True,CORREGIBLE,0.159689,154.9532,375.687,8,0,21,106.2,,"[CORREGIBLE] O1: título de vapor a la salida de la turbina bajo el umbral tecnológico usual (erosión de álabes) (medido=0.8872961818677441, esperado=>= 0.90). Causa probable: expansión hasta P_baja de","O1,O2",,,,,0,False,
6500|673.345|583.15|300.033|0.65|1|0.85|0.75|0.8|0.75|0.8|303.55,759,120,22476,barridos_2026-09-19/b0_scan_cementera.csv,1,6500.0,673.3448664612341,583.15,300.032917,0.65,1.0,0.85,0.75,0.8,0.75,0.8,303.55,False,csv:P_alta; csv:P_baja; extra:T_fuente; extra:T_sumidero; csv:x_b; extra:m_b; csv:eta_t; csv:eta_p; csv:eps_hrvg; csv:eps_reg; csv:eps_cond,"bracket_sonda: T2_sonda=582.9 K > dew=491.6 K (sobrecalentado: sonda T1 del arranque del bracket pega el estado 2 fuera de campana) || equilibrio_liquido_vapor(P=6500.0 kPa, T=582.9499071270171 K): no",True,CORREGIBLE,0.161443,255.7904,381.785,8,0,27,120.4,,"[CORREGIBLE] O1: título de vapor a la salida de la turbina bajo el umbral tecnológico usual (erosión de álabes) (medido=0.8706339042320209, esperado=>= 0.90). Causa probable: expansión hasta P_baja de","O1,O2",,,,,0,False,
6500|673.345|583.15|300.033|0.65|1|0.85|0.75|0.9|0.75|0.8|303.55,760,128,22892,barridos_2026-09-19/b0_scan_cementera.csv,1,6500.0,673.3448664612341,583.15,300.032917,0.65,1.0,0.85,0.75,0.9,0.75,0.8,303.55,False,csv:P_alta; csv:P_baja; extra:T_fuente; extra:T_sumidero; csv:x_b; extra:m_b; csv:eta_t; csv:eta_p; csv:eps_hrvg; csv:eps_reg; csv:eps_cond,"bracket_sonda: T2_sonda=583.0 K > dew=491.6 K (sobrecalentado: sonda T1 del arranque del bracket pega el estado 2 fuera de campana) || equilibrio_liquido_vapor(P=6500.0 kPa, T=583.0499477720598 K): no",False,NO_CONVERGIO,,,,,,,139.0,sin cambio de signo,"CicloNoConvergeError: extremos [301.0329, 327.1500] K sin cambio de signo de F (F(lo)=86.664, F(hi)=62.215)",,,,,,,,
6500|764.638|583.15|300.033|0.7|1|0.85|0.75|0.8|0.75|0.8|303.55,763,125,27548,barridos_2026-09-19/b0_scan_cementera.csv,1,6500.0,764.6376026707513,583.15,300.032917,0.7,1.0,0.85,0.75,0.8,0.75,0.8,303.55,False,csv:P_alta; csv:P_baja; extra:T_fuente; extra:T_sumidero; csv:x_b; extra:m_b; csv:eta_t; csv:eta_p; csv:eps_hrvg; csv:eps_reg; csv:eps_cond,"bracket_sonda: T2_sonda=582.9 K > dew=484.4 K (sobrecalentado: sonda T1 del arranque del bracket pega el estado 2 fuera de campana) || equilibrio_liquido_vapor(P=6500.0 kPa, T=582.9499244704713 K): no",False,NO_CONVERGIO,,,,,,,85.3,punto interior no evaluable,CicloNoConvergeError: punto interior no evaluable durante brentq (T=381.957941 K),,,,,,,,
7000|157.885|583.15|300.033|0.35|1|0.85|0.75|0.65|0.75|0.8|303.55,766,121,22476,barridos_2026-09-19/b0_scan_cementera.csv,1,7000.0,157.88536139565775,583.15,300.032917,0.35,1.0,0.85,0.75,0.65,0.75,0.8,303.55,False,csv:P_alta; csv:P_baja; extra:T_fuente; extra:T_sumidero; csv:x_b; extra:m_b; csv:eta_t; csv:eta_p; csv:eps_hrvg; csv:eps_reg; csv:eps_cond,"bracket_sonda: T2_sonda=582.8 K > dew=529.2 K (sobrecalentado: sonda T1 del arranque del bracket pega el estado 2 fuera de campana) || equilibrio_liquido_vapor(P=7000.0 kPa, T=582.7996124040989 K): no",True,CORREGIBLE,0.212657,299.337,407.7159,10,0,12,80.3,,"[CORREGIBLE] O1: título de vapor a la salida de la turbina bajo el umbral tecnológico usual (erosión de álabes) (medido=0.8177190976510368, esperado=>= 0.90). Causa probable: expansión hasta P_baja de","O1,O2",,,,,0,False,
6500|764.638|583.15|300.033|0.7|1|0.85|0.75|0.65|0.75|0.8|303.55,762,136,20368,barridos_2026-09-19/b0_scan_cementera.csv,1,6500.0,764.6376026707513,583.15,300.032917,0.7,1.0,0.85,0.75,0.65,0.75,0.8,303.55,False,csv:P_alta; csv:P_baja; extra:T_fuente; extra:T_sumidero; csv:x_b; extra:m_b; csv:eta_t; csv:eta_p; csv:eps_hrvg; csv:eps_reg; csv:eps_cond,"bracket_sonda: T2_sonda=582.8 K > dew=484.4 K (sobrecalentado: sonda T1 del arranque del bracket pega el estado 2 fuera de campana) || equilibrio_liquido_vapor(P=6500.0 kPa, T=582.7998925132687 K): no",True,CORREGIBLE,0.160218,201.4002,376.9724,8,0,23,125.0,,"[CORREGIBLE] O1: título de vapor a la salida de la turbina bajo el umbral tecnológico usual (erosión de álabes) (medido=0.880875455551313, esperado=>= 0.90). Causa probable: expansión hasta P_baja dej","O1,O2",,,,,7,False,
7000|157.885|583.15|300.033|0.35|1|0.85|0.75|0.5|0.75|0.8|303.55,765,130,26924,barridos_2026-09-19/b0_scan_cementera.csv,1,7000.0,157.88536139565775,583.15,300.032917,0.35,1.0,0.85,0.75,0.5,0.75,0.8,303.55,False,csv:P_alta; csv:P_baja; extra:T_fuente; extra:T_sumidero; csv:x_b; extra:m_b; csv:eta_t; csv:eta_p; csv:eps_hrvg; csv:eps_reg; csv:eps_cond,"bracket_sonda: T2_sonda=582.6 K > dew=529.2 K (sobrecalentado: sonda T1 del arranque del bracket pega el estado 2 fuera de campana) || equilibrio_liquido_vapor(P=7000.0 kPa, T=582.6495738334323 K): no",True,CORREGIBLE,0.199717,212.0736,416.1352,10,0,11,104.1,,"[CORREGIBLE] O1: título de vapor a la salida de la turbina bajo el umbral tecnológico usual (erosión de álabes) (medido=0.8211799860914138, esperado=>= 0.90). Causa probable: expansión hasta P_baja de","O1,O2",,,,,0,False,
6500|764.638|583.15|300.033|0.7|1|0.85|0.75|0.9|0.75|0.8|303.55,764,123,25144,barridos_2026-09-19/b0_scan_cementera.csv,1,6500.0,764.6376026707513,583.15,300.032917,0.7,1.0,0.85,0.75,0.9,0.75,0.8,303.55,False,csv:P_alta; csv:P_baja; extra:T_fuente; extra:T_sumidero; csv:x_b; extra:m_b; csv:eta_t; csv:eta_p; csv:eps_hrvg; csv:eps_reg; csv:eps_cond,"lado_frio(P_baja=764.6 kPa, estado fuera del dominio/cobertura del motor teqp — sin relacion con la campana de la sonda || T_from_Ph(P, h, x): el motor teqp no cubre el estado pedido (ver TASK_CONTEXT",False,NO_CONVERGIO,,,,,,,134.7,sin extremos evaluables,"CicloNoConvergeError: sin dos extremos evaluables en el rango físico de T1 (repliegues_lo=56, repliegues_hi=0, paso=5.0 K)",,,,,,,,
7000|157.885|583.15|300.033|0.35|1|0.85|0.75|0.8|0.75|0.8|303.55,767,129,22892,barridos_2026-09-19/b0_scan_cementera.csv,1,7000.0,157.88536139565775,583.15,300.032917,0.35,1.0,0.85,0.75,0.8,0.75,0.8,303.55,False,csv:P_alta; csv:P_baja; extra:T_fuente; extra:T_sumidero; csv:x_b; extra:m_b; csv:eta_t; csv:eta_p; csv:eps_hrvg; csv:eps_reg; csv:eps_cond,"bracket_sonda: T2_sonda=582.9 K > dew=529.2 K (sobrecalentado: sonda T1 del arranque del bracket pega el estado 2 fuera de campana) || equilibrio_liquido_vapor(P=7000.0 kPa, T=582.9497275567296 K): no",True,CORREGIBLE,0.22137,389.6133,400.697,9,0,13,113.4,,"[CORREGIBLE] O1: título de vapor a la salida de la turbina bajo el umbral tecnológico usual (erosión de álabes) (medido=0.8150331142756962, esperado=>= 0.90). Causa probable: expansión hasta P_baja de","O1,O2",,,,,0,False,
7000|157.885|583.15|300.033|0.35|1|0.85|0.75|0.9|0.75|0.8|303.55,768,126,27548,barridos_2026-09-19/b0_scan_cementera.csv,1,7000.0,157.88536139565775,583.15,300.032917,0.35,1.0,0.85,0.75,0.9,0.75,0.8,303.55,False,csv:P_alta; csv:P_baja; extra:T_fuente; extra:T_sumidero; csv:x_b; extra:m_b; csv:eta_t; csv:eta_p; csv:eps_hrvg; csv:eps_reg; csv:eps_cond,"bracket_sonda: T2_sonda=583.0 K > dew=529.2 K (sobrecalentado: sonda T1 del arranque del bracket pega el estado 2 fuera de campana) || equilibrio_liquido_vapor(P=7000.0 kPa, T=583.0498468075247 K): no",True,CORREGIBLE,0.226124,451.0484,397.3495,8,0,19,116.0,,"[CORREGIBLE] O1: título de vapor a la salida de la turbina bajo el umbral tecnológico usual (erosión de álabes) (medido=0.8135845792766531, esperado=>= 0.90). Causa probable: expansión hasta P_baja de","O1,O2",,,,,0,False,
7000|218.689|583.15|300.033|0.4|1|0.85|0.75|0.65|0.75|0.8|303.55,770,137,20368,barridos_2026-09-19/b0_scan_cementera.csv,1,7000.0,218.6892492858801,583.15,300.032917,0.4,1.0,0.85,0.75,0.65,0.75,0.8,303.55,False,csv:P_alta; csv:P_baja; extra:T_fuente; extra:T_sumidero; csv:x_b; extra:m_b; csv:eta_t; csv:eta_p; csv:eps_hrvg; csv:eps_reg; csv:eps_cond,"bracket_sonda: T2_sonda=582.8 K > dew=524.3 K (sobrecalentado: sonda T1 del arranque del bracket pega el estado 2 fuera de campana) || equilibrio_liquido_vapor(P=7000.0 kPa, T=582.799661781152 K): no ",True,CORREGIBLE,0.201952,281.5149,403.6078,10,0,13,89.3,,"[CORREGIBLE] O1: título de vapor a la salida de la turbina bajo el umbral tecnológico usual (erosión de álabes) (medido=0.8276358171636505, esperado=>= 0.90). Causa probable: expansión hasta P_baja de","O1,O2",,,,,0,False,
7000|218.689|583.15|300.033|0.4|1|0.85|0.75|0.5|0.75|0.8|303.55,769,122,22476,barridos_2026-09-19/b0_scan_cementera.csv,1,7000.0,218.6892492858801,583.15,300.032917,0.4,1.0,0.85,0.75,0.5,0.75,0.8,303.55,False,csv:P_alta; csv:P_baja; extra:T_fuente; extra:T_sumidero; csv:x_b; extra:m_b; csv:eta_t; csv:eta_p; csv:eps_hrvg; csv:eps_reg; csv:eps_cond,"bracket_sonda: T2_sonda=582.6 K > dew=524.3 K (sobrecalentado: sonda T1 del arranque del bracket pega el estado 2 fuera de campana) || equilibrio_liquido_vapor(P=7000.0 kPa, T=582.6496281130558 K): no",True,CORREGIBLE,0.191303,201.7663,410.6053,9,0,13,99.8,,"[CORREGIBLE] O1: título de vapor a la salida de la turbina bajo el umbral tecnológico usual (erosión de álabes) (medido=0.8314646627261258, esperado=>= 0.90). Causa probable: expansión hasta P_baja de","O1,O2",,,,,0,False,
7000|218.689|583.15|300.033|0.4|1|0.85|0.75|0.8|0.75|0.8|303.55,771,131,26924,barridos_2026-09-19/b0_scan_cementera.csv,1,7000.0,218.6892492858801,583.15,300.032917,0.4,1.0,0.85,0.75,0.8,0.75,0.8,303.55,False,csv:P_alta; csv:P_baja; extra:T_fuente; extra:T_sumidero; csv:x_b; extra:m_b; csv:eta_t; csv:eta_p; csv:eps_hrvg; csv:eps_reg; csv:eps_cond,"bracket_sonda: T2_sonda=582.9 K > dew=524.3 K (sobrecalentado: sonda T1 del arranque del bracket pega el estado 2 fuera de campana) || equilibrio_liquido_vapor(P=7000.0 kPa, T=582.9497622707402 K): no",True,CORREGIBLE,0.208898,363.217,397.8134,8,0,15,97.6,,"[CORREGIBLE] O1: título de vapor a la salida de la turbina bajo el umbral tecnológico usual (erosión de álabes) (medido=0.8246572414315195, esperado=>= 0.90). Causa probable: expansión hasta P_baja de","O1,O2",,,,,0,False,
7000|293.413|583.15|300.033|0.45|1|0.85|0.75|0.5|0.75|0.8|303.55,773,130,22892,barridos_2026-09-19/b0_scan_cementera.csv,1,7000.0,293.41308192387106,583.15,300.032917,0.45,1.0,0.85,0.75,0.5,0.75,0.8,303.55,False,csv:P_alta; csv:P_baja; extra:T_fuente; extra:T_sumidero; csv:x_b; extra:m_b; csv:eta_t; csv:eta_p; csv:eps_hrvg; csv:eps_reg; csv:eps_cond,"bracket_sonda: T2_sonda=582.6 K > dew=519.1 K (sobrecalentado: sonda T1 del arranque del bracket pega el estado 2 fuera de campana) || equilibrio_liquido_vapor(P=7000.0 kPa, T=582.64967719385 K): no e",True,CORREGIBLE,0.183635,191.933,405.0364,10,0,14,91.4,,"[CORREGIBLE] O1: título de vapor a la salida de la turbina bajo el umbral tecnológico usual (erosión de álabes) (medido=0.8412956896885009, esperado=>= 0.90). Causa probable: expansión hasta P_baja de","O1,O2",,,,,0,False,
7000|218.689|583.15|300.033|0.4|1|0.85|0.75|0.9|0.75|0.8|303.55,772,124,25144,barridos_2026-09-19/b0_scan_cementera.csv,1,7000.0,218.6892492858801,583.15,300.032917,0.4,1.0,0.85,0.75,0.9,0.75,0.8,303.55,False,csv:P_alta; csv:P_baja; extra:T_fuente; extra:T_sumidero; csv:x_b; extra:m_b; csv:eta_t; csv:eta_p; csv:eps_hrvg; csv:eps_reg; csv:eps_cond,"bracket_sonda: T2_sonda=583.0 K > dew=524.3 K (sobrecalentado: sonda T1 del arranque del bracket pega el estado 2 fuera de campana) || equilibrio_liquido_vapor(P=7000.0 kPa, T=583.0498663286763 K): no",True,CORREGIBLE,0.212654,418.4801,395.1591,8,0,22,135.0,,"[CORREGIBLE] O1: título de vapor a la salida de la turbina bajo el umbral tecnológico usual (erosión de álabes) (medido=0.8230465829200853, esperado=>= 0.90). Causa probable: expansión hasta P_baja de","O1,O2",,,,,0,False,
7000|293.413|583.15|300.033|0.45|1|0.85|0.75|0.65|0.75|0.8|303.55,774,127,27548,barridos_2026-09-19/b0_scan_cementera.csv,1,7000.0,293.41308192387106,583.15,300.032917,0.45,1.0,0.85,0.75,0.65,0.75,0.8,303.55,False,csv:P_alta; csv:P_baja; extra:T_fuente; extra:T_sumidero; csv:x_b; extra:m_b; csv:eta_t; csv:eta_p; csv:eps_hrvg; csv:eps_reg; csv:eps_cond,"bracket_sonda: T2_sonda=582.8 K > dew=519.1 K (sobrecalentado: sonda T1 del arranque del bracket pega el estado 2 fuera de campana) || equilibrio_liquido_vapor(P=7000.0 kPa, T=582.7997064278995 K): no",True,CORREGIBLE,0.192124,264.6122,399.4204,8,0,14,93.6,,"[CORREGIBLE] O1: título de vapor a la salida de la turbina bajo el umbral tecnológico usual (erosión de álabes) (medido=0.837128796873281, esperado=>= 0.90). Causa probable: expansión hasta P_baja dej","O1,O2",,,,,0,False,
7000|293.413|583.15|300.033|0.45|1|0.85|0.75|0.8|0.75|0.8|303.55,775,138,20368,barridos_2026-09-19/b0_scan_cementera.csv,1,7000.0,293.41308192387106,583.15,300.032917,0.45,1.0,0.85,0.75,0.8,0.75,0.8,303.55,False,csv:P_alta; csv:P_baja; extra:T_fuente; extra:T_sumidero; csv:x_b; extra:m_b; csv:eta_t; csv:eta_p; csv:eps_hrvg; csv:eps_reg; csv:eps_cond,"bracket_sonda: T2_sonda=582.9 K > dew=519.1 K (sobrecalentado: sonda T1 del arranque del bracket pega el estado 2 fuera de campana) || equilibrio_liquido_vapor(P=7000.0 kPa, T=582.9497936592907 K): no",True,CORREGIBLE,0.197368,338.2422,394.8013,8,0,17,108.9,,"[CORREGIBLE] O1: título de vapor a la salida de la turbina bajo el umbral tecnológico usual (erosión de álabes) (medido=0.833885598808755, esperado=>= 0.90). Causa probable: expansión hasta P_baja dej","O1,O2",,,,,0,False,
7000|380.465|583.15|300.033|0.5|1|0.85|0.75|0.5|0.75|0.8|303.55,777,132,26924,barridos_2026-09-19/b0_scan_cementera.csv,1,7000.0,380.4651667449188,583.15,300.032917,0.5,1.0,0.85,0.75,0.5,0.75,0.8,303.55,False,csv:P_alta; csv:P_baja; extra:T_fuente; extra:T_sumidero; csv:x_b; extra:m_b; csv:eta_t; csv:eta_p; csv:eps_hrvg; csv:eps_reg; csv:eps_cond,"bracket_sonda: T2_sonda=582.6 K > dew=513.7 K (sobrecalentado: sonda T1 del arranque del bracket pega el estado 2 fuera de campana) || equilibrio_liquido_vapor(P=7000.0 kPa, T=582.6497217392484 K): no",True,CORREGIBLE,0.176967,182.8548,399.4489,9,0,15,94.8,,"[CORREGIBLE] O1: título de vapor a la salida de la turbina bajo el umbral tecnológico usual (erosión de álabes) (medido=0.8505585646415601, esperado=>= 0.90). Causa probable: expansión hasta P_baja de","O1,O2",,,,,0,False,
7000|380.465|583.15|300.033|0.5|1|0.85|0.75|0.65|0.75|0.8|303.55,778,131,22892,barridos_2026-09-19/b0_scan_cementera.csv,1,7000.0,380.4651667449188,583.15,300.032917,0.5,1.0,0.85,0.75,0.65,0.75,0.8,303.55,False,csv:P_alta; csv:P_baja; extra:T_fuente; extra:T_sumidero; csv:x_b; extra:m_b; csv:eta_t; csv:eta_p; csv:eps_hrvg; csv:eps_reg; csv:eps_cond,"bracket_sonda: T2_sonda=582.8 K > dew=513.7 K (sobrecalentado: sonda T1 del arranque del bracket pega el estado 2 fuera de campana) || equilibrio_liquido_vapor(P=7000.0 kPa, T=582.7997469458002 K): no",True,CORREGIBLE,0.183463,249.0562,395.1716,8,0,16,87.6,,"[CORREGIBLE] O1: título de vapor a la salida de la turbina bajo el umbral tecnológico usual (erosión de álabes) (medido=0.8460713452851669, esperado=>= 0.90). Causa probable: expansión hasta P_baja de","O1,O2",,,,,0,False,
7000|293.413|583.15|300.033|0.45|1|0.85|0.75|0.9|0.75|0.8|303.55,776,123,22476,barridos_2026-09-19/b0_scan_cementera.csv,1,7000.0,293.41308192387106,583.15,300.032917,0.45,1.0,0.85,0.75,0.9,0.75,0.8,303.55,False,csv:P_alta; csv:P_baja; extra:T_fuente; extra:T_sumidero; csv:x_b; extra:m_b; csv:eta_t; csv:eta_p; csv:eps_hrvg; csv:eps_reg; csv:eps_cond,"bracket_sonda: T2_sonda=583.0 K > dew=519.1 K (sobrecalentado: sonda T1 del arranque del bracket pega el estado 2 fuera de campana) || equilibrio_liquido_vapor(P=7000.0 kPa, T=583.0498839811738 K): no",True,NO_CONVERGIO,0.217569,422.1633,392.0589,9,0,26,158.9,,"[NO_CONVERGIO] N2: el balance global de energía no cierra dentro de la tolerancia (medido=150.12792632804815, esperado=<= 1.94036 kW (1e-3 relativo a Qi)). Causa probable: residuo numérico del lazo de","N2,O1,O2,O5,C1,C3,C3",,,,,0,False,
7000|380.465|583.15|300.033|0.5|1|0.85|0.75|0.8|0.75|0.8|303.55,779,125,25144,barridos_2026-09-19/b0_scan_cementera.csv,1,7000.0,380.4651667449188,583.15,300.032917,0.5,1.0,0.85,0.75,0.8,0.75,0.8,303.55,False,csv:P_alta; csv:P_baja; extra:T_fuente; extra:T_sumidero; csv:x_b; extra:m_b; csv:eta_t; csv:eta_p; csv:eps_hrvg; csv:eps_reg; csv:eps_cond,"bracket_sonda: T2_sonda=582.9 K > dew=513.7 K (sobrecalentado: sonda T1 del arranque del bracket pega el estado 2 fuera de campana) || equilibrio_liquido_vapor(P=7000.0 kPa, T=582.949822152682 K): no ",True,CORREGIBLE,0.187088,315.253,391.6796,8,0,18,114.0,,"[CORREGIBLE] O1: título de vapor a la salida de la turbina bajo el umbral tecnológico usual (erosión de álabes) (medido=0.8425894338023286, esperado=>= 0.90). Causa probable: expansión hasta P_baja de","O1,O2",,,,,0,False,
7000|476.253|583.15|300.033|0.55|1|0.85|0.75|0.5|0.75|0.8|303.55,781,139,20368,barridos_2026-09-19/b0_scan_cementera.csv,1,7000.0,476.2531387660478,583.15,300.032917,0.55,1.0,0.85,0.75,0.5,0.75,0.8,303.55,False,csv:P_alta; csv:P_baja; extra:T_fuente; extra:T_sumidero; csv:x_b; extra:m_b; csv:eta_t; csv:eta_p; csv:eps_hrvg; csv:eps_reg; csv:eps_cond,"bracket_sonda: T2_sonda=582.6 K > dew=507.9 K (sobrecalentado: sonda T1 del arranque del bracket pega el estado 2 fuera de campana) || equilibrio_liquido_vapor(P=7000.0 kPa, T=582.6497622751244 K): no",True,CORREGIBLE,0.171525,174.7764,393.8508,8,0,16,116.7,,"[CORREGIBLE] O1: título de vapor a la salida de la turbina bajo el umbral tecnológico usual (erosión de álabes) (medido=0.8591750013679923, esperado=>= 0.90). Causa probable: expansión hasta P_baja de","O1,O2",,,,,0,False,
7000|476.253|583.15|300.033|0.55|1|0.85|0.75|0.65|0.75|0.8|303.55,782,133,26924,barridos_2026-09-19/b0_scan_cementera.csv,1,7000.0,476.2531387660478,583.15,300.032917,0.55,1.0,0.85,0.75,0.65,0.75,0.8,303.55,False,csv:P_alta; csv:P_baja; extra:T_fuente; extra:T_sumidero; csv:x_b; extra:m_b; csv:eta_t; csv:eta_p; csv:eps_hrvg; csv:eps_reg; csv:eps_cond,"bracket_sonda: T2_sonda=582.8 K > dew=507.9 K (sobrecalentado: sonda T1 del arranque del bracket pega el estado 2 fuera de campana) || equilibrio_liquido_vapor(P=7000.0 kPa, T=582.799783835226 K): no ",True,CORREGIBLE,0.176241,235.2299,390.8635,7,0,17,116.1,,"[CORREGIBLE] O1: título de vapor a la salida de la turbina bajo el umbral tecnológico usual (erosión de álabes) (medido=0.8543577271312343, esperado=>= 0.90). Causa probable: expansión hasta P_baja de","O1,O2",,,,,7,False,
7000|476.253|583.15|300.033|0.55|1|0.85|0.75|0.8|0.75|0.8|303.55,783,132,22892,barridos_2026-09-19/b0_scan_cementera.csv,1,7000.0,476.2531387660478,583.15,300.032917,0.55,1.0,0.85,0.75,0.8,0.75,0.8,303.55,False,csv:P_alta; csv:P_baja; extra:T_fuente; extra:T_sumidero; csv:x_b; extra:m_b; csv:eta_t; csv:eta_p; csv:eps_hrvg; csv:eps_reg; csv:eps_cond,"bracket_sonda: T2_sonda=582.9 K > dew=507.9 K (sobrecalentado: sonda T1 del arranque del bracket pega el estado 2 fuera de campana) || equilibrio_liquido_vapor(P=7000.0 kPa, T=582.9498481369322 K): no",True,CORREGIBLE,0.17835,294.755,388.4466,8,0,21,113.4,,"[CORREGIBLE] O1: título de vapor a la salida de la turbina bajo el umbral tecnológico usual (erosión de álabes) (medido=0.8506549117739824, esperado=>= 0.90). Causa probable: expansión hasta P_baja de","O1,O2",,,,,0,False,
7000|380.465|583.15|300.033|0.5|1|0.85|0.75|0.9|0.75|0.8|303.55,780,128,27548,barridos_2026-09-19/b0_scan_cementera.csv,1,7000.0,380.4651667449188,583.15,300.032917,0.5,1.0,0.85,0.75,0.9,0.75,0.8,303.55,False,csv:P_alta; csv:P_baja; extra:T_fuente; extra:T_sumidero; csv:x_b; extra:m_b; csv:eta_t; csv:eta_p; csv:eps_hrvg; csv:eps_reg; csv:eps_cond,"bracket_sonda: T2_sonda=583.0 K > dew=513.7 K (sobrecalentado: sonda T1 del arranque del bracket pega el estado 2 fuera de campana) || equilibrio_liquido_vapor(P=7000.0 kPa, T=583.0499000204395 K): no",True,NO_CONVERGIO,0.230179,437.7052,390.3889,9,0,29,181.9,,"[NO_CONVERGIO] N2: el balance global de energía no cierra dentro de la tolerancia (medido=378.52045337203594, esperado=<= 1.90159 kW (1e-3 relativo a Qi)). Causa probable: residuo numérico del lazo de","N2,O1,O2,O5,C1,C3,C3",,,,,0,False,
7000|575.702|583.15|300.033|0.6|1|0.85|0.75|0.5|0.75|0.8|303.55,785,126,25144,barridos_2026-09-19/b0_scan_cementera.csv,1,7000.0,575.7018172219059,583.15,300.032917,0.6,1.0,0.85,0.75,0.5,0.75,0.8,303.55,False,csv:P_alta; csv:P_baja; extra:T_fuente; extra:T_sumidero; csv:x_b; extra:m_b; csv:eta_t; csv:eta_p; csv:eps_hrvg; csv:eps_reg; csv:eps_cond,"bracket_sonda: T2_sonda=582.6 K > dew=501.7 K (sobrecalentado: sonda T1 del arranque del bracket pega el estado 2 fuera de campana) || equilibrio_liquido_vapor(P=7000.0 kPa, T=582.6497987223481 K): no",True,CORREGIBLE,0.167471,167.8606,388.2394,10,0,17,113.8,,"[CORREGIBLE] O1: título de vapor a la salida de la turbina bajo el umbral tecnológico usual (erosión de álabes) (medido=0.8671338647190759, esperado=>= 0.90). Causa probable: expansión hasta P_baja de","O1,O2",,,,,0,False,
7000|575.702|583.15|300.033|0.6|1|0.85|0.75|0.65|0.75|0.8|303.55,786,140,20368,barridos_2026-09-19/b0_scan_cementera.csv,1,7000.0,575.7018172219059,583.15,300.032917,0.6,1.0,0.85,0.75,0.65,0.75,0.8,303.55,False,csv:P_alta; csv:P_baja; extra:T_fuente; extra:T_sumidero; csv:x_b; extra:m_b; csv:eta_t; csv:eta_p; csv:eps_hrvg; csv:eps_reg; csv:eps_cond,"bracket_sonda: T2_sonda=582.8 K > dew=501.7 K (sobrecalentado: sonda T1 del arranque del bracket pega el estado 2 fuera de campana) || equilibrio_liquido_vapor(P=7000.0 kPa, T=582.7998169675494 K): no",True,CORREGIBLE,0.170681,223.4181,386.4843,7,0,19,116.8,,"[CORREGIBLE] O1: título de vapor a la salida de la turbina bajo el umbral tecnológico usual (erosión de álabes) (medido=0.8619261697123207, esperado=>= 0.90). Causa probable: expansión hasta P_baja de","O1,O2",,,,,7,False,
7000|575.702|583.15|300.033|0.6|1|0.85|0.75|0.8|0.75|0.8|303.55,787,134,26924,barridos_2026-09-19/b0_scan_cementera.csv,1,7000.0,575.7018172219059,583.15,300.032917,0.6,1.0,0.85,0.75,0.8,0.75,0.8,303.55,False,csv:P_alta; csv:P_baja; extra:T_fuente; extra:T_sumidero; csv:x_b; extra:m_b; csv:eta_t; csv:eta_p; csv:eps_hrvg; csv:eps_reg; csv:eps_cond,"bracket_sonda: T2_sonda=582.9 K > dew=501.7 K (sobrecalentado: sonda T1 del arranque del bracket pega el estado 2 fuera de campana) || equilibrio_liquido_vapor(P=7000.0 kPa, T=582.9498713637224 K): no",True,CORREGIBLE,0.171397,277.13,385.0832,8,0,23,115.1,,"[CORREGIBLE] O1: título de vapor a la salida de la turbina bajo el umbral tecnológico usual (erosión de álabes) (medido=0.8580041018004521, esperado=>= 0.90). Causa probable: expansión hasta P_baja de","O1,O2",,,,,0,False,
7000|476.253|583.15|300.033|0.55|1|0.85|0.75|0.9|0.75|0.8|303.55,784,124,22476,barridos_2026-09-19/b0_scan_cementera.csv,1,7000.0,476.2531387660478,583.15,300.032917,0.55,1.0,0.85,0.75,0.9,0.75,0.8,303.55,False,csv:P_alta; csv:P_baja; extra:T_fuente; extra:T_sumidero; csv:x_b; extra:m_b; csv:eta_t; csv:eta_p; csv:eps_hrvg; csv:eps_reg; csv:eps_cond,"bracket_sonda: T2_sonda=583.0 K > dew=507.9 K (sobrecalentado: sonda T1 del arranque del bracket pega el estado 2 fuera de campana) || equilibrio_liquido_vapor(P=7000.0 kPa, T=583.049914706838 K): no ",True,NO_CONVERGIO,0.245889,454.0445,391.1875,9,0,35,200.2,,"[NO_CONVERGIO] N2: el balance global de energía no cierra dentro de la tolerancia (medido=644.4541462270663, esperado=<= 1.84654 kW (1e-3 relativo a Qi)). Causa probable: residuo numérico del lazo de ","N2,O1,O2,O5,C1,C3,C3",,,,,0,False,
7000|575.702|583.15|300.033|0.6|1|0.85|0.75|0.9|0.75|0.8|303.55,788,133,22892,barridos_2026-09-19/b0_scan_cementera.csv,1,7000.0,575.7018172219059,583.15,300.032917,0.6,1.0,0.85,0.75,0.9,0.75,0.8,303.55,False,csv:P_alta; csv:P_baja; extra:T_fuente; extra:T_sumidero; csv:x_b; extra:m_b; csv:eta_t; csv:eta_p; csv:eps_hrvg; csv:eps_reg; csv:eps_cond,"bracket_sonda: T2_sonda=583.0 K > dew=501.7 K (sobrecalentado: sonda T1 del arranque del bracket pega el estado 2 fuera de campana) || equilibrio_liquido_vapor(P=7000.0 kPa, T=583.0499276731636 K): no",False,NO_CONVERGIO,,,,,,,141.3,sin cambio de signo,"CicloNoConvergeError: extremos [301.0329, 377.1500] K sin cambio de signo de F (F(lo)=84.585, F(hi)=13.672)",,,,,,,,
7000|673.345|583.15|300.033|0.65|1|0.85|0.75|0.5|0.75|0.8|303.55,789,129,27548,barridos_2026-09-19/b0_scan_cementera.csv,1,7000.0,673.3448664612341,583.15,300.032917,0.65,1.0,0.85,0.75,0.5,0.75,0.8,303.55,False,csv:P_alta; csv:P_baja; extra:T_fuente; extra:T_sumidero; csv:x_b; extra:m_b; csv:eta_t; csv:eta_p; csv:eps_hrvg; csv:eps_reg; csv:eps_cond,"bracket_sonda: T2_sonda=582.6 K > dew=495.0 K (sobrecalentado: sonda T1 del arranque del bracket pega el estado 2 fuera de campana) || equilibrio_liquido_vapor(P=7000.0 kPa, T=582.6498320350732 K): no",True,CORREGIBLE,0.16485,162.1371,382.6069,8,0,19,127.1,,"[CORREGIBLE] O1: título de vapor a la salida de la turbina bajo el umbral tecnológico usual (erosión de álabes) (medido=0.8745272766471229, esperado=>= 0.90). Causa probable: expansión hasta P_baja de","O1,O2",,,,,0,False,
7000|673.345|583.15|300.033|0.65|1|0.85|0.75|0.65|0.75|0.8|303.55,790,127,25144,barridos_2026-09-19/b0_scan_cementera.csv,1,7000.0,673.3448664612341,583.15,300.032917,0.65,1.0,0.85,0.75,0.65,0.75,0.8,303.55,False,csv:P_alta; csv:P_baja; extra:T_fuente; extra:T_sumidero; csv:x_b; extra:m_b; csv:eta_t; csv:eta_p; csv:eps_hrvg; csv:eps_reg; csv:eps_cond,"bracket_sonda: T2_sonda=582.8 K > dew=495.0 K (sobrecalentado: sonda T1 del arranque del bracket pega el estado 2 fuera de campana) || equilibrio_liquido_vapor(P=7000.0 kPa, T=582.7998472727679 K): no",True,CORREGIBLE,0.166916,213.7568,382.0153,8,0,21,123.8,,"[CORREGIBLE] O1: título de vapor a la salida de la turbina bajo el umbral tecnológico usual (erosión de álabes) (medido=0.8687810809289362, esperado=>= 0.90). Causa probable: expansión hasta P_baja de","O1,O2",,,,,0,False,
7000|673.345|583.15|300.033|0.65|1|0.85|0.75|0.8|0.75|0.8|303.55,791,141,20368,barridos_2026-09-19/b0_scan_cementera.csv,1,7000.0,673.3448664612341,583.15,300.032917,0.65,1.0,0.85,0.75,0.8,0.75,0.8,303.55,False,csv:P_alta; csv:P_baja; extra:T_fuente; extra:T_sumidero; csv:x_b; extra:m_b; csv:eta_t; csv:eta_p; csv:eps_hrvg; csv:eps_reg; csv:eps_cond,"bracket_sonda: T2_sonda=582.9 K > dew=495.0 K (sobrecalentado: sonda T1 del arranque del bracket pega el estado 2 fuera de campana) || equilibrio_liquido_vapor(P=7000.0 kPa, T=582.9498926772785 K): no",False,NO_CONVERGIO,,,,,,,115.9,punto interior no evaluable,CicloNoConvergeError: punto interior no evaluable durante brentq (T=384.072176 K),,,,,,,,
7000|764.638|583.15|300.033|0.7|1|0.85|0.75|0.8|0.75|0.8|303.55,795,130,27548,barridos_2026-09-19/b0_scan_cementera.csv,1,7000.0,764.6376026707513,583.15,300.032917,0.7,1.0,0.85,0.75,0.8,0.75,0.8,303.55,False,csv:P_alta; csv:P_baja; extra:T_fuente; extra:T_sumidero; csv:x_b; extra:m_b; csv:eta_t; csv:eta_p; csv:eps_hrvg; csv:eps_reg; csv:eps_cond,"bracket_sonda: T2_sonda=582.9 K > dew=487.7 K (sobrecalentado: sonda T1 del arranque del bracket pega el estado 2 fuera de campana) || equilibrio_liquido_vapor(P=7000.0 kPa, T=582.9499119765323 K): no",False,NO_CONVERGIO,,,,,,,89.0,punto interior no evaluable,CicloNoConvergeError: punto interior no evaluable durante brentq (T=380.858332 K),,,,,,,,
7000|764.638|583.15|300.033|0.7|1|0.85|0.75|0.5|0.75|0.8|303.55,793,125,22476,barridos_2026-09-19/b0_scan_cementera.csv,1,7000.0,764.6376026707513,583.15,300.032917,0.7,1.0,0.85,0.75,0.5,0.75,0.8,303.55,False,csv:P_alta; csv:P_baja; extra:T_fuente; extra:T_sumidero; csv:x_b; extra:m_b; csv:eta_t; csv:eta_p; csv:eps_hrvg; csv:eps_reg; csv:eps_cond,"bracket_sonda: T2_sonda=582.6 K > dew=487.7 K (sobrecalentado: sonda T1 del arranque del bracket pega el estado 2 fuera de campana) || equilibrio_liquido_vapor(P=7000.0 kPa, T=582.6498622383867 K): no",True,CORREGIBLE,0.163525,157.4412,376.9494,8,0,21,124.5,,"[CORREGIBLE] O1: título de vapor a la salida de la turbina bajo el umbral tecnológico usual (erosión de álabes) (medido=0.881596305226386, esperado=>= 0.90). Causa probable: expansión hasta P_baja dej","O1,O2",,,,,0,False,
7000|673.345|583.15|300.033|0.65|1|0.85|0.75|0.9|0.75|0.8|303.55,792,135,26924,barridos_2026-09-19/b0_scan_cementera.csv,1,7000.0,673.3448664612341,583.15,300.032917,0.65,1.0,0.85,0.75,0.9,0.75,0.8,303.55,False,csv:P_alta; csv:P_baja; extra:T_fuente; extra:T_sumidero; csv:x_b; extra:m_b; csv:eta_t; csv:eta_p; csv:eps_hrvg; csv:eps_reg; csv:eps_cond,"bracket_sonda: T2_sonda=583.0 K > dew=495.0 K (sobrecalentado: sonda T1 del arranque del bracket pega el estado 2 fuera de campana) || equilibrio_liquido_vapor(P=7000.0 kPa, T=583.0499396721873 K): no",False,NO_CONVERGIO,,,,,,,150.4,sin cambio de signo,"CicloNoConvergeError: extremos [301.0329, 342.1500] K sin cambio de signo de F (F(lo)=84.198, F(hi)=45.547)",,,,,,,,
7000|764.638|583.15|300.033|0.7|1|0.85|0.75|0.65|0.75|0.8|303.55,794,134,22892,barridos_2026-09-19/b0_scan_cementera.csv,1,7000.0,764.6376026707513,583.15,300.032917,0.7,1.0,0.85,0.75,0.65,0.75,0.8,303.55,False,csv:P_alta; csv:P_baja; extra:T_fuente; extra:T_sumidero; csv:x_b; extra:m_b; csv:eta_t; csv:eta_p; csv:eps_hrvg; csv:eps_reg; csv:eps_cond,"bracket_sonda: T2_sonda=582.8 K > dew=487.7 K (sobrecalentado: sonda T1 del arranque del bracket pega el estado 2 fuera de campana) || equilibrio_liquido_vapor(P=7000.0 kPa, T=582.7998747393244 K): no",True,CORREGIBLE,0.164953,206.1827,377.4415,8,0,23,114.2,,"[CORREGIBLE] O1: título de vapor a la salida de la turbina bajo el umbral tecnológico usual (erosión de álabes) (medido=0.8750149987814821, esperado=>= 0.90). Causa probable: expansión hasta P_baja de","O1,O2",,,,,0,False,
7000|764.638|583.15|300.033|0.7|1|0.85|0.75|0.9|0.75|0.8|303.55,796,128,25144,barridos_2026-09-19/b0_scan_cementera.csv,1,7000.0,764.6376026707513,583.15,300.032917,0.7,1.0,0.85,0.75,0.9,0.75,0.8,303.55,False,csv:P_alta; csv:P_baja; extra:T_fuente; extra:T_sumidero; csv:x_b; extra:m_b; csv:eta_t; csv:eta_p; csv:eps_hrvg; csv:eps_reg; csv:eps_cond,"lado_frio(P_baja=764.6 kPa, estado fuera del dominio/cobertura del motor teqp — sin relacion con la campana de la sonda || T_from_Ph(P, h, x): el motor teqp no cubre el estado pedido (ver TASK_CONTEXT",False,NO_CONVERGIO,,,,,,,107.0,sin extremos evaluables,"CicloNoConvergeError: sin dos extremos evaluables en el rango físico de T1 (repliegues_lo=56, repliegues_hi=0, paso=5.0 K)",,,,,,,,
