P_kPa,w,T_K,ok,fase,q,h_J_mol,s_J_molK,tipo_fallo,mensaje
100,0.05,230,True,liquido,0,-3.75965e+25,-1.60205e+23,,
100,0.05,240,False,,,,,equilibrio_no_resoluble,"equilibrio no resoluble en T=240.00 K, P=1e+05 Pa, x=0.0527"
100,0.05,250,False,,,,,equilibrio_no_resoluble,"equilibrio no resoluble en T=250.00 K, P=1e+05 Pa, x=0.0527"
100,0.05,260,True,liquido,0,-1619.75,-2.80113,,
100,0.05,270,False,,,,,equilibrio_no_resoluble,"equilibrio no resoluble en T=270.00 K, P=1e+05 Pa, x=0.0527"
100,0.05,280,False,,,,,equilibrio_no_resoluble,"equilibrio no resoluble en T=280.00 K, P=1e+05 Pa, x=0.0527"
100,0.05,290,False,,,,,equilibrio_no_resoluble,"equilibrio no resoluble en T=290.00 K, P=1e+05 Pa, x=0.0527"
100,0.05,300,True,liquido,0,1477.71,8.28409,,
100,0.05,310,True,liquido,0,2242.77,10.7927,,
100,0.05,320,True,liquido,0,3007.1,13.2194,,
100,0.05,330,True,liquido,0,3771.55,15.5717,,
100,0.05,340,True,liquido,0,4536.81,17.8562,,
100,0.05,350,True,liquido,0,5303.46,20.0785,,
100,0.05,360,True,bifasico,0.0385467,7532.77,26.3224,,
100,0.05,370,True,bifasico,0.48216,26129.2,76.9721,,
100,0.05,380,True,vapor,1,47591,134.838,,
100,0.05,390,True,vapor,1,47957.5,135.79,,
100,0.05,400,True,vapor,1,48321,136.71,,
100,0.05,410,True,vapor,1,48682.4,137.602,,
100,0.05,420,True,vapor,1,49042.3,138.47,,
100,0.05,430,True,vapor,1,49401.3,139.314,,
100,0.05,440,True,vapor,1,49759.8,140.138,,
100,0.05,450,True,vapor,1,50118,140.943,,
100,0.05,460,True,vapor,1,50476.2,141.731,,
100,0.05,470,True,vapor,1,50834.6,142.502,,
100,0.05,480,True,vapor,1,51193.4,143.257,,
100,0.05,490,True,vapor,1,51552.7,143.998,,
100,0.05,500,True,vapor,1,51912.5,144.725,,
100,0.05,510,True,vapor,1,52273.1,145.439,,
100,0.05,520,True,vapor,1,52634.4,146.14,,
100,0.05,530,True,vapor,1,52996.5,146.83,,
100,0.05,540,True,vapor,1,53359.6,147.509,,
100,0.05,550,True,vapor,1,53723.5,148.177,,
100,0.05,560,True,vapor,1,54088.4,148.834,,
100,0.05,570,True,vapor,1,54454.4,149.482,,
100,0.05,580,True,vapor,1,54821.3,150.12,,
100,0.05,590,True,vapor,1,55189.4,150.749,,
100,0.05,600,True,vapor,1,55558.5,151.369,,
100,0.05,610,True,vapor,1,55928.7,151.981,,
100,0.05,620,True,vapor,1,56300,152.585,,
100,0.05,630,True,vapor,1,56672.5,153.181,,
100,0.05,640,True,vapor,1,57046.2,153.77,,
100,0.05,650,True,vapor,1,57421,154.351,,
100,0.2,230,True,liquido,0,-4785.15,-9.21532,,
100,0.2,240,False,,,,,equilibrio_no_resoluble,"equilibrio no resoluble en T=240.00 K, P=1e+05 Pa, x=0.2091"
100,0.2,250,False,,,,,equilibrio_no_resoluble,"equilibrio no resoluble en T=250.00 K, P=1e+05 Pa, x=0.2091"
100,0.2,260,True,liquido,0,-2524.52,0.0256955,,
100,0.2,270,True,liquido,0,-1776.48,2.84879,,
100,0.2,280,True,liquido,0,-1025.57,5.57963,,
100,0.2,290,True,liquido,0,-270.337,8.22981,,
100,0.2,300,True,liquido,0,489.908,10.8071,,
100,0.2,310,True,liquido,0,1255.45,13.3173,,
100,0.2,320,True,liquido,0,2026.41,15.7649,,
100,0.2,330,True,bifasico,0.0671725,4991.03,24.884,,
100,0.2,340,True,bifasico,0.142927,8391.79,35.0312,,
100,0.2,350,True,bifasico,0.248537,13094.1,48.6468,,
100,0.2,360,True,bifasico,0.471915,22666.1,75.5507,,
100,0.2,370,True,vapor,1,44636.8,135.88,,
100,0.2,380,True,vapor,1,45006.3,136.866,,
100,0.2,390,True,vapor,1,45373.6,137.82,,
100,0.2,400,True,vapor,1,45739.4,138.746,,
100,0.2,410,True,vapor,1,46104.4,139.647,,
100,0.2,420,True,vapor,1,46468.9,140.526,,
100,0.2,430,True,vapor,1,46833.5,141.383,,
100,0.2,440,True,vapor,1,47198.2,142.222,,
100,0.2,450,True,vapor,1,47563.4,143.042,,
100,0.2,460,True,vapor,1,47929.1,143.846,,
100,0.2,470,True,vapor,1,48295.7,144.635,,
100,0.2,480,True,vapor,1,48663.1,145.408,,
100,0.2,490,True,vapor,1,49031.5,146.168,,
100,0.2,500,True,vapor,1,49400.9,146.914,,
100,0.2,510,True,vapor,1,49771.4,147.648,,
100,0.2,520,True,vapor,1,50143.1,148.37,,
100,0.2,530,True,vapor,1,50516.1,149.08,,
100,0.2,540,True,vapor,1,50890.3,149.779,,
100,0.2,550,True,vapor,1,51265.8,150.468,,
100,0.2,560,True,vapor,1,51642.6,151.147,,
100,0.2,570,True,vapor,1,52020.8,151.817,,
100,0.2,580,True,vapor,1,52400.3,152.477,,
100,0.2,590,True,vapor,1,52781.3,153.128,,
100,0.2,600,True,vapor,1,53163.7,153.771,,
100,0.2,610,True,vapor,1,53547.5,154.405,,
100,0.2,620,True,vapor,1,53932.8,155.032,,
100,0.2,630,True,vapor,1,54319.5,155.65,,
100,0.2,640,True,vapor,1,54707.7,156.262,,
100,0.2,650,True,vapor,1,55097.4,156.866,,
100,0.35,230,True,liquido,0,-4911.71,-6.13109,,
100,0.35,240,True,liquido,0,-4242.82,-3.28471,,
100,0.35,250,True,liquido,0,-3550.21,-0.457621,,
100,0.35,260,True,liquido,0,-2835.45,2.34544,,
100,0.35,270,True,liquido,0,-2101.53,5.11506,,
100,0.35,280,True,liquido,0,-1351.6,7.84222,,
100,0.35,290,True,liquido,0,-588.375,10.5204,,
100,0.35,300,True,bifasico,0.0725521,2306.5,20.3185,,
100,0.35,310,True,bifasico,0.145879,5286.39,30.0912,,
100,0.35,320,True,bifasico,0.214368,8218.64,39.3999,,
100,0.35,330,True,bifasico,0.287707,11457.8,49.363,,
100,0.35,340,True,bifasico,0.381693,15625.2,61.7936,,
100,0.35,350,True,bifasico,0.534481,22262.7,81.0065,,
100,0.35,360,True,bifasico,0.897915,37542.1,123.942,,
100,0.35,370,True,vapor,1,42089.7,136.537,,
100,0.35,380,True,vapor,1,42460,137.524,,
100,0.35,390,True,vapor,1,42829.5,138.484,,
100,0.35,400,True,vapor,1,43198.7,139.419,,
100,0.35,410,True,vapor,1,43568,140.331,,
100,0.35,420,True,vapor,1,43937.8,141.222,,
100,0.35,430,True,vapor,1,44308.2,142.093,,
100,0.35,440,True,vapor,1,44679.4,142.947,,
100,0.35,450,True,vapor,1,45051.7,143.783,,
100,0.35,460,True,vapor,1,45425.1,144.604,,
100,0.35,470,True,vapor,1,45799.8,145.41,,
100,0.35,480,True,vapor,1,46175.8,146.201,,
100,0.35,490,True,vapor,1,46553.3,146.98,,
100,0.35,500,True,vapor,1,46932.1,147.745,,
100,0.35,510,True,vapor,1,47312.6,148.498,,
100,0.35,520,True,vapor,1,47694.5,149.24,,
100,0.35,530,True,vapor,1,48078.1,149.971,,
100,0.35,540,True,vapor,1,48463.3,150.691,,
100,0.35,550,True,vapor,1,48850.2,151.401,,
100,0.35,560,True,vapor,1,49238.7,152.101,,
100,0.35,570,True,vapor,1,49628.9,152.791,,
100,0.35,580,True,vapor,1,50020.9,153.473,,
100,0.35,590,True,vapor,1,50414.6,154.146,,
100,0.35,600,True,vapor,1,50810,154.811,,
100,0.35,610,True,vapor,1,51207.2,155.467,,
100,0.35,620,True,vapor,1,51606.1,156.116,,
100,0.35,630,True,vapor,1,52006.9,156.757,,
100,0.35,640,True,vapor,1,52409.4,157.391,,
100,0.35,650,True,vapor,1,52813.7,158.018,,
100,0.5,230,True,liquido,0,-4669.96,-4.22123,,
100,0.5,240,True,liquido,0,-3953.96,-1.17439,,
100,0.5,250,True,liquido,0,-3211.58,1.85582,,
100,0.5,260,True,liquido,0,-2448.94,4.84674,,
100,0.5,270,True,bifasico,0.0206029,-1122.54,9.819,,
100,0.5,280,True,bifasico,0.142117,2937.86,24.599,,
100,0.5,290,True,bifasico,0.22944,6126,35.7928,,
100,0.5,300,True,bifasico,0.299443,8888.59,45.1609,,
100,0.5,310,True,bifasico,0.362238,11529.7,53.8208,,
100,0.5,320,True,bifasico,0.42676,14358.6,62.7992,,
100,0.5,330,True,bifasico,0.504524,17815.5,73.4294,,
100,0.5,340,True,bifasico,0.616435,22736.7,88.1047,,
100,0.5,350,True,bifasico,0.815604,31276.8,112.821,,
100,0.5,360,True,vapor,1,39209.6,135.303,,
100,0.5,370,True,vapor,1,39581.9,136.323,,
100,0.5,380,True,vapor,1,39954.1,137.315,,
100,0.5,390,True,vapor,1,40326.6,138.283,,
100,0.5,400,True,vapor,1,40699.6,139.227,,
100,0.5,410,True,vapor,1,41073.7,140.151,,
100,0.5,420,True,vapor,1,41448.8,141.055,,
100,0.5,430,True,vapor,1,41825.2,141.941,,
100,0.5,440,True,vapor,1,42203.1,142.809,,
100,0.5,450,True,vapor,1,42582.5,143.662,,
100,0.5,460,True,vapor,1,42963.5,144.499,,
100,0.5,470,True,vapor,1,43346.3,145.323,,
100,0.5,480,True,vapor,1,43730.8,146.132,,
100,0.5,490,True,vapor,1,44117.2,146.929,,
100,0.5,500,True,vapor,1,44505.4,147.713,,
100,0.5,510,True,vapor,1,44895.6,148.486,,
100,0.5,520,True,vapor,1,45287.6,149.247,,
100,0.5,530,True,vapor,1,45681.7,149.998,,
100,0.5,540,True,vapor,1,46077.7,150.738,,
100,0.5,550,True,vapor,1,46475.7,151.468,,
100,0.5,560,True,vapor,1,46875.8,152.189,,
100,0.5,570,True,vapor,1,47277.9,152.901,,
100,0.5,580,True,vapor,1,47682,153.604,,
100,0.5,590,True,vapor,1,48088.2,154.298,,
100,0.5,600,True,vapor,1,48496.4,154.984,,
100,0.5,610,True,vapor,1,48906.7,155.662,,
100,0.5,620,True,vapor,1,49319.1,156.333,,
100,0.5,630,True,vapor,1,49733.6,156.996,,
100,0.5,640,True,vapor,1,50150.2,157.652,,
100,0.5,650,True,vapor,1,50568.9,158.301,,
100,0.55,230,True,liquido,0,-4385.81,-3.34152,,
100,0.55,240,True,liquido,0,-3642.82,-0.179744,,
100,0.55,250,True,liquido,0,-2878.85,2.93866,,
100,0.55,260,True,liquido,0,-2099.31,5.99592,,
100,0.55,270,True,bifasico,0.121216,1849.06,20.8499,,
100,0.55,280,True,bifasico,0.230635,5545.25,34.3038,,
100,0.55,290,True,bifasico,0.309806,8476.28,44.5945,,
100,0.55,300,True,bifasico,0.374226,11058,53.3489,,
100,0.55,310,True,bifasico,0.43355,13587.5,61.6421,,
100,0.55,320,True,bifasico,0.496763,16382.3,70.5115,,
100,0.55,330,True,bifasico,0.575987,19911,81.3616,,
100,0.55,340,True,bifasico,0.693805,25080.7,96.7768,,
100,0.55,350,True,bifasico,0.908261,34247.8,123.307,,
100,0.55,360,True,vapor,1,38382.1,135.062,,
100,0.55,370,True,vapor,1,38754.8,136.083,,
100,0.55,380,True,vapor,1,39127.8,137.078,,
100,0.55,390,True,vapor,1,39501.3,138.048,,
100,0.55,400,True,vapor,1,39875.8,138.996,,
100,0.55,410,True,vapor,1,40251.4,139.923,,
100,0.55,420,True,vapor,1,40628.4,140.832,,
100,0.55,430,True,vapor,1,41006.8,141.722,,
100,0.55,440,True,vapor,1,41386.9,142.596,,
100,0.55,450,True,vapor,1,41768.7,143.454,,
100,0.55,460,True,vapor,1,42152.2,144.297,,
100,0.55,470,True,vapor,1,42537.7,145.126,,
100,0.55,480,True,vapor,1,42925,145.941,,
100,0.55,490,True,vapor,1,43314.3,146.744,,
100,0.55,500,True,vapor,1,43705.7,147.535,,
100,0.55,510,True,vapor,1,44099,148.314,,
100,0.55,520,True,vapor,1,44494.4,149.081,,
100,0.55,530,True,vapor,1,44891.9,149.839,,
100,0.55,540,True,vapor,1,45291.5,150.586,,
100,0.55,550,True,vapor,1,45693.2,151.323,,
100,0.55,560,True,vapor,1,46097.1,152.05,,
100,0.55,570,True,vapor,1,46503,152.769,,
100,0.55,580,True,vapor,1,46911.2,153.479,,
100,0.55,590,True,vapor,1,47321.5,154.18,,
100,0.55,600,True,vapor,1,47734,154.873,,
100,0.55,610,True,vapor,1,48148.6,155.559,,
100,0.55,620,True,vapor,1,48565.4,156.236,,
100,0.55,630,True,vapor,1,48984.4,156.907,,
100,0.55,640,True,vapor,1,49405.7,157.57,,
100,0.55,650,True,vapor,1,49829,158.227,,
100,0.6,230,True,liquido,0,-3969.14,-2.19271,,
100,0.6,240,True,liquido,0,-3204.46,1.06148,,
100,0.6,250,True,liquido,0,-2424.64,4.24468,,
100,0.6,260,True,bifasico,0.0637623,-26.1317,13.5628,,
100,0.6,270,True,bifasico,0.221268,4804.04,31.8191,,
100,0.6,280,True,bifasico,0.318659,8138.07,43.9545,,
100,0.6,290,True,bifasico,0.389722,10813.4,53.3471,,
100,0.6,300,True,bifasico,0.44859,13215.3,61.4911,,
100,0.6,310,True,bifasico,0.504463,15633.7,69.4196,,
100,0.6,320,True,bifasico,0.566376,18394.7,78.1807,,
100,0.6,330,True,bifasico,0.647049,21994.8,89.2495,,
100,0.6,340,True,bifasico,0.770742,27411.5,105.4,,
100,0.6,350,True,vapor,1,37185.8,133.687,,
100,0.6,360,True,vapor,1,37558.9,134.738,,
100,0.6,370,True,vapor,1,37932.1,135.76,,
100,0.6,380,True,vapor,1,38305.9,136.757,,
100,0.6,390,True,vapor,1,38680.6,137.73,,
100,0.6,400,True,vapor,1,39056.5,138.682,,
100,0.6,410,True,vapor,1,39433.7,139.614,,
100,0.6,420,True,vapor,1,39812.5,140.526,,
100,0.6,430,True,vapor,1,40193,141.422,,
100,0.6,440,True,vapor,1,40575.3,142.3,,
100,0.6,450,True,vapor,1,40959.4,143.164,,
100,0.6,460,True,vapor,1,41345.5,144.012,,
100,0.6,470,True,vapor,1,41733.6,144.847,,
100,0.6,480,True,vapor,1,42123.8,145.668,,
100,0.6,490,True,vapor,1,42516,146.477,,
100,0.6,500,True,vapor,1,42910.4,147.274,,
100,0.6,510,True,vapor,1,43306.9,148.059,,
100,0.6,520,True,vapor,1,43705.7,148.833,,
100,0.6,530,True,vapor,1,44106.6,149.597,,
100,0.6,540,True,vapor,1,44509.7,150.351,,
100,0.6,550,True,vapor,1,44915.1,151.095,,
100,0.6,560,True,vapor,1,45322.7,151.829,,
100,0.6,570,True,vapor,1,45732.6,152.554,,
100,0.6,580,True,vapor,1,46144.7,153.271,,
100,0.6,590,True,vapor,1,46559.1,153.98,,
100,0.6,600,True,vapor,1,46975.8,154.68,,
100,0.6,610,True,vapor,1,47394.7,155.372,,
100,0.6,620,True,vapor,1,47816,156.057,,
100,0.6,630,True,vapor,1,48239.5,156.735,,
100,0.6,640,True,vapor,1,48665.3,157.406,,
100,0.6,650,True,vapor,1,49093.4,158.069,,
100,0.65,230,True,liquido,0,-3421.63,-0.759551,,
100,0.65,240,True,liquido,0,-2644.18,2.54905,,
100,0.65,250,True,liquido,0,-1856.13,5.76588,,
100,0.65,260,True,bifasico,0.18315,3473.81,26.5933,,
100,0.65,270,True,bifasico,0.320762,7742.57,42.7272,,
100,0.65,280,True,bifasico,0.406192,10716.4,53.5513,,
100,0.65,290,True,bifasico,0.469192,13137.5,62.0509,,
100,0.65,300,True,bifasico,0.522541,15360.6,69.588,,
100,0.65,310,True,bifasico,0.57498,17668.6,77.1538,,
100,0.65,320,True,bifasico,0.6356,20395.9,85.8072,,
100,0.65,330,True,bifasico,0.717716,24067,97.0934,,
100,0.65,340,True,bifasico,0.847251,29729.3,113.976,,
100,0.65,350,True,vapor,1,36366.7,133.278,,
100,0.65,360,True,vapor,1,36739.9,134.329,,
100,0.65,370,True,vapor,1,37113.7,135.353,,
100,0.65,380,True,vapor,1,37488.4,136.353,,
100,0.65,390,True,vapor,1,37864.3,137.329,,
100,0.65,400,True,vapor,1,38241.6,138.284,,
100,0.65,410,True,vapor,1,38620.5,139.22,,
100,0.65,420,True,vapor,1,39001.1,140.137,,
100,0.65,430,True,vapor,1,39383.7,141.037,,
100,0.65,440,True,vapor,1,39768.1,141.921,,
100,0.65,450,True,vapor,1,40154.6,142.79,,
100,0.65,460,True,vapor,1,40543.3,143.644,,
100,0.65,470,True,vapor,1,40934,144.484,,
100,0.65,480,True,vapor,1,41327,145.311,,
100,0.65,490,True,vapor,1,41722.2,146.126,,
100,0.65,500,True,vapor,1,42119.6,146.929,,
100,0.65,510,True,vapor,1,42519.3,147.721,,
100,0.65,520,True,vapor,1,42921.3,148.501,,
100,0.65,530,True,vapor,1,43325.7,149.272,,
100,0.65,540,True,vapor,1,43732.3,150.032,,
100,0.65,550,True,vapor,1,44141.4,150.782,,
100,0.65,560,True,vapor,1,44552.7,151.523,,
100,0.65,570,True,vapor,1,44966.5,152.256,,
100,0.65,580,True,vapor,1,45382.6,152.979,,
100,0.65,590,True,vapor,1,45801,153.695,,
100,0.65,600,True,vapor,1,46221.9,154.402,,
100,0.65,610,True,vapor,1,46645.1,155.102,,
100,0.65,620,True,vapor,1,47070.7,155.794,,
100,0.65,630,True,vapor,1,47498.7,156.478,,
100,0.65,640,True,vapor,1,47929.1,157.156,,
100,0.65,650,True,vapor,1,48361.9,157.827,,
100,0.7,230,True,liquido,0,-2757.94,0.922205,,
100,0.7,240,True,liquido,0,-1976.77,4.2467,,
100,0.7,250,True,bifasico,0.0283583,-504.982,10.2017,,
100,0.7,260,True,bifasico,0.301875,6954.31,39.5514,,
100,0.7,270,True,bifasico,0.419702,10664.8,53.5747,,
100,0.7,280,True,bifasico,0.493239,13280.5,63.0948,,
100,0.7,290,True,bifasico,0.548222,15448.8,70.7063,,
100,0.7,300,True,bifasico,0.59608,17494,77.6398,,
100,0.7,310,True,bifasico,0.645106,19692.2,84.8449,,
100,0.7,320,True,bifasico,0.70444,22386,93.3913,,
100,0.7,330,True,bifasico,0.78799,26127.6,104.894,,
100,0.7,340,True,bifasico,0.923335,32034.3,122.504,,
100,0.7,350,True,vapor,1,35551.6,132.78,,
100,0.7,360,True,vapor,1,35925.2,133.832,,
100,0.7,370,True,vapor,1,36299.7,134.858,,
100,0.7,380,True,vapor,1,36675.3,135.86,,
100,0.7,390,True,vapor,1,37052.4,136.84,,
100,0.7,400,True,vapor,1,37431.2,137.799,,
100,0.7,410,True,vapor,1,37811.7,138.738,,
100,0.7,420,True,vapor,1,38194.2,139.66,,
100,0.7,430,True,vapor,1,38578.8,140.565,,
100,0.7,440,True,vapor,1,38965.5,141.454,,
100,0.7,450,True,vapor,1,39354.4,142.328,,
100,0.7,460,True,vapor,1,39745.5,143.187,,
100,0.7,470,True,vapor,1,40138.9,144.033,,
100,0.7,480,True,vapor,1,40534.6,144.867,,
100,0.7,490,True,vapor,1,40932.7,145.687,,
100,0.7,500,True,vapor,1,41333.2,146.496,,
100,0.7,510,True,vapor,1,41736.1,147.294,,
100,0.7,520,True,vapor,1,42141.4,148.081,,
100,0.7,530,True,vapor,1,42549.1,148.858,,
100,0.7,540,True,vapor,1,42959.3,149.625,,
100,0.7,550,True,vapor,1,43371.9,150.382,,
100,0.7,560,True,vapor,1,43787,151.13,,
100,0.7,570,True,vapor,1,44204.6,151.869,,
100,0.7,580,True,vapor,1,44624.7,152.599,,
100,0.7,590,True,vapor,1,45047.2,153.322,,
100,0.7,600,True,vapor,1,45472.2,154.036,,
100,0.7,610,True,vapor,1,45899.7,154.743,,
100,0.7,620,True,vapor,1,46329.6,155.442,,
100,0.7,630,True,vapor,1,46762.1,156.134,,
100,0.7,640,True,vapor,1,47197,156.819,,
100,0.7,650,True,vapor,1,47634.5,157.497,,
100,0.75,230,True,liquido,0,-2000.03,2.78578,,
100,0.75,240,True,liquido,0,-1221.67,6.0983,,
100,0.75,250,True,bifasico,0.192565,4150.4,27.7874,,
100,0.75,260,True,bifasico,0.419941,10415.5,52.4376,,
100,0.75,270,True,bifasico,0.518095,13570.8,64.3621,,
100,0.75,280,True,bifasico,0.579803,15830.3,72.5855,,
100,0.75,290,True,bifasico,0.626813,17747.1,79.3137,,
100,0.75,300,True,bifasico,0.669212,19615.5,85.6471,,
100,0.75,310,True,bifasico,0.714843,21704.5,92.4935,,
100,0.75,320,True,bifasico,0.772899,24365,100.933,,
100,0.75,330,True,bifasico,0.857875,28176.9,112.651,,
100,0.75,340,True,bifasico,0.998997,34326.5,130.985,,
100,0.75,350,True,vapor,1,34740.7,132.187,,
100,0.75,360,True,vapor,1,35114.7,133.241,,
100,0.75,370,True,vapor,1,35489.8,134.269,,
100,0.75,380,True,vapor,1,35866.5,135.273,,
100,0.75,390,True,vapor,1,36244.9,136.256,,
100,0.75,400,True,vapor,1,36625.1,137.218,,
100,0.75,410,True,vapor,1,37007.4,138.162,,
100,0.75,420,True,vapor,1,37391.8,139.089,,
100,0.75,430,True,vapor,1,37778.4,139.998,,
100,0.75,440,True,vapor,1,38167.2,140.892,,
100,0.75,450,True,vapor,1,38558.5,141.772,,
100,0.75,460,True,vapor,1,38952.1,142.637,,
100,0.75,470,True,vapor,1,39348.2,143.488,,
100,0.75,480,True,vapor,1,39746.7,144.327,,
100,0.75,490,True,vapor,1,40147.7,145.154,,
100,0.75,500,True,vapor,1,40551.2,145.969,,
100,0.75,510,True,vapor,1,40957.2,146.773,,
100,0.75,520,True,vapor,1,41365.8,147.567,,
100,0.75,530,True,vapor,1,41776.9,148.35,,
100,0.75,540,True,vapor,1,42190.6,149.123,,
100,0.75,550,True,vapor,1,42606.8,149.887,,
100,0.75,560,True,vapor,1,43025.6,150.642,,
100,0.75,570,True,vapor,1,43447,151.387,,
100,0.75,580,True,vapor,1,43871,152.125,,
100,0.75,590,True,vapor,1,44297.5,152.854,,
100,0.75,600,True,vapor,1,44726.7,153.575,,
100,0.75,610,True,vapor,1,45158.4,154.289,,
100,0.75,620,True,vapor,1,45592.7,154.995,,
100,0.75,630,True,vapor,1,46029.6,155.694,,
100,0.75,640,True,vapor,1,46469,156.386,,
100,0.75,650,True,vapor,1,46911.1,157.071,,
100,0.9,230,True,liquido,0,638.486,8.76992,,
100,0.9,240,True,liquido,0,1398.29,12.0035,,
100,0.9,250,True,bifasico,0.67977,17963,79.9647,,
100,0.9,260,True,bifasico,0.770247,20685,90.6713,,
100,0.9,270,True,bifasico,0.810028,22192.9,96.3684,,
100,0.9,280,True,bifasico,0.836641,23395.7,100.744,,
100,0.9,290,True,bifasico,0.859994,24566.5,104.852,,
100,0.9,300,True,bifasico,0.886195,25910.2,109.405,,
100,0.9,310,True,bifasico,0.921754,27675.2,115.187,,
100,0.9,320,True,bifasico,0.976016,30236.8,123.311,,
100,0.9,330,True,vapor,1,31586,127.493,,
100,0.9,340,True,vapor,1,31958.3,128.605,,
100,0.9,350,True,vapor,1,32332.1,129.688,,
100,0.9,360,True,vapor,1,32707.8,130.747,,
100,0.9,370,True,vapor,1,33085.5,131.782,,
100,0.9,380,True,vapor,1,33465.5,132.795,,
100,0.9,390,True,vapor,1,33847.8,133.788,,
100,0.9,400,True,vapor,1,34232.7,134.763,,
100,0.9,410,True,vapor,1,34620.1,135.719,,
100,0.9,420,True,vapor,1,35010.2,136.659,,
100,0.9,430,True,vapor,1,35403,137.583,,
100,0.9,440,True,vapor,1,35798.5,138.493,,
100,0.9,450,True,vapor,1,36196.8,139.388,,
100,0.9,460,True,vapor,1,36598,140.269,,
100,0.9,470,True,vapor,1,37001.9,141.138,,
100,0.9,480,True,vapor,1,37408.7,141.995,,
100,0.9,490,True,vapor,1,37818.3,142.839,,
100,0.9,500,True,vapor,1,38230.9,143.673,,
100,0.9,510,True,vapor,1,38646.3,144.495,,
100,0.9,520,True,vapor,1,39064.5,145.307,,
100,0.9,530,True,vapor,1,39485.7,146.11,,
100,0.9,540,True,vapor,1,39909.8,146.902,,
100,0.9,550,True,vapor,1,40336.7,147.686,,
100,0.9,560,True,vapor,1,40766.5,148.46,,
100,0.9,570,True,vapor,1,41199.3,149.226,,
100,0.9,580,True,vapor,1,41634.9,149.984,,
100,0.9,590,True,vapor,1,42073.4,150.733,,
100,0.9,600,True,vapor,1,42514.8,151.475,,
100,0.9,610,True,vapor,1,42959.1,152.21,,
100,0.9,620,True,vapor,1,43406.2,152.937,,
100,0.9,630,True,vapor,1,43856.3,153.657,,
100,0.9,640,True,vapor,1,44309.2,154.37,,
100,0.9,650,True,vapor,1,44765,155.077,,
100,0.95,230,True,liquido,0,1598.86,10.6779,,
100,0.95,240,True,liquido,0,2353.34,13.8888,,
100,0.95,250,True,bifasico,0.840392,22516.7,97.1665,,
100,0.95,260,True,bifasico,0.885735,24070.6,103.276,,
100,0.95,270,True,bifasico,0.906272,25035.5,106.92,,
100,0.95,280,True,bifasico,0.921315,25889.9,110.028,,
100,0.95,290,True,bifasico,0.936869,26814.8,113.272,,
100,0.95,300,True,bifasico,0.95773,27985.4,117.237,,
100,0.95,310,True,bifasico,0.989969,29643.6,122.669,,
100,0.95,320,True,vapor,1,30419.6,125.148,,
100,0.95,330,True,vapor,1,30790.5,126.289,,
100,0.95,340,True,vapor,1,31162.8,127.401,,
100,0.95,350,True,vapor,1,31537.1,128.486,,
100,0.95,360,True,vapor,1,31913.5,129.546,,
100,0.95,370,True,vapor,1,32292.3,130.584,,
100,0.95,380,True,vapor,1,32673.4,131.6,,
100,0.95,390,True,vapor,1,33057.2,132.597,,
100,0.95,400,True,vapor,1,33443.7,133.575,,
100,0.95,410,True,vapor,1,33832.9,134.536,,
100,0.95,420,True,vapor,1,34224.9,135.481,,
100,0.95,430,True,vapor,1,34619.7,136.41,,
100,0.95,440,True,vapor,1,35017.5,137.325,,
100,0.95,450,True,vapor,1,35418.1,138.225,,
100,0.95,460,True,vapor,1,35821.7,139.112,,
100,0.95,470,True,vapor,1,36228.3,139.986,,
100,0.95,480,True,vapor,1,36637.8,140.849,,
100,0.95,490,True,vapor,1,37050.4,141.699,,
100,0.95,500,True,vapor,1,37465.9,142.539,,
100,0.95,510,True,vapor,1,37884.4,143.367,,
100,0.95,520,True,vapor,1,38305.8,144.186,,
100,0.95,530,True,vapor,1,38730.3,144.994,,
100,0.95,540,True,vapor,1,39157.8,145.793,,
100,0.95,550,True,vapor,1,39588.3,146.583,,
100,0.95,560,True,vapor,1,40021.8,147.364,,
100,0.95,570,True,vapor,1,40458.2,148.137,,
100,0.95,580,True,vapor,1,40897.7,148.901,,
100,0.95,590,True,vapor,1,41340.2,149.657,,
100,0.95,600,True,vapor,1,41785.6,150.406,,
100,0.95,610,True,vapor,1,42234,151.147,,
100,0.95,620,True,vapor,1,42685.4,151.881,,
100,0.95,630,True,vapor,1,43139.8,152.608,,
100,0.95,640,True,vapor,1,43597.2,153.329,,
100,0.95,650,True,vapor,1,44057.5,154.042,,
300,0.05,230,True,liquido,0,-3.75965e+25,-1.60205e+23,,
300,0.05,240,True,liquido,0,-3229.04,-9.2586,,
300,0.05,250,True,liquido,0,-2412.28,-5.92397,,
300,0.05,260,True,liquido,0,-1616.03,-2.80085,,
300,0.05,270,False,,,,,equilibrio_no_resoluble,"equilibrio no resoluble en T=270.00 K, P=3e+05 Pa, x=0.0527"
300,0.05,280,False,,,,,equilibrio_no_resoluble,"equilibrio no resoluble en T=280.00 K, P=3e+05 Pa, x=0.0527"
300,0.05,290,False,,,,,equilibrio_no_resoluble,"equilibrio no resoluble en T=290.00 K, P=3e+05 Pa, x=0.0527"
300,0.05,300,True,liquido,0,1480.96,8.28268,,
300,0.05,310,True,liquido,0,2245.93,10.791,,
300,0.05,320,True,liquido,0,3010.18,13.2174,,
300,0.05,330,True,liquido,0,3774.56,15.5695,,
300,0.05,340,True,liquido,0,4539.74,17.8538,,
300,0.05,350,True,liquido,0,5306.31,20.0759,,
300,0.05,360,True,liquido,0,6074.8,22.2408,,
300,0.05,370,True,liquido,0,6845.73,24.353,,
300,0.05,380,True,liquido,0,7619.62,26.4169,,
300,0.05,390,True,liquido,0,8397.02,28.4362,,
300,0.05,400,True,bifasico,0.192136,16403.3,48.6458,,
300,0.05,410,True,vapor,1,48377.7,127.883,,
300,0.05,420,True,vapor,1,48771,128.83,,
300,0.05,430,True,vapor,1,49157.4,129.74,,
300,0.05,440,True,vapor,1,49538.9,130.617,,
300,0.05,450,True,vapor,1,49916.8,131.466,,
300,0.05,460,True,vapor,1,50291.9,132.291,,
300,0.05,470,True,vapor,1,50665,133.093,,
300,0.05,480,True,vapor,1,51036.6,133.875,,
300,0.05,490,True,vapor,1,51407.2,134.639,,
300,0.05,500,True,vapor,1,51777.1,135.387,,
300,0.05,510,True,vapor,1,52146.6,136.118,,
300,0.05,520,True,vapor,1,52515.9,136.836,,
300,0.05,530,True,vapor,1,52885.3,137.539,,
300,0.05,540,True,vapor,1,53254.8,138.23,,
300,0.05,550,True,vapor,1,53624.7,138.909,,
300,0.05,560,True,vapor,1,53995,139.576,,
300,0.05,570,True,vapor,1,54365.9,140.232,,
300,0.05,580,True,vapor,1,54737.4,140.878,,
300,0.05,590,True,vapor,1,55109.6,141.515,,
300,0.05,600,True,vapor,1,55482.6,142.142,,
300,0.05,610,True,vapor,1,55856.4,142.759,,
300,0.05,620,True,vapor,1,56231,143.369,,
300,0.05,630,True,vapor,1,56606.6,143.97,,
300,0.05,640,True,vapor,1,56983.1,144.562,,
300,0.05,650,True,vapor,1,57360.6,145.148,,
300,0.2,230,True,liquido,0,-4781.03,-9.21388,,
300,0.2,240,True,liquido,0,-4020.64,-5.97757,,
300,0.2,250,True,liquido,0,-3268.71,-2.90797,,
300,0.2,260,True,liquido,0,-2520.95,0.0248253,,
300,0.2,270,True,liquido,0,-1773.04,2.84745,,
300,0.2,280,True,liquido,0,-1022.24,5.5779,,
300,0.2,290,True,liquido,0,-267.096,8.22775,,
300,0.2,300,True,liquido,0,493.063,10.8048,,
300,0.2,310,True,liquido,0,1258.52,13.3146,,
300,0.2,320,True,liquido,0,2029.41,15.762,,
300,0.2,330,True,liquido,0,2805.8,18.1511,,
300,0.2,340,True,liquido,0,3587.81,20.4856,,
300,0.2,350,True,liquido,0,4375.61,22.7692,,
300,0.2,360,True,bifasico,0.0502573,6734.44,29.3965,,
300,0.2,370,True,bifasico,0.127299,10059.3,38.5023,,
300,0.2,380,True,bifasico,0.23103,14496.2,50.3244,,
300,0.2,390,True,bifasico,0.419861,22318.7,70.6107,,
300,0.2,400,True,vapor,1,45454.4,129.056,,
300,0.2,410,True,vapor,1,45849.2,130.031,,
300,0.2,420,True,vapor,1,46238.6,130.969,,
300,0.2,430,True,vapor,1,46624.2,131.877,,
300,0.2,440,True,vapor,1,47007,132.757,,
300,0.2,450,True,vapor,1,47387.8,133.612,,
300,0.2,460,True,vapor,1,47767.2,134.446,,
300,0.2,470,True,vapor,1,48145.7,135.26,,
300,0.2,480,True,vapor,1,48523.7,136.056,,
300,0.2,490,True,vapor,1,48901.4,136.835,,
300,0.2,500,True,vapor,1,49279.3,137.598,,
300,0.2,510,True,vapor,1,49657.4,138.347,,
300,0.2,520,True,vapor,1,50035.9,139.082,,
300,0.2,530,True,vapor,1,50415,139.804,,
300,0.2,540,True,vapor,1,50794.8,140.514,,
300,0.2,550,True,vapor,1,51175.4,141.213,,
300,0.2,560,True,vapor,1,51557,141.9,,
300,0.2,570,True,vapor,1,51939.5,142.577,,
300,0.2,580,True,vapor,1,52323,143.244,,
300,0.2,590,True,vapor,1,52707.7,143.902,,
300,0.2,600,True,vapor,1,53093.5,144.55,,
300,0.2,610,True,vapor,1,53480.5,145.19,,
300,0.2,620,True,vapor,1,53868.7,145.821,,
300,0.2,630,True,vapor,1,54258.2,146.444,,
300,0.2,640,True,vapor,1,54649,147.06,,
300,0.2,650,True,vapor,1,55041.1,147.668,,
300,0.35,230,True,liquido,0,-4908.08,-6.13214,,
300,0.35,240,True,liquido,0,-4239.32,-3.28629,,
300,0.35,250,True,liquido,0,-3546.82,-0.459667,,
300,0.35,260,True,liquido,0,-2832.16,2.34301,,
300,0.35,270,True,liquido,0,-2098.33,5.1123,,
300,0.35,280,True,liquido,0,-1348.48,7.83917,,
300,0.35,290,True,liquido,0,-585.322,10.5171,,
300,0.35,300,True,liquido,0,189.029,13.1421,,
300,0.35,310,True,liquido,0,973.067,15.7129,,
300,0.35,320,True,liquido,0,1765.79,18.2296,,
300,0.35,330,True,bifasico,0.0695449,4489.75,26.6016,,
300,0.35,340,True,bifasico,0.140538,7321.94,35.0571,,
300,0.35,350,True,bifasico,0.209689,10204.5,43.4115,,
300,0.35,360,True,bifasico,0.285782,13447.3,52.543,,
300,0.35,370,True,bifasico,0.382783,17577.4,63.8513,,
300,0.35,380,True,bifasico,0.531535,23789.8,80.3999,,
300,0.35,390,True,bifasico,0.83274,36009.2,112.082,,
300,0.35,400,True,vapor,1,42961.6,129.829,,
300,0.35,410,True,vapor,1,43353.4,130.797,,
300,0.35,420,True,vapor,1,43742.3,131.734,,
300,0.35,430,True,vapor,1,44129.2,132.644,,
300,0.35,440,True,vapor,1,44514.8,133.531,,
300,0.35,450,True,vapor,1,44899.6,134.395,,
300,0.35,460,True,vapor,1,45284,135.24,,
300,0.35,470,True,vapor,1,45668.4,136.067,,
300,0.35,480,True,vapor,1,46053.1,136.877,,
300,0.35,490,True,vapor,1,46438.4,137.671,,
300,0.35,500,True,vapor,1,46824.3,138.451,,
300,0.35,510,True,vapor,1,47211,139.217,,
300,0.35,520,True,vapor,1,47598.8,139.97,,
300,0.35,530,True,vapor,1,47987.6,140.711,,
300,0.35,540,True,vapor,1,48377.6,141.44,,
300,0.35,550,True,vapor,1,48768.9,142.158,,
300,0.35,560,True,vapor,1,49161.5,142.865,,
300,0.35,570,True,vapor,1,49555.5,143.562,,
300,0.35,580,True,vapor,1,49950.9,144.25,,
300,0.35,590,True,vapor,1,50347.8,144.928,,
300,0.35,600,True,vapor,1,50746.2,145.598,,
300,0.35,610,True,vapor,1,51146.2,146.259,,
300,0.35,620,True,vapor,1,51547.8,146.912,,
300,0.35,630,True,vapor,1,51950.9,147.557,,
300,0.35,640,True,vapor,1,52355.7,148.195,,
300,0.35,650,True,vapor,1,52762.2,148.825,,
300,0.5,230,True,liquido,0,-4666.7,-4.22433,,
300,0.5,240,True,liquido,0,-3950.78,-1.17785,,
300,0.5,250,True,liquido,0,-3208.47,1.85206,,
300,0.5,260,True,liquido,0,-2445.89,4.84274,,
300,0.5,270,True,liquido,0,-1668.01,7.77833,,
300,0.5,280,True,liquido,0,-878.344,10.65,,
300,0.5,290,True,liquido,0,-79.1733,13.4544,,
300,0.5,300,True,bifasico,0.0518458,2025.31,20.5439,,
300,0.5,310,True,bifasico,0.156212,5486.33,31.8998,,
300,0.5,320,True,bifasico,0.235517,8360.32,41.0277,,
300,0.5,330,True,bifasico,0.302655,10981.1,49.0933,,
300,0.5,340,True,bifasico,0.36621,13602,56.9163,,
300,0.5,350,True,bifasico,0.434251,16494.4,65.2978,,
300,0.5,360,True,bifasico,0.517335,20046.9,75.2993,,
300,0.5,370,True,bifasico,0.63396,24968.8,88.7729,,
300,0.5,380,True,bifasico,0.826973,32926.7,109.968,,
300,0.5,390,True,vapor,1,40111.7,128.729,,
300,0.5,400,True,vapor,1,40504.6,129.724,,
300,0.5,410,True,vapor,1,40895.5,130.69,,
300,0.5,420,True,vapor,1,41285.3,131.629,,
300,0.5,430,True,vapor,1,41674.5,132.545,,
300,0.5,440,True,vapor,1,42063.6,133.439,,
300,0.5,450,True,vapor,1,42452.9,134.314,,
300,0.5,460,True,vapor,1,42842.7,135.171,,
300,0.5,470,True,vapor,1,43233.3,136.011,,
300,0.5,480,True,vapor,1,43624.9,136.835,,
300,0.5,490,True,vapor,1,44017.6,137.645,,
300,0.5,500,True,vapor,1,44411.6,138.441,,
300,0.5,510,True,vapor,1,44807,139.224,,
300,0.5,520,True,vapor,1,45203.9,139.995,,
300,0.5,530,True,vapor,1,45602.3,140.754,,
300,0.5,540,True,vapor,1,46002.4,141.501,,
300,0.5,550,True,vapor,1,46404.2,142.238,,
300,0.5,560,True,vapor,1,46807.6,142.966,,
300,0.5,570,True,vapor,1,47212.9,143.683,,
300,0.5,580,True,vapor,1,47620,144.391,,
300,0.5,590,True,vapor,1,48028.9,145.09,,
300,0.5,600,True,vapor,1,48439.7,145.78,,
300,0.5,610,True,vapor,1,48852.5,146.463,,
300,0.5,620,True,vapor,1,49267.1,147.137,,
300,0.5,630,True,vapor,1,49683.7,147.803,,
300,0.5,640,True,vapor,1,50102.3,148.462,,
300,0.5,650,True,vapor,1,50522.8,149.114,,
300,0.55,230,True,liquido,0,-4382.63,-3.34525,,
300,0.55,240,True,liquido,0,-3639.71,-0.183777,,
300,0.55,250,True,liquido,0,-2875.81,2.93438,,
300,0.55,260,True,liquido,0,-2096.32,5.99141,,
300,0.55,270,True,liquido,0,-1305.15,8.9772,,
300,0.55,280,True,liquido,0,-504.788,11.8878,,
300,0.55,290,True,bifasico,0.00869622,513.984,15.4506,,
300,0.55,300,True,bifasico,0.149723,4782.65,29.9372,,
300,0.55,310,True,bifasico,0.244173,7958.78,40.3581,,
300,0.55,320,True,bifasico,0.316777,10633.1,48.8514,,
300,0.55,330,True,bifasico,0.379488,13120.6,56.5064,,
300,0.55,340,True,bifasico,0.440591,15671.8,64.1211,,
300,0.55,350,True,bifasico,0.508265,18567.6,72.5115,,
300,0.55,360,True,bifasico,0.593654,22222.1,82.7997,,
300,0.55,370,True,bifasico,0.716747,27405,96.987,,
300,0.55,380,True,bifasico,0.924349,35938.2,119.714,,
300,0.55,390,True,vapor,1,39301.4,128.526,,
300,0.55,400,True,vapor,1,39693.8,129.519,,
300,0.55,410,True,vapor,1,40084.8,130.484,,
300,0.55,420,True,vapor,1,40475.1,131.425,,
300,0.55,430,True,vapor,1,40865.2,132.343,,
300,0.55,440,True,vapor,1,41255.5,133.24,,
300,0.55,450,True,vapor,1,41646.4,134.119,,
300,0.55,460,True,vapor,1,42038.1,134.98,,
300,0.55,470,True,vapor,1,42430.8,135.824,,
300,0.55,480,True,vapor,1,42824.7,136.653,,
300,0.55,490,True,vapor,1,43220,137.468,,
300,0.55,500,True,vapor,1,43616.7,138.27,,
300,0.55,510,True,vapor,1,44014.9,139.058,,
300,0.55,520,True,vapor,1,44414.8,139.835,,
300,0.55,530,True,vapor,1,44816.4,140.6,,
300,0.55,540,True,vapor,1,45219.8,141.354,,
300,0.55,550,True,vapor,1,45625,142.097,,
300,0.55,560,True,vapor,1,46032.1,142.831,,
300,0.55,570,True,vapor,1,46441,143.555,,
300,0.55,580,True,vapor,1,46852,144.269,,
300,0.55,590,True,vapor,1,47264.9,144.975,,
300,0.55,600,True,vapor,1,47679.8,145.673,,
300,0.55,610,True,vapor,1,48096.7,146.362,,
300,0.55,620,True,vapor,1,48515.7,147.043,,
300,0.55,630,True,vapor,1,48936.7,147.717,,
300,0.55,640,True,vapor,1,49359.8,148.383,,
300,0.55,650,True,vapor,1,49784.9,149.042,,
300,0.6,230,True,liquido,0,-3966.04,-2.19701,,
300,0.6,240,True,liquido,0,-3201.42,1.05692,,
300,0.6,250,True,liquido,0,-2421.65,4.23989,,
300,0.6,260,True,liquido,0,-1630.64,7.34216,,
300,0.6,270,True,liquido,0,-830.907,10.3603,,
300,0.6,280,True,liquido,0,-23.8655,13.2952,,
300,0.6,290,True,bifasico,0.121608,3679.49,26.2292,,
300,0.6,300,True,bifasico,0.247053,7524.58,39.278,,
300,0.6,310,True,bifasico,0.331642,10417.4,48.769,,
300,0.6,320,True,bifasico,0.397582,12893.2,56.6315,,
300,0.6,330,True,bifasico,0.455891,15248.2,63.8782,,
300,0.6,340,True,bifasico,0.514556,17730.1,71.2856,,
300,0.6,350,True,bifasico,0.581867,20629.1,79.6849,,
300,0.6,360,True,bifasico,0.669547,24385.2,90.2582,,
300,0.6,370,True,bifasico,0.799071,29827.5,105.155,,
300,0.6,380,True,vapor,1,38101.7,127.216,,
300,0.6,390,True,vapor,1,38495.1,128.238,,
300,0.6,400,True,vapor,1,38887.1,129.23,,
300,0.6,410,True,vapor,1,39278.3,130.196,,
300,0.6,420,True,vapor,1,39669.2,131.138,,
300,0.6,430,True,vapor,1,40060.3,132.059,,
300,0.6,440,True,vapor,1,40452,132.959,,
300,0.6,450,True,vapor,1,40844.5,133.841,,
300,0.6,460,True,vapor,1,41238,134.706,,
300,0.6,470,True,vapor,1,41632.8,135.555,,
300,0.6,480,True,vapor,1,42029.1,136.389,,
300,0.6,490,True,vapor,1,42426.8,137.209,,
300,0.6,500,True,vapor,1,42826.2,138.016,,
300,0.6,510,True,vapor,1,43227.3,138.811,,
300,0.6,520,True,vapor,1,43630.2,139.593,,
300,0.6,530,True,vapor,1,44035,140.364,,
300,0.6,540,True,vapor,1,44441.6,141.124,,
300,0.6,550,True,vapor,1,44850.3,141.874,,
300,0.6,560,True,vapor,1,45260.9,142.614,,
300,0.6,570,True,vapor,1,45673.6,143.344,,
300,0.6,580,True,vapor,1,46088.4,144.066,,
300,0.6,590,True,vapor,1,46505.2,144.778,,
300,0.6,600,True,vapor,1,46924.2,145.482,,
300,0.6,610,True,vapor,1,47345.3,146.178,,
300,0.6,620,True,vapor,1,47768.5,146.866,,
300,0.6,630,True,vapor,1,48193.9,147.547,,
300,0.6,640,True,vapor,1,48621.5,148.221,,
300,0.6,650,True,vapor,1,49051.3,148.887,,
300,0.65,230,True,liquido,0,-3418.57,-0.764367,,
300,0.65,240,True,liquido,0,-2641.17,2.54401,,
300,0.65,250,True,liquido,0,-1853.18,5.76061,,
300,0.65,260,True,liquido,0,-1056.88,8.88368,,
300,0.65,270,True,liquido,0,-253.556,11.9154,,
300,0.65,280,True,bifasico,0.0273886,1188.85,17.1231,,
300,0.65,290,True,bifasico,0.233891,6827.36,36.9478,,
300,0.65,300,True,bifasico,0.343841,10251.2,48.5667,,
300,0.65,310,True,bifasico,0.418624,12862.3,57.1331,,
300,0.65,320,True,bifasico,0.477936,15140.7,64.3681,,
300,0.65,330,True,bifasico,0.531868,17363.9,71.2089,,
300,0.65,340,True,bifasico,0.588109,19777,78.4101,,
300,0.65,350,True,bifasico,0.655058,22679.2,86.8183,,
300,0.65,360,True,bifasico,0.745017,26536.2,97.6752,,
300,0.65,370,True,bifasico,0.880937,32236.6,113.278,,
300,0.65,380,True,vapor,1,37300.1,126.845,,
300,0.65,390,True,vapor,1,37692.7,127.865,,
300,0.65,400,True,vapor,1,38084.5,128.857,,
300,0.65,410,True,vapor,1,38475.9,129.823,,
300,0.65,420,True,vapor,1,38867.5,130.767,,
300,0.65,430,True,vapor,1,39259.7,131.69,,
300,0.65,440,True,vapor,1,39652.8,132.593,,
300,0.65,450,True,vapor,1,40046.9,133.479,,
300,0.65,460,True,vapor,1,40442.4,134.348,,
300,0.65,470,True,vapor,1,40839.3,135.202,,
300,0.65,480,True,vapor,1,41237.9,136.041,,
300,0.65,490,True,vapor,1,41638.1,136.866,,
300,0.65,500,True,vapor,1,42040.2,137.679,,
300,0.65,510,True,vapor,1,42444.1,138.479,,
300,0.65,520,True,vapor,1,42850,139.267,,
300,0.65,530,True,vapor,1,43258,140.044,,
300,0.65,540,True,vapor,1,43667.9,140.81,,
300,0.65,550,True,vapor,1,44080,141.566,,
300,0.65,560,True,vapor,1,44494.2,142.312,,
300,0.65,570,True,vapor,1,44910.6,143.049,,
300,0.65,580,True,vapor,1,45329.1,143.777,,
300,0.65,590,True,vapor,1,45749.9,144.497,,
300,0.65,600,True,vapor,1,46172.9,145.208,,
300,0.65,610,True,vapor,1,46598.1,145.91,,
300,0.65,620,True,vapor,1,47025.6,146.606,,
300,0.65,630,True,vapor,1,47455.4,147.293,,
300,0.65,640,True,vapor,1,47887.4,147.974,,
300,0.65,650,True,vapor,1,48321.8,148.647,,
300,0.7,230,True,liquido,0,-2754.9,0.916931,,
300,0.7,240,True,liquido,0,-1973.78,4.2412,,
300,0.7,250,True,liquido,0,-1184.52,7.46301,,
300,0.7,260,True,liquido,0,-388.193,10.5862,,
300,0.7,270,True,liquido,0,414.703,13.6163,,
300,0.7,280,True,bifasico,0.168787,5070.44,30.4238,,
300,0.7,290,True,bifasico,0.345549,9957.73,47.6068,,
300,0.7,300,True,bifasico,0.44009,12962.7,57.8039,,
300,0.7,310,True,bifasico,0.505122,15293.7,65.4507,,
300,0.7,320,True,bifasico,0.557845,17375.7,72.0618,,
300,0.7,330,True,bifasico,0.607424,19467.9,78.4988,,
300,0.7,340,True,bifasico,0.661254,21812.4,85.4951,,
300,0.7,350,True,bifasico,0.727842,24717.9,93.912,,
300,0.7,360,True,bifasico,0.820068,28675.2,105.051,,
300,0.7,370,True,bifasico,0.962348,34632.3,121.355,,
300,0.7,380,True,vapor,1,36502.1,126.384,,
300,0.7,390,True,vapor,1,36894.2,127.403,,
300,0.7,400,True,vapor,1,37285.9,128.394,,
300,0.7,410,True,vapor,1,37677.7,129.362,,
300,0.7,420,True,vapor,1,38070.1,130.307,,
300,0.7,430,True,vapor,1,38463.5,131.233,,
300,0.7,440,True,vapor,1,38857.9,132.14,,
300,0.7,450,True,vapor,1,39253.8,133.029,,
300,0.7,460,True,vapor,1,39651.2,133.903,,
300,0.7,470,True,vapor,1,40050.2,134.761,,
300,0.7,480,True,vapor,1,40451.1,135.605,,
300,0.7,490,True,vapor,1,40853.9,136.435,,
300,0.7,500,True,vapor,1,41258.6,137.253,,
300,0.7,510,True,vapor,1,41665.4,138.059,,
300,0.7,520,True,vapor,1,42074.3,138.853,,
300,0.7,530,True,vapor,1,42485.3,139.636,,
300,0.7,540,True,vapor,1,42898.6,140.408,,
300,0.7,550,True,vapor,1,43314,141.17,,
300,0.7,560,True,vapor,1,43731.8,141.923,,
300,0.7,570,True,vapor,1,44151.8,142.667,,
300,0.7,580,True,vapor,1,44574.1,143.401,,
300,0.7,590,True,vapor,1,44998.8,144.127,,
300,0.7,600,True,vapor,1,45425.8,144.845,,
300,0.7,610,True,vapor,1,45855.2,145.554,,
300,0.7,620,True,vapor,1,46286.9,146.256,,
300,0.7,630,True,vapor,1,46721,146.951,,
300,0.7,640,True,vapor,1,47157.6,147.638,,
300,0.7,650,True,vapor,1,47596.5,148.319,,
300,0.75,230,True,liquido,0,-1996.99,2.78008,,
300,0.75,240,True,liquido,0,-1218.7,6.09234,,
300,0.75,250,True,liquido,0,-432.837,9.30027,,
300,0.75,260,True,liquido,0,360.149,12.4103,,
300,0.75,270,True,liquido,0,1160.11,15.4293,,
300,0.75,280,True,bifasico,0.309401,8930.52,43.6509,,
300,0.75,290,True,bifasico,0.456589,13070.8,58.2067,,
300,0.75,300,True,bifasico,0.535807,15659.2,66.9898,,
300,0.75,310,True,bifasico,0.591141,17711.5,73.7222,,
300,0.75,320,True,bifasico,0.63731,19598.3,79.7128,,
300,0.75,330,True,bifasico,0.68256,21560.2,85.7483,,
300,0.75,340,True,bifasico,0.733993,23836.6,92.5408,,
300,0.75,350,True,bifasico,0.800223,26745.3,100.966,,
300,0.75,360,True,bifasico,0.894702,30802.4,112.386,,
300,0.75,370,True,vapor,1,35315.8,124.782,,
300,0.75,380,True,vapor,1,35707.8,125.827,,
300,0.75,390,True,vapor,1,36099.5,126.845,,
300,0.75,400,True,vapor,1,36491.2,127.836,,
300,0.75,410,True,vapor,1,36883.6,128.805,,
300,0.75,420,True,vapor,1,37276.9,129.753,,
300,0.75,430,True,vapor,1,37671.4,130.681,,
300,0.75,440,True,vapor,1,38067.3,131.592,,
300,0.75,450,True,vapor,1,38464.9,132.485,,
300,0.75,460,True,vapor,1,38864.2,133.363,,
300,0.75,470,True,vapor,1,39265.4,134.226,,
300,0.75,480,True,vapor,1,39668.6,135.074,,
300,0.75,490,True,vapor,1,40073.9,135.91,,
300,0.75,500,True,vapor,1,40481.4,136.733,,
300,0.75,510,True,vapor,1,40891,137.544,,
300,0.75,520,True,vapor,1,41302.9,138.344,,
300,0.75,530,True,vapor,1,41717,139.133,,
300,0.75,540,True,vapor,1,42133.5,139.912,,
300,0.75,550,True,vapor,1,42552.4,140.68,,
300,0.75,560,True,vapor,1,42973.7,141.439,,
300,0.75,570,True,vapor,1,43397.3,142.189,,
300,0.75,580,True,vapor,1,43823.4,142.93,,
300,0.75,590,True,vapor,1,44252,143.663,,
300,0.75,600,True,vapor,1,44683,144.387,,
300,0.75,610,True,vapor,1,45116.5,145.104,,
300,0.75,620,True,vapor,1,45552.4,145.812,,
300,0.75,630,True,vapor,1,45990.9,146.514,,
300,0.75,640,True,vapor,1,46431.8,147.208,,
300,0.75,650,True,vapor,1,46875.2,147.896,,
300,0.9,230,True,liquido,0,641.523,8.76278,,
300,0.9,240,True,liquido,0,1401.22,11.9959,,
300,0.9,250,True,liquido,0,2170.15,15.1347,,
300,0.9,260,True,liquido,0,2947.97,18.1852,,
300,0.9,270,True,bifasico,0.506165,14866,62.7306,,
300,0.9,280,True,bifasico,0.726608,20383.5,82.8959,,
300,0.9,290,True,bifasico,0.786047,22307.2,89.6569,,
300,0.9,300,True,bifasico,0.819799,23659.7,94.2447,,
300,0.9,310,True,bifasico,0.846361,24885.4,98.2639,,
300,0.9,320,True,bifasico,0.873086,26192.9,102.414,,
300,0.9,330,True,bifasico,0.905491,27768.1,107.258,,
300,0.9,340,True,bifasico,0.94981,29842.4,113.446,,
300,0.9,350,True,vapor,1,32176.6,120.224,,
300,0.9,360,True,vapor,1,32566.1,121.321,,
300,0.9,370,True,vapor,1,32955.8,122.389,,
300,0.9,380,True,vapor,1,33346.2,123.43,,
300,0.9,390,True,vapor,1,33737.6,124.447,,
300,0.9,400,True,vapor,1,34130.4,125.441,,
300,0.9,410,True,vapor,1,34525,126.415,,
300,0.9,420,True,vapor,1,34921.4,127.371,,
300,0.9,430,True,vapor,1,35319.8,128.308,,
300,0.9,440,True,vapor,1,35720.4,129.229,,
300,0.9,450,True,vapor,1,36123.4,130.135,,
300,0.9,460,True,vapor,1,36528.7,131.026,,
300,0.9,470,True,vapor,1,36936.4,131.902,,
300,0.9,480,True,vapor,1,37346.7,132.766,,
300,0.9,490,True,vapor,1,37759.6,133.618,,
300,0.9,500,True,vapor,1,38175.1,134.457,,
300,0.9,510,True,vapor,1,38593.2,135.285,,
300,0.9,520,True,vapor,1,39014,136.102,,
300,0.9,530,True,vapor,1,39437.5,136.909,,
300,0.9,540,True,vapor,1,39863.8,137.705,,
300,0.9,550,True,vapor,1,40292.7,138.493,,
300,0.9,560,True,vapor,1,40724.5,139.271,,
300,0.9,570,True,vapor,1,41159,140.04,,
300,0.9,580,True,vapor,1,41596.3,140.8,,
300,0.9,590,True,vapor,1,42036.4,141.552,,
300,0.9,600,True,vapor,1,42479.2,142.297,,
300,0.9,610,True,vapor,1,42924.9,143.033,,
300,0.9,620,True,vapor,1,43373.4,143.763,,
300,0.9,630,True,vapor,1,43824.7,144.485,,
300,0.9,640,True,vapor,1,44278.8,145.2,,
300,0.9,650,True,vapor,1,44735.7,145.908,,
300,0.95,230,True,liquido,0,1601.87,10.6701,,
300,0.95,240,True,liquido,0,2356.23,13.8805,,
300,0.95,250,True,liquido,0,3119.9,16.9978,,
300,0.95,260,True,liquido,0,3892.53,20.0281,,
300,0.95,270,True,bifasico,0.753898,21188.8,84.9818,,
300,0.95,280,True,bifasico,0.864152,24159.2,95.8341,,
300,0.95,290,True,bifasico,0.894662,25352.2,100.025,,
300,0.95,300,True,bifasico,0.913426,26297.3,103.23,,
300,0.95,310,True,bifasico,0.930502,27250.5,106.355,,
300,0.95,320,True,bifasico,0.950816,28367,109.898,,
300,0.95,330,True,bifasico,0.978987,29814.7,114.349,,
300,0.95,340,True,vapor,1,31010.2,117.933,,
300,0.95,350,True,vapor,1,31398.3,119.058,,
300,0.95,360,True,vapor,1,31786.6,120.152,,
300,0.95,370,True,vapor,1,32175.7,121.218,,
300,0.95,380,True,vapor,1,32565.9,122.259,,
300,0.95,390,True,vapor,1,32957.6,123.276,,
300,0.95,400,True,vapor,1,33351,124.272,,
300,0.95,410,True,vapor,1,33746.4,125.249,,
300,0.95,420,True,vapor,1,34144,126.207,,
300,0.95,430,True,vapor,1,34543.9,127.148,,
300,0.95,440,True,vapor,1,34946.2,128.072,,
300,0.95,450,True,vapor,1,35351,128.982,,
300,0.95,460,True,vapor,1,35758.3,129.877,,
300,0.95,470,True,vapor,1,36168.3,130.759,,
300,0.95,480,True,vapor,1,36581,131.628,,
300,0.95,490,True,vapor,1,36996.4,132.485,,
300,0.95,500,True,vapor,1,37414.6,133.329,,
300,0.95,510,True,vapor,1,37835.6,134.163,,
300,0.95,520,True,vapor,1,38259.3,134.986,,
300,0.95,530,True,vapor,1,38686,135.798,,
300,0.95,540,True,vapor,1,39115.4,136.601,,
300,0.95,550,True,vapor,1,39547.8,137.395,,
300,0.95,560,True,vapor,1,39983,138.179,,
300,0.95,570,True,vapor,1,40421.1,138.954,,
300,0.95,580,True,vapor,1,40862.1,139.721,,
300,0.95,590,True,vapor,1,41306,140.48,,
300,0.95,600,True,vapor,1,41752.8,141.231,,
300,0.95,610,True,vapor,1,42202.5,141.974,,
300,0.95,620,True,vapor,1,42655.1,142.71,,
300,0.95,630,True,vapor,1,43110.6,143.439,,
300,0.95,640,True,vapor,1,43569,144.161,,
300,0.95,650,True,vapor,1,44030.4,144.876,,
700,0.05,230,True,liquido,0,-3.75965e+25,-1.60205e+23,,
700,0.05,240,True,liquido,0,-3220.38,-9.2531,,
700,0.05,250,True,liquido,0,-2404.43,-5.92179,,
700,0.05,260,True,liquido,0,-1608.6,-2.8003,,
700,0.05,270,True,liquido,0,-824.726,0.15817,,
700,0.05,280,True,liquido,0,-49.1935,2.97868,,
700,0.05,290,False,,,,,equilibrio_no_resoluble,"equilibrio no resoluble en T=290.00 K, P=7e+05 Pa, x=0.0527"
700,0.05,300,True,liquido,0,1487.46,8.27986,,
700,0.05,310,True,liquido,0,2252.26,10.7876,,
700,0.05,320,True,liquido,0,3016.35,13.2135,,
700,0.05,330,True,liquido,0,3780.58,15.5652,,
700,0.05,340,True,liquido,0,4545.61,17.849,,
700,0.05,350,True,liquido,0,5312.02,20.0706,,
700,0.05,360,True,liquido,0,6080.35,22.2351,,
700,0.05,370,True,liquido,0,6851.11,24.3469,,
700,0.05,380,True,liquido,0,7624.83,26.4102,,
700,0.05,390,True,liquido,0,8402.04,28.429,,
700,0.05,400,True,liquido,0,9183.31,30.407,,
700,0.05,410,True,liquido,0,9969.26,32.3477,,
700,0.05,420,True,liquido,0,10760.6,34.2545,,
700,0.05,430,True,bifasico,0.165301,17464,49.9736,,
700,0.05,440,True,vapor,1,49042.8,122.684,,
700,0.05,450,True,vapor,1,49473.3,123.652,,
700,0.05,460,True,vapor,1,49891.3,124.571,,
700,0.05,470,True,vapor,1,50300.3,125.45,,
700,0.05,480,True,vapor,1,50702.6,126.297,,
700,0.05,490,True,vapor,1,51099.7,127.116,,
700,0.05,500,True,vapor,1,51492.7,127.91,,
700,0.05,510,True,vapor,1,51882.4,128.682,,
700,0.05,520,True,vapor,1,52269.7,129.434,,
700,0.05,530,True,vapor,1,52655,130.168,,
700,0.05,540,True,vapor,1,53038.9,130.885,,
700,0.05,550,True,vapor,1,53421.6,131.588,,
700,0.05,560,True,vapor,1,53803.6,132.276,,
700,0.05,570,True,vapor,1,54185,132.951,,
700,0.05,580,True,vapor,1,54566.2,133.614,,
700,0.05,590,True,vapor,1,54947.2,134.265,,
700,0.05,600,True,vapor,1,55328.3,134.906,,
700,0.05,610,True,vapor,1,55709.6,135.536,,
700,0.05,620,True,vapor,1,56091.2,136.156,,
700,0.05,630,True,vapor,1,56473.1,136.768,,
700,0.05,640,True,vapor,1,56855.6,137.37,,
700,0.05,650,True,vapor,1,57238.7,137.964,,
700,0.2,230,True,liquido,0,-4772.77,-9.21102,,
700,0.2,240,True,liquido,0,-4012.84,-5.97664,,
700,0.2,250,True,liquido,0,-3261.28,-2.90853,,
700,0.2,260,True,liquido,0,-2513.82,0.0230831,,
700,0.2,270,True,liquido,0,-1766.16,2.84476,,
700,0.2,280,True,liquido,0,-1015.57,5.57444,,
700,0.2,290,True,liquido,0,-260.613,8.22363,,
700,0.2,300,True,liquido,0,499.373,10.8001,,
700,0.2,310,True,liquido,0,1264.67,13.3094,,
700,0.2,320,True,liquido,0,2035.39,15.7563,,
700,0.2,330,True,liquido,0,2811.63,18.1448,,
700,0.2,340,True,liquido,0,3593.47,20.4789,,
700,0.2,350,True,liquido,0,4381.1,22.762,,
700,0.2,360,True,liquido,0,5174.75,24.9977,,
700,0.2,370,True,liquido,0,5974.74,27.1895,,
700,0.2,380,True,liquido,0,6781.48,29.3409,,
700,0.2,390,True,bifasico,0.046902,8991.97,35.0656,,
700,0.2,400,True,bifasico,0.12963,12403.9,43.7001,,
700,0.2,410,True,bifasico,0.24297,17016.3,55.08,,
700,0.2,420,True,bifasico,0.444711,24979.5,74.2422,,
700,0.2,430,True,vapor,1,46162.6,123.996,,
700,0.2,440,True,vapor,1,46591.4,124.982,,
700,0.2,450,True,vapor,1,47010.5,125.924,,
700,0.2,460,True,vapor,1,47422.4,126.829,,
700,0.2,470,True,vapor,1,47828.9,127.703,,
700,0.2,480,True,vapor,1,48231.1,128.55,,
700,0.2,490,True,vapor,1,48630.2,129.373,,
700,0.2,500,True,vapor,1,49026.8,130.174,,
700,0.2,510,True,vapor,1,49421.5,130.956,,
700,0.2,520,True,vapor,1,49814.9,131.72,,
700,0.2,530,True,vapor,1,50207.4,132.468,,
700,0.2,540,True,vapor,1,50599.3,133.2,,
700,0.2,550,True,vapor,1,50990.9,133.919,,
700,0.2,560,True,vapor,1,51382.4,134.624,,
700,0.2,570,True,vapor,1,51774.1,135.317,,
700,0.2,580,True,vapor,1,52166,135.999,,
700,0.2,590,True,vapor,1,52558.4,136.67,,
700,0.2,600,True,vapor,1,52951.3,137.33,,
700,0.2,610,True,vapor,1,53344.9,137.981,,
700,0.2,620,True,vapor,1,53739.3,138.622,,
700,0.2,630,True,vapor,1,54134.4,139.254,,
700,0.2,640,True,vapor,1,54530.5,139.878,,
700,0.2,650,True,vapor,1,54927.6,140.494,,
700,0.35,230,True,liquido,0,-4900.82,-6.13423,,
700,0.35,240,True,liquido,0,-4232.32,-3.28946,,
700,0.35,250,True,liquido,0,-3540.04,-0.463757,,
700,0.35,260,True,liquido,0,-2825.58,2.33814,,
700,0.35,270,True,liquido,0,-2091.92,5.10679,,
700,0.35,280,True,liquido,0,-1342.22,7.8331,,
700,0.35,290,True,liquido,0,-579.216,10.5105,,
700,0.35,300,True,liquido,0,194.991,13.135,,
700,0.35,310,True,liquido,0,978.883,15.7053,,
700,0.35,320,True,liquido,0,1771.45,18.2216,,
700,0.35,330,True,liquido,0,2572.09,20.6852,,
700,0.35,340,True,liquido,0,3380.52,23.0986,,
700,0.35,350,True,bifasico,0.000527624,4210.34,25.5034,,
700,0.35,360,True,bifasico,0.0766612,7027.36,33.4402,,
700,0.35,370,True,bifasico,0.147366,9785.78,40.9977,,
700,0.35,380,True,bifasico,0.219805,12708.3,48.7897,,
700,0.35,390,True,bifasico,0.302821,16098.7,57.5927,,
700,0.35,400,True,bifasico,0.411027,20487.4,68.6967,,
700,0.35,410,True,bifasico,0.576503,27063.8,84.9189,,
700,0.35,420,True,bifasico,0.898987,39542.3,114.942,,
700,0.35,430,True,vapor,1,43744.8,124.915,,
700,0.35,440,True,vapor,1,44164.5,125.88,,
700,0.35,450,True,vapor,1,44578.5,126.81,,
700,0.35,460,True,vapor,1,44988.2,127.711,,
700,0.35,470,True,vapor,1,45394.6,128.585,,
700,0.35,480,True,vapor,1,45798.7,129.436,,
700,0.35,490,True,vapor,1,46201.1,130.265,,
700,0.35,500,True,vapor,1,46602.3,131.076,,
700,0.35,510,True,vapor,1,47002.8,131.869,,
700,0.35,520,True,vapor,1,47402.9,132.646,,
700,0.35,530,True,vapor,1,47802.9,133.408,,
700,0.35,540,True,vapor,1,48203.1,134.156,,
700,0.35,550,True,vapor,1,48603.6,134.891,,
700,0.35,560,True,vapor,1,49004.7,135.614,,
700,0.35,570,True,vapor,1,49406.6,136.325,,
700,0.35,580,True,vapor,1,49809.2,137.025,,
700,0.35,590,True,vapor,1,50212.8,137.715,,
700,0.35,600,True,vapor,1,50617.4,138.395,,
700,0.35,610,True,vapor,1,51023.1,139.066,,
700,0.35,620,True,vapor,1,51430,139.727,,
700,0.35,630,True,vapor,1,51838.2,140.38,,
700,0.35,640,True,vapor,1,52247.7,141.025,,
700,0.35,650,True,vapor,1,52658.5,141.662,,
700,0.5,230,True,liquido,0,-4660.17,-4.23053,,
700,0.5,240,True,liquido,0,-3944.42,-1.18476,,
700,0.5,250,True,liquido,0,-3202.26,1.84455,,
700,0.5,260,True,liquido,0,-2439.8,4.83473,,
700,0.5,270,True,liquido,0,-1662.04,7.76987,,
700,0.5,280,True,liquido,0,-872.496,10.6411,,
700,0.5,290,True,liquido,0,-73.4528,13.445,,
700,0.5,300,True,liquido,0,733.728,16.1814,,
700,0.5,310,True,liquido,0,1548.34,18.8524,,
700,0.5,320,True,liquido,0,2370.14,21.4615,,
700,0.5,330,True,bifasico,0.086476,5229.13,30.236,,
700,0.5,340,True,bifasico,0.177129,8234.65,39.2121,,
700,0.5,350,True,bifasico,0.250898,10894.9,46.9251,,
700,0.5,360,True,bifasico,0.317575,13461.4,54.1548,,
700,0.5,370,True,bifasico,0.384643,16153.9,61.5307,,
700,0.5,380,True,bifasico,0.459942,19232.1,69.7363,,
700,0.5,390,True,bifasico,0.554426,23085.6,79.74,,
700,0.5,400,True,bifasico,0.68768,28434.7,93.2719,,
700,0.5,410,True,bifasico,0.904413,36941.8,114.255,,
700,0.5,420,True,vapor,1,40938.5,123.958,,
700,0.5,430,True,vapor,1,41357.3,124.943,,
700,0.5,440,True,vapor,1,41771.9,125.896,,
700,0.5,450,True,vapor,1,42183.3,126.821,,
700,0.5,460,True,vapor,1,42592.6,127.721,,
700,0.5,470,True,vapor,1,43000.5,128.598,,
700,0.5,480,True,vapor,1,43407.3,129.454,,
700,0.5,490,True,vapor,1,43813.8,130.292,,
700,0.5,500,True,vapor,1,44220.1,131.113,,
700,0.5,510,True,vapor,1,44626.6,131.918,,
700,0.5,520,True,vapor,1,45033.5,132.708,,
700,0.5,530,True,vapor,1,45441.2,133.485,,
700,0.5,540,True,vapor,1,45849.7,134.249,,
700,0.5,550,True,vapor,1,46259.1,135,,
700,0.5,560,True,vapor,1,46669.8,135.74,,
700,0.5,570,True,vapor,1,47081.6,136.469,,
700,0.5,580,True,vapor,1,47494.8,137.187,,
700,0.5,590,True,vapor,1,47909.4,137.896,,
700,0.5,600,True,vapor,1,48325.5,138.595,,
700,0.5,610,True,vapor,1,48743.1,139.286,,
700,0.5,620,True,vapor,1,49162.3,139.967,,
700,0.5,630,True,vapor,1,49583.2,140.641,,
700,0.5,640,True,vapor,1,50005.8,141.306,,
700,0.5,650,True,vapor,1,50430.1,141.964,,
700,0.55,230,True,liquido,0,-4376.29,-3.3527,,
700,0.55,240,True,liquido,0,-3633.51,-0.191837,,
700,0.55,250,True,liquido,0,-2869.73,2.92581,,
700,0.55,260,True,liquido,0,-2090.36,5.9824,,
700,0.55,270,True,liquido,0,-1299.3,8.96776,,
700,0.55,280,True,liquido,0,-499.055,11.878,,
700,0.55,290,True,liquido,0,308.92,14.7132,,
700,0.55,300,True,liquido,0,1123.9,17.476,,
700,0.55,310,True,liquido,0,1945.66,20.1705,,
700,0.55,320,True,bifasico,0.0688564,4340.12,27.7302,,
700,0.55,330,True,bifasico,0.18196,7784.86,38.3376,,
700,0.55,340,True,bifasico,0.264817,10579.7,46.6843,,
700,0.55,350,True,bifasico,0.333419,13098.2,53.9856,,
700,0.55,360,True,bifasico,0.39698,15582,60.9823,,
700,0.55,370,True,bifasico,0.462849,18252.9,68.2983,,
700,0.55,380,True,bifasico,0.539091,21382.3,76.6402,,
700,0.55,390,True,bifasico,0.637354,25388.4,87.0397,,
700,0.55,400,True,bifasico,0.778864,31054.1,101.372,,
700,0.55,410,True,vapor,1,39730.7,122.784,,
700,0.55,420,True,vapor,1,40152.1,123.8,,
700,0.55,430,True,vapor,1,40568.8,124.781,,
700,0.55,440,True,vapor,1,40982.3,125.731,,
700,0.55,450,True,vapor,1,41393.3,126.655,,
700,0.55,460,True,vapor,1,41802.8,127.555,,
700,0.55,470,True,vapor,1,42211.3,128.433,,
700,0.55,480,True,vapor,1,42619.2,129.292,,
700,0.55,490,True,vapor,1,43027.1,130.133,,
700,0.55,500,True,vapor,1,43435.2,130.958,,
700,0.55,510,True,vapor,1,43843.8,131.767,,
700,0.55,520,True,vapor,1,44253.1,132.561,,
700,0.55,530,True,vapor,1,44663.2,133.343,,
700,0.55,540,True,vapor,1,45074.5,134.111,,
700,0.55,550,True,vapor,1,45486.9,134.868,,
700,0.55,560,True,vapor,1,45900.7,135.614,,
700,0.55,570,True,vapor,1,46315.9,136.349,,
700,0.55,580,True,vapor,1,46732.5,137.073,,
700,0.55,590,True,vapor,1,47150.7,137.788,,
700,0.55,600,True,vapor,1,47570.6,138.494,,
700,0.55,610,True,vapor,1,47992.2,139.191,,
700,0.55,620,True,vapor,1,48415.5,139.879,,
700,0.55,630,True,vapor,1,48840.5,140.559,,
700,0.55,640,True,vapor,1,49267.4,141.231,,
700,0.55,650,True,vapor,1,49696.2,141.896,,
700,0.6,230,True,liquido,0,-3959.83,-2.20561,,
700,0.6,240,True,liquido,0,-3195.33,1.0478,,
700,0.6,250,True,liquido,0,-2415.67,4.23033,,
700,0.6,260,True,liquido,0,-1624.77,7.33218,,
700,0.6,270,True,liquido,0,-825.152,10.3499,,
700,0.6,280,True,liquido,0,-18.239,13.2844,,
700,0.6,290,True,liquido,0,795.284,16.1391,,
700,0.6,300,True,liquido,0,1615.24,18.9188,,
700,0.6,310,True,bifasico,0.0133132,2735.6,22.5776,,
700,0.6,320,True,bifasico,0.175667,7189.15,36.734,,
700,0.6,330,True,bifasico,0.276911,10326.3,46.3939,,
700,0.6,340,True,bifasico,0.352014,12911.7,54.1147,,
700,0.6,350,True,bifasico,0.41548,15289.1,61.0067,,
700,0.6,360,True,bifasico,0.475941,17690.8,67.7716,,
700,0.6,370,True,bifasico,0.540618,20340.1,75.028,,
700,0.6,380,True,bifasico,0.617797,23520.5,83.5056,,
700,0.6,390,True,bifasico,0.719819,27678.4,94.2986,,
700,0.6,400,True,bifasico,0.869539,33658.8,109.426,,
700,0.6,410,True,vapor,1,38950.4,122.548,,
700,0.6,420,True,vapor,1,39369,123.557,,
700,0.6,430,True,vapor,1,39784.1,124.534,,
700,0.6,440,True,vapor,1,40196.6,125.482,,
700,0.6,450,True,vapor,1,40607.4,126.405,,
700,0.6,460,True,vapor,1,41017.2,127.306,,
700,0.6,470,True,vapor,1,41426.4,128.186,,
700,0.6,480,True,vapor,1,41835.6,129.047,,
700,0.6,490,True,vapor,1,42244.9,129.891,,
700,0.6,500,True,vapor,1,42654.8,130.72,,
700,0.6,510,True,vapor,1,43065.5,131.533,,
700,0.6,520,True,vapor,1,43477.1,132.332,,
700,0.6,530,True,vapor,1,43889.9,133.118,,
700,0.6,540,True,vapor,1,44303.9,133.892,,
700,0.6,550,True,vapor,1,44719.3,134.654,,
700,0.6,560,True,vapor,1,45136.2,135.405,,
700,0.6,570,True,vapor,1,45554.6,136.146,,
700,0.6,580,True,vapor,1,45974.7,136.877,,
700,0.6,590,True,vapor,1,46396.6,137.598,,
700,0.6,600,True,vapor,1,46820.2,138.31,,
700,0.6,610,True,vapor,1,47245.7,139.013,,
700,0.6,620,True,vapor,1,47673,139.708,,
700,0.6,630,True,vapor,1,48102.2,140.395,,
700,0.6,640,True,vapor,1,48533.4,141.074,,
700,0.6,650,True,vapor,1,48966.6,141.745,,
700,0.65,230,True,liquido,0,-3412.44,-0.773989,,
700,0.65,240,True,liquido,0,-2635.16,2.53392,,
700,0.65,250,True,liquido,0,-1847.27,5.7501,,
700,0.65,260,True,liquido,0,-1051.08,8.87272,,
700,0.65,270,True,liquido,0,-247.889,11.9039,,
700,0.65,280,True,liquido,0,561.711,14.8482,,
700,0.65,290,True,liquido,0,1377.59,17.7111,,
700,0.65,300,True,liquido,0,2199.95,20.499,,
700,0.65,310,True,bifasico,0.139599,6059.19,33.0906,,
700,0.65,320,True,bifasico,0.281882,10022.3,45.6876,,
700,0.65,330,True,bifasico,0.371333,12853.6,54.4054,,
700,0.65,340,True,bifasico,0.438726,15230.7,61.5036,,
700,0.65,350,True,bifasico,0.497082,17467.8,67.9886,,
700,0.65,360,True,bifasico,0.554462,19787.8,74.5231,,
700,0.65,370,True,bifasico,0.617954,22415.6,81.7203,,
700,0.65,380,True,bifasico,0.696065,25646.8,90.3326,,
700,0.65,390,True,bifasico,0.801824,29955.6,101.517,,
700,0.65,400,True,bifasico,0.959708,36249,117.436,,
700,0.65,410,True,vapor,1,38173.1,122.224,,
700,0.65,420,True,vapor,1,38589.4,123.227,,
700,0.65,430,True,vapor,1,39003,124.201,,
700,0.65,440,True,vapor,1,39414.9,125.148,,
700,0.65,450,True,vapor,1,39825.6,126.071,,
700,0.65,460,True,vapor,1,40235.8,126.972,,
700,0.65,470,True,vapor,1,40645.9,127.854,,
700,0.65,480,True,vapor,1,41056.2,128.718,,
700,0.65,490,True,vapor,1,41467.2,129.565,,
700,0.65,500,True,vapor,1,41878.9,130.397,,
700,0.65,510,True,vapor,1,42291.7,131.215,,
700,0.65,520,True,vapor,1,42705.6,132.018,,
700,0.65,530,True,vapor,1,43120.9,132.809,,
700,0.65,540,True,vapor,1,43537.7,133.588,,
700,0.65,550,True,vapor,1,43956.1,134.356,,
700,0.65,560,True,vapor,1,44376.1,135.113,,
700,0.65,570,True,vapor,1,44797.8,135.859,,
700,0.65,580,True,vapor,1,45221.4,136.596,,
700,0.65,590,True,vapor,1,45646.8,137.323,,
700,0.65,600,True,vapor,1,46074.2,138.042,,
700,0.65,610,True,vapor,1,46503.5,138.751,,
700,0.65,620,True,vapor,1,46934.9,139.453,,
700,0.65,630,True,vapor,1,47368.3,140.146,,
700,0.65,640,True,vapor,1,47803.7,140.832,,
700,0.65,650,True,vapor,1,48241.3,141.51,,
700,0.7,230,True,liquido,0,-2748.82,0.906393,,
700,0.7,240,True,liquido,0,-1967.81,4.2302,,
700,0.7,250,True,liquido,0,-1178.67,7.45154,,
700,0.7,260,True,liquido,0,-382.464,10.5742,,
700,0.7,270,True,liquido,0,420.282,13.6037,,
700,0.7,280,True,liquido,0,1229.46,16.5464,,
700,0.7,290,True,liquido,0,2045.25,19.4091,,
700,0.7,300,True,liquido,0,2868.04,22.1984,,
700,0.7,310,True,bifasico,0.265184,9364.32,43.5452,,
700,0.7,320,True,bifasico,0.387507,12839.7,54.5915,,
700,0.7,330,True,bifasico,0.46523,15366.8,62.3723,,
700,0.7,340,True,bifasico,0.524955,17536.8,68.8516,,
700,0.7,350,True,bifasico,0.578232,19634.4,74.9318,,
700,0.7,360,True,bifasico,0.632546,21873.2,81.2371,,
700,0.7,370,True,bifasico,0.69486,24479.6,88.3754,,
700,0.7,380,True,bifasico,0.773897,27761.3,97.1218,,
700,0.7,390,True,bifasico,0.883373,32220.2,108.695,,
700,0.7,400,True,vapor,1,36981.5,120.779,,
700,0.7,410,True,vapor,1,37398.7,121.809,,
700,0.7,420,True,vapor,1,37813.1,122.808,,
700,0.7,430,True,vapor,1,38225.6,123.778,,
700,0.7,440,True,vapor,1,38637,124.724,,
700,0.7,450,True,vapor,1,39047.8,125.647,,
700,0.7,460,True,vapor,1,39458.5,126.55,,
700,0.7,470,True,vapor,1,39869.5,127.434,,
700,0.7,480,True,vapor,1,40281.2,128.3,,
700,0.7,490,True,vapor,1,40693.7,129.151,,
700,0.7,500,True,vapor,1,41107.3,129.987,,
700,0.7,510,True,vapor,1,41522.2,130.808,,
700,0.7,520,True,vapor,1,41938.5,131.617,,
700,0.7,530,True,vapor,1,42356.4,132.413,,
700,0.7,540,True,vapor,1,42776,133.197,,
700,0.7,550,True,vapor,1,43197.2,133.97,,
700,0.7,560,True,vapor,1,43620.4,134.732,,
700,0.7,570,True,vapor,1,44045.4,135.485,,
700,0.7,580,True,vapor,1,44472.4,136.227,,
700,0.7,590,True,vapor,1,44901.5,136.961,,
700,0.7,600,True,vapor,1,45332.5,137.685,,
700,0.7,610,True,vapor,1,45765.7,138.401,,
700,0.7,620,True,vapor,1,46201.1,139.109,,
700,0.7,630,True,vapor,1,46638.6,139.809,,
700,0.7,640,True,vapor,1,47078.3,140.502,,
700,0.7,650,True,vapor,1,47520.2,141.187,,
700,0.75,230,True,liquido,0,-1990.91,2.76868,,
700,0.75,240,True,liquido,0,-1212.74,6.08043,,
700,0.75,250,True,liquido,0,-427.018,9.28781,,
700,0.75,260,True,liquido,0,365.812,12.3973,,
700,0.75,270,True,liquido,0,1165.59,15.4156,,
700,0.75,280,True,liquido,0,1972.39,18.3496,,
700,0.75,290,True,liquido,0,2786.49,21.2063,,
700,0.75,300,True,bifasico,0.163844,7047.21,35.5226,,
700,0.75,310,True,bifasico,0.390072,12651.1,53.9418,,
700,0.75,320,True,bifasico,0.492547,15641.5,63.446,,
700,0.75,330,True,bifasico,0.558607,17866.1,70.295,,
700,0.75,340,True,bifasico,0.610707,19830.1,76.1588,,
700,0.75,350,True,bifasico,0.658932,21789,81.8364,,
700,0.75,360,True,bifasico,0.710198,23947,87.9139,,
700,0.75,370,True,bifasico,0.771339,26532.2,94.9936,,
700,0.75,380,True,bifasico,0.851299,29864.1,103.873,,
700,0.75,390,True,bifasico,0.964471,34472.2,115.834,,
700,0.75,400,True,vapor,1,36212.6,120.272,,
700,0.75,410,True,vapor,1,36627.3,121.296,,
700,0.75,420,True,vapor,1,37040.1,122.291,,
700,0.75,430,True,vapor,1,37451.7,123.259,,
700,0.75,440,True,vapor,1,37862.8,124.204,,
700,0.75,450,True,vapor,1,38273.8,125.128,,
700,0.75,460,True,vapor,1,38685.2,126.032,,
700,0.75,470,True,vapor,1,39097.2,126.919,,
700,0.75,480,True,vapor,1,39510.3,127.788,,
700,0.75,490,True,vapor,1,39924.4,128.642,,
700,0.75,500,True,vapor,1,40340,129.482,,
700,0.75,510,True,vapor,1,40757,130.307,,
700,0.75,520,True,vapor,1,41175.7,131.12,,
700,0.75,530,True,vapor,1,41596.2,131.921,,
700,0.75,540,True,vapor,1,42018.5,132.711,,
700,0.75,550,True,vapor,1,42442.8,133.489,,
700,0.75,560,True,vapor,1,42869,134.257,,
700,0.75,570,True,vapor,1,43297.3,135.015,,
700,0.75,580,True,vapor,1,43727.8,135.764,,
700,0.75,590,True,vapor,1,44160.3,136.503,,
700,0.75,600,True,vapor,1,44595.1,137.234,,
700,0.75,610,True,vapor,1,45032.2,137.957,,
700,0.75,620,True,vapor,1,45471.5,138.671,,
700,0.75,630,True,vapor,1,45913.1,139.377,,
700,0.75,640,True,vapor,1,46357,140.077,,
700,0.75,650,True,vapor,1,46803.2,140.768,,
700,0.9,230,True,liquido,0,647.601,8.74853,,
700,0.9,240,True,liquido,0,1407.08,11.9807,,
700,0.9,250,True,liquido,0,2175.78,15.1186,,
700,0.9,260,True,liquido,0,2953.33,18.168,,
700,0.9,270,True,liquido,0,3739.55,21.1352,,
700,0.9,280,True,liquido,0,4534.59,24.0264,,
700,0.9,290,True,liquido,0,5338.9,26.8488,,
700,0.9,300,True,bifasico,0.669379,19858.3,76.4269,,
700,0.9,310,True,bifasico,0.760618,22403.1,84.7887,,
700,0.9,320,True,bifasico,0.804202,23954.5,89.7175,,
700,0.9,330,True,bifasico,0.835657,25281.6,93.802,,
700,0.9,340,True,bifasico,0.865135,26634.4,97.8394,,
700,0.9,350,True,bifasico,0.898369,28181.7,102.323,,
700,0.9,360,True,bifasico,0.940592,30100.1,107.724,,
700,0.9,370,True,bifasico,0.998256,32622.3,114.63,,
700,0.9,380,True,vapor,1,33099.7,115.905,,
700,0.9,390,True,vapor,1,33510.9,116.973,,
700,0.9,400,True,vapor,1,33920.9,118.011,,
700,0.9,410,True,vapor,1,34330.5,119.023,,
700,0.9,420,True,vapor,1,34740.3,120.01,,
700,0.9,430,True,vapor,1,35150.6,120.976,,
700,0.9,440,True,vapor,1,35561.9,121.921,,
700,0.9,450,True,vapor,1,35974.4,122.848,,
700,0.9,460,True,vapor,1,36388.4,123.758,,
700,0.9,470,True,vapor,1,36804.1,124.652,,
700,0.9,480,True,vapor,1,37221.6,125.531,,
700,0.9,490,True,vapor,1,37641,126.396,,
700,0.9,500,True,vapor,1,38062.6,127.248,,
700,0.9,510,True,vapor,1,38486.3,128.087,,
700,0.9,520,True,vapor,1,38912.3,128.914,,
700,0.9,530,True,vapor,1,39340.6,129.73,,
700,0.9,540,True,vapor,1,39771.2,130.535,,
700,0.9,550,True,vapor,1,40204.4,131.33,,
700,0.9,560,True,vapor,1,40640,132.114,,
700,0.9,570,True,vapor,1,41078.1,132.89,,
700,0.9,580,True,vapor,1,41518.8,133.656,,
700,0.9,590,True,vapor,1,41962,134.414,,
700,0.9,600,True,vapor,1,42407.9,135.163,,
700,0.9,610,True,vapor,1,42856.4,135.905,,
700,0.9,620,True,vapor,1,43307.5,136.638,,
700,0.9,630,True,vapor,1,43761.3,137.364,,
700,0.9,640,True,vapor,1,44217.7,138.083,,
700,0.9,650,True,vapor,1,44676.9,138.795,,
700,0.95,230,True,liquido,0,1607.88,10.6546,,
700,0.95,240,True,liquido,0,2362,13.864,,
700,0.95,250,True,liquido,0,3125.4,16.9802,,
700,0.95,260,True,liquido,0,3897.72,20.0092,,
700,0.95,270,True,liquido,0,4678.9,22.9572,,
700,0.95,280,True,liquido,0,5469.24,25.8315,,
700,0.95,290,True,bifasico,0.483975,16222.5,63.0697,,
700,0.95,300,True,bifasico,0.836044,24081.8,89.9122,,
700,0.95,310,True,bifasico,0.88278,25618.2,94.9583,,
700,0.95,320,True,bifasico,0.906948,26695.1,98.3787,,
700,0.95,330,True,bifasico,0.926995,27726.4,101.552,,
700,0.95,340,True,bifasico,0.949014,28877.6,104.987,,
700,0.95,350,True,bifasico,0.977307,30289.2,109.077,,
700,0.95,360,True,vapor,1,31523.7,112.566,,
700,0.95,370,True,vapor,1,31935.3,113.694,,
700,0.95,380,True,vapor,1,32345,114.786,,
700,0.95,390,True,vapor,1,32753.6,115.848,,
700,0.95,400,True,vapor,1,33161.9,116.881,,
700,0.95,410,True,vapor,1,33570.5,117.89,,
700,0.95,420,True,vapor,1,33979.8,118.877,,
700,0.95,430,True,vapor,1,34390.2,119.842,,
700,0.95,440,True,vapor,1,34801.9,120.789,,
700,0.95,450,True,vapor,1,35215.2,121.717,,
700,0.95,460,True,vapor,1,35630.2,122.63,,
700,0.95,470,True,vapor,1,36047.3,123.527,,
700,0.95,480,True,vapor,1,36466.4,124.409,,
700,0.95,490,True,vapor,1,36887.7,125.278,,
700,0.95,500,True,vapor,1,37311.4,126.134,,
700,0.95,510,True,vapor,1,37737.4,126.977,,
700,0.95,520,True,vapor,1,38165.8,127.809,,
700,0.95,530,True,vapor,1,38596.8,128.63,,
700,0.95,540,True,vapor,1,39030.2,129.44,,
700,0.95,550,True,vapor,1,39466.3,130.24,,
700,0.95,560,True,vapor,1,39905.1,131.031,,
700,0.95,570,True,vapor,1,40346.5,131.812,,
700,0.95,580,True,vapor,1,40790.5,132.585,,
700,0.95,590,True,vapor,1,41237.3,133.348,,
700,0.95,600,True,vapor,1,41686.9,134.104,,
700,0.95,610,True,vapor,1,42139.1,134.851,,
700,0.95,620,True,vapor,1,42594.2,135.591,,
700,0.95,630,True,vapor,1,43052,136.324,,
700,0.95,640,True,vapor,1,43512.6,137.049,,
700,0.95,650,True,vapor,1,43976,137.768,,
1500,0.05,230,True,liquido,0,-3.75965e+25,-1.60205e+23,,
1500,0.05,240,True,liquido,0,-3203.12,-9.24231,,
1500,0.05,250,True,liquido,0,-2388.74,-5.91748,,
1500,0.05,260,True,liquido,0,-1593.74,-2.79922,,
1500,0.05,270,True,liquido,0,-810.466,0.156977,,
1500,0.05,280,True,liquido,0,-35.4174,2.97572,,
1500,0.05,290,True,liquido,0,734.189,5.67642,,
1500,0.05,300,True,liquido,0,1500.46,8.27422,,
1500,0.05,310,True,liquido,0,2264.92,10.7809,,
1500,0.05,320,True,liquido,0,3028.7,13.2058,,
1500,0.05,330,True,liquido,0,3792.61,15.5565,,
1500,0.05,340,True,liquido,0,4557.33,17.8394,,
1500,0.05,350,True,liquido,0,5323.44,20.0601,,
1500,0.05,360,True,liquido,0,6091.45,22.2237,,
1500,0.05,370,True,liquido,0,6861.89,24.3345,,
1500,0.05,380,True,liquido,0,7635.26,26.397,,
1500,0.05,390,True,liquido,0,8412.1,28.4148,,
1500,0.05,400,True,liquido,0,9192.97,30.3918,,
1500,0.05,410,True,liquido,0,9978.49,32.3314,,
1500,0.05,420,True,liquido,0,10769.3,34.2371,,
1500,0.05,430,True,liquido,0,11566.2,36.1122,,
1500,0.05,440,True,liquido,0,12369.9,37.9599,,
1500,0.05,450,True,liquido,0,13181.5,39.7837,,
1500,0.05,460,True,bifasico,0.0858799,16853.5,47.8147,,
1500,0.05,470,True,vapor,1,49442.1,117.667,,
1500,0.05,480,True,vapor,1,49937.4,118.71,,
1500,0.05,490,True,vapor,1,50408.4,119.681,,
1500,0.05,500,True,vapor,1,50862.7,120.599,,
1500,0.05,510,True,vapor,1,51304.5,121.474,,
1500,0.05,520,True,vapor,1,51736.6,122.313,,
1500,0.05,530,True,vapor,1,52160.9,123.121,,
1500,0.05,540,True,vapor,1,52578.9,123.902,,
1500,0.05,550,True,vapor,1,52992,124.66,,
1500,0.05,560,True,vapor,1,53400.9,125.397,,
1500,0.05,570,True,vapor,1,53806.5,126.115,,
1500,0.05,580,True,vapor,1,54209.4,126.816,,
1500,0.05,590,True,vapor,1,54610.2,127.501,,
1500,0.05,600,True,vapor,1,55009.2,128.172,,
1500,0.05,610,True,vapor,1,55406.9,128.829,,
1500,0.05,620,True,vapor,1,55803.5,129.474,,
1500,0.05,630,True,vapor,1,56199.3,130.107,,
1500,0.05,640,True,vapor,1,56594.5,130.73,,
1500,0.05,650,True,vapor,1,56989.4,131.342,,
1500,0.2,230,True,liquido,0,-4756.29,-9.20535,,
1500,0.2,240,True,liquido,0,-3997.25,-5.97479,,
1500,0.2,250,True,liquido,0,-3246.43,-2.90968,,
1500,0.2,260,True,liquido,0,-2499.56,0.0195917,,
1500,0.2,270,True,liquido,0,-1752.4,2.8394,,
1500,0.2,280,True,liquido,0,-1002.23,5.56753,,
1500,0.2,290,True,liquido,0,-247.651,8.2154,,
1500,0.2,300,True,liquido,0,511.992,10.7907,,
1500,0.2,310,True,liquido,0,1276.96,13.2989,,
1500,0.2,320,True,liquido,0,2047.37,15.7448,,
1500,0.2,330,True,liquido,0,2823.28,18.1324,,
1500,0.2,340,True,liquido,0,3604.81,20.4654,,
1500,0.2,350,True,liquido,0,4392.09,22.7475,,
1500,0.2,360,True,liquido,0,5185.38,24.9823,,
1500,0.2,370,True,liquido,0,5984.98,27.173,,
1500,0.2,380,True,liquido,0,6791.29,29.3233,,
1500,0.2,390,True,liquido,0,7604.83,31.4364,,
1500,0.2,400,True,liquido,0,8426.2,33.5159,,
1500,0.2,410,True,liquido,0,9256.15,35.5653,,
1500,0.2,420,True,bifasico,0.0241482,10769.1,39.1975,,
1500,0.2,430,True,bifasico,0.111322,14152,47.1544,,
1500,0.2,440,True,bifasico,0.228174,18629.5,57.441,,
1500,0.2,450,True,bifasico,0.420893,25821.6,73.5857,,
1500,0.2,460,True,bifasico,0.894785,42937.4,111.126,,
1500,0.2,470,True,vapor,1,47116.9,120.191,,
1500,0.2,480,True,vapor,1,47583.8,121.174,,
1500,0.2,490,True,vapor,1,48037.4,122.109,,
1500,0.2,500,True,vapor,1,48480.8,123.005,,
1500,0.2,510,True,vapor,1,48916.2,123.867,,
1500,0.2,520,True,vapor,1,49345.2,124.7,,
1500,0.2,530,True,vapor,1,49769,125.508,,
1500,0.2,540,True,vapor,1,50188.8,126.293,,
1500,0.2,550,True,vapor,1,50605.4,127.057,,
1500,0.2,560,True,vapor,1,51019.3,127.803,,
1500,0.2,570,True,vapor,1,51431.3,128.532,,
1500,0.2,580,True,vapor,1,51841.7,129.246,,
1500,0.2,590,True,vapor,1,52250.9,129.945,,
1500,0.2,600,True,vapor,1,52659.2,130.632,,
1500,0.2,610,True,vapor,1,53067,131.306,,
1500,0.2,620,True,vapor,1,53474.5,131.968,,
1500,0.2,630,True,vapor,1,53881.8,132.62,,
1500,0.2,640,True,vapor,1,54289.1,133.261,,
1500,0.2,650,True,vapor,1,54696.6,133.893,,
1500,0.35,230,True,liquido,0,-4886.31,-6.13841,,
1500,0.35,240,True,liquido,0,-4218.31,-3.29578,,
1500,0.35,250,True,liquido,0,-3526.48,-0.471926,,
1500,0.35,260,True,liquido,0,-2812.42,2.32843,,
1500,0.35,270,True,liquido,0,-2079.1,5.09578,,
1500,0.35,280,True,liquido,0,-1329.72,7.82095,,
1500,0.35,290,True,liquido,0,-567.003,10.4973,,
1500,0.35,300,True,liquido,0,206.918,13.1209,,
1500,0.35,310,True,liquido,0,990.519,15.6902,,
1500,0.35,320,True,liquido,0,1782.78,18.2055,,
1500,0.35,330,True,liquido,0,2583.09,20.6681,,
1500,0.35,340,True,liquido,0,3391.17,23.0804,,
1500,0.35,350,True,liquido,0,4206.99,25.4452,,
1500,0.35,360,True,liquido,0,5030.78,27.7659,,
1500,0.35,370,True,liquido,0,5862.93,30.0458,,
1500,0.35,380,True,liquido,0,6704.08,32.289,,
1500,0.35,390,True,bifasico,0.063642,9105.09,38.5171,,
1500,0.35,400,True,bifasico,0.137377,11838.7,45.4375,,
1500,0.35,410,True,bifasico,0.214689,14787.1,52.716,,
1500,0.35,420,True,bifasico,0.304172,18228.7,61.0062,,
1500,0.35,430,True,bifasico,0.419709,22637.9,71.3753,,
1500,0.35,440,True,bifasico,0.589993,29016.5,86.0271,,
1500,0.35,450,True,bifasico,0.894546,40156.8,111.031,,
1500,0.35,460,True,vapor,1,44334.7,120.283,,
1500,0.35,470,True,vapor,1,44797.6,121.278,,
1500,0.35,480,True,vapor,1,45249.8,122.231,,
1500,0.35,490,True,vapor,1,45693.8,123.146,,
1500,0.35,500,True,vapor,1,46131.4,124.03,,
1500,0.35,510,True,vapor,1,46563.8,124.886,,
1500,0.35,520,True,vapor,1,46992.3,125.718,,
1500,0.35,530,True,vapor,1,47417.6,126.529,,
1500,0.35,540,True,vapor,1,47840.6,127.319,,
1500,0.35,550,True,vapor,1,48261.7,128.092,,
1500,0.35,560,True,vapor,1,48681.4,128.848,,
1500,0.35,570,True,vapor,1,49100.2,129.59,,
1500,0.35,580,True,vapor,1,49518.4,130.317,,
1500,0.35,590,True,vapor,1,49936.3,131.031,,
1500,0.35,600,True,vapor,1,50354.1,131.733,,
1500,0.35,610,True,vapor,1,50772,132.424,,
1500,0.35,620,True,vapor,1,51190.2,133.104,,
1500,0.35,630,True,vapor,1,51608.9,133.774,,
1500,0.35,640,True,vapor,1,52028.2,134.434,,
1500,0.35,650,True,vapor,1,52448.1,135.085,,
1500,0.5,230,True,liquido,0,-4647.1,-4.2429,,
1500,0.5,240,True,liquido,0,-3931.69,-1.19858,,
1500,0.5,250,True,liquido,0,-3189.82,1.82956,,
1500,0.5,260,True,liquido,0,-2427.62,4.81873,,
1500,0.5,270,True,liquido,0,-1650.1,7.75297,,
1500,0.5,280,True,liquido,0,-860.796,10.6234,,
1500,0.5,290,True,liquido,0,-62.0069,13.4263,,
1500,0.5,300,True,liquido,0,744.895,16.1618,,
1500,0.5,310,True,liquido,0,1559.19,18.8318,,
1500,0.5,320,True,liquido,0,2380.64,21.4397,,
1500,0.5,330,True,liquido,0,3209.32,23.9897,,
1500,0.5,340,True,liquido,0,4045.63,26.4862,,
1500,0.5,350,True,liquido,0,4890.18,28.9343,,
1500,0.5,360,True,bifasico,0.086616,7616.27,36.5996,,
1500,0.5,370,True,bifasico,0.174612,10429,44.3083,,
1500,0.5,380,True,bifasico,0.24941,13021.1,51.2217,,
1500,0.5,390,True,bifasico,0.319697,15604.4,57.9314,,
1500,0.5,400,True,bifasico,0.392527,18376,64.9469,,
1500,0.5,410,True,bifasico,0.475549,21575.6,72.8447,,
1500,0.5,420,True,bifasico,0.579474,25562.6,82.4473,,
1500,0.5,430,True,bifasico,0.722896,30980.8,95.1877,,
1500,0.5,440,True,bifasico,0.945713,39228.5,114.131,,
1500,0.5,450,True,vapor,1,41598.1,119.496,,
1500,0.5,460,True,vapor,1,42055.3,120.501,,
1500,0.5,470,True,vapor,1,42504.4,121.467,,
1500,0.5,480,True,vapor,1,42947.3,122.399,,
1500,0.5,490,True,vapor,1,43385.4,123.302,,
1500,0.5,500,True,vapor,1,43819.7,124.18,,
1500,0.5,510,True,vapor,1,44251.2,125.034,,
1500,0.5,520,True,vapor,1,44680.6,125.868,,
1500,0.5,530,True,vapor,1,45108.4,126.683,,
1500,0.5,540,True,vapor,1,45535.3,127.481,,
1500,0.5,550,True,vapor,1,45961.5,128.263,,
1500,0.5,560,True,vapor,1,46387.4,129.031,,
1500,0.5,570,True,vapor,1,46813.2,129.784,,
1500,0.5,580,True,vapor,1,47239.3,130.525,,
1500,0.5,590,True,vapor,1,47665.9,131.255,,
1500,0.5,600,True,vapor,1,48093,131.972,,
1500,0.5,610,True,vapor,1,48521,132.68,,
1500,0.5,620,True,vapor,1,48949.8,133.377,,
1500,0.5,630,True,vapor,1,49379.6,134.065,,
1500,0.5,640,True,vapor,1,49810.6,134.743,,
1500,0.5,650,True,vapor,1,50242.7,135.413,,
1500,0.55,230,True,liquido,0,-4363.59,-3.36758,,
1500,0.55,240,True,liquido,0,-3621.1,-0.207932,,
1500,0.55,250,True,liquido,0,-2857.57,2.90871,,
1500,0.55,260,True,liquido,0,-2078.42,5.96441,,
1500,0.55,270,True,liquido,0,-1287.59,8.94892,,
1500,0.55,280,True,liquido,0,-487.583,11.8583,,
1500,0.55,290,True,liquido,0,320.127,14.6925,,
1500,0.55,300,True,liquido,0,1134.81,17.4544,,
1500,0.55,310,True,liquido,0,1956.22,20.1477,,
1500,0.55,320,True,liquido,0,2784.5,22.7773,,
1500,0.55,330,True,liquido,0,3620.04,25.3484,,
1500,0.55,340,True,liquido,0,4463.5,27.8663,,
1500,0.55,350,True,bifasico,0.0788859,6964.29,35.0865,,
1500,0.55,360,True,bifasico,0.184125,10065.3,43.8266,,
1500,0.55,370,True,bifasico,0.265452,12716.9,51.0935,,
1500,0.55,380,True,bifasico,0.336029,15208.7,57.739,,
1500,0.55,390,True,bifasico,0.404093,17746.5,64.3303,,
1500,0.55,400,True,bifasico,0.476623,20530.6,71.3772,,
1500,0.55,410,True,bifasico,0.561527,23813.1,79.4791,,
1500,0.55,420,True,bifasico,0.670213,27979.8,89.5142,,
1500,0.55,430,True,bifasico,0.822825,33730.5,103.036,,
1500,0.55,440,True,vapor,1,40387.8,118.367,,
1500,0.55,450,True,vapor,1,40848.8,119.403,,
1500,0.55,460,True,vapor,1,41301.1,120.398,,
1500,0.55,470,True,vapor,1,41746.7,121.356,,
1500,0.55,480,True,vapor,1,42187.3,122.284,,
1500,0.55,490,True,vapor,1,42623.9,123.184,,
1500,0.55,500,True,vapor,1,43057.6,124.06,,
1500,0.55,510,True,vapor,1,43489.1,124.915,,
1500,0.55,520,True,vapor,1,43919.1,125.749,,
1500,0.55,530,True,vapor,1,44347.9,126.566,,
1500,0.55,540,True,vapor,1,44776.2,127.367,,
1500,0.55,550,True,vapor,1,45204.2,128.152,,
1500,0.55,560,True,vapor,1,45632.2,128.923,,
1500,0.55,570,True,vapor,1,46060.4,129.681,,
1500,0.55,580,True,vapor,1,46489.2,130.427,,
1500,0.55,590,True,vapor,1,46918.6,131.161,,
1500,0.55,600,True,vapor,1,47348.9,131.884,,
1500,0.55,610,True,vapor,1,47780.1,132.597,,
1500,0.55,620,True,vapor,1,48212.4,133.3,,
1500,0.55,630,True,vapor,1,48645.9,133.994,,
1500,0.55,640,True,vapor,1,49080.7,134.678,,
1500,0.55,650,True,vapor,1,49516.9,135.355,,
1500,0.6,230,True,liquido,0,-3947.41,-2.22279,,
1500,0.6,240,True,liquido,0,-3183.15,1.0296,,
1500,0.6,250,True,liquido,0,-2403.71,4.21124,,
1500,0.6,260,True,liquido,0,-1613.03,7.31224,,
1500,0.6,270,True,liquido,0,-813.636,10.3291,,
1500,0.6,280,True,liquido,0,-6.97883,13.2626,,
1500,0.6,290,True,liquido,0,806.25,16.1163,,
1500,0.6,300,True,liquido,0,1625.86,18.8948,,
1500,0.6,310,True,liquido,0,2452.03,21.6038,,
1500,0.6,320,True,liquido,0,3285.18,24.2488,,
1500,0.6,330,True,liquido,0,4125.98,26.8361,,
1500,0.6,340,True,bifasico,0.0451278,5889.74,32.0704,,
1500,0.6,350,True,bifasico,0.186072,9640.55,42.9524,,
1500,0.6,360,True,bifasico,0.28109,12500.6,51.0132,,
1500,0.6,370,True,bifasico,0.355784,14992.1,57.8408,,
1500,0.6,380,True,bifasico,0.422165,17384.1,64.2198,,
1500,0.6,390,True,bifasico,0.488016,19876.7,70.6934,,
1500,0.6,400,True,bifasico,0.56025,22673.3,77.7715,,
1500,0.6,410,True,bifasico,0.647025,26038.1,86.0764,,
1500,0.6,420,True,bifasico,0.760445,30383.5,96.5416,,
1500,0.6,430,True,bifasico,0.922196,36465,110.841,,
1500,0.6,440,True,vapor,1,39646.7,118.201,,
1500,0.6,450,True,vapor,1,40101.7,119.223,,
1500,0.6,460,True,vapor,1,40549.7,120.208,,
1500,0.6,470,True,vapor,1,40992.4,121.16,,
1500,0.6,480,True,vapor,1,41431,122.084,,
1500,0.6,490,True,vapor,1,41866.5,122.982,,
1500,0.6,500,True,vapor,1,42299.7,123.857,,
1500,0.6,510,True,vapor,1,42731.4,124.712,,
1500,0.6,520,True,vapor,1,43162,125.548,,
1500,0.6,530,True,vapor,1,43592,126.367,,
1500,0.6,540,True,vapor,1,44021.7,127.17,,
1500,0.6,550,True,vapor,1,44451.5,127.959,,
1500,0.6,560,True,vapor,1,44881.6,128.734,,
1500,0.6,570,True,vapor,1,45312.3,129.496,,
1500,0.6,580,True,vapor,1,45743.7,130.246,,
1500,0.6,590,True,vapor,1,46176,130.985,,
1500,0.6,600,True,vapor,1,46609.3,131.714,,
1500,0.6,610,True,vapor,1,47043.9,132.432,,
1500,0.6,620,True,vapor,1,47479.7,133.14,,
1500,0.6,630,True,vapor,1,47916.8,133.84,,
1500,0.6,640,True,vapor,1,48355.5,134.531,,
1500,0.6,650,True,vapor,1,48795.6,135.213,,
1500,0.65,230,True,liquido,0,-3400.2,-0.7932,,
1500,0.65,240,True,liquido,0,-2623.13,2.51379,,
1500,0.65,250,True,liquido,0,-1835.46,5.7291,,
1500,0.65,260,True,liquido,0,-1039.49,8.85084,,
1500,0.65,270,True,liquido,0,-236.548,11.8811,,
1500,0.65,280,True,liquido,0,572.76,14.8243,,
1500,0.65,290,True,liquido,0,1388.3,17.686,,
1500,0.65,300,True,liquido,0,2210.25,20.4725,,
1500,0.65,310,True,liquido,0,3039.05,23.1901,,
1500,0.65,320,True,liquido,0,3875.38,25.8452,,
1500,0.65,330,True,liquido,0,4720.11,28.4446,,
1500,0.65,340,True,bifasico,0.168433,8926.78,40.9829,,
1500,0.65,350,True,bifasico,0.292661,12301.9,50.7745,,
1500,0.65,360,True,bifasico,0.377514,14922.4,58.1598,,
1500,0.65,370,True,bifasico,0.445613,17254.5,64.5504,,
1500,0.65,380,True,bifasico,0.50782,19547.3,70.6646,,
1500,0.65,390,True,bifasico,0.571472,21995,77.0211,,
1500,0.65,400,True,bifasico,0.64341,24804,84.1302,,
1500,0.65,410,True,bifasico,0.732047,28250.7,92.6369,,
1500,0.65,420,True,bifasico,0.850174,32773.8,103.53,,
1500,0.65,430,True,vapor,1,38449.8,116.892,,
1500,0.65,440,True,vapor,1,38907.1,117.944,,
1500,0.65,450,True,vapor,1,39357,118.955,,
1500,0.65,460,True,vapor,1,39801.3,119.931,,
1500,0.65,470,True,vapor,1,40241.4,120.878,,
1500,0.65,480,True,vapor,1,40678.3,121.798,,
1500,0.65,490,True,vapor,1,41112.9,122.694,,
1500,0.65,500,True,vapor,1,41545.9,123.569,,
1500,0.65,510,True,vapor,1,41977.9,124.424,,
1500,0.65,520,True,vapor,1,42409.2,125.262,,
1500,0.65,530,True,vapor,1,42840.4,126.083,,
1500,0.65,540,True,vapor,1,43271.6,126.889,,
1500,0.65,550,True,vapor,1,43703.3,127.681,,
1500,0.65,560,True,vapor,1,44135.6,128.46,,
1500,0.65,570,True,vapor,1,44568.7,129.226,,
1500,0.65,580,True,vapor,1,45002.7,129.981,,
1500,0.65,590,True,vapor,1,45437.9,130.725,,
1500,0.65,600,True,vapor,1,45874.4,131.459,,
1500,0.65,610,True,vapor,1,46312.2,132.182,,
1500,0.65,620,True,vapor,1,46751.4,132.897,,
1500,0.65,630,True,vapor,1,47192.2,133.602,,
1500,0.65,640,True,vapor,1,47634.7,134.299,,
1500,0.65,650,True,vapor,1,48078.8,134.987,,
1500,0.7,230,True,liquido,0,-2736.65,0.885358,,
1500,0.7,240,True,liquido,0,-1955.86,4.20824,,
1500,0.7,250,True,liquido,0,-1166.94,7.42865,,
1500,0.7,260,True,liquido,0,-370.998,10.5503,,
1500,0.7,270,True,liquido,0,431.451,13.5787,,
1500,0.7,280,True,liquido,0,1240.28,16.5202,,
1500,0.7,290,True,liquido,0,2055.65,19.3813,,
1500,0.7,300,True,liquido,0,2877.95,22.169,,
1500,0.7,310,True,liquido,0,3707.78,24.8899,,
1500,0.7,320,True,liquido,0,4545.97,27.551,,
1500,0.7,330,True,bifasico,0.089785,7139.32,35.4708,,
1500,0.7,340,True,bifasico,0.291053,11946.9,49.8458,,
1500,0.7,350,True,bifasico,0.398657,14948.4,58.5531,,
1500,0.7,360,True,bifasico,0.473402,17330.7,65.2666,,
1500,0.7,370,True,bifasico,0.534942,19504.4,71.2228,,
1500,0.7,380,True,bifasico,0.593,21698.6,77.0735,,
1500,0.7,390,True,bifasico,0.654464,24101.5,83.3136,,
1500,0.7,400,True,bifasico,0.726109,26922.8,90.4536,,
1500,0.7,410,True,bifasico,0.816596,30451,99.1609,,
1500,0.7,420,True,bifasico,0.939404,35150.8,110.479,,
1500,0.7,430,True,vapor,1,37718,116.555,,
1500,0.7,440,True,vapor,1,38169.2,117.593,,
1500,0.7,450,True,vapor,1,38614.6,118.594,,
1500,0.7,460,True,vapor,1,39055.7,119.563,,
1500,0.7,470,True,vapor,1,39493.6,120.505,,
1500,0.7,480,True,vapor,1,39929.2,121.422,,
1500,0.7,490,True,vapor,1,40363.1,122.317,,
1500,0.7,500,True,vapor,1,40796,123.191,,
1500,0.7,510,True,vapor,1,41228.4,124.048,,
1500,0.7,520,True,vapor,1,41660.7,124.887,,
1500,0.7,530,True,vapor,1,42093.1,125.71,,
1500,0.7,540,True,vapor,1,42525.9,126.52,,
1500,0.7,550,True,vapor,1,42959.5,127.315,,
1500,0.7,560,True,vapor,1,43393.9,128.098,,
1500,0.7,570,True,vapor,1,43829.5,128.869,,
1500,0.7,580,True,vapor,1,44266.2,129.628,,
1500,0.7,590,True,vapor,1,44704.3,130.377,,
1500,0.7,600,True,vapor,1,45143.8,131.116,,
1500,0.7,610,True,vapor,1,45584.9,131.845,,
1500,0.7,620,True,vapor,1,46027.6,132.565,,
1500,0.7,630,True,vapor,1,46472.1,133.276,,
1500,0.7,640,True,vapor,1,46918.3,133.979,,
1500,0.7,650,True,vapor,1,47366.4,134.673,,
1500,0.75,230,True,liquido,0,-1978.75,2.74594,,
1500,0.75,240,True,liquido,0,-1200.82,6.05666,,
1500,0.75,250,True,liquido,0,-415.37,9.26294,,
1500,0.75,260,True,liquido,0,377.151,12.3712,,
1500,0.75,270,True,liquido,0,1176.57,15.3881,,
1500,0.75,280,True,liquido,0,1982.94,18.3206,,
1500,0.75,290,True,liquido,0,2796.54,21.1756,,
1500,0.75,300,True,liquido,0,3617.83,23.9598,,
1500,0.75,310,True,liquido,0,4447.53,26.6803,,
1500,0.75,320,True,liquido,0,5286.59,29.3441,,
1500,0.75,330,True,bifasico,0.244734,10838.3,46.3651,,
1500,0.75,340,True,bifasico,0.412994,14950.3,58.6596,,
1500,0.75,350,True,bifasico,0.504067,17580.3,66.2886,,
1500,0.75,360,True,bifasico,0.568759,19725.7,72.3341,,
1500,0.75,370,True,bifasico,0.623777,21741.9,77.8582,,
1500,0.75,380,True,bifasico,0.677707,23837.9,83.447,,
1500,0.75,390,True,bifasico,0.736996,26196.4,89.5712,,
1500,0.75,400,True,bifasico,0.808349,29029.9,96.7419,,
1500,0.75,410,True,bifasico,0.900677,32639,105.649,,
1500,0.75,420,True,vapor,1,36535,115.052,,
1500,0.75,430,True,vapor,1,36987,116.116,,
1500,0.75,440,True,vapor,1,37433,117.141,,
1500,0.75,450,True,vapor,1,37874.6,118.134,,
1500,0.75,460,True,vapor,1,38313,119.097,,
1500,0.75,470,True,vapor,1,38749.1,120.035,,
1500,0.75,480,True,vapor,1,39183.5,120.95,,
1500,0.75,490,True,vapor,1,39617,121.844,,
1500,0.75,500,True,vapor,1,40050,122.718,,
1500,0.75,510,True,vapor,1,40483,123.576,,
1500,0.75,520,True,vapor,1,40916.2,124.417,,
1500,0.75,530,True,vapor,1,41349.9,125.243,,
1500,0.75,540,True,vapor,1,41784.4,126.055,,
1500,0.75,550,True,vapor,1,42219.9,126.854,,
1500,0.75,560,True,vapor,1,42656.6,127.641,,
1500,0.75,570,True,vapor,1,43094.6,128.416,,
1500,0.75,580,True,vapor,1,43534,129.181,,
1500,0.75,590,True,vapor,1,43975,129.935,,
1500,0.75,600,True,vapor,1,44417.6,130.678,,
1500,0.75,610,True,vapor,1,44862,131.413,,
1500,0.75,620,True,vapor,1,45308.2,132.138,,
1500,0.75,630,True,vapor,1,45756.2,132.855,,
1500,0.75,640,True,vapor,1,46206.2,133.564,,
1500,0.75,650,True,vapor,1,46658.2,134.265,,
1500,0.9,230,True,liquido,0,659.767,8.72009,,
1500,0.9,240,True,liquido,0,1418.83,11.9505,,
1500,0.9,250,True,liquido,0,2187.06,15.0864,,
1500,0.9,260,True,liquido,0,2964.06,18.1338,,
1500,0.9,270,True,liquido,0,3749.66,21.0986,,
1500,0.9,280,True,liquido,0,4543.96,23.9871,,
1500,0.9,290,True,liquido,0,5347.39,26.8064,,
1500,0.9,300,True,liquido,0,6160.81,29.5639,,
1500,0.9,310,True,liquido,0,6985.53,32.268,,
1500,0.9,320,True,bifasico,0.474844,16740.7,63.0239,,
1500,0.9,330,True,bifasico,0.704471,21813.4,78.6889,,
1500,0.9,340,True,bifasico,0.774794,23861.5,84.8102,,
1500,0.9,350,True,bifasico,0.816818,25389.2,89.24,,
1500,0.9,360,True,bifasico,0.851684,26831.6,93.3033,,
1500,0.9,370,True,bifasico,0.88735,28380.4,97.5456,,
1500,0.9,380,True,bifasico,0.929035,30185.3,102.357,,
1500,0.9,390,True,bifasico,0.981871,32411.9,108.138,,
1500,0.9,400,True,vapor,1,33479.6,110.855,,
1500,0.9,410,True,vapor,1,33923.7,111.952,,
1500,0.9,420,True,vapor,1,34363.5,113.012,,
1500,0.9,430,True,vapor,1,34800.2,114.039,,
1500,0.9,440,True,vapor,1,35234.9,115.038,,
1500,0.9,450,True,vapor,1,35668.2,116.012,,
1500,0.9,460,True,vapor,1,36100.9,116.963,,
1500,0.9,470,True,vapor,1,36533.4,117.894,,
1500,0.9,480,True,vapor,1,36966.2,118.805,,
1500,0.9,490,True,vapor,1,37399.6,119.698,,
1500,0.9,500,True,vapor,1,37833.8,120.576,,
1500,0.9,510,True,vapor,1,38269.2,121.438,,
1500,0.9,520,True,vapor,1,38705.9,122.286,,
1500,0.9,530,True,vapor,1,39144.2,123.121,,
1500,0.9,540,True,vapor,1,39584.1,123.943,,
1500,0.9,550,True,vapor,1,40025.7,124.753,,
1500,0.9,560,True,vapor,1,40469.3,125.552,,
1500,0.9,570,True,vapor,1,40914.8,126.341,,
1500,0.9,580,True,vapor,1,41362.4,127.119,,
1500,0.9,590,True,vapor,1,41812.2,127.888,,
1500,0.9,600,True,vapor,1,42264.1,128.648,,
1500,0.9,610,True,vapor,1,42718.4,129.399,,
1500,0.9,620,True,vapor,1,43174.9,130.141,,
1500,0.9,630,True,vapor,1,43633.8,130.875,,
1500,0.9,640,True,vapor,1,44095,131.602,,
1500,0.9,650,True,vapor,1,44558.7,132.321,,
1500,0.95,230,True,liquido,0,1619.94,10.6237,,
1500,0.95,240,True,liquido,0,2373.56,13.831,,
1500,0.95,250,True,liquido,0,3136.41,16.945,,
1500,0.95,260,True,liquido,0,3908.11,19.9715,,
1500,0.95,270,True,liquido,0,4688.56,22.9168,,
1500,0.95,280,True,liquido,0,5478.04,25.7879,,
1500,0.95,290,True,liquido,0,6277.28,28.5924,,
1500,0.95,300,True,liquido,0,7087.54,31.3392,,
1500,0.95,310,True,liquido,0,7910.75,34.0384,,
1500,0.95,320,True,bifasico,0.739923,22585.4,80.5594,,
1500,0.95,330,True,bifasico,0.856037,25431.7,89.3453,,
1500,0.95,340,True,bifasico,0.894072,26799.4,93.4316,,
1500,0.95,350,True,bifasico,0.919925,27963.6,96.8066,,
1500,0.95,360,True,bifasico,0.944959,29174.3,100.216,,
1500,0.95,370,True,bifasico,0.974245,30569,104.036,,
1500,0.95,380,True,vapor,1,31877.4,107.533,,
1500,0.95,390,True,vapor,1,32325.3,108.697,,
1500,0.95,400,True,vapor,1,32767.4,109.816,,
1500,0.95,410,True,vapor,1,33205.3,110.898,,
1500,0.95,420,True,vapor,1,33640.4,111.946,,
1500,0.95,430,True,vapor,1,34073.6,112.965,,
1500,0.95,440,True,vapor,1,34505.6,113.959,,
1500,0.95,450,True,vapor,1,34937.1,114.928,,
1500,0.95,460,True,vapor,1,35368.6,115.877,,
1500,0.95,470,True,vapor,1,35800.6,116.806,,
1500,0.95,480,True,vapor,1,36233.2,117.717,,
1500,0.95,490,True,vapor,1,36667,118.611,,
1500,0.95,500,True,vapor,1,37102,119.49,,
1500,0.95,510,True,vapor,1,37538.4,120.354,,
1500,0.95,520,True,vapor,1,37976.5,121.205,,
1500,0.95,530,True,vapor,1,38416.4,122.043,,
1500,0.95,540,True,vapor,1,38858.2,122.868,,
1500,0.95,550,True,vapor,1,39302,123.683,,
1500,0.95,560,True,vapor,1,39748,124.486,,
1500,0.95,570,True,vapor,1,40196.1,125.279,,
1500,0.95,580,True,vapor,1,40646.5,126.063,,
1500,0.95,590,True,vapor,1,41099.2,126.837,,
1500,0.95,600,True,vapor,1,41554.3,127.601,,
1500,0.95,610,True,vapor,1,42011.8,128.358,,
1500,0.95,620,True,vapor,1,42471.8,129.106,,
1500,0.95,630,True,vapor,1,42934.3,129.846,,
1500,0.95,640,True,vapor,1,43399.3,130.578,,
1500,0.95,650,True,vapor,1,43866.9,131.303,,
3000,0.05,230,True,liquido,0,-3.75965e+25,-1.60205e+23,,
3000,0.05,240,True,liquido,0,-3170.93,-9.22276,,
3000,0.05,250,True,liquido,0,-2359.41,-5.90962,,
3000,0.05,260,True,liquido,0,-1565.92,-2.79732,,
3000,0.05,270,True,liquido,0,-783.762,0.15467,,
3000,0.05,280,True,liquido,0,-9.61279,2.97014,,
3000,0.05,290,True,liquido,0,759.226,5.66814,,
3000,0.05,300,True,liquido,0,1524.81,8.26362,,
3000,0.05,310,True,liquido,0,2288.65,10.7682,,
3000,0.05,320,True,liquido,0,3051.83,13.1912,,
3000,0.05,330,True,liquido,0,3815.16,15.5401,,
3000,0.05,340,True,liquido,0,4579.31,17.8213,,
3000,0.05,350,True,liquido,0,5344.84,20.0404,,
3000,0.05,360,True,liquido,0,6112.27,22.2023,,
3000,0.05,370,True,liquido,0,6882.09,24.3115,,
3000,0.05,380,True,liquido,0,7654.82,26.3722,,
3000,0.05,390,True,liquido,0,8430.97,28.3883,,
3000,0.05,400,True,liquido,0,9211.1,30.3634,,
3000,0.05,410,True,liquido,0,9995.82,32.301,,
3000,0.05,420,True,liquido,0,10785.8,34.2046,,
3000,0.05,430,True,liquido,0,11581.7,36.0773,,
3000,0.05,440,True,liquido,0,12384.3,37.9226,,
3000,0.05,450,True,liquido,0,13194.6,39.7436,,
3000,0.05,460,True,liquido,0,14013.7,41.5438,,
3000,0.05,470,True,liquido,0,14842.7,43.3267,,
3000,0.05,480,True,liquido,0,15683.2,45.0961,,
3000,0.05,490,True,liquido,0,16536.9,46.8563,,
3000,0.05,500,True,bifasico,0.304792,26928.9,67.7835,,
3000,0.05,510,True,vapor,1,49987.6,113.658,,
3000,0.05,520,True,vapor,1,50554.9,114.76,,
3000,0.05,530,True,vapor,1,51088.7,115.777,,
3000,0.05,540,True,vapor,1,51598.3,116.729,,
3000,0.05,550,True,vapor,1,52089.1,117.63,,
3000,0.05,560,True,vapor,1,52565.2,118.488,,
3000,0.05,570,True,vapor,1,53029.3,119.309,,
3000,0.05,580,True,vapor,1,53483.7,120.1,,
3000,0.05,590,True,vapor,1,53930,120.863,,
3000,0.05,600,True,vapor,1,54369.8,121.602,,
3000,0.05,610,True,vapor,1,54804.1,122.32,,
3000,0.05,620,True,vapor,1,55233.7,123.018,,
3000,0.05,630,True,vapor,1,55659.6,123.7,,
3000,0.05,640,True,vapor,1,56082.2,124.365,,
3000,0.05,650,True,vapor,1,56502.2,125.016,,
3000,0.2,230,True,liquido,0,-4725.42,-9.19488,,
3000,0.2,240,True,liquido,0,-3968.06,-5.97143,,
3000,0.2,250,True,liquido,0,-3218.59,-2.91188,,
3000,0.2,260,True,liquido,0,-2472.84,0.0130215,,
3000,0.2,270,True,liquido,0,-1726.61,2.82933,,
3000,0.2,280,True,liquido,0,-977.232,5.55458,,
3000,0.2,290,True,liquido,0,-223.354,8.19999,,
3000,0.2,300,True,liquido,0,535.649,10.7731,,
3000,0.2,310,True,liquido,0,1300.01,13.2794,,
3000,0.2,320,True,liquido,0,2069.83,15.7234,,
3000,0.2,330,True,liquido,0,2845.15,18.1091,,
3000,0.2,340,True,liquido,0,3626.07,20.4404,,
3000,0.2,350,True,liquido,0,4412.72,22.7206,,
3000,0.2,360,True,liquido,0,5205.33,24.9534,,
3000,0.2,370,True,liquido,0,6004.21,27.1422,,
3000,0.2,380,True,liquido,0,6809.73,29.2904,,
3000,0.2,390,True,liquido,0,7622.39,31.4013,,
3000,0.2,400,True,liquido,0,8442.78,33.4783,,
3000,0.2,410,True,liquido,0,9271.64,35.5249,,
3000,0.2,420,True,liquido,0,10109.8,37.5447,,
3000,0.2,430,True,liquido,0,10958.4,39.5414,,
3000,0.2,440,True,liquido,0,11818.6,41.519,,
3000,0.2,450,True,liquido,0,12692.1,43.4819,,
3000,0.2,460,True,bifasico,0.0628358,15221.5,49.0274,,
3000,0.2,470,True,bifasico,0.178811,19323,57.8435,,
3000,0.2,480,True,bifasico,0.351552,25307.7,70.4329,,
3000,0.2,490,True,bifasico,0.684153,36516.1,93.5125,,
3000,0.2,500,True,vapor,1,47271.9,115.344,,
3000,0.2,510,True,vapor,1,47821.4,116.432,,
3000,0.2,520,True,vapor,1,48345.3,117.45,,
3000,0.2,530,True,vapor,1,48849.7,118.411,,
3000,0.2,540,True,vapor,1,49338.8,119.325,,
3000,0.2,550,True,vapor,1,49815.5,120.2,,
3000,0.2,560,True,vapor,1,50282.3,121.041,,
3000,0.2,570,True,vapor,1,50741,121.853,,
3000,0.2,580,True,vapor,1,51193.1,122.639,,
3000,0.2,590,True,vapor,1,51639.7,123.403,,
3000,0.2,600,True,vapor,1,52081.9,124.146,,
3000,0.2,610,True,vapor,1,52520.3,124.87,,
3000,0.2,620,True,vapor,1,52955.7,125.578,,
3000,0.2,630,True,vapor,1,53388.6,126.271,,
3000,0.2,640,True,vapor,1,53819.4,126.95,,
3000,0.2,650,True,vapor,1,54248.6,127.615,,
3000,0.35,230,True,liquido,0,-4859.11,-6.14621,,
3000,0.35,240,True,liquido,0,-4192.05,-3.30761,,
3000,0.35,250,True,liquido,0,-3501.07,-0.487208,,
3000,0.35,260,True,liquido,0,-2787.74,2.31027,,
3000,0.35,270,True,liquido,0,-2055.07,5.07518,,
3000,0.35,280,True,liquido,0,-1306.27,7.79824,,
3000,0.35,290,True,liquido,0,-544.098,10.4727,,
3000,0.35,300,True,liquido,0,229.287,13.0945,,
3000,0.35,310,True,liquido,0,1012.35,15.662,,
3000,0.35,320,True,liquido,0,1804.04,18.1755,,
3000,0.35,330,True,liquido,0,2603.74,20.6362,,
3000,0.35,340,True,liquido,0,3411.16,23.0465,,
3000,0.35,350,True,liquido,0,4226.25,25.4092,,
3000,0.35,360,True,liquido,0,5049.21,27.7275,,
3000,0.35,370,True,liquido,0,5880.43,30.0049,,
3000,0.35,380,True,liquido,0,6720.51,32.2452,,
3000,0.35,390,True,liquido,0,7570.25,34.4524,,
3000,0.35,400,True,liquido,0,8430.69,36.6308,,
3000,0.35,410,True,liquido,0,9303.12,38.785,,
3000,0.35,420,True,bifasico,0.0228902,10692.7,42.1231,,
3000,0.35,430,True,bifasico,0.102801,13408.3,48.5125,,
3000,0.35,440,True,bifasico,0.186477,16335.8,55.2412,,
3000,0.35,450,True,bifasico,0.281991,19711.3,62.8243,,
3000,0.35,460,True,bifasico,0.401463,23912.4,72.0535,,
3000,0.35,470,True,bifasico,0.56754,29665.2,84.4174,,
3000,0.35,480,True,bifasico,0.834,38710.5,103.443,,
3000,0.35,490,True,vapor,1,44597.6,115.647,,
3000,0.35,500,True,vapor,1,45131.9,116.727,,
3000,0.35,510,True,vapor,1,45646.1,117.745,,
3000,0.35,520,True,vapor,1,46144.6,118.713,,
3000,0.35,530,True,vapor,1,46630.7,119.639,,
3000,0.35,540,True,vapor,1,47106.8,120.529,,
3000,0.35,550,True,vapor,1,47575,121.388,,
3000,0.35,560,True,vapor,1,48036.6,122.22,,
3000,0.35,570,True,vapor,1,48493,123.028,,
3000,0.35,580,True,vapor,1,48945,123.814,,
3000,0.35,590,True,vapor,1,49393.6,124.581,,
3000,0.35,600,True,vapor,1,49839.3,125.33,,
3000,0.35,610,True,vapor,1,50282.8,126.063,,
3000,0.35,620,True,vapor,1,50724.6,126.781,,
3000,0.35,630,True,vapor,1,51164.9,127.486,,
3000,0.35,640,True,vapor,1,51604.2,128.178,,
3000,0.35,650,True,vapor,1,52042.8,128.857,,
3000,0.5,230,True,liquido,0,-4622.6,-4.26601,,
3000,0.5,240,True,liquido,0,-3907.83,-1.2244,,
3000,0.5,250,True,liquido,0,-3166.5,1.80153,,
3000,0.5,260,True,liquido,0,-2404.78,4.78883,,
3000,0.5,270,True,liquido,0,-1627.7,7.72138,,
3000,0.5,280,True,liquido,0,-838.845,10.5901,,
3000,0.5,290,True,liquido,0,-40.5285,13.3915,,
3000,0.5,300,True,liquido,0,765.855,16.1252,,
3000,0.5,310,True,liquido,0,1579.57,18.7932,,
3000,0.5,320,True,liquido,0,2400.35,21.3991,,
3000,0.5,330,True,liquido,0,3228.27,23.9466,,
3000,0.5,340,True,liquido,0,4063.69,26.4406,,
3000,0.5,350,True,liquido,0,4907.2,28.8856,,
3000,0.5,360,True,liquido,0,5759.63,31.2869,,
3000,0.5,370,True,liquido,0,6622.07,33.6499,,
3000,0.5,380,True,liquido,0,7495.9,35.9802,,
3000,0.5,390,True,bifasico,0.0496425,9340.61,40.7541,,
3000,0.5,400,True,bifasico,0.144307,12112.9,47.7746,,
3000,0.5,410,True,bifasico,0.225993,14712.7,54.1944,,
3000,0.5,420,True,bifasico,0.303591,17332.2,60.5062,,
3000,0.5,430,True,bifasico,0.384197,20148.8,67.1324,,
3000,0.5,440,True,bifasico,0.475249,23372.7,74.5418,,
3000,0.5,450,True,bifasico,0.586638,27305.8,83.3768,,
3000,0.5,460,True,bifasico,0.734381,32456.7,94.6914,,
3000,0.5,470,True,bifasico,0.949714,39832.9,110.543,,
3000,0.5,480,True,vapor,1,41976.9,115.086,,
3000,0.5,490,True,vapor,1,42494.8,116.154,,
3000,0.5,500,True,vapor,1,42997.4,117.17,,
3000,0.5,510,True,vapor,1,43488.1,118.142,,
3000,0.5,520,True,vapor,1,43969.3,119.076,,
3000,0.5,530,True,vapor,1,44443,119.978,,
3000,0.5,540,True,vapor,1,44910.6,120.852,,
3000,0.5,550,True,vapor,1,45373.3,121.701,,
3000,0.5,560,True,vapor,1,45832.1,122.528,,
3000,0.5,570,True,vapor,1,46287.9,123.335,,
3000,0.5,580,True,vapor,1,46741.2,124.123,,
3000,0.5,590,True,vapor,1,47192.6,124.895,,
3000,0.5,600,True,vapor,1,47642.7,125.651,,
3000,0.5,610,True,vapor,1,48091.7,126.393,,
3000,0.5,620,True,vapor,1,48540,127.122,,
3000,0.5,630,True,vapor,1,48987.9,127.839,,
3000,0.5,640,True,vapor,1,49435.7,128.544,,
3000,0.5,650,True,vapor,1,49883.5,129.239,,
3000,0.55,230,True,liquido,0,-4339.78,-3.39539,,
3000,0.55,240,True,liquido,0,-3597.82,-0.238017,,
3000,0.55,250,True,liquido,0,-2834.75,2.87675,,
3000,0.55,260,True,liquido,0,-2056.03,5.93078,,
3000,0.55,270,True,liquido,0,-1265.61,8.91371,,
3000,0.55,280,True,liquido,0,-466.053,11.8214,,
3000,0.55,290,True,liquido,0,341.163,14.654,,
3000,0.55,300,True,liquido,0,1155.28,17.4139,,
3000,0.55,310,True,liquido,0,1976.05,20.1051,,
3000,0.55,320,True,liquido,0,2803.57,22.7323,,
3000,0.55,330,True,liquido,0,3638.23,25.3007,,
3000,0.55,340,True,liquido,0,4480.65,27.8155,,
3000,0.55,350,True,liquido,0,5331.68,30.2823,,
3000,0.55,360,True,liquido,0,6192.43,32.7071,,
3000,0.55,370,True,liquido,0,7064.32,35.0959,,
3000,0.55,380,True,bifasico,0.0420764,8730.55,39.5202,,
3000,0.55,390,True,bifasico,0.15418,11751,47.3692,,
3000,0.55,400,True,bifasico,0.242431,14394.3,54.0627,,
3000,0.55,410,True,bifasico,0.320271,16921.8,60.3038,,
3000,0.55,420,True,bifasico,0.396109,19520.5,66.5652,,
3000,0.55,430,True,bifasico,0.476944,22370.4,73.2695,,
3000,0.55,440,True,bifasico,0.570428,25692.1,80.9032,,
3000,0.55,450,True,bifasico,0.687048,29809,90.1508,,
3000,0.55,460,True,bifasico,0.84411,35272.9,102.153,,
3000,0.55,470,True,vapor,1,40764.5,113.991,,
3000,0.55,480,True,vapor,1,41287.7,115.093,,
3000,0.55,490,True,vapor,1,41794.8,116.138,,
3000,0.55,500,True,vapor,1,42289.4,117.137,,
3000,0.55,510,True,vapor,1,42774,118.097,,
3000,0.55,520,True,vapor,1,43250.8,119.023,,
3000,0.55,530,True,vapor,1,43721.3,119.919,,
3000,0.55,540,True,vapor,1,44186.7,120.789,,
3000,0.55,550,True,vapor,1,44648.2,121.636,,
3000,0.55,560,True,vapor,1,45106.5,122.462,,
3000,0.55,570,True,vapor,1,45562.3,123.269,,
3000,0.55,580,True,vapor,1,46016.3,124.058,,
3000,0.55,590,True,vapor,1,46468.8,124.832,,
3000,0.55,600,True,vapor,1,46920.4,125.591,,
3000,0.55,610,True,vapor,1,47371.3,126.336,,
3000,0.55,620,True,vapor,1,47821.9,127.069,,
3000,0.55,630,True,vapor,1,48272.3,127.789,,
3000,0.55,640,True,vapor,1,48722.9,128.499,,
3000,0.55,650,True,vapor,1,49173.9,129.198,,
3000,0.6,230,True,liquido,0,-3924.11,-2.25488,,
3000,0.6,240,True,liquido,0,-3160.3,0.99559,,
3000,0.6,250,True,liquido,0,-2381.28,4.17556,,
3000,0.6,260,True,liquido,0,-1590.99,7.27499,,
3000,0.6,270,True,liquido,0,-792.023,10.2902,,
3000,0.6,280,True,liquido,0,14.1592,13.222,,
3000,0.6,290,True,liquido,0,826.842,16.0738,,
3000,0.6,300,True,liquido,0,1645.82,18.8502,,
3000,0.6,310,True,liquido,0,2471.23,21.5567,,
3000,0.6,320,True,liquido,0,3303.5,24.1989,,
3000,0.6,330,True,liquido,0,4143.25,26.7829,,
3000,0.6,340,True,liquido,0,4991.36,29.3147,,
3000,0.6,350,True,liquido,0,5848.95,31.8006,,
3000,0.6,360,True,liquido,0,6717.43,34.2471,,
3000,0.6,370,True,bifasico,0.0084802,7750.7,37.0727,,
3000,0.6,380,True,bifasico,0.156146,11330.3,46.6255,,
3000,0.6,390,True,bifasico,0.258133,14148,53.9474,,
3000,0.6,400,True,bifasico,0.340007,16663,60.3156,,
3000,0.6,410,True,bifasico,0.414023,19118.6,66.3791,,
3000,0.6,420,True,bifasico,0.48811,21696.6,72.5904,,
3000,0.6,430,True,bifasico,0.569173,24579.6,79.3723,,
3000,0.6,440,True,bifasico,0.665074,27998.4,87.229,,
3000,0.6,450,True,bifasico,0.786898,32298.2,96.887,,
3000,0.6,460,True,bifasico,0.953226,38073.3,109.572,,
3000,0.6,470,True,vapor,1,40087.3,113.931,,
3000,0.6,480,True,vapor,1,40598.2,115.006,,
3000,0.6,490,True,vapor,1,41096,116.033,,
3000,0.6,500,True,vapor,1,41583.5,117.017,,
3000,0.6,510,True,vapor,1,42062.7,117.967,,
3000,0.6,520,True,vapor,1,42535.6,118.885,,
3000,0.6,530,True,vapor,1,43003.2,119.776,,
3000,0.6,540,True,vapor,1,43466.9,120.642,,
3000,0.6,550,True,vapor,1,43927.3,121.487,,
3000,0.6,560,True,vapor,1,44385.3,122.312,,
3000,0.6,570,True,vapor,1,44841.3,123.12,,
3000,0.6,580,True,vapor,1,45296,123.91,,
3000,0.6,590,True,vapor,1,45749.8,124.686,,
3000,0.6,600,True,vapor,1,46202.9,125.448,,
3000,0.6,610,True,vapor,1,46655.8,126.196,,
3000,0.6,620,True,vapor,1,47108.6,126.932,,
3000,0.6,630,True,vapor,1,47561.6,127.657,,
3000,0.6,640,True,vapor,1,48015,128.371,,
3000,0.6,650,True,vapor,1,48469,129.075,,
3000,0.65,230,True,liquido,0,-3377.22,-0.829097,,
3000,0.65,240,True,liquido,0,-2600.56,2.47617,,
3000,0.65,250,True,liquido,0,-1813.28,5.68987,,
3000,0.65,260,True,liquido,0,-1017.73,8.80997,,
3000,0.65,270,True,liquido,0,-215.255,11.8385,,
3000,0.65,280,True,liquido,0,593.511,14.7797,,
3000,0.65,290,True,liquido,0,1408.41,17.6392,,
3000,0.65,300,True,liquido,0,2229.61,20.4231,,
3000,0.65,310,True,liquido,0,3057.52,23.1378,,
3000,0.65,320,True,liquido,0,3892.77,25.7895,,
3000,0.65,330,True,liquido,0,4736.22,28.3849,,
3000,0.65,340,True,liquido,0,5588.95,30.9305,,
3000,0.65,350,True,liquido,0,6452.36,33.4332,,
3000,0.65,360,True,liquido,0,7328.23,35.9005,,
3000,0.65,370,True,bifasico,0.138672,10660,45.0035,,
3000,0.65,380,True,bifasico,0.269581,13915.5,53.6912,,
3000,0.65,390,True,bifasico,0.361507,16531.6,60.4888,,
3000,0.65,400,True,bifasico,0.43704,18919,66.5337,,
3000,0.65,410,True,bifasico,0.507251,21303.2,72.4204,,
3000,0.65,420,True,bifasico,0.579598,23860.6,78.5819,,
3000,0.65,430,True,bifasico,0.660888,26776.5,85.4411,,
3000,0.65,440,True,bifasico,0.759193,30292,93.5196,,
3000,0.65,450,True,bifasico,0.886191,34773.4,103.586,,
3000,0.65,460,True,vapor,1,38894.7,112.668,,
3000,0.65,470,True,vapor,1,39408.6,113.773,,
3000,0.65,480,True,vapor,1,39908.8,114.827,,
3000,0.65,490,True,vapor,1,40398.4,115.836,,
3000,0.65,500,True,vapor,1,40879.6,116.808,,
3000,0.65,510,True,vapor,1,41354.2,117.748,,
3000,0.65,520,True,vapor,1,41823.6,118.66,,
3000,0.65,530,True,vapor,1,42288.9,119.546,,
3000,0.65,540,True,vapor,1,42751,120.41,,
3000,0.65,550,True,vapor,1,43210.6,121.253,,
3000,0.65,560,True,vapor,1,43668.4,122.078,,
3000,0.65,570,True,vapor,1,44124.8,122.886,,
3000,0.65,580,True,vapor,1,44580.4,123.678,,
3000,0.65,590,True,vapor,1,45035.4,124.456,,
3000,0.65,600,True,vapor,1,45490.1,125.22,,
3000,0.65,610,True,vapor,1,45945,125.972,,
3000,0.65,620,True,vapor,1,46400.1,126.712,,
3000,0.65,630,True,vapor,1,46855.7,127.441,,
3000,0.65,640,True,vapor,1,47311.9,128.16,,
3000,0.65,650,True,vapor,1,47769,128.868,,
3000,0.7,230,True,liquido,0,-2713.81,0.846066,,
3000,0.7,240,True,liquido,0,-1933.43,4.16724,,
3000,0.7,250,True,liquido,0,-1144.94,7.3859,,
3000,0.7,260,True,liquido,0,-349.469,10.5057,,
3000,0.7,270,True,liquido,0,452.429,13.532,,
3000,0.7,280,True,liquido,0,1260.61,16.4711,,
3000,0.7,290,True,liquido,0,2075.22,19.3296,,
3000,0.7,300,True,liquido,0,2896.6,22.1142,,
3000,0.7,310,True,liquido,0,3725.34,24.8315,,
3000,0.7,320,True,liquido,0,4562.22,27.4884,,
3000,0.7,330,True,liquido,0,5408.26,30.0917,,
3000,0.7,340,True,liquido,0,6264.79,32.6487,,
3000,0.7,350,True,liquido,0,7133.52,35.1668,,
3000,0.7,360,True,bifasico,0.0649372,9129.96,40.7559,,
3000,0.7,370,True,bifasico,0.26814,13553.1,52.8902,,
3000,0.7,380,True,bifasico,0.382385,16486.4,60.7177,,
3000,0.7,390,True,bifasico,0.464307,18902,66.994,,
3000,0.7,400,True,bifasico,0.533533,21162.5,72.7172,,
3000,0.7,410,True,bifasico,0.599962,23475.6,78.4282,,
3000,0.7,420,True,bifasico,0.670578,26012.6,84.5402,,
3000,0.7,430,True,bifasico,0.752094,28961.2,91.4761,,
3000,0.7,440,True,bifasico,0.852789,32572.8,99.7753,,
3000,0.7,450,True,bifasico,0.984932,37235,110.247,,
3000,0.7,460,True,vapor,1,38226.8,112.437,,
3000,0.7,470,True,vapor,1,38728.7,113.517,,
3000,0.7,480,True,vapor,1,39219.6,114.551,,
3000,0.7,490,True,vapor,1,39702.1,115.545,,
3000,0.7,500,True,vapor,1,40177.8,116.507,,
3000,0.7,510,True,vapor,1,40648.4,117.438,,
3000,0.7,520,True,vapor,1,41114.8,118.344,,
3000,0.7,530,True,vapor,1,41578,119.226,,
3000,0.7,540,True,vapor,1,42038.8,120.088,,
3000,0.7,550,True,vapor,1,42497.9,120.93,,
3000,0.7,560,True,vapor,1,42955.6,121.755,,
3000,0.7,570,True,vapor,1,43412.6,122.564,,
3000,0.7,580,True,vapor,1,43869.1,123.358,,
3000,0.7,590,True,vapor,1,44325.4,124.138,,
3000,0.7,600,True,vapor,1,44781.9,124.905,,
3000,0.7,610,True,vapor,1,45238.7,125.66,,
3000,0.7,620,True,vapor,1,45696.2,126.404,,
3000,0.7,630,True,vapor,1,46154.4,127.137,,
3000,0.7,640,True,vapor,1,46613.4,127.86,,
3000,0.7,650,True,vapor,1,47073.6,128.573,,
3000,0.75,230,True,liquido,0,-1955.93,2.70349,,
3000,0.75,240,True,liquido,0,-1178.45,6.01229,,
3000,0.75,250,True,liquido,0,-393.498,9.21652,,
3000,0.75,260,True,liquido,0,398.449,12.3225,,
3000,0.75,270,True,liquido,0,1197.2,15.3369,,
3000,0.75,280,True,liquido,0,2002.78,18.2666,,
3000,0.75,290,True,liquido,0,2815.44,21.1182,,
3000,0.75,300,True,liquido,0,3635.62,23.8987,,
3000,0.75,310,True,liquido,0,4463.98,26.6148,,
3000,0.75,320,True,liquido,0,5301.42,29.2735,,
3000,0.75,330,True,liquido,0,6149.16,31.882,,
3000,0.75,340,True,liquido,0,7008.82,34.4483,,
3000,0.75,350,True,liquido,0,7882.52,36.9808,,
3000,0.75,360,True,bifasico,0.226179,12601.7,50.2312,,
3000,0.75,370,True,bifasico,0.39689,16430.1,60.7333,,
3000,0.75,380,True,bifasico,0.494563,19043,67.7052,,
3000,0.75,390,True,bifasico,0.566536,21259.2,73.463,,
3000,0.75,400,True,bifasico,0.629491,23393.5,78.8665,,
3000,0.75,410,True,bifasico,0.692159,25636,84.4027,,
3000,0.75,420,True,bifasico,0.761054,28152.6,90.4655,,
3000,0.75,430,True,bifasico,0.842793,31133.8,97.4778,,
3000,0.75,440,True,bifasico,0.945866,34840.9,105.996,,
3000,0.75,450,True,vapor,1,37053.8,110.993,,
3000,0.75,460,True,vapor,1,37556.4,112.098,,
3000,0.75,470,True,vapor,1,38047.9,113.155,,
3000,0.75,480,True,vapor,1,38530.9,114.172,,
3000,0.75,490,True,vapor,1,39007.1,115.154,,
3000,0.75,500,True,vapor,1,39478.1,116.105,,
3000,0.75,510,True,vapor,1,39945.1,117.03,,
3000,0.75,520,True,vapor,1,40409,117.931,,
3000,0.75,530,True,vapor,1,40870.5,118.81,,
3000,0.75,540,True,vapor,1,41330.4,119.67,,
3000,0.75,550,True,vapor,1,41789,120.511,,
3000,0.75,560,True,vapor,1,42246.9,121.336,,
3000,0.75,570,True,vapor,1,42704.5,122.146,,
3000,0.75,580,True,vapor,1,43162,122.942,,
3000,0.75,590,True,vapor,1,43619.8,123.724,,
3000,0.75,600,True,vapor,1,44078,124.495,,
3000,0.75,610,True,vapor,1,44537,125.253,,
3000,0.75,620,True,vapor,1,44996.7,126.001,,
3000,0.75,630,True,vapor,1,45457.5,126.738,,
3000,0.75,640,True,vapor,1,45919.4,127.466,,
3000,0.75,650,True,vapor,1,46382.7,128.184,,
3000,0.9,230,True,liquido,0,682.618,8.66707,,
3000,0.9,240,True,liquido,0,1440.9,11.8942,,
3000,0.9,250,True,liquido,0,2208.26,15.0265,,
3000,0.9,260,True,liquido,0,2984.26,18.07,,
3000,0.9,270,True,liquido,0,3768.72,21.0304,,
3000,0.9,280,True,liquido,0,4561.67,23.9141,,
3000,0.9,290,True,liquido,0,5363.49,26.7277,,
3000,0.9,300,True,liquido,0,6174.95,29.4786,,
3000,0.9,310,True,liquido,0,6997.28,32.1749,,
3000,0.9,320,True,liquido,0,7832.28,34.8258,,
3000,0.9,330,True,liquido,0,8682.53,37.442,,
3000,0.9,340,True,liquido,0,9551.76,40.0368,,
3000,0.9,350,True,bifasico,0.509726,18836.8,66.8631,,
3000,0.9,360,True,bifasico,0.704588,22902.6,78.3445,,
3000,0.9,370,True,bifasico,0.778896,24966.4,84.0037,,
3000,0.9,380,True,bifasico,0.8274,26628.6,88.4373,,
3000,0.9,390,True,bifasico,0.869854,28253.1,92.6569,,
3000,0.9,400,True,bifasico,0.914201,30013.1,97.1115,,
3000,0.9,410,True,bifasico,0.965709,32045.8,102.129,,
3000,0.9,420,True,vapor,1,33595,105.875,,
3000,0.9,430,True,vapor,1,34093.3,107.048,,
3000,0.9,440,True,vapor,1,34581,108.169,,
3000,0.9,450,True,vapor,1,35060.5,109.247,,
3000,0.9,460,True,vapor,1,35533.9,110.287,,
3000,0.9,470,True,vapor,1,36002.5,111.295,,
3000,0.9,480,True,vapor,1,36467.6,112.274,,
3000,0.9,490,True,vapor,1,36930,113.227,,
3000,0.9,500,True,vapor,1,37390.6,114.158,,
3000,0.9,510,True,vapor,1,37849.9,115.068,,
3000,0.9,520,True,vapor,1,38308.5,115.958,,
3000,0.9,530,True,vapor,1,38766.8,116.831,,
3000,0.9,540,True,vapor,1,39225.1,117.688,,
3000,0.9,550,True,vapor,1,39683.8,118.529,,
3000,0.9,560,True,vapor,1,40143.2,119.357,,
3000,0.9,570,True,vapor,1,40603.4,120.172,,
3000,0.9,580,True,vapor,1,41064.7,120.974,,
3000,0.9,590,True,vapor,1,41527.2,121.764,,
3000,0.9,600,True,vapor,1,41991.1,122.544,,
3000,0.9,610,True,vapor,1,42456.5,123.313,,
3000,0.9,620,True,vapor,1,42923.5,124.073,,
3000,0.9,630,True,vapor,1,43392.3,124.823,,
3000,0.9,640,True,vapor,1,43862.9,125.564,,
3000,0.9,650,True,vapor,1,44335.4,126.297,,
3000,0.95,230,True,liquido,0,1642.58,10.5661,,
3000,0.95,240,True,liquido,0,2395.31,13.7695,,
3000,0.95,250,True,liquido,0,3157.15,16.8794,,
3000,0.95,260,True,liquido,0,3927.69,19.9014,,
3000,0.95,270,True,liquido,0,4706.81,22.8417,,
3000,0.95,280,True,liquido,0,5494.71,25.707,,
3000,0.95,290,True,liquido,0,6292.03,28.5048,,
3000,0.95,300,True,liquido,0,7099.94,31.2436,,
3000,0.95,310,True,liquido,0,7920.19,33.9331,,
3000,0.95,320,True,liquido,0,8755.4,36.5847,,
3000,0.95,330,True,liquido,0,9609.34,39.2122,,
3000,0.95,340,True,liquido,0,10487.6,41.8338,,
3000,0.95,350,True,bifasico,0.761789,23857.3,80.7219,,
3000,0.95,360,True,bifasico,0.862309,26298.6,87.6129,,
3000,0.95,370,True,bifasico,0.904835,27780.7,91.6755,,
3000,0.95,380,True,bifasico,0.93713,29129.4,95.2723,,
3000,0.95,390,True,bifasico,0.969852,30558.9,98.9847,,
3000,0.95,400,True,vapor,1,31955.9,102.526,,
3000,0.95,410,True,vapor,1,32463.9,103.781,,
3000,0.95,420,True,vapor,1,32958.4,104.973,,
3000,0.95,430,True,vapor,1,33442.9,106.113,,
3000,0.95,440,True,vapor,1,33919.6,107.209,,
3000,0.95,450,True,vapor,1,34390.5,108.267,,
3000,0.95,460,True,vapor,1,34857,109.292,,
3000,0.95,470,True,vapor,1,35320.1,110.288,,
3000,0.95,480,True,vapor,1,35781,111.258,,
3000,0.95,490,True,vapor,1,36240.1,112.205,,
3000,0.95,500,True,vapor,1,36698.3,113.131,,
3000,0.95,510,True,vapor,1,37155.9,114.037,,
3000,0.95,520,True,vapor,1,37613.4,114.925,,
3000,0.95,530,True,vapor,1,38071.2,115.797,,
3000,0.95,540,True,vapor,1,38529.5,116.654,,
3000,0.95,550,True,vapor,1,38988.6,117.496,,
3000,0.95,560,True,vapor,1,39448.7,118.326,,
3000,0.95,570,True,vapor,1,39910.1,119.142,,
3000,0.95,580,True,vapor,1,40372.8,119.947,,
3000,0.95,590,True,vapor,1,40837.1,120.741,,
3000,0.95,600,True,vapor,1,41303.1,121.524,,
3000,0.95,610,True,vapor,1,41770.8,122.297,,
3000,0.95,620,True,vapor,1,42240.3,123.06,,
3000,0.95,630,True,vapor,1,42711.8,123.815,,
3000,0.95,640,True,vapor,1,43185.4,124.56,,
3000,0.95,650,True,vapor,1,43661.1,125.298,,
6000,0.05,230,True,liquido,0,-3.75965e+25,-1.60205e+23,,
6000,0.05,240,True,liquido,0,-3107.2,-9.18606,,
6000,0.05,250,True,liquido,0,-2300.99,-5.89467,,
6000,0.05,260,True,liquido,0,-1510.45,-2.79395,,
6000,0.05,270,True,liquido,0,-730.48,0.149791,,
6000,0.05,280,True,liquido,0,41.8972,2.95881,,
6000,0.05,290,True,liquido,0,809.222,5.6515,,
6000,0.05,300,True,liquido,0,1573.46,8.24242,,
6000,0.05,310,True,liquido,0,2336.06,10.743,,
6000,0.05,320,True,liquido,0,3098.06,13.1622,,
6000,0.05,330,True,liquido,0,3860.26,15.5076,,
6000,0.05,340,True,liquido,0,4623.28,17.7855,,
6000,0.05,350,True,liquido,0,5387.67,20.0012,,
6000,0.05,360,True,liquido,0,6153.93,22.1598,,
6000,0.05,370,True,liquido,0,6922.54,24.2657,,
6000,0.05,380,True,liquido,0,7694,26.3231,,
6000,0.05,390,True,liquido,0,8468.8,28.3356,,
6000,0.05,400,True,liquido,0,9247.48,30.307,,
6000,0.05,410,True,liquido,0,10030.6,32.2408,,
6000,0.05,420,True,liquido,0,10818.8,34.1401,,
6000,0.05,430,True,liquido,0,11612.8,36.0084,,
6000,0.05,440,True,liquido,0,12413.3,37.8487,,
6000,0.05,450,True,liquido,0,13221.2,39.6642,,
6000,0.05,460,True,liquido,0,14037.5,41.4584,,
6000,0.05,470,True,liquido,0,14863.4,43.2344,,
6000,0.05,480,True,liquido,0,15700.1,44.9961,,
6000,0.05,490,True,liquido,0,16549.5,46.7472,,
6000,0.05,500,True,liquido,0,17413.3,48.4924,,
6000,0.05,510,True,liquido,0,18294.2,50.2368,,
6000,0.05,520,True,liquido,0,19195.3,51.9865,,
6000,0.05,530,True,liquido,0,20120.8,53.7493,,
6000,0.05,540,True,bifasico,0.245492,27712.3,67.8822,,
6000,0.05,550,True,vapor,1,49714.2,108.38,,
6000,0.05,560,True,vapor,1,50451.4,109.709,,
6000,0.05,570,True,vapor,1,51122.2,110.896,,
6000,0.05,580,True,vapor,1,51746,111.981,,
6000,0.05,590,True,vapor,1,52334.4,112.987,,
6000,0.05,600,True,vapor,1,52895.3,113.93,,
6000,0.05,610,True,vapor,1,53434.2,114.821,,
6000,0.05,620,True,vapor,1,53955.3,115.668,,
6000,0.05,630,True,vapor,1,54461.8,116.478,,
6000,0.05,640,True,vapor,1,54956.1,117.257,,
6000,0.05,650,True,vapor,1,55440.3,118.008,,
6000,0.2,230,True,liquido,0,-4663.9,-9.17456,,
6000,0.2,240,True,liquido,0,-3909.81,-5.96503,,
6000,0.2,250,True,liquido,0,-3163.03,-2.91646,,
6000,0.2,260,True,liquido,0,-2419.48,-0.000206137,,
6000,0.2,270,True,liquido,0,-1675.08,2.80917,,
6000,0.2,280,True,liquido,0,-927.278,5.5287,,
6000,0.2,290,True,liquido,0,-174.787,8.16924,,
6000,0.2,300,True,liquido,0,582.945,10.738,,
6000,0.2,310,True,liquido,0,1346.11,13.2404,,
6000,0.2,320,True,liquido,0,2114.75,15.6807,,
6000,0.2,330,True,liquido,0,2888.91,18.0628,,
6000,0.2,340,True,liquido,0,3668.62,20.3905,,
6000,0.2,350,True,liquido,0,4454.03,22.6671,,
6000,0.2,360,True,liquido,0,5245.31,24.8962,,
6000,0.2,370,True,liquido,0,6042.76,27.0811,,
6000,0.2,380,True,liquido,0,6846.73,29.2251,,
6000,0.2,390,True,liquido,0,7657.67,31.3315,,
6000,0.2,400,True,liquido,0,8476.16,33.4037,,
6000,0.2,410,True,liquido,0,9302.86,35.445,,
6000,0.2,420,True,liquido,0,10138.6,37.4589,,
6000,0.2,430,True,liquido,0,10984.4,39.449,,
6000,0.2,440,True,liquido,0,11841.3,41.4191,,
6000,0.2,450,True,liquido,0,12711,43.3733,,
6000,0.2,460,True,liquido,0,13595,45.3163,,
6000,0.2,470,True,liquido,0,14495.7,47.2532,,
6000,0.2,480,True,liquido,0,15415.8,49.1902,,
6000,0.2,490,True,liquido,0,16358.8,51.1347,,
6000,0.2,500,True,bifasico,0.0360975,18141.9,54.7253,,
6000,0.2,510,True,bifasico,0.177239,22464.5,63.281,,
6000,0.2,520,True,bifasico,0.385138,28719,75.4173,,
6000,0.2,530,True,bifasico,0.768458,39988.7,96.8591,,
6000,0.2,540,True,vapor,1,47191.6,110.395,,
6000,0.2,550,True,vapor,1,47881.7,111.662,,
6000,0.2,560,True,vapor,1,48522.7,112.817,,
6000,0.2,570,True,vapor,1,49126.9,113.886,,
6000,0.2,580,True,vapor,1,49702.6,114.887,,
6000,0.2,590,True,vapor,1,50255.8,115.833,,
6000,0.2,600,True,vapor,1,50790.9,116.732,,
6000,0.2,610,True,vapor,1,51311.1,117.592,,
6000,0.2,620,True,vapor,1,51819.2,118.419,,
6000,0.2,630,True,vapor,1,52317.1,119.215,,
6000,0.2,640,True,vapor,1,52806.5,119.986,,
6000,0.2,650,True,vapor,1,53288.7,120.734,,
6000,0.35,230,True,liquido,0,-4804.72,-6.1617,,
6000,0.35,240,True,liquido,0,-4139.55,-3.33113,,
6000,0.35,250,True,liquido,0,-3450.26,-0.517633,,
6000,0.35,260,True,liquido,0,-2738.39,2.27409,,
6000,0.35,270,True,liquido,0,-2007,5.03416,,
6000,0.35,280,True,liquido,0,-1259.36,7.75302,,
6000,0.35,290,True,liquido,0,-498.272,10.4236,,
6000,0.35,300,True,liquido,0,274.055,13.0418,,
6000,0.35,310,True,liquido,0,1056.04,15.6059,,
6000,0.35,320,True,liquido,0,1846.61,18.1158,,
6000,0.35,330,True,liquido,0,2645.12,20.5729,,
6000,0.35,340,True,liquido,0,3451.23,22.9793,,
6000,0.35,350,True,liquido,0,4264.88,25.3378,,
6000,0.35,360,True,liquido,0,5086.22,27.6515,,
6000,0.35,370,True,liquido,0,5915.62,29.9239,,
6000,0.35,380,True,liquido,0,6753.62,32.1587,,
6000,0.35,390,True,liquido,0,7600.96,34.3596,,
6000,0.35,400,True,liquido,0,8458.59,36.5309,,
6000,0.35,410,True,liquido,0,9327.73,38.677,,
6000,0.35,420,True,liquido,0,10209.9,40.8026,,
6000,0.35,430,True,liquido,0,11106.9,42.9133,,
6000,0.35,440,True,liquido,0,12021.1,45.015,,
6000,0.35,450,True,liquido,0,12955.7,47.1151,,
6000,0.35,460,True,liquido,0,13914.5,49.2223,,
6000,0.35,470,True,bifasico,0.0839474,16520.3,54.8218,,
6000,0.35,480,True,bifasico,0.185564,19611.5,61.3283,,
6000,0.35,490,True,bifasico,0.303662,23229.2,68.7854,,
6000,0.35,500,True,bifasico,0.452265,27756.2,77.9271,,
6000,0.35,510,True,bifasico,0.657464,33925.2,90.1362,,
6000,0.35,520,True,bifasico,0.979656,43448.7,108.614,,
6000,0.35,530,True,vapor,1,44711.4,111.029,,
6000,0.35,540,True,vapor,1,45362.3,112.246,,
6000,0.35,550,True,vapor,1,45976,113.372,,
6000,0.35,560,True,vapor,1,46561,114.426,,
6000,0.35,570,True,vapor,1,47123.5,115.422,,
6000,0.35,580,True,vapor,1,47667.9,116.368,,
6000,0.35,590,True,vapor,1,48197.8,117.274,,
6000,0.35,600,True,vapor,1,48715.7,118.145,,
6000,0.35,610,True,vapor,1,49223.8,118.985,,
6000,0.35,620,True,vapor,1,49723.6,119.797,,
6000,0.35,630,True,vapor,1,50216.5,120.586,,
6000,0.35,640,True,vapor,1,50703.7,121.353,,
6000,0.35,650,True,vapor,1,51186.1,122.101,,
6000,0.5,230,True,liquido,0,-4573.58,-4.31195,,
6000,0.5,240,True,liquido,0,-3860.07,-1.27574,,
6000,0.5,250,True,liquido,0,-3119.83,1.74577,,
6000,0.5,260,True,liquido,0,-2359.05,4.72935,,
6000,0.5,270,True,liquido,0,-1582.86,7.65855,,
6000,0.5,280,True,liquido,0,-794.891,10.5241,,
6000,0.5,290,True,liquido,0,2.49476,13.3222,,
6000,0.5,300,True,liquido,0,807.86,16.0524,,
6000,0.5,310,True,liquido,0,1620.43,18.7167,,
6000,0.5,320,True,liquido,0,2439.91,21.3184,,
6000,0.5,330,True,liquido,0,3266.34,23.8614,,
6000,0.5,340,True,liquido,0,4100.02,26.3502,,
6000,0.5,350,True,liquido,0,4941.5,28.7894,,
6000,0.5,360,True,liquido,0,5791.55,31.1839,,
6000,0.5,370,True,liquido,0,6651.16,33.5391,,
6000,0.5,380,True,liquido,0,7521.6,35.8604,,
6000,0.5,390,True,liquido,0,8404.46,38.1536,,
6000,0.5,400,True,liquido,0,9301.74,40.4252,,
6000,0.5,410,True,liquido,0,10216,42.6826,,
6000,0.5,420,True,liquido,0,11150.4,44.9343,,
6000,0.5,430,True,bifasico,0.0248862,12509.5,48.1235,,
6000,0.5,440,True,bifasico,0.129408,15221,54.3578,,
6000,0.5,450,True,bifasico,0.223988,17877.8,60.3283,,
6000,0.5,460,True,bifasico,0.317529,20646.2,66.412,,
6000,0.5,470,True,bifasico,0.417679,23693.7,72.9647,,
6000,0.5,480,True,bifasico,0.53286,27229.6,80.4067,,
6000,0.5,490,True,bifasico,0.674544,31561.2,89.3345,,
6000,0.5,500,True,bifasico,0.861416,37208.5,100.738,,
6000,0.5,510,True,vapor,1,41644.2,109.552,,
6000,0.5,520,True,vapor,1,42292.8,110.811,,
6000,0.5,530,True,vapor,1,42905.7,111.979,,
6000,0.5,540,True,vapor,1,43491.5,113.074,,
6000,0.5,550,True,vapor,1,44055.9,114.11,,
6000,0.5,560,True,vapor,1,44603.3,115.096,,
6000,0.5,570,True,vapor,1,45137.1,116.041,,
6000,0.5,580,True,vapor,1,45659.6,116.95,,
6000,0.5,590,True,vapor,1,46173.1,117.828,,
6000,0.5,600,True,vapor,1,46678.9,118.678,,
6000,0.5,610,True,vapor,1,47178.6,119.504,,
6000,0.5,620,True,vapor,1,47673,120.308,,
6000,0.5,630,True,vapor,1,48163.1,121.092,,
6000,0.5,640,True,vapor,1,48649.7,121.858,,
6000,0.5,650,True,vapor,1,49133.3,122.608,,
6000,0.55,230,True,liquido,0,-4292.12,-3.45068,,
6000,0.55,240,True,liquido,0,-3551.23,-0.297836,,
6000,0.55,250,True,liquido,0,-2789.07,2.81318,,
6000,0.55,260,True,liquido,0,-2011.19,5.86393,,
6000,0.55,270,True,liquido,0,-1221.61,8.84372,,
6000,0.55,280,True,liquido,0,-422.923,11.7483,,
6000,0.55,290,True,liquido,0,383.326,14.5774,,
6000,0.55,300,True,liquido,0,1196.35,17.3336,,
6000,0.55,310,True,liquido,0,2015.85,20.0207,,
6000,0.55,320,True,liquido,0,2841.9,22.6433,,
6000,0.55,330,True,liquido,0,3674.84,25.2063,,
6000,0.55,340,True,liquido,0,4515.23,27.7151,,
6000,0.55,350,True,liquido,0,5363.87,30.175,,
6000,0.55,360,True,liquido,0,6221.75,32.5916,,
6000,0.55,370,True,liquido,0,7090.18,34.971,,
6000,0.55,380,True,liquido,0,7970.77,37.3193,,
6000,0.55,390,True,liquido,0,8865.52,39.6434,,
6000,0.55,400,True,liquido,0,9777.04,41.951,,
6000,0.55,410,True,liquido,0,10708.6,44.2513,,
6000,0.55,420,True,bifasico,0.0223502,12007.5,47.3729,,
6000,0.55,430,True,bifasico,0.141237,14856.1,54.0774,,
6000,0.55,440,True,bifasico,0.240464,17496.7,60.1483,,
6000,0.55,450,True,bifasico,0.33242,20132.9,66.0723,,
6000,0.55,460,True,bifasico,0.425615,22929.2,72.2173,,
6000,0.55,470,True,bifasico,0.527676,26058,78.9445,,
6000,0.55,480,True,bifasico,0.647328,29740.5,86.6949,,
6000,0.55,490,True,bifasico,0.796786,34307.4,96.1074,,
6000,0.55,500,True,bifasico,0.996271,40323.9,108.256,,
6000,0.55,510,True,vapor,1,41083.1,109.762,,
6000,0.55,520,True,vapor,1,41703.5,110.966,,
6000,0.55,530,True,vapor,1,42295.3,112.094,,
6000,0.55,540,True,vapor,1,42864.7,113.158,,
6000,0.55,550,True,vapor,1,43416.6,114.171,,
6000,0.55,560,True,vapor,1,43954.2,115.14,,
6000,0.55,570,True,vapor,1,44480.4,116.071,,
6000,0.55,580,True,vapor,1,44997.2,116.97,,
6000,0.55,590,True,vapor,1,45506.2,117.84,,
6000,0.55,600,True,vapor,1,46009,118.685,,
6000,0.55,610,True,vapor,1,46506.4,119.507,,
6000,0.55,620,True,vapor,1,46999.5,120.309,,
6000,0.55,630,True,vapor,1,47489.1,121.092,,
6000,0.55,640,True,vapor,1,47975.7,121.859,,
6000,0.55,650,True,vapor,1,48459.9,122.609,,
6000,0.6,230,True,liquido,0,-3877.47,-2.31866,,
6000,0.6,240,True,liquido,0,-3114.56,0.92798,,
6000,0.6,250,True,liquido,0,-2336.34,4.10465,,
6000,0.6,260,True,liquido,0,-1546.85,7.20097,,
6000,0.6,270,True,liquido,0,-748.72,10.2131,,
6000,0.6,280,True,liquido,0,56.5314,13.1415,,
6000,0.6,290,True,liquido,0,868.148,15.9895,,
6000,0.6,300,True,liquido,0,1685.88,18.7617,,
6000,0.6,310,True,liquido,0,2509.84,21.4634,,
6000,0.6,320,True,liquido,0,3340.39,24.1002,,
6000,0.6,330,True,liquido,0,4178.1,26.6779,,
6000,0.6,340,True,liquido,0,5023.78,29.2025,,
6000,0.6,350,True,liquido,0,5878.45,31.6799,,
6000,0.6,360,True,liquido,0,6743.39,34.1164,,
6000,0.6,370,True,liquido,0,7620.21,36.5187,,
6000,0.6,380,True,liquido,0,8510.94,38.8941,,
6000,0.6,390,True,liquido,0,9418.18,41.2506,,
6000,0.6,400,True,liquido,0,10345.3,43.5977,,
6000,0.6,410,True,bifasico,5.37773e-05,11297.6,45.9489,,
6000,0.6,420,True,bifasico,0.14697,14472.3,53.6027,,
6000,0.6,430,True,bifasico,0.256938,17189.7,59.9979,,
6000,0.6,440,True,bifasico,0.3509,19759.7,65.9065,,
6000,0.6,450,True,bifasico,0.440246,22375.4,71.7843,,
6000,0.6,460,True,bifasico,0.533098,25199.5,77.9902,,
6000,0.6,470,True,bifasico,0.637058,28409.1,84.8909,,
6000,0.6,480,True,bifasico,0.761156,32237.4,92.9479,,
6000,0.6,490,True,bifasico,0.918344,37038.2,102.843,,
6000,0.6,500,True,vapor,1,39885.7,108.62,,
6000,0.6,510,True,vapor,1,40512.2,109.861,,
6000,0.6,520,True,vapor,1,41108.8,111.02,,
6000,0.6,530,True,vapor,1,41682.2,112.112,,
6000,0.6,540,False,,,,,equilibrio_no_resoluble,"equilibrio no resoluble en T=540.00 K, P=6e+06 Pa, x=0.6134"
6000,0.6,550,True,vapor,1,42778.2,114.142,,
6000,0.6,560,True,vapor,1,43307.2,115.096,,
6000,0.6,570,True,vapor,1,43826.6,116.015,,
6000,0.6,580,True,vapor,1,44338.2,116.905,,
6000,0.6,590,True,vapor,1,44843.4,117.768,,
6000,0.6,600,True,vapor,1,45343.4,118.609,,
6000,0.6,610,True,vapor,1,45838.9,119.428,,
6000,0.6,620,True,vapor,1,46330.9,120.228,,
6000,0.6,630,True,vapor,1,46820.1,121.01,,
6000,0.6,640,True,vapor,1,47306.9,121.777,,
6000,0.6,650,True,vapor,1,47791.8,122.529,,
6000,0.65,230,True,liquido,0,-3331.21,-0.900416,,
6000,0.65,240,True,liquido,0,-2555.35,2.40144,,
6000,0.65,250,True,liquido,0,-1768.85,5.61196,,
6000,0.65,260,True,liquido,0,-974.124,8.72883,,
6000,0.65,270,True,liquido,0,-172.567,11.7539,,
6000,0.65,280,True,liquido,0,635.142,14.6912,,
6000,0.65,290,True,liquido,0,1448.8,17.5464,,
6000,0.65,300,True,liquido,0,2268.54,20.3254,,
6000,0.65,310,True,liquido,0,3094.72,23.0344,,
6000,0.65,320,True,liquido,0,3927.91,25.6796,,
6000,0.65,330,True,liquido,0,4768.88,28.2673,,
6000,0.65,340,True,liquido,0,5618.63,30.804,,
6000,0.65,350,True,liquido,0,6478.41,33.2962,,
6000,0.65,360,True,liquido,0,7349.81,35.7509,,
6000,0.65,370,True,liquido,0,8234.83,38.1757,,
6000,0.65,380,True,liquido,0,9136.03,40.579,,
6000,0.65,390,True,liquido,0,10056.8,42.9705,,
6000,0.65,400,True,liquido,0,11001.5,45.3623,,
6000,0.65,410,True,bifasico,0.138822,13968.3,52.6739,,
6000,0.65,420,True,bifasico,0.270896,16923.4,59.7977,,
6000,0.65,430,True,bifasico,0.371994,19510.2,65.8855,,
6000,0.65,440,True,bifasico,0.46072,22010.1,71.6326,,
6000,0.65,450,True,bifasico,0.54747,24605.5,77.4644,,
6000,0.65,460,True,bifasico,0.639981,27457.2,83.7309,,
6000,0.65,470,True,bifasico,0.745831,30747.2,90.8042,,
6000,0.65,480,True,bifasico,0.87435,34720.4,99.1661,,
6000,0.65,490,True,vapor,1,38702.6,107.39,,
6000,0.65,500,True,vapor,1,39333.5,108.665,,
6000,0.65,510,True,vapor,1,39933.5,109.853,,
6000,0.65,520,True,vapor,1,40509.6,110.972,,
6000,0.65,530,False,,,,,equilibrio_no_resoluble,"equilibrio no resoluble en T=530.00 K, P=6e+06 Pa, x=0.6627"
6000,0.65,540,True,vapor,1,41610.1,113.049,,
6000,0.65,550,True,vapor,1,42141,114.023,,
6000,0.65,560,True,vapor,1,42662.3,114.962,,
6000,0.65,570,True,vapor,1,43175.7,115.871,,
6000,0.65,580,True,vapor,1,43682.8,116.753,,
6000,0.65,590,True,vapor,1,44184.5,117.611,,
6000,0.65,600,True,vapor,1,44682,118.447,,
6000,0.65,610,True,vapor,1,45175.9,119.263,,
6000,0.65,620,True,vapor,1,45667.1,120.062,,
6000,0.65,630,True,vapor,1,46155.9,120.844,,
6000,0.65,640,True,vapor,1,46643,121.611,,
6000,0.65,650,True,vapor,1,47128.8,122.364,,
6000,0.7,230,True,liquido,0,-2668.08,0.768046,,
6000,0.7,240,True,liquido,0,-1888.49,4.08582,,
6000,0.7,250,True,liquido,0,-1100.84,7.30107,,
6000,0.7,260,True,liquido,0,-306.3,10.4172,,
6000,0.7,270,True,liquido,0,494.524,13.4395,,
6000,0.7,280,True,liquido,0,1301.45,16.374,,
6000,0.7,290,True,liquido,0,2114.57,19.2273,,
6000,0.7,300,True,liquido,0,2934.19,22.0059,,
6000,0.7,310,True,liquido,0,3760.83,24.7163,,
6000,0.7,320,True,liquido,0,4595.18,27.3652,,
6000,0.7,330,True,liquido,0,5438.18,29.9592,,
6000,0.7,340,True,liquido,0,6290.99,32.505,,
6000,0.7,350,True,liquido,0,7155.15,35.0099,,
6000,0.7,360,True,liquido,0,8032.58,37.4816,,
6000,0.7,370,True,liquido,0,8925.79,39.9288,,
6000,0.7,380,True,liquido,0,9838.05,42.3615,,
6000,0.7,390,True,liquido,0,10773.8,44.7921,,
6000,0.7,400,True,bifasico,0.0965185,13077.9,50.5984,,
6000,0.7,410,True,bifasico,0.276819,16624.2,59.3614,,
6000,0.7,420,True,bifasico,0.394132,19360.8,65.9584,,
6000,0.7,430,True,bifasico,0.48641,21817.8,71.7403,,
6000,0.7,440,True,bifasico,0.569929,24248,77.3269,,
6000,0.7,450,True,bifasico,0.654099,26823.1,83.113,,
6000,0.7,460,True,bifasico,0.74627,29702.3,89.4396,,
6000,0.7,470,True,bifasico,0.853999,33072.2,96.6847,,
6000,0.7,480,True,bifasico,0.986915,37189.5,105.35,,
6000,0.7,490,True,vapor,1,38169,107.376,,
6000,0.7,500,True,vapor,1,38770.6,108.592,,
6000,0.7,510,True,vapor,1,39348.2,109.735,,
6000,0.7,520,True,vapor,1,39906.9,110.82,,
6000,0.7,530,True,vapor,1,40450.7,111.856,,
6000,0.7,540,True,vapor,1,40982.7,112.851,,
6000,0.7,550,True,vapor,1,41505,113.809,,
6000,0.7,560,True,vapor,1,42019.5,114.736,,
6000,0.7,570,True,vapor,1,42527.6,115.636,,
6000,0.7,580,True,vapor,1,43030.6,116.51,,
6000,0.7,590,True,vapor,1,43529.3,117.363,,
6000,0.7,600,True,vapor,1,44024.7,118.196,,
6000,0.7,610,True,vapor,1,44517.3,119.01,,
6000,0.7,620,True,vapor,1,45007.7,119.807,,
6000,0.7,630,True,vapor,1,45496.5,120.589,,
6000,0.7,640,True,vapor,1,45984,121.357,,
6000,0.7,650,True,vapor,1,46470.6,122.112,,
6000,0.75,230,True,liquido,0,-1910.2,2.61924,,
6000,0.75,240,True,liquido,0,-1133.61,5.92427,,
6000,0.75,250,True,liquido,0,-349.636,9.1245,,
6000,0.75,260,True,liquido,0,441.192,12.2261,,
6000,0.75,270,True,liquido,0,1238.64,15.2356,,
6000,0.75,280,True,liquido,0,2042.7,18.1597,,
6000,0.75,290,True,liquido,0,2853.55,21.005,,
6000,0.75,300,True,liquido,0,3671.59,23.7782,,
6000,0.75,310,True,liquido,0,4497.38,26.4859,,
6000,0.75,320,True,liquido,0,5331.72,29.1348,,
6000,0.75,330,True,liquido,0,6175.7,31.7317,,
6000,0.75,340,True,liquido,0,7030.71,34.2841,,
6000,0.75,350,True,liquido,0,7898.58,36.7998,,
6000,0.75,360,True,liquido,0,8781.73,39.2876,,
6000,0.75,370,True,liquido,0,9683.33,41.7577,,
6000,0.75,380,True,liquido,0,10607.7,44.2228,,
6000,0.75,390,True,liquido,0,11561.1,46.6991,,
6000,0.75,400,True,bifasico,0.260447,16102.1,58.196,,
6000,0.75,410,True,bifasico,0.414051,19265.3,66.012,,
6000,0.75,420,True,bifasico,0.516686,21784.7,72.0849,,
6000,0.75,430,True,bifasico,0.600193,24112.6,77.5627,,
6000,0.75,440,True,bifasico,0.678534,26473.4,82.9896,,
6000,0.75,450,True,bifasico,0.760137,29028.4,88.7302,,
6000,0.75,460,True,bifasico,0.851971,31935,95.1168,,
6000,0.75,470,True,bifasico,0.961567,35384.3,102.532,,
6000,0.75,480,True,vapor,1,37020,105.992,,
6000,0.75,490,True,vapor,1,37621.5,107.232,,
6000,0.75,500,True,vapor,1,38198.8,108.398,,
6000,0.75,510,True,vapor,1,38757.3,109.504,,
6000,0.75,520,True,vapor,1,39301,110.56,,
6000,0.75,530,True,vapor,1,39833,111.574,,
6000,0.75,540,True,vapor,1,40355.4,112.55,,
6000,0.75,550,True,vapor,1,40870.1,113.495,,
6000,0.75,560,True,vapor,1,41378.7,114.411,,
6000,0.75,570,True,vapor,1,41882.1,115.302,,
6000,0.75,580,True,vapor,1,42381.5,116.171,,
6000,0.75,590,True,vapor,1,42877.7,117.019,,
6000,0.75,600,True,vapor,1,43371.2,117.848,,
6000,0.75,610,True,vapor,1,43862.7,118.661,,
6000,0.75,620,True,vapor,1,44352.6,119.457,,
6000,0.75,630,True,vapor,1,44841.4,120.239,,
6000,0.75,640,True,vapor,1,45329.5,121.008,,
6000,0.75,650,True,vapor,1,45817.1,121.764,,
6000,0.9,230,True,liquido,0,728.477,8.5621,,
6000,0.9,240,True,liquido,0,1485.24,11.7827,,
6000,0.9,250,True,liquido,0,2250.89,14.9081,,
6000,0.9,260,True,liquido,0,3024.97,17.944,,
6000,0.9,270,True,liquido,0,3807.2,20.8961,,
6000,0.9,280,True,liquido,0,4597.56,23.7704,,
6000,0.9,290,True,liquido,0,5396.32,26.5732,,
6000,0.9,300,True,liquido,0,6204.09,29.3116,,
6000,0.9,310,True,liquido,0,7021.9,31.9931,,
6000,0.9,320,True,liquido,0,7851.28,34.6261,,
6000,0.9,330,True,liquido,0,8694.39,37.2204,,
6000,0.9,340,True,liquido,0,9554.27,39.7873,,
6000,0.9,350,True,liquido,0,10435.3,42.3409,,
6000,0.9,360,True,liquido,0,11343.7,44.9,,
6000,0.9,370,True,liquido,0,12289.6,47.4913,,
6000,0.9,380,True,bifasico,0.18092,15615.6,56.2919,,
6000,0.9,390,True,bifasico,0.615643,22314.7,73.7426,,
6000,0.9,400,True,bifasico,0.746828,25074.9,80.738,,
6000,0.9,410,True,bifasico,0.821223,27101.7,85.7442,,
6000,0.9,420,True,bifasico,0.880306,28976.6,90.2623,,
6000,0.9,430,True,bifasico,0.937788,30921.4,94.8379,,
6000,0.9,440,True,vapor,1,33057.6,99.7482,,
6000,0.9,450,True,vapor,1,33675.5,101.137,,
6000,0.9,460,True,vapor,1,34264,102.431,,
6000,0.9,470,True,vapor,1,34830.4,103.649,,
6000,0.9,480,True,vapor,1,35379.7,104.805,,
6000,0.9,490,True,vapor,1,35915.7,105.91,,
6000,0.9,500,True,vapor,1,36441.2,106.972,,
6000,0.9,510,True,vapor,1,36958.2,107.996,,
6000,0.9,520,True,vapor,1,37468.6,108.987,,
6000,0.9,530,True,vapor,1,37973.6,109.949,,
6000,0.9,540,True,vapor,1,38474.4,110.885,,
6000,0.9,550,True,vapor,1,38971.8,111.798,,
6000,0.9,560,True,vapor,1,39466.6,112.689,,
6000,0.9,570,True,vapor,1,39959.5,113.562,,
6000,0.9,580,True,vapor,1,40450.9,114.416,,
6000,0.9,590,True,vapor,1,40941.3,115.255,,
6000,0.9,600,True,vapor,1,41431.2,116.078,,
6000,0.9,610,True,vapor,1,41920.8,116.887,,
6000,0.9,620,True,vapor,1,42410.4,117.684,,
6000,0.9,630,True,vapor,1,42900.4,118.468,,
6000,0.9,640,True,vapor,1,43390.8,119.24,,
6000,0.9,650,True,vapor,1,43882,120.001,,
6000,0.95,230,True,liquido,0,1688.05,10.452,,
6000,0.95,240,True,liquido,0,2439.01,13.6479,,
6000,0.95,250,True,liquido,0,3198.89,16.7498,,
6000,0.95,260,True,liquido,0,3967.21,19.7631,,
6000,0.95,270,True,liquido,0,4743.75,22.6937,,
6000,0.95,280,True,liquido,0,5528.62,25.548,,
6000,0.95,290,True,liquido,0,6322.32,28.3331,,
6000,0.95,300,True,liquido,0,7125.79,31.0569,,
6000,0.95,310,True,liquido,0,7940.52,33.7283,,
6000,0.95,320,True,liquido,0,8768.69,36.3574,,
6000,0.95,330,True,liquido,0,9613.38,38.9566,,
6000,0.95,340,True,liquido,0,10479.1,41.5407,,
6000,0.95,350,True,liquido,0,11372.3,44.1298,,
6000,0.95,360,True,liquido,0,12303.4,46.7526,,
6000,0.95,370,True,liquido,0,13290,49.4552,,
6000,0.95,380,True,bifasico,0.613929,22167.6,73.0349,,
6000,0.95,390,True,bifasico,0.834174,26069.6,83.1951,,
6000,0.95,400,True,bifasico,0.907178,28033.1,88.1697,,
6000,0.95,410,True,bifasico,0.955459,29685.2,92.2495,,
6000,0.95,420,True,vapor,1,31343.4,96.245,,
6000,0.95,430,True,vapor,1,31988.3,97.7629,,
6000,0.95,440,True,vapor,1,32595.8,99.1596,,
6000,0.95,450,True,vapor,1,33175.8,100.463,,
6000,0.95,460,True,vapor,1,33735.2,101.693,,
6000,0.95,470,True,vapor,1,34278.6,102.861,,
6000,0.95,480,True,vapor,1,34809.5,103.979,,
6000,0.95,490,True,vapor,1,35330.6,105.054,,
6000,0.95,500,True,vapor,1,35844,106.091,,
6000,0.95,510,True,vapor,1,36351.2,107.095,,
6000,0.95,520,True,vapor,1,36853.5,108.071,,
6000,0.95,530,True,vapor,1,37351.9,109.02,,
6000,0.95,540,True,vapor,1,37847.4,109.946,,
6000,0.95,550,True,vapor,1,38340.5,110.851,,
6000,0.95,560,True,vapor,1,38832,111.737,,
6000,0.95,570,True,vapor,1,39322.4,112.605,,
6000,0.95,580,True,vapor,1,39812,113.456,,
6000,0.95,590,True,vapor,1,40301.2,114.292,,
6000,0.95,600,True,vapor,1,40790.5,115.115,,
6000,0.95,610,True,vapor,1,41279.9,115.924,,
6000,0.95,620,True,vapor,1,41769.8,116.72,,
6000,0.95,630,True,vapor,1,42260.5,117.505,,
6000,0.95,640,True,vapor,1,42752,118.279,,
6000,0.95,650,True,vapor,1,43244.6,119.043,,
11000,0.05,230,True,liquido,0,-3.75965e+25,-1.60205e+23,,
11000,0.05,240,True,liquido,0,-3002.64,-9.13084,,
11000,0.05,250,True,liquido,0,-2204.35,-5.87184,,
11000,0.05,260,True,liquido,0,-1418.49,-2.78953,,
11000,0.05,270,True,liquido,0,-642.045,0.140904,,
11000,0.05,280,True,liquido,0,127.461,2.93948,,
11000,0.05,290,True,liquido,0,892.325,5.62353,,
11000,0.05,300,True,liquido,0,1654.37,8.20701,,
11000,0.05,310,True,liquido,0,2414.95,10.7009,,
11000,0.05,320,True,liquido,0,3175.04,13.1141,,
11000,0.05,330,True,liquido,0,3935.37,15.4538,,
11000,0.05,340,True,liquido,0,4696.55,17.7261,,
11000,0.05,350,True,liquido,0,5459.09,19.9365,,
11000,0.05,360,True,liquido,0,6223.45,22.0898,,
11000,0.05,370,True,liquido,0,6990.09,24.1903,,
11000,0.05,380,True,liquido,0,7759.47,26.2421,,
11000,0.05,390,True,liquido,0,8532.07,28.2489,,
11000,0.05,400,True,liquido,0,9308.4,30.2144,,
11000,0.05,410,True,liquido,0,10089,32.1418,,
11000,0.05,420,True,liquido,0,10874.4,34.0344,,
11000,0.05,430,True,liquido,0,11665.3,35.8954,,
11000,0.05,440,True,liquido,0,12462.4,37.7278,,
11000,0.05,450,True,liquido,0,13266.4,39.5347,,
11000,0.05,460,True,liquido,0,14078.3,41.3192,,
11000,0.05,470,True,liquido,0,14899.2,43.0845,,
11000,0.05,480,True,liquido,0,15730.1,44.8339,,
11000,0.05,490,True,liquido,0,16572.6,46.571,,
11000,0.05,500,True,liquido,0,17428.4,48.2998,,
11000,0.05,510,True,liquido,0,18299.5,50.0249,,
11000,0.05,520,True,liquido,0,19188.7,51.7514,,
11000,0.05,530,True,liquido,0,20099.2,53.4857,,
11000,0.05,540,True,liquido,0,21035.5,55.2358,,
11000,0.05,550,True,liquido,0,22003.8,57.0124,,
11000,0.05,560,True,liquido,0,23012.8,58.8304,,
11000,0.05,570,True,liquido,0,24076.3,60.7125,,
11000,0.05,580,True,bifasico,0.120135,27744.3,67.0619,,
11000,0.05,590,True,vapor,1,48369.6,102.366,,
11000,0.05,600,True,vapor,1,49470.5,104.217,,
11000,0.05,610,True,vapor,1,50403.3,105.759,,
11000,0.05,620,True,vapor,1,51230.3,107.104,,
11000,0.05,630,True,vapor,1,51983.8,108.309,,
11000,0.05,640,True,vapor,1,52682.9,109.41,,
11000,0.05,650,True,vapor,1,53340.1,110.43,,
11000,0.2,230,True,liquido,0,-4561.91,-9.14231,,
11000,0.2,240,True,liquido,0,-3813.09,-5.95526,,
11000,0.2,250,True,liquido,0,-3070.7,-2.92457,,
11000,0.2,260,True,liquido,0,-2330.76,-0.0224796,,
11000,0.2,270,True,liquido,0,-1589.36,2.77553,,
11000,0.2,280,True,liquido,0,-844.139,5.48569,,
11000,0.2,290,True,liquido,0,-93.9252,8.11823,,
11000,0.2,300,True,liquido,0,661.725,10.6799,,
11000,0.2,310,True,liquido,0,1422.92,13.1759,,
11000,0.2,320,True,liquido,0,2189.65,15.6101,,
11000,0.2,330,True,liquido,0,2961.89,17.9863,,
11000,0.2,340,True,liquido,0,3739.66,20.3082,,
11000,0.2,350,True,liquido,0,4523.03,22.5789,,
11000,0.2,360,True,liquido,0,5312.16,24.8019,,
11000,0.2,370,True,liquido,0,6107.29,26.9805,,
11000,0.2,380,True,liquido,0,6908.75,29.1178,,
11000,0.2,390,True,liquido,0,7716.93,31.217,,
11000,0.2,400,True,liquido,0,8532.34,33.2814,,
11000,0.2,410,True,liquido,0,9355.6,35.3142,,
11000,0.2,420,True,liquido,0,10187.4,37.3187,,
11000,0.2,430,True,liquido,0,11028.7,39.2983,,
11000,0.2,440,True,liquido,0,11880.6,41.2565,,
11000,0.2,450,True,liquido,0,12744.2,43.1972,,
11000,0.2,460,True,liquido,0,13621.1,45.1246,,
11000,0.2,470,True,liquido,0,14513.2,47.0431,,
11000,0.2,480,True,liquido,0,15422.9,48.9582,,
11000,0.2,490,True,liquido,0,16353,50.8761,,
11000,0.2,500,True,liquido,0,17307.5,52.8043,,
11000,0.2,510,True,liquido,0,18291.4,54.7525,,
11000,0.2,520,True,liquido,0,19311.5,56.7333,,
11000,0.2,530,True,liquido,0,20378.1,58.7648,,
11000,0.2,540,True,liquido,0,21506.8,60.8744,,
11000,0.2,550,True,bifasico,0.143428,25242.2,67.7159,,
11000,0.2,560,True,bifasico,0.408599,31539.6,79.0558,,
11000,0.2,570,True,bifasico,0.868411,42296.2,98.0762,,
11000,0.2,580,True,vapor,1,46250.6,104.989,,
11000,0.2,590,True,vapor,1,47206.9,106.624,,
11000,0.2,600,True,vapor,1,48053.1,108.046,,
11000,0.2,610,True,vapor,1,48823.4,109.32,,
11000,0.2,620,True,vapor,1,49538,110.482,,
11000,0.2,630,True,vapor,1,50210.2,111.557,,
11000,0.2,640,True,vapor,1,50849,112.563,,
11000,0.2,650,True,vapor,1,51461.1,113.512,,
11000,0.35,230,True,liquido,0,-4714.12,-6.18717,,
11000,0.35,240,True,liquido,0,-4052.09,-3.36997,,
11000,0.35,250,True,liquido,0,-3365.6,-0.56793,,
11000,0.35,260,True,liquido,0,-2656.16,2.21427,,
11000,0.35,270,True,liquido,0,-1926.89,4.96634,,
11000,0.35,280,True,liquido,0,-1181.15,7.67827,,
11000,0.35,290,True,liquido,0,-421.844,10.3426,,
11000,0.35,300,True,liquido,0,348.75,12.955,,
11000,0.35,310,True,liquido,0,1128.98,15.5133,,
11000,0.35,320,True,liquido,0,1917.73,18.0174,,
11000,0.35,330,True,liquido,0,2714.3,20.4685,,
11000,0.35,340,True,liquido,0,3518.29,22.8686,,
11000,0.35,350,True,liquido,0,4329.62,25.2204,,
11000,0.35,360,True,liquido,0,5148.37,27.5268,,
11000,0.35,370,True,liquido,0,5974.84,29.7912,,
11000,0.35,380,True,liquido,0,6809.51,32.0171,,
11000,0.35,390,True,liquido,0,7653.03,34.2081,,
11000,0.35,400,True,liquido,0,8506.24,36.3682,,
11000,0.35,410,True,liquido,0,9370.19,38.5014,,
11000,0.35,420,True,liquido,0,10246.2,40.6123,,
11000,0.35,430,True,liquido,0,11135.9,42.7057,,
11000,0.35,440,True,liquido,0,12041.2,44.7869,,
11000,0.35,450,True,liquido,0,12964.7,46.8623,,
11000,0.35,460,True,liquido,0,13909.6,48.939,,
11000,0.35,470,True,liquido,0,14880.1,51.026,,
11000,0.35,480,True,liquido,0,15881.7,53.1347,,
11000,0.35,490,True,liquido,0,16922.2,55.28,,
11000,0.35,500,True,liquido,0,18013,57.4833,,
11000,0.35,510,True,bifasico,0.0185081,19433.5,60.2917,,
11000,0.35,520,True,bifasico,0.15769,22711.6,66.6557,,
11000,0.35,530,True,bifasico,0.318586,26550.2,73.9656,,
11000,0.35,540,True,bifasico,0.518285,31319,82.8759,,
11000,0.35,550,True,bifasico,0.787963,37717.2,94.61,,
11000,0.35,560,True,vapor,1,43162.2,104.449,,
11000,0.35,570,True,vapor,1,44125.4,106.154,,
11000,0.35,580,True,vapor,1,44977.7,107.637,,
11000,0.35,590,True,vapor,1,45754.1,108.964,,
11000,0.35,600,True,vapor,1,46475.3,110.176,,
11000,0.35,610,True,vapor,1,47154.6,111.299,,
11000,0.35,620,True,vapor,1,47801.1,112.35,,
11000,0.35,630,True,vapor,1,48421.4,113.343,,
11000,0.35,640,True,vapor,1,49020.5,114.287,,
11000,0.35,650,True,vapor,1,49602.1,115.188,,
11000,0.5,230,True,liquido,0,-4491.81,-4.38767,,
11000,0.5,240,True,liquido,0,-3780.41,-1.36047,,
11000,0.5,250,True,liquido,0,-3041.96,1.65374,,
11000,0.5,260,True,liquido,0,-2282.75,4.63117,,
11000,0.5,270,True,liquido,0,-1508.02,7.55488,,
11000,0.5,280,True,liquido,0,-721.485,10.4152,,
11000,0.5,290,True,liquido,0,74.3891,13.2079,,
11000,0.5,300,True,liquido,0,878.108,15.9326,,
11000,0.5,310,True,liquido,0,1688.84,18.5909,,
11000,0.5,320,True,liquido,0,2506.24,21.186,,
11000,0.5,330,True,liquido,0,3330.27,23.7216,,
11000,0.5,340,True,liquido,0,4161.2,26.2021,,
11000,0.5,350,True,liquido,0,4999.47,28.632,,
11000,0.5,360,True,liquido,0,5845.75,31.016,,
11000,0.5,370,True,liquido,0,6700.93,33.3591,,
11000,0.5,380,True,liquido,0,7566.09,35.6662,,
11000,0.5,390,True,liquido,0,8442.6,37.9429,,
11000,0.5,400,True,liquido,0,9332.16,40.195,,
11000,0.5,410,True,liquido,0,10236.9,42.4289,,
11000,0.5,420,True,liquido,0,11159.4,44.6518,,
11000,0.5,430,True,liquido,0,12103.1,46.8723,,
11000,0.5,440,True,liquido,0,13072.4,49.1007,,
11000,0.5,450,True,liquido,0,14073.5,51.3501,,
11000,0.5,460,True,liquido,0,15114.6,53.6383,,
11000,0.5,470,True,liquido,0,16208.4,55.9903,,
11000,0.5,480,True,bifasico,0.0608314,18080.1,59.9219,,
11000,0.5,490,True,bifasico,0.191656,20894.8,65.7253,,
11000,0.5,500,True,bifasico,0.322232,23874.3,71.744,,
11000,0.5,510,True,bifasico,0.462404,27179.1,78.287,,
11000,0.5,520,True,bifasico,0.622763,31012.2,85.728,,
11000,0.5,530,True,bifasico,0.817475,35673.5,94.6038,,
11000,0.5,540,True,vapor,1,40276.9,103.222,,
11000,0.5,550,True,vapor,1,41213.9,104.942,,
11000,0.5,560,True,vapor,1,42048.7,106.446,,
11000,0.5,570,True,vapor,1,42813.3,107.799,,
11000,0.5,580,True,vapor,1,43526.6,109.04,,
11000,0.5,590,True,vapor,1,44201,110.193,,
11000,0.5,600,True,vapor,1,44845.2,111.276,,
11000,0.5,610,True,vapor,1,45465.1,112.301,,
11000,0.5,620,True,vapor,1,46065.3,113.277,,
11000,0.5,630,True,vapor,1,46649.5,114.211,,
11000,0.5,640,True,vapor,1,47220.2,115.11,,
11000,0.5,650,True,vapor,1,47779.7,115.978,,
11000,0.55,230,True,liquido,0,-4212.6,-3.54182,,
11000,0.55,240,True,liquido,0,-3473.48,-0.39652,,
11000,0.55,250,True,liquido,0,-2712.84,2.70831,,
11000,0.55,260,True,liquido,0,-1936.33,5.75365,,
11000,0.55,270,True,liquido,0,-1148.1,8.72834,,
11000,0.55,280,True,liquido,0,-350.838,11.6277,,
11000,0.55,290,True,liquido,0,453.852,14.4514,,
11000,0.55,300,True,liquido,0,1265.11,17.2016,,
11000,0.55,310,True,liquido,0,2082.59,19.8821,,
11000,0.55,320,True,liquido,0,2906.3,22.4972,,
11000,0.55,330,True,liquido,0,3736.51,25.0519,,
11000,0.55,340,True,liquido,0,4573.71,27.5511,,
11000,0.55,350,True,liquido,0,5418.57,30,,
11000,0.55,360,True,liquido,0,6271.98,32.4041,,
11000,0.55,370,True,liquido,0,7135.05,34.7688,,
11000,0.55,380,True,liquido,0,8009.16,37.0998,,
11000,0.55,390,True,liquido,0,8896.01,39.4034,,
11000,0.55,400,True,liquido,0,9797.71,41.6862,,
11000,0.55,410,True,liquido,0,10716.9,43.9559,,
11000,0.55,420,True,liquido,0,11657.1,46.2214,,
11000,0.55,430,True,liquido,0,12622.7,48.4933,,
11000,0.55,440,True,liquido,0,13619.8,50.7855,,
11000,0.55,450,True,liquido,0,14657,53.1162,,
11000,0.55,460,True,liquido,0,15747.1,55.5119,,
11000,0.55,470,True,bifasico,0.0680306,17650.8,59.5964,,
11000,0.55,480,True,bifasico,0.204871,20427.7,65.4427,,
11000,0.55,490,True,bifasico,0.333464,23262.5,71.2875,,
11000,0.55,500,True,bifasico,0.464825,26308.7,77.4406,,
11000,0.55,510,True,bifasico,0.608711,29732.1,84.2182,,
11000,0.55,520,True,bifasico,0.77605,33748,92.0142,,
11000,0.55,530,True,bifasico,0.981908,38680.5,101.406,,
11000,0.55,540,True,vapor,1,39994.9,103.869,,
11000,0.55,550,True,vapor,1,40845.4,105.43,,
11000,0.55,560,True,vapor,1,41621,106.828,,
11000,0.55,570,True,vapor,1,42342.6,108.105,,
11000,0.55,580,True,vapor,1,43023.7,109.29,,
11000,0.55,590,True,vapor,1,43673.3,110.4,,
11000,0.55,600,True,vapor,1,44297.9,111.45,,
11000,0.55,610,True,vapor,1,44902.5,112.449,,
11000,0.55,620,True,vapor,1,45490.5,113.406,,
11000,0.55,630,True,vapor,1,46064.9,114.325,,
11000,0.55,640,True,vapor,1,46628,115.211,,
11000,0.55,650,True,vapor,1,47181.5,116.07,,
11000,0.6,230,True,liquido,0,-3799.62,-2.42381,,
11000,0.6,240,True,liquido,0,-3038.2,0.8165,,
11000,0.6,250,True,liquido,0,-2261.31,3.98774,,
11000,0.6,260,True,liquido,0,-1473.11,7.07899,,
11000,0.6,270,True,liquido,0,-676.331,10.086,,
11000,0.6,280,True,liquido,0,127.423,13.009,,
11000,0.6,290,True,liquido,0,937.33,15.851,,
11000,0.6,300,True,liquido,0,1753.08,18.6164,,
11000,0.6,310,True,liquido,0,2574.73,21.3105,,
11000,0.6,320,True,liquido,0,3402.55,23.9387,,
11000,0.6,330,True,liquido,0,4237.06,26.5066,,
11000,0.6,340,True,liquido,0,5078.94,29.0198,,
11000,0.6,350,True,liquido,0,5929.07,31.484,,
11000,0.6,360,True,liquido,0,6788.55,33.9052,,
11000,0.6,370,True,liquido,0,7658.76,36.2894,,
11000,0.6,380,True,liquido,0,8541.37,38.6431,,
11000,0.6,390,True,liquido,0,9438.49,40.9733,,
11000,0.6,400,True,liquido,0,10352.8,43.288,,
11000,0.6,410,True,liquido,0,11287.6,45.5963,,
11000,0.6,420,True,liquido,0,12247.5,47.9093,,
11000,0.6,430,True,liquido,0,13238.6,50.2411,,
11000,0.6,440,True,liquido,0,14269.4,52.6108,,
11000,0.6,450,True,liquido,0,15353,55.0456,,
11000,0.6,460,True,bifasico,0.066916,17196.5,59.0869,,
11000,0.6,470,True,bifasico,0.21704,20011.9,65.1425,,
11000,0.6,480,True,bifasico,0.348106,22762.2,70.9326,,
11000,0.6,490,True,bifasico,0.47448,25617.1,76.8185,,
11000,0.6,500,True,bifasico,0.606622,28729.5,83.1054,,
11000,0.6,510,True,bifasico,0.7542,32270.7,90.1163,,
11000,0.6,520,True,bifasico,0.92848,36468.6,98.2652,,
11000,0.6,530,True,vapor,1,38801.3,102.725,,
11000,0.6,540,False,,,,,equilibrio_no_resoluble,"equilibrio no resoluble en T=540.00 K, P=1.1e+07 Pa, x=0.6134"
11000,0.6,550,True,vapor,1,40447.7,105.776,,
11000,0.6,560,True,vapor,1,41175.3,107.087,,
11000,0.6,570,True,vapor,1,41861.1,108.301,,
11000,0.6,580,True,vapor,1,42514.5,109.437,,
11000,0.6,590,True,vapor,1,43142.6,110.511,,
11000,0.6,600,True,vapor,1,43750.1,111.532,,
11000,0.6,610,True,vapor,1,44341,112.509,,
11000,0.6,620,True,vapor,1,44918.1,113.447,,
11000,0.6,630,True,vapor,1,45483.7,114.352,,
11000,0.6,640,True,vapor,1,46039.8,115.228,,
11000,0.6,650,True,vapor,1,46587.9,116.078,,
11000,0.65,230,True,liquido,0,-3254.38,-1.01792,,
11000,0.65,240,True,liquido,0,-2479.83,2.27832,,
11000,0.65,250,True,liquido,0,-1694.61,5.48364,,
11000,0.65,260,True,liquido,0,-901.211,8.5953,,
11000,0.65,270,True,liquido,0,-101.128,11.6148,,
11000,0.65,280,True,liquido,0,704.89,14.546,,
11000,0.65,290,True,liquido,0,1516.58,17.3943,,
11000,0.65,300,True,liquido,0,2334,20.1654,,
11000,0.65,310,True,liquido,0,3157.44,22.8654,,
11000,0.65,320,True,liquido,0,3987.39,25.5003,,
11000,0.65,330,True,liquido,0,4824.51,28.0762,,
11000,0.65,340,True,liquido,0,5669.65,30.5991,,
11000,0.65,350,True,liquido,0,6523.87,33.0753,,
11000,0.65,360,True,liquido,0,7388.51,35.5109,,
11000,0.65,370,True,liquido,0,8265.19,37.9129,,
11000,0.65,380,True,liquido,0,9155.98,40.2884,,
11000,0.65,390,True,liquido,0,10063.5,42.6456,,
11000,0.65,400,True,liquido,0,10991.1,44.9938,,
11000,0.65,410,True,liquido,0,11943.1,47.3446,,
11000,0.65,420,True,liquido,0,12925.7,49.7122,,
11000,0.65,430,True,liquido,0,13947.4,52.1162,,
11000,0.65,440,True,liquido,0,15021.5,54.5851,,
11000,0.65,450,True,bifasico,0.0500881,16655.5,58.2475,,
11000,0.65,460,True,bifasico,0.225664,19624.7,64.7751,,
11000,0.65,470,True,bifasico,0.365219,22359.9,70.6578,,
11000,0.65,480,True,bifasico,0.490542,25083.6,76.3919,,
11000,0.65,490,True,bifasico,0.61471,27958.5,82.3188,,
11000,0.65,500,True,bifasico,0.747628,31136.8,88.7386,,
11000,0.65,510,True,bifasico,0.898879,34795.3,95.9814,,
11000,0.65,520,True,vapor,1,37637.8,101.515,,
11000,0.65,530,False,,,,,equilibrio_no_resoluble,"equilibrio no resoluble en T=530.00 K, P=1.1e+07 Pa, x=0.6627"
11000,0.65,540,True,vapor,1,39296.4,104.647,,
11000,0.65,550,True,vapor,1,40027.2,105.988,,
11000,0.65,560,True,vapor,1,40715.3,107.228,,
11000,0.65,570,True,vapor,1,41370.7,108.388,,
11000,0.65,580,True,vapor,1,42000.4,109.484,,
11000,0.65,590,True,vapor,1,42609.6,110.525,,
11000,0.65,600,True,vapor,1,43202,111.521,,
11000,0.65,610,True,vapor,1,43780.7,112.477,,
11000,0.65,620,True,vapor,1,44348,113.4,,
11000,0.65,630,True,vapor,1,44905.8,114.292,,
11000,0.65,640,True,vapor,1,45455.6,115.158,,
11000,0.65,650,True,vapor,1,45998.7,116,,
11000,0.7,230,True,liquido,0,-2591.66,0.639629,,
11000,0.7,240,True,liquido,0,-1813.37,3.95186,,
11000,0.7,250,True,liquido,0,-1027.07,7.16157,,
11000,0.7,260,True,liquido,0,-234.04,10.2718,,
11000,0.7,270,True,liquido,0,565.069,13.2876,,
11000,0.7,280,True,liquido,0,1369.99,16.2149,,
11000,0.7,290,True,liquido,0,2180.76,19.0599,,
11000,0.7,300,True,liquido,0,2997.62,21.8291,,
11000,0.7,310,True,liquido,0,3820.97,24.5288,,
11000,0.7,320,True,liquido,0,4651.4,27.1653,,
11000,0.7,330,True,liquido,0,5489.71,29.7448,,
11000,0.7,340,True,liquido,0,6336.86,32.2737,,
11000,0.7,350,True,liquido,0,7194.12,34.7586,,
11000,0.7,360,True,liquido,0,8063.05,37.2064,,
11000,0.7,370,True,liquido,0,8945.62,39.6245,,
11000,0.7,380,True,liquido,0,9844.35,42.0211,,
11000,0.7,390,True,liquido,0,10762.5,44.406,,
11000,0.7,400,True,liquido,0,11704.4,46.7905,,
11000,0.7,410,True,liquido,0,12676.1,49.1896,,
11000,0.7,420,True,liquido,0,13686.1,51.6232,,
11000,0.7,430,True,liquido,0,14747.7,54.121,,
11000,0.7,440,True,bifasico,0.000944576,15892,56.7512,,
11000,0.7,450,True,bifasico,0.226027,19222.9,64.24,,
11000,0.7,460,True,bifasico,0.383531,22039.5,70.4316,,
11000,0.7,470,True,bifasico,0.512574,24694.8,76.1424,,
11000,0.7,480,True,bifasico,0.632187,27392.2,81.8209,,
11000,0.7,490,True,bifasico,0.754161,30286.9,87.7885,,
11000,0.7,500,True,bifasico,0.88785,33530.7,94.3406,,
11000,0.7,510,True,vapor,1,36508.8,100.247,,
11000,0.7,520,True,vapor,1,37380.6,101.941,,
11000,0.7,530,True,vapor,1,38169.3,103.443,,
11000,0.7,540,True,vapor,1,38900.1,104.809,,
11000,0.7,550,True,vapor,1,39588,106.072,,
11000,0.7,560,True,vapor,1,40243.2,107.252,,
11000,0.7,570,True,vapor,1,40872.9,108.367,,
11000,0.7,580,True,vapor,1,41482.1,109.427,,
11000,0.7,590,True,vapor,1,42074.8,110.44,,
11000,0.7,600,True,vapor,1,42653.9,111.413,,
11000,0.7,610,True,vapor,1,43221.8,112.352,,
11000,0.7,620,True,vapor,1,43780.3,113.26,,
11000,0.7,630,True,vapor,1,44331,114.141,,
11000,0.7,640,True,vapor,1,44875.1,114.998,,
11000,0.7,650,True,vapor,1,45413.7,115.833,,
11000,0.75,230,True,liquido,0,-1833.74,2.48077,,
11000,0.75,240,True,liquido,0,-1058.59,5.77967,,
11000,0.75,250,True,liquido,0,-276.199,8.97345,,
11000,0.75,260,True,liquido,0,512.839,12.068,,
11000,0.75,270,True,liquido,0,1308.22,15.0698,,
11000,0.75,280,True,liquido,0,2109.87,17.9851,,
11000,0.75,290,True,liquido,0,2917.89,20.8205,,
11000,0.75,300,True,liquido,0,3732.58,23.5823,,
11000,0.75,310,True,liquido,0,4554.39,26.277,,
11000,0.75,320,True,liquido,0,5383.99,28.9108,,
11000,0.75,330,True,liquido,0,6222.23,31.4901,,
11000,0.75,340,True,liquido,0,7070.27,34.0217,,
11000,0.75,350,True,liquido,0,7929.55,36.5124,,
11000,0.75,360,True,liquido,0,8801.96,38.97,,
11000,0.75,370,True,liquido,0,9689.91,41.4028,,
11000,0.75,380,True,liquido,0,10596.6,43.8205,,
11000,0.75,390,True,liquido,0,11526.1,46.235,,
11000,0.75,400,True,liquido,0,12484.6,48.6615,,
11000,0.75,410,True,liquido,0,13480.6,51.1207,,
11000,0.75,420,True,liquido,0,14527.8,53.6439,,
11000,0.75,430,True,liquido,0,15649.7,56.2834,,
11000,0.75,440,True,bifasico,0.207813,18716.2,63.32,,
11000,0.75,450,True,bifasico,0.400991,21776.1,70.1993,,
11000,0.75,460,True,bifasico,0.540522,24440.8,76.0568,,
11000,0.75,470,True,bifasico,0.659113,27016.8,81.5966,,
11000,0.75,480,True,bifasico,0.773047,29688,87.2198,,
11000,0.75,490,True,bifasico,0.892839,32602.3,93.2279,,
11000,0.75,500,True,vapor,1,35417.8,98.9223,,
11000,0.75,510,True,vapor,1,36284.3,100.639,,
11000,0.75,520,True,vapor,1,37068.6,102.162,,
11000,0.75,530,True,vapor,1,37795.7,103.547,,
11000,0.75,540,True,vapor,1,38480.6,104.827,,
11000,0.75,550,True,vapor,1,39133.4,106.025,,
11000,0.75,560,True,vapor,1,39761,107.156,,
11000,0.75,570,True,vapor,1,40368.7,108.232,,
11000,0.75,580,True,vapor,1,40960.2,109.26,,
11000,0.75,590,True,vapor,1,41538.4,110.249,,
11000,0.75,600,True,vapor,1,42105.7,111.202,,
11000,0.75,610,True,vapor,1,42663.9,112.125,,
11000,0.75,620,True,vapor,1,43214.6,113.021,,
11000,0.75,630,True,vapor,1,43759,113.892,,
11000,0.75,640,True,vapor,1,44298,114.741,,
11000,0.75,650,True,vapor,1,44832.7,115.569,,
11000,0.9,230,True,liquido,0,805.34,8.39026,,
11000,0.9,240,True,liquido,0,1559.66,11.6005,,
11000,0.9,250,True,liquido,0,2322.6,14.7148,,
11000,0.9,260,True,liquido,0,3093.63,17.7388,,
11000,0.9,270,True,liquido,0,3872.38,20.6777,,
11000,0.9,280,True,liquido,0,4658.71,23.5373,,
11000,0.9,290,True,liquido,0,5452.74,26.3236,,
11000,0.9,300,True,liquido,0,6254.89,29.0429,,
11000,0.9,310,True,liquido,0,7065.92,31.7022,,
11000,0.9,320,True,liquido,0,7886.97,34.3088,,
11000,0.9,330,True,liquido,0,8719.69,36.8712,,
11000,0.9,340,True,liquido,0,9566.33,39.3985,,
11000,0.9,350,True,liquido,0,10430,41.9019,,
11000,0.9,360,True,liquido,0,11315,44.3949,,
11000,0.9,370,True,liquido,0,12227.6,46.8951,,
11000,0.9,380,True,liquido,0,13177.2,49.4272,,
11000,0.9,390,True,liquido,0,14179,52.0293,,
11000,0.9,400,True,liquido,0,15260.9,54.7677,,
11000,0.9,410,True,liquido,0,16483.1,57.7848,,
11000,0.9,420,True,bifasico,0.339909,20369.4,67.1097,,
11000,0.9,430,True,bifasico,0.676545,24468.3,76.7672,,
11000,0.9,440,True,bifasico,0.821597,27095.4,82.8098,,
11000,0.9,450,True,bifasico,0.920112,29351.5,87.8806,,
11000,0.9,460,True,vapor,1,31471.9,92.5427,,
11000,0.9,470,True,vapor,1,32381.6,94.4997,,
11000,0.9,480,True,vapor,1,33190.2,96.2024,,
11000,0.9,490,True,vapor,1,33931.6,97.7313,,
11000,0.9,500,True,vapor,1,34625.3,99.1329,,
11000,0.9,510,True,vapor,1,35283.6,100.437,,
11000,0.9,520,True,vapor,1,35914.7,101.662,,
11000,0.9,530,True,vapor,1,36524.6,102.824,,
11000,0.9,540,True,vapor,1,37117.5,103.932,,
11000,0.9,550,True,vapor,1,37696.6,104.995,,
11000,0.9,560,True,vapor,1,38264.6,106.018,,
11000,0.9,570,True,vapor,1,38823.4,107.007,,
11000,0.9,580,True,vapor,1,39374.6,107.966,,
11000,0.9,590,True,vapor,1,39919.6,108.898,,
11000,0.9,600,True,vapor,1,40459.5,109.805,,
11000,0.9,610,True,vapor,1,40995.1,110.69,,
11000,0.9,620,True,vapor,1,41527.2,111.556,,
11000,0.9,630,True,vapor,1,42056.6,112.403,,
11000,0.9,640,True,vapor,1,42583.7,113.233,,
11000,0.9,650,True,vapor,1,43109,114.047,,
11000,0.95,230,True,liquido,0,1764.34,10.2654,,
11000,0.95,240,True,liquido,0,2512.49,13.4494,,
11000,0.95,250,True,liquido,0,3269.25,16.5385,,
11000,0.95,260,True,liquido,0,4034.06,19.538,,
11000,0.95,270,True,liquido,0,4806.58,22.4535,,
11000,0.95,280,True,liquido,0,5586.77,25.2907,,
11000,0.95,290,True,liquido,0,6374.92,28.0564,,
11000,0.95,300,True,liquido,0,7171.69,30.7575,,
11000,0.95,310,True,liquido,0,7978.21,33.4019,,
11000,0.95,320,True,liquido,0,8796.09,35.9985,,
11000,0.95,330,True,liquido,0,9627.63,38.5572,,
11000,0.95,340,True,liquido,0,10476,41.0897,,
11000,0.95,350,True,liquido,0,11345.6,43.6104,,
11000,0.95,360,True,liquido,0,12243,46.138,,
11000,0.95,370,True,liquido,0,13177.7,48.6989,,
11000,0.95,380,True,liquido,0,14165.7,51.3332,,
11000,0.95,390,True,liquido,0,15235.8,54.1123,,
11000,0.95,400,True,liquido,0,16453.1,57.1931,,
11000,0.95,410,True,liquido,0,18054,61.1428,,
11000,0.95,420,True,bifasico,0.780543,24920.1,77.7233,,
11000,0.95,430,True,bifasico,0.942009,27741.5,84.3684,,
11000,0.95,440,True,vapor,1,29570.6,88.5797,,
11000,0.95,450,True,vapor,1,30577,90.8422,,
11000,0.95,460,True,vapor,1,31442,92.7437,,
11000,0.95,470,True,vapor,1,32219.7,94.4167,,
11000,0.95,480,True,vapor,1,32938.4,95.9298,,
11000,0.95,490,True,vapor,1,33614.4,97.324,,
11000,0.95,500,True,vapor,1,34258.6,98.6255,,
11000,0.95,510,True,vapor,1,34878.2,99.8525,,
11000,0.95,520,True,vapor,1,35478.4,101.018,,
11000,0.95,530,True,vapor,1,36063.2,102.132,,
11000,0.95,540,True,vapor,1,36635.6,103.202,,
11000,0.95,550,True,vapor,1,37197.7,104.233,,
11000,0.95,560,True,vapor,1,37751.5,105.231,,
11000,0.95,570,True,vapor,1,38298.4,106.199,,
11000,0.95,580,True,vapor,1,38839.7,107.141,,
11000,0.95,590,True,vapor,1,39376.4,108.058,,
11000,0.95,600,True,vapor,1,39909.4,108.954,,
11000,0.95,610,True,vapor,1,40439.3,109.83,,
11000,0.95,620,True,vapor,1,40966.7,110.688,,
11000,0.95,630,True,vapor,1,41492.3,111.528,,
11000,0.95,640,True,vapor,1,42016.4,112.354,,
11000,0.95,650,True,vapor,1,42539.5,113.165,,
